{
    "CC D1 DIAGNOSTIC": 0.037357844565761536,
    "CC D2 DIAGNOSTIC": 0.09174771376047561,
    "CC NEW D1 DIAGNOSTIC": 0.037357844565761536,
    "CC T1 DIAGNOSTIC": 0.013786135746909749,
    "CCSD CORRELATION ENERGY": -0.2903454425819751,
    "CCSD OPPOSITE-SPIN CORRELATION ENERGY": -0.225549767334287,
    "CCSD SAME-SPIN CORRELATION ENERGY": -0.06479567524768814,
    "CCSD TOTAL ENERGY": -261.59961971906887,
    "CURRENT CORRELATION ENERGY": -0.2903454425819751,
    "CURRENT DIPOLE X": 0.0,
    "CURRENT DIPOLE Y": 0.0,
    "CURRENT DIPOLE Z": -7.421087110330337,
    "CURRENT ENERGY": -261.59961971906887,
    "CURRENT REFERENCE ENERGY": -261.309274276487,
    "HF TOTAL ENERGY": -261.309274276487,
    "LCCSD (+LMP2) TOTAL ENERGY": -261.3429027299151,
    "MP2 CORRELATION ENERGY": -0.29179628674220526,
    "MP2 OPPOSITE-SPIN CORRELATION ENERGY": -0.21675353228907926,
    "MP2 SAME-SPIN CORRELATION ENERGY": -0.075042754453126,
    "MP2 TOTAL ENERGY": -261.60107056322914,
    "NUCLEAR REPULSION ENERGY": 31.544085408198704,
    "ONE-ELECTRON ENERGY": -433.1161088403906,
    "PCM POLARIZATION ENERGY": 0.0,
    "PE ENERGY": 0.0,
    "SCF DIPOLE X": 0.0,
    "SCF DIPOLE Y": 0.0,
    "SCF DIPOLE Z": -7.421087110330337,
    "SCF ITERATION ENERGY": -261.309274276487,
    "SCF ITERATIONS": 10.0,
    "SCF TOTAL ENERGY": -261.309274276487,
    "TWO-ELECTRON ENERGY": 140.2627491557049
}