{
    "CC D1 DIAGNOSTIC": 0.17280694677800862,
    "CC D2 DIAGNOSTIC": 0.26651787947130806,
    "CC NEW D1 DIAGNOSTIC": 0.17280694677800862,
    "CC T1 DIAGNOSTIC": 0.03920834613462972,
    "CCSD CORRELATION ENERGY": -0.28514187517847606,
    "CCSD OPPOSITE-SPIN CORRELATION ENERGY": -0.22455305130336722,
    "CCSD SAME-SPIN CORRELATION ENERGY": -0.06058882387510911,
    "CCSD TOTAL ENERGY": -259.7019342328902,
    "CURRENT CORRELATION ENERGY": -0.28514187517847606,
    "CURRENT DIPOLE X": 0.0,
    "CURRENT DIPOLE Y": 0.0,
    "CURRENT DIPOLE Z": 4.083030236463818,
    "CURRENT ENERGY": -259.7019342328902,
    "CURRENT REFERENCE ENERGY": -259.4167923577117,
    "HF TOTAL ENERGY": -259.4167923577117,
    "LCCSD (+LMP2) TOTAL ENERGY": -259.7056069567723,
    "MP2 CORRELATION ENERGY": -0.2660024745872043,
    "MP2 OPPOSITE-SPIN CORRELATION ENERGY": -0.20313877325620974,
    "MP2 SAME-SPIN CORRELATION ENERGY": -0.06286370133099453,
    "MP2 TOTAL ENERGY": -259.68279483229895,
    "NUCLEAR REPULSION ENERGY": 58.73419846427986,
    "ONE-ELECTRON ENERGY": -472.3035110156395,
    "PCM POLARIZATION ENERGY": 0.0,
    "PE ENERGY": 0.0,
    "SCF DIPOLE X": 0.0,
    "SCF DIPOLE Y": 0.0,
    "SCF DIPOLE Z": 4.083030236463818,
    "SCF ITERATION ENERGY": -259.4167923577117,
    "SCF ITERATIONS": 12.0,
    "SCF TOTAL ENERGY": -259.4167923577117,
    "TWO-ELECTRON ENERGY": 154.15252019364794
}