{
    "CC D1 DIAGNOSTIC": 0.03905562411215836,
    "CC D2 DIAGNOSTIC": 0.09556979300615139,
    "CC NEW D1 DIAGNOSTIC": 0.03905562411215836,
    "CC T1 DIAGNOSTIC": 0.0172402461269016,
    "CCSD CORRELATION ENERGY": -0.18012001884186746,
    "CCSD OPPOSITE-SPIN CORRELATION ENERGY": -0.14437503608578614,
    "CCSD SAME-SPIN CORRELATION ENERGY": -0.03574498275608137,
    "CCSD TOTAL ENERGY": -107.14194757734072,
    "CURRENT CORRELATION ENERGY": -0.18012001884186746,
    "CURRENT DIPOLE X": 0.0,
    "CURRENT DIPOLE Y": 0.0,
    "CURRENT DIPOLE Z": -6.569433401620222,
    "CURRENT ENERGY": -107.14194757734072,
    "CURRENT REFERENCE ENERGY": -106.96182755849875,
    "HF TOTAL ENERGY": -106.96182755849875,
    "LCCSD (+LMP2) TOTAL ENERGY": -107.14086322150325,
    "MP2 CORRELATION ENERGY": -0.18075322817025952,
    "MP2 OPPOSITE-SPIN CORRELATION ENERGY": -0.13694523589313443,
    "MP2 SAME-SPIN CORRELATION ENERGY": -0.04380799227712509,
    "MP2 TOTAL ENERGY": -107.14258078666911,
    "NUCLEAR REPULSION ENERGY": 9.011946601996545,
    "ONE-ELECTRON ENERGY": -169.36552014219598,
    "PCM POLARIZATION ENERGY": 0.0,
    "PE ENERGY": 0.0,
    "SCF DIPOLE X": 0.0,
    "SCF DIPOLE Y": 0.0,
    "SCF DIPOLE Z": -6.569433401620222,
    "SCF ITERATION ENERGY": -106.96182755849875,
    "SCF ITERATIONS": 10.0,
    "SCF TOTAL ENERGY": -106.96182755849875,
    "TWO-ELECTRON ENERGY": 53.391745981700666
}