{
    "CURRENT CORRELATION ENERGY": -0.15618441495367108,
    "CURRENT DIPOLE X": 0.0,
    "CURRENT DIPOLE Y": 0.0,
    "CURRENT DIPOLE Z": -2.522425934469646,
    "CURRENT ENERGY": -76.1666929549998,
    "CURRENT REFERENCE ENERGY": -76.01050854004613,
    "CUSTOM SCS-MP2 CORRELATION ENERGY": -0.1575563661483442,
    "CUSTOM SCS-MP2 TOTAL ENERGY": -76.16806490619447,
    "HF TOTAL ENERGY": -76.01050854004612,
    "MP2 CORRELATION ENERGY": -0.15618441495367108,
    "MP2 OPPOSITE-SPIN CORRELATION ENERGY": -0.12172487826590934,
    "MP2 SAME-SPIN CORRELATION ENERGY": -0.03445953668775895,
    "MP2 TOTAL ENERGY": -76.1666929549998,
    "NUCLEAR REPULSION ENERGY": 9.155663160283089,
    "ONE-ELECTRON ENERGY": -122.9836945656469,
    "PCM POLARIZATION ENERGY": 0.0,
    "PE ENERGY": 0.0,
    "SCF DIPOLE X": 0.0,
    "SCF DIPOLE Y": 0.0,
    "SCF DIPOLE Z": -2.522425934469646,
    "SCF ITERATION ENERGY": -76.01050854004613,
    "SCF ITERATIONS": 10.0,
    "SCF TOTAL ENERGY": -76.01050854004613,
    "SCS-MP2 CORRELATION ENERGY": -0.1575563661483442,
    "SCS-MP2 TOTAL ENERGY": -76.16806490619447,
    "SCS-MP2-VDW CORRELATION ENERGY": -0.1730376125242259,
    "SCS-MP2-VDW TOTAL ENERGY": -76.18354615257036,
    "SCSN-MP2 CORRELATION ENERGY": -0.06064878457044642,
    "SCSN-MP2 TOTAL ENERGY": -76.07115732461658,
    "SOS-MP2 CORRELATION ENERGY": 0.0,
    "SOS-MP2 TOTAL ENERGY": -76.01050854004613,
    "SOS-PI-MP2 CORRELATION ENERGY": -0.17041482957226606,
    "SOS-PI-MP2 TOTAL ENERGY": -76.1809233696184,
    "TWO-ELECTRON ENERGY": 37.81752286531769
}