{
    "CC D1 DIAGNOSTIC": 0.008920862959558844,
    "CC D2 DIAGNOSTIC": 0.07501550980960056,
    "CC NEW D1 DIAGNOSTIC": 0.008920862959558844,
    "CC T1 DIAGNOSTIC": 0.0049991584896821005,
    "CCSD CORRELATION ENERGY": -0.1405202634579964,
    "CCSD OPPOSITE-SPIN CORRELATION ENERGY": -0.11168894859656826,
    "CCSD SAME-SPIN CORRELATION ENERGY": -0.028831314861428106,
    "CCSD TOTAL ENERGY": -99.46491144849163,
    "CURRENT CORRELATION ENERGY": -0.1405202634579964,
    "CURRENT DIPOLE X": 0.0,
    "CURRENT DIPOLE Y": 0.0,
    "CURRENT DIPOLE Z": -1.7445488798041502,
    "CURRENT ENERGY": -99.46491144849163,
    "CURRENT REFERENCE ENERGY": -99.3243911850337,
    "HF TOTAL ENERGY": -99.3243911850337,
    "LCCSD (+LMP2) TOTAL ENERGY": -99.45084728149297,
    "MP2 CORRELATION ENERGY": -0.13806099455814047,
    "MP2 OPPOSITE-SPIN CORRELATION ENERGY": -0.10521309789090626,
    "MP2 SAME-SPIN CORRELATION ENERGY": -0.032847896667234214,
    "MP2 TOTAL ENERGY": -99.46245217959178,
    "NUCLEAR REPULSION ENERGY": 9.52518979206,
    "ONE-ELECTRON ENERGY": -156.81220478090978,
    "PCM POLARIZATION ENERGY": 0.0,
    "PE ENERGY": 0.0,
    "SCF DIPOLE X": 0.0,
    "SCF DIPOLE Y": 0.0,
    "SCF DIPOLE Z": -1.7445488798041502,
    "SCF ITERATION ENERGY": -99.3243911850337,
    "SCF ITERATIONS": 9.0,
    "SCF TOTAL ENERGY": -99.3243911850337,
    "TWO-ELECTRON ENERGY": 47.96262380381608
}