{
    "CC D1 DIAGNOSTIC": 0.040945237021860224,
    "CC D2 DIAGNOSTIC": 0.09532195500640833,
    "CC NEW D1 DIAGNOSTIC": 0.040945237021860224,
    "CC T1 DIAGNOSTIC": 0.018362536447044466,
    "CCSD CORRELATION ENERGY": -0.18107777303881678,
    "CCSD OPPOSITE-SPIN CORRELATION ENERGY": -0.14520986309628928,
    "CCSD SAME-SPIN CORRELATION ENERGY": -0.035867909942527504,
    "CCSD TOTAL ENERGY": -107.13795473191021,
    "CURRENT CORRELATION ENERGY": -0.18107777303881678,
    "CURRENT DIPOLE X": 0.0,
    "CURRENT DIPOLE Y": 0.0,
    "CURRENT DIPOLE Z": -7.085599252108348,
    "CURRENT ENERGY": -107.13795473191021,
    "CURRENT REFERENCE ENERGY": -106.95687695887132,
    "HF TOTAL ENERGY": -106.95687695887133,
    "LCCSD (+LMP2) TOTAL ENERGY": -107.13681943657109,
    "MP2 CORRELATION ENERGY": -0.18183134444327992,
    "MP2 OPPOSITE-SPIN CORRELATION ENERGY": -0.1377308108470267,
    "MP2 SAME-SPIN CORRELATION ENERGY": -0.04410053359625321,
    "MP2 TOTAL ENERGY": -107.13870830331467,
    "NUCLEAR REPULSION ENERGY": 8.374872320853934,
    "ONE-ELECTRON ENERGY": -168.19738772675709,
    "PCM POLARIZATION ENERGY": 0.0,
    "PE ENERGY": 0.0,
    "SCF DIPOLE X": 0.0,
    "SCF DIPOLE Y": 0.0,
    "SCF DIPOLE Z": -7.085599252108348,
    "SCF ITERATION ENERGY": -106.95687695887132,
    "SCF ITERATIONS": 10.0,
    "SCF TOTAL ENERGY": -106.95687695887132,
    "TWO-ELECTRON ENERGY": 52.86563844703182
}