{
    "CC D1 DIAGNOSTIC": 0.046693558361697654,
    "CC D2 DIAGNOSTIC": 0.2691887521706266,
    "CC NEW D1 DIAGNOSTIC": 0.046693558361697654,
    "CC T1 DIAGNOSTIC": 0.01179719635433791,
    "CCSD CORRELATION ENERGY": -0.13685863938243276,
    "CCSD OPPOSITE-SPIN CORRELATION ENERGY": -0.11630964253845956,
    "CCSD SAME-SPIN CORRELATION ENERGY": -0.020548996843973807,
    "CCSD TOTAL ENERGY": -460.12094849192,
    "CURRENT CORRELATION ENERGY": -0.13685863938243276,
    "CURRENT DIPOLE X": 0.0,
    "CURRENT DIPOLE Y": 0.0,
    "CURRENT DIPOLE Z": -2.32878503286146,
    "CURRENT ENERGY": -460.12094849192,
    "CURRENT REFERENCE ENERGY": -459.98408985253775,
    "HF TOTAL ENERGY": -459.98408985253775,
    "LCCSD (+LMP2) TOTAL ENERGY": -460.12088192778873,
    "MP2 CORRELATION ENERGY": -0.11851030756368118,
    "MP2 OPPOSITE-SPIN CORRELATION ENERGY": -0.0954449273697941,
    "MP2 SAME-SPIN CORRELATION ENERGY": -0.023065380193887083,
    "MP2 TOTAL ENERGY": -460.10260016010125,
    "NUCLEAR REPULSION ENERGY": 4.748558365242999,
    "ONE-ELECTRON ENERGY": -645.1689993433125,
    "PCM POLARIZATION ENERGY": 0.0,
    "PE ENERGY": 0.0,
    "SCF DIPOLE X": 0.0,
    "SCF DIPOLE Y": 0.0,
    "SCF DIPOLE Z": -2.32878503286146,
    "SCF ITERATION ENERGY": -459.98408985253775,
    "SCF ITERATIONS": 9.0,
    "SCF TOTAL ENERGY": -459.98408985253775,
    "TWO-ELECTRON ENERGY": 180.43635112553181
}