{
    "CC D1 DIAGNOSTIC": 0.038309596572416824,
    "CC D2 DIAGNOSTIC": 0.33277409268900265,
    "CC NEW D1 DIAGNOSTIC": 0.038309596572416824,
    "CC T1 DIAGNOSTIC": 0.009366640123513884,
    "CCSD CORRELATION ENERGY": -0.2618122080999517,
    "CCSD OPPOSITE-SPIN CORRELATION ENERGY": -0.20965597737610855,
    "CCSD SAME-SPIN CORRELATION ENERGY": -0.05215623072384315,
    "CCSD TOTAL ENERGY": -256.7190521635712,
    "CURRENT CORRELATION ENERGY": -0.2618122080999517,
    "CURRENT DIPOLE X": 0.0,
    "CURRENT DIPOLE Y": 0.0,
    "CURRENT DIPOLE Z": 3.513901567061406,
    "CURRENT ENERGY": -256.7190521635712,
    "CURRENT REFERENCE ENERGY": -256.4572399554711,
    "HF TOTAL ENERGY": -256.4572399554711,
    "LCCSD (+LMP2) TOTAL ENERGY": -256.7210639444888,
    "MP2 CORRELATION ENERGY": -0.24170673107549173,
    "MP2 OPPOSITE-SPIN CORRELATION ENERGY": -0.18646009154254778,
    "MP2 SAME-SPIN CORRELATION ENERGY": -0.05524663953294395,
    "MP2 TOTAL ENERGY": -256.6989466865467,
    "NUCLEAR REPULSION ENERGY": 81.44781427663807,
    "ONE-ELECTRON ENERGY": -506.84233243932164,
    "PCM POLARIZATION ENERGY": 0.0,
    "PE ENERGY": 0.0,
    "SCF DIPOLE X": 0.0,
    "SCF DIPOLE Y": 0.0,
    "SCF DIPOLE Z": 3.513901567061406,
    "SCF ITERATION ENERGY": -256.4572399554711,
    "SCF ITERATIONS": 10.0,
    "SCF TOTAL ENERGY": -256.4572399554711,
    "TWO-ELECTRON ENERGY": 168.93727820721244
}