{
    "CC D1 DIAGNOSTIC": 0.016458746977387202,
    "CC D2 DIAGNOSTIC": 0.1427455579625394,
    "CC NEW D1 DIAGNOSTIC": 0.016458746977387202,
    "CC T1 DIAGNOSTIC": 0.007369621616440815,
    "CCSD CORRELATION ENERGY": -0.24650231248725582,
    "CCSD OPPOSITE-SPIN CORRELATION ENERGY": -0.19830594945546565,
    "CCSD SAME-SPIN CORRELATION ENERGY": -0.04819636303179031,
    "CCSD TOTAL ENERGY": -109.05340955402438,
    "CURRENT CORRELATION ENERGY": -0.24650231248725582,
    "CURRENT DIPOLE X": 0.0,
    "CURRENT DIPOLE Y": 0.0,
    "CURRENT DIPOLE Z": -2.821905433653156e-16,
    "CURRENT ENERGY": -109.05340955402438,
    "CURRENT REFERENCE ENERGY": -108.80690724153712,
    "HF TOTAL ENERGY": -108.80690724153712,
    "LCCSD (+LMP2) TOTAL ENERGY": -109.26320366206768,
    "MP2 CORRELATION ENERGY": -0.24641706809299593,
    "MP2 OPPOSITE-SPIN CORRELATION ENERGY": -0.18670022322987523,
    "MP2 SAME-SPIN CORRELATION ENERGY": -0.059716844863120705,
    "MP2 TOTAL ENERGY": -109.05332430963013,
    "NUCLEAR REPULSION ENERGY": 27.446845644910486,
    "ONE-ELECTRON ENERGY": -201.07507086195574,
    "PCM POLARIZATION ENERGY": 0.0,
    "PE ENERGY": 0.0,
    "SCF DIPOLE X": 0.0,
    "SCF DIPOLE Y": 0.0,
    "SCF DIPOLE Z": -2.821905433653156e-16,
    "SCF ITERATION ENERGY": -108.80690724153712,
    "SCF ITERATIONS": 8.0,
    "SCF TOTAL ENERGY": -108.80690724153712,
    "TWO-ELECTRON ENERGY": 64.82131797550812
}