{
    "CC D1 DIAGNOSTIC": 0.011540232180544832,
    "CC D2 DIAGNOSTIC": 0.1833640468308329,
    "CC NEW D1 DIAGNOSTIC": 0.011540232180544832,
    "CC T1 DIAGNOSTIC": 0.0051351401533447,
    "CCSD CORRELATION ENERGY": -0.23789444688702308,
    "CCSD OPPOSITE-SPIN CORRELATION ENERGY": -0.19043196812428795,
    "CCSD SAME-SPIN CORRELATION ENERGY": -0.047462478762735016,
    "CCSD TOTAL ENERGY": -148.30660752542056,
    "CURRENT CORRELATION ENERGY": -0.23789444688702308,
    "CURRENT DIPOLE X": 0.0,
    "CURRENT DIPOLE Y": 0.0,
    "CURRENT DIPOLE Z": 0.0,
    "CURRENT ENERGY": -148.30660752542056,
    "CURRENT REFERENCE ENERGY": -148.06871307853356,
    "HF TOTAL ENERGY": -148.06871307853356,
    "LCCSD (+LMP2) TOTAL ENERGY": -148.34115977408007,
    "MP2 CORRELATION ENERGY": -0.22610873176866741,
    "MP2 OPPOSITE-SPIN CORRELATION ENERGY": -0.17405778289293972,
    "MP2 SAME-SPIN CORRELATION ENERGY": -0.0520509488757277,
    "MP2 TOTAL ENERGY": -148.2948218103022,
    "NUCLEAR REPULSION ENERGY": 47.13007660904281,
    "ONE-ELECTRON ENERGY": -294.1818988641056,
    "PCM POLARIZATION ENERGY": 0.0,
    "PE ENERGY": 0.0,
    "SCF DIPOLE X": 0.0,
    "SCF DIPOLE Y": 0.0,
    "SCF DIPOLE Z": 0.0,
    "SCF ITERATION ENERGY": -148.06871307853356,
    "SCF ITERATIONS": 9.0,
    "SCF TOTAL ENERGY": -148.06871307853356,
    "TWO-ELECTRON ENERGY": 98.98310917652923
}