{
    "CC D1 DIAGNOSTIC": 0.017214491335585724,
    "CC D2 DIAGNOSTIC": 0.12427226666390316,
    "CC NEW D1 DIAGNOSTIC": 0.017214491335585724,
    "CC T1 DIAGNOSTIC": 0.0076991550917966745,
    "CCSD CORRELATION ENERGY": -0.2190169092924803,
    "CCSD OPPOSITE-SPIN CORRELATION ENERGY": -0.1749756009023965,
    "CCSD SAME-SPIN CORRELATION ENERGY": -0.04404130839008369,
    "CCSD TOTAL ENERGY": -112.31336414247957,
    "CURRENT CORRELATION ENERGY": -0.2190169092924803,
    "CURRENT DIPOLE X": 0.0,
    "CURRENT DIPOLE Y": 0.0,
    "CURRENT DIPOLE Z": 0.8675408728809265,
    "CURRENT ENERGY": -112.31336414247957,
    "CURRENT REFERENCE ENERGY": -112.09434723318707,
    "HF TOTAL ENERGY": -112.09434723318707,
    "LCCSD (+LMP2) TOTAL ENERGY": -112.32107812184178,
    "MP2 CORRELATION ENERGY": -0.2119970906988435,
    "MP2 OPPOSITE-SPIN CORRELATION ENERGY": -0.16222970925988187,
    "MP2 SAME-SPIN CORRELATION ENERGY": -0.049767381438961644,
    "MP2 TOTAL ENERGY": -112.30634432388594,
    "NUCLEAR REPULSION ENERGY": 31.99177668556861,
    "ONE-ELECTRON ENERGY": -214.6917873050329,
    "PCM POLARIZATION ENERGY": 0.0,
    "PE ENERGY": 0.0,
    "SCF DIPOLE X": 0.0,
    "SCF DIPOLE Y": 0.0,
    "SCF DIPOLE Z": 0.8675408728809265,
    "SCF ITERATION ENERGY": -112.09434723318707,
    "SCF ITERATIONS": 9.0,
    "SCF TOTAL ENERGY": -112.09434723318707,
    "TWO-ELECTRON ENERGY": 70.60566338627724
}