{
    "CC D1 DIAGNOSTIC": 0.0516194682422423,
    "CC D2 DIAGNOSTIC": 0.09019636812689114,
    "CC NEW D1 DIAGNOSTIC": 0.0516194682422423,
    "CC T1 DIAGNOSTIC": 0.014880047548428067,
    "CCSD CORRELATION ENERGY": -0.28602445595510606,
    "CCSD OPPOSITE-SPIN CORRELATION ENERGY": -0.22174883723535047,
    "CCSD SAME-SPIN CORRELATION ENERGY": -0.06427561871975548,
    "CCSD TOTAL ENERGY": -261.40743692203176,
    "CURRENT CORRELATION ENERGY": -0.28602445595510606,
    "CURRENT DIPOLE X": 0.0,
    "CURRENT DIPOLE Y": 0.0,
    "CURRENT DIPOLE Z": -6.3421620940744186,
    "CURRENT ENERGY": -261.40743692203176,
    "CURRENT REFERENCE ENERGY": -261.1214124660757,
    "HF TOTAL ENERGY": -261.12141246607575,
    "LCCSD (+LMP2) TOTAL ENERGY": -261.4074303151406,
    "MP2 CORRELATION ENERGY": -0.2867657020076395,
    "MP2 OPPOSITE-SPIN CORRELATION ENERGY": -0.21294339619194932,
    "MP2 SAME-SPIN CORRELATION ENERGY": -0.07382230581569019,
    "MP2 TOTAL ENERGY": -261.4081781680843,
    "NUCLEAR REPULSION ENERGY": 38.54092505511893,
    "ONE-ELECTRON ENERGY": -446.91612285780093,
    "PCM POLARIZATION ENERGY": 0.0,
    "PE ENERGY": 0.0,
    "SCF DIPOLE X": 0.0,
    "SCF DIPOLE Y": 0.0,
    "SCF DIPOLE Z": -6.3421620940744186,
    "SCF ITERATION ENERGY": -261.1214124660757,
    "SCF ITERATIONS": 11.0,
    "SCF TOTAL ENERGY": -261.1214124660757,
    "TWO-ELECTRON ENERGY": 147.25378533660628
}