{
    "CC D1 DIAGNOSTIC": 0.057918235194946134,
    "CC D2 DIAGNOSTIC": 0.3570211013436387,
    "CC NEW D1 DIAGNOSTIC": 0.057918235194946134,
    "CC T1 DIAGNOSTIC": 0.024170745351325882,
    "CCSD CORRELATION ENERGY": -0.40677025560823954,
    "CCSD OPPOSITE-SPIN CORRELATION ENERGY": -0.3640626749277913,
    "CCSD SAME-SPIN CORRELATION ENERGY": -0.042707580680448054,
    "CCSD TOTAL ENERGY": -108.96937523694626,
    "CURRENT CORRELATION ENERGY": -0.40677025560823954,
    "CURRENT DIPOLE X": 0.0,
    "CURRENT DIPOLE Y": 0.0,
    "CURRENT DIPOLE Z": 5.643810867306312e-16,
    "CURRENT ENERGY": -108.96937523694626,
    "CURRENT REFERENCE ENERGY": -108.56260498133757,
    "HF TOTAL ENERGY": -108.56260498133757,
    "LCCSD (+LMP2) TOTAL ENERGY": -108.97015688665486,
    "MP2 CORRELATION ENERGY": -0.5326857964965939,
    "MP2 OPPOSITE-SPIN CORRELATION ENERGY": -0.38011739272021383,
    "MP2 SAME-SPIN CORRELATION ENERGY": -0.15256840377638003,
    "MP2 TOTAL ENERGY": -109.09529077783462,
    "NUCLEAR REPULSION ENERGY": 15.975253811898366,
    "ONE-ELECTRON ENERGY": -178.59304745977232,
    "PCM POLARIZATION ENERGY": 0.0,
    "PE ENERGY": 0.0,
    "SCF DIPOLE X": 0.0,
    "SCF DIPOLE Y": 0.0,
    "SCF DIPOLE Z": 5.643810867306312e-16,
    "SCF ITERATION ENERGY": -108.56260498133757,
    "SCF ITERATIONS": 8.0,
    "SCF TOTAL ENERGY": -108.56260498133757,
    "TWO-ELECTRON ENERGY": 54.05518866653638
}