{
    "CC D1 DIAGNOSTIC": 0.04394475745024377,
    "CC D2 DIAGNOSTIC": 0.10428874421379865,
    "CC NEW D1 DIAGNOSTIC": 0.04394475745024377,
    "CC T1 DIAGNOSTIC": 0.020932414798360045,
    "CCSD CORRELATION ENERGY": -0.1826297920041554,
    "CCSD OPPOSITE-SPIN CORRELATION ENERGY": -0.14658279915826136,
    "CCSD SAME-SPIN CORRELATION ENERGY": -0.03604699284589405,
    "CCSD TOTAL ENERGY": -107.11529682744306,
    "CURRENT CORRELATION ENERGY": -0.1826297920041554,
    "CURRENT DIPOLE X": 0.0,
    "CURRENT DIPOLE Y": 0.0,
    "CURRENT DIPOLE Z": -8.264759719350877,
    "CURRENT ENERGY": -107.11529682744306,
    "CURRENT REFERENCE ENERGY": -106.93266703543881,
    "HF TOTAL ENERGY": -106.93266703543881,
    "LCCSD (+LMP2) TOTAL ENERGY": -107.11432671300439,
    "MP2 CORRELATION ENERGY": -0.18359194392764572,
    "MP2 OPPOSITE-SPIN CORRELATION ENERGY": -0.13901933342603068,
    "MP2 SAME-SPIN CORRELATION ENERGY": -0.04457261050161504,
    "MP2 TOTAL ENERGY": -107.11625897936656,
    "NUCLEAR REPULSION ENERGY": 7.2255886986782984,
    "ONE-ELECTRON ENERGY": -166.08198824639234,
    "PCM POLARIZATION ENERGY": 0.0,
    "PE ENERGY": 0.0,
    "SCF DIPOLE X": 0.0,
    "SCF DIPOLE Y": 0.0,
    "SCF DIPOLE Z": -8.264759719350877,
    "SCF ITERATION ENERGY": -106.93266703543881,
    "SCF ITERATIONS": 10.0,
    "SCF TOTAL ENERGY": -106.93266703543881,
    "TWO-ELECTRON ENERGY": 51.92373251227523
}