{
    "CC D1 DIAGNOSTIC": 0.08700862794416064,
    "CC D2 DIAGNOSTIC": 0.6858829562692085,
    "CC NEW D1 DIAGNOSTIC": 0.08700862794416064,
    "CC T1 DIAGNOSTIC": 0.02881644983710708,
    "CCSD CORRELATION ENERGY": -0.5143989459788973,
    "CCSD OPPOSITE-SPIN CORRELATION ENERGY": -0.500213923257921,
    "CCSD SAME-SPIN CORRELATION ENERGY": -0.014185022720976326,
    "CCSD TOTAL ENERGY": -149.750336075357,
    "CURRENT CORRELATION ENERGY": -0.5143989459788973,
    "CURRENT DIPOLE X": 0.0,
    "CURRENT DIPOLE Y": 0.0,
    "CURRENT DIPOLE Z": 0.0,
    "CURRENT ENERGY": -149.750336075357,
    "CURRENT REFERENCE ENERGY": -149.23593712937839,
    "HF TOTAL ENERGY": -149.23593712937839,
    "LCCSD (+LMP2) TOTAL ENERGY": -149.73107834732588,
    "MP2 CORRELATION ENERGY": -0.6406937330772118,
    "MP2 OPPOSITE-SPIN CORRELATION ENERGY": -0.4718831825549301,
    "MP2 SAME-SPIN CORRELATION ENERGY": -0.16881055052228167,
    "MP2 TOTAL ENERGY": -149.8766308624553,
    "NUCLEAR REPULSION ENERGY": 17.325452326717542,
    "ONE-ELECTRON ENERGY": -240.15779247225154,
    "PCM POLARIZATION ENERGY": 0.0,
    "PE ENERGY": 0.0,
    "SCF DIPOLE X": 0.0,
    "SCF DIPOLE Y": 0.0,
    "SCF DIPOLE Z": 0.0,
    "SCF ITERATION ENERGY": -149.23593712937839,
    "SCF ITERATIONS": 9.0,
    "SCF TOTAL ENERGY": -149.23593712937839,
    "TWO-ELECTRON ENERGY": 73.59640301615562
}