{
    "CC D1 DIAGNOSTIC": 0.008543751433957782,
    "CC D2 DIAGNOSTIC": 0.07568908659210814,
    "CC NEW D1 DIAGNOSTIC": 0.008543751433957782,
    "CC T1 DIAGNOSTIC": 0.00494645105872478,
    "CCSD CORRELATION ENERGY": -0.1425041599889966,
    "CCSD OPPOSITE-SPIN CORRELATION ENERGY": -0.11336113045575086,
    "CCSD SAME-SPIN CORRELATION ENERGY": -0.029143029533245657,
    "CCSD TOTAL ENERGY": -99.72811889118391,
    "CURRENT CORRELATION ENERGY": -0.1425041599889966,
    "CURRENT DIPOLE X": 0.0,
    "CURRENT DIPOLE Y": 0.0,
    "CURRENT DIPOLE Z": -1.8305083795082748,
    "CURRENT ENERGY": -99.72811889118391,
    "CURRENT REFERENCE ENERGY": -99.58561473119484,
    "HF TOTAL ENERGY": -99.58561473119484,
    "LCCSD (+LMP2) TOTAL ENERGY": -99.7481134033869,
    "MP2 CORRELATION ENERGY": -0.14020278243338533,
    "MP2 OPPOSITE-SPIN CORRELATION ENERGY": -0.10679219537343498,
    "MP2 SAME-SPIN CORRELATION ENERGY": -0.03341058705995034,
    "MP2 TOTAL ENERGY": -99.7258175136283,
    "NUCLEAR REPULSION ENERGY": 8.615967130090638,
    "ONE-ELECTRON ENERGY": -155.6979252121913,
    "PCM POLARIZATION ENERGY": 0.0,
    "PE ENERGY": 0.0,
    "SCF DIPOLE X": 0.0,
    "SCF DIPOLE Y": 0.0,
    "SCF DIPOLE Z": -1.8305083795082748,
    "SCF ITERATION ENERGY": -99.58561473119484,
    "SCF ITERATIONS": 9.0,
    "SCF TOTAL ENERGY": -99.58561473119484,
    "TWO-ELECTRON ENERGY": 47.49634335090583
}