{
    "CC D1 DIAGNOSTIC": 0.029054222135314393,
    "CC D2 DIAGNOSTIC": 0.0927759918486487,
    "CC NEW D1 DIAGNOSTIC": 0.029054222135314393,
    "CC T1 DIAGNOSTIC": 0.01368108306994004,
    "CCSD CORRELATION ENERGY": -0.17450662662725147,
    "CCSD OPPOSITE-SPIN CORRELATION ENERGY": -0.1388677022401227,
    "CCSD SAME-SPIN CORRELATION ENERGY": -0.03563892438712876,
    "CCSD TOTAL ENERGY": -106.82221292178474,
    "CURRENT CORRELATION ENERGY": -0.17450662662725147,
    "CURRENT DIPOLE X": 0.0,
    "CURRENT DIPOLE Y": 0.0,
    "CURRENT DIPOLE Z": -3.960956077028666,
    "CURRENT ENERGY": -106.82221292178474,
    "CURRENT REFERENCE ENERGY": -106.64770629515753,
    "HF TOTAL ENERGY": -106.64770629515755,
    "LCCSD (+LMP2) TOTAL ENERGY": -106.82759199473357,
    "MP2 CORRELATION ENERGY": -0.17483288344553594,
    "MP2 OPPOSITE-SPIN CORRELATION ENERGY": -0.13216188675806514,
    "MP2 SAME-SPIN CORRELATION ENERGY": -0.04267099668747079,
    "MP2 TOTAL ENERGY": -106.82253917860302,
    "NUCLEAR REPULSION ENERGY": 14.216345764649553,
    "ONE-ELECTRON ENERGY": -178.41883302527205,
    "PCM POLARIZATION ENERGY": 0.0,
    "PE ENERGY": 0.0,
    "SCF DIPOLE X": 0.0,
    "SCF DIPOLE Y": 0.0,
    "SCF DIPOLE Z": -3.960956077028666,
    "SCF ITERATION ENERGY": -106.64770629515753,
    "SCF ITERATIONS": 10.0,
    "SCF TOTAL ENERGY": -106.64770629515753,
    "TWO-ELECTRON ENERGY": 57.55478096546495
}