{
    "CC D1 DIAGNOSTIC": 0.19152867033742313,
    "CC D2 DIAGNOSTIC": 0.2163073417451214,
    "CC NEW D1 DIAGNOSTIC": 0.19152867033742313,
    "CC T1 DIAGNOSTIC": 0.06256560093607695,
    "CCSD CORRELATION ENERGY": -0.4798582458734835,
    "CCSD OPPOSITE-SPIN CORRELATION ENERGY": -0.37755819191979406,
    "CCSD SAME-SPIN CORRELATION ENERGY": -0.10230005395368891,
    "CCSD TOTAL ENERGY": -187.75939826767242,
    "CURRENT CORRELATION ENERGY": -0.4798582458734835,
    "CURRENT DIPOLE X": 0.0,
    "CURRENT DIPOLE Y": 0.0,
    "CURRENT DIPOLE Z": 0.0,
    "CURRENT ENERGY": -187.75939826767242,
    "CURRENT REFERENCE ENERGY": -187.2795400217981,
    "HF TOTAL ENERGY": -187.2795400217981,
    "LCCSD (+LMP2) TOTAL ENERGY": -187.75939826767242,
    "MP2 CORRELATION ENERGY": -0.4805567489611197,
    "MP2 OPPOSITE-SPIN CORRELATION ENERGY": -0.354449771653238,
    "MP2 SAME-SPIN CORRELATION ENERGY": -0.12610697730788173,
    "MP2 TOTAL ENERGY": -187.76009677076004,
    "NUCLEAR REPULSION ENERGY": 43.133446112595976,
    "ONE-ELECTRON ENERGY": -342.0982989185309,
    "PCM POLARIZATION ENERGY": 0.0,
    "PE ENERGY": 0.0,
    "SCF DIPOLE X": 0.0,
    "SCF DIPOLE Y": 0.0,
    "SCF DIPOLE Z": 0.0,
    "SCF ITERATION ENERGY": -187.2795400217981,
    "SCF ITERATIONS": 11.0,
    "SCF TOTAL ENERGY": -187.2795400217981,
    "TWO-ELECTRON ENERGY": 111.68531278413681
}