{
    "CC D1 DIAGNOSTIC": 0.03804538499765967,
    "CC D2 DIAGNOSTIC": 0.2546166994142027,
    "CC NEW D1 DIAGNOSTIC": 0.03804538499765967,
    "CC T1 DIAGNOSTIC": 0.01192752243280656,
    "CCSD CORRELATION ENERGY": -0.3129527804913578,
    "CCSD OPPOSITE-SPIN CORRELATION ENERGY": -0.25478308355885126,
    "CCSD SAME-SPIN CORRELATION ENERGY": -0.058169696932506565,
    "CCSD TOTAL ENERGY": -149.82495486213335,
    "CURRENT CORRELATION ENERGY": -0.3129527804913578,
    "CURRENT DIPOLE X": 0.0,
    "CURRENT DIPOLE Y": 0.0,
    "CURRENT DIPOLE Z": 0.0,
    "CURRENT ENERGY": -149.82495486213335,
    "CURRENT REFERENCE ENERGY": -149.51200208164258,
    "HF TOTAL ENERGY": -149.51200208164255,
    "LCCSD (+LMP2) TOTAL ENERGY": -149.70848792325606,
    "MP2 CORRELATION ENERGY": -0.3195568691557593,
    "MP2 OPPOSITE-SPIN CORRELATION ENERGY": -0.24110430025782054,
    "MP2 SAME-SPIN CORRELATION ENERGY": -0.07845256889793878,
    "MP2 TOTAL ENERGY": -149.83155895079776,
    "NUCLEAR REPULSION ENERGY": 28.19916717612185,
    "ONE-ELECTRON ENERGY": -261.5154374146342,
    "PCM POLARIZATION ENERGY": 0.0,
    "PE ENERGY": 0.0,
    "SCF DIPOLE X": 0.0,
    "SCF DIPOLE Y": 0.0,
    "SCF DIPOLE Z": 0.0,
    "SCF ITERATION ENERGY": -149.51200208164258,
    "SCF ITERATIONS": 9.0,
    "SCF TOTAL ENERGY": -149.51200208164258,
    "TWO-ELECTRON ENERGY": 83.80426815686982
}