{
    "CC D1 DIAGNOSTIC": 0.01686439282678335,
    "CC D2 DIAGNOSTIC": 0.09092650918507549,
    "CC NEW D1 DIAGNOSTIC": 0.01686439282678335,
    "CC T1 DIAGNOSTIC": 0.00666287666235364,
    "CCSD CORRELATION ENERGY": -0.3249313068368802,
    "CCSD OPPOSITE-SPIN CORRELATION ENERGY": -0.2491450887011195,
    "CCSD SAME-SPIN CORRELATION ENERGY": -0.07578621813576114,
    "CCSD TOTAL ENERGY": -183.94392070927537,
    "CURRENT CORRELATION ENERGY": -0.3249313068368802,
    "CURRENT DIPOLE X": 0.0,
    "CURRENT DIPOLE Y": 0.0,
    "CURRENT DIPOLE Z": 0.0,
    "CURRENT ENERGY": -183.94392070927537,
    "CURRENT REFERENCE ENERGY": -183.61898940243913,
    "HF TOTAL ENERGY": -183.61898940243913,
    "LCCSD (+LMP2) TOTAL ENERGY": -183.94708188998672,
    "MP2 CORRELATION ENERGY": -0.3222421947934221,
    "MP2 OPPOSITE-SPIN CORRELATION ENERGY": -0.23860176287468465,
    "MP2 SAME-SPIN CORRELATION ENERGY": -0.08364043191873743,
    "MP2 TOTAL ENERGY": -183.94123159723193,
    "NUCLEAR REPULSION ENERGY": 102.89467107012399,
    "ONE-ELECTRON ENERGY": -450.87295646864993,
    "PCM POLARIZATION ENERGY": 0.0,
    "PE ENERGY": 0.0,
    "SCF DIPOLE X": 0.0,
    "SCF DIPOLE Y": 0.0,
    "SCF DIPOLE Z": 0.0,
    "SCF ITERATION ENERGY": -183.61898940243913,
    "SCF ITERATIONS": 9.0,
    "SCF TOTAL ENERGY": -183.61898940243913,
    "TWO-ELECTRON ENERGY": 164.35929599608681
}