{
    "CC D1 DIAGNOSTIC": 0.013089972559180355,
    "CC D2 DIAGNOSTIC": 0.11958773614383883,
    "CC NEW D1 DIAGNOSTIC": 0.013089972559180355,
    "CC T1 DIAGNOSTIC": 0.0066924983839031634,
    "CCSD CORRELATION ENERGY": -0.16264630970470922,
    "CCSD OPPOSITE-SPIN CORRELATION ENERGY": -0.13477276546575628,
    "CCSD SAME-SPIN CORRELATION ENERGY": -0.027873544238952885,
    "CCSD TOTAL ENERGY": -76.17123345620902,
    "CURRENT CORRELATION ENERGY": -0.16264630970470922,
    "CURRENT DIPOLE X": 0.0,
    "CURRENT DIPOLE Y": 5.643810867306312e-16,
    "CURRENT DIPOLE Z": -2.654542239943295,
    "CURRENT ENERGY": -76.17123345620902,
    "CURRENT REFERENCE ENERGY": -76.00858714650431,
    "HF TOTAL ENERGY": -76.00858714650431,
    "LCCSD (+LMP2) TOTAL ENERGY": -76.16073817590845,
    "MP2 CORRELATION ENERGY": -0.1565532358755462,
    "MP2 OPPOSITE-SPIN CORRELATION ENERGY": -0.12220907454782752,
    "MP2 SAME-SPIN CORRELATION ENERGY": -0.034344161327718684,
    "MP2 TOTAL ENERGY": -76.16514038237986,
    "NUCLEAR REPULSION ENERGY": 9.172142603365822,
    "ONE-ELECTRON ENERGY": -122.97516632955623,
    "PCM POLARIZATION ENERGY": 0.0,
    "PE ENERGY": 0.0,
    "SCF DIPOLE X": 0.0,
    "SCF DIPOLE Y": 5.643810867306312e-16,
    "SCF DIPOLE Z": -2.654542239943295,
    "SCF ITERATION ENERGY": -76.00858714650431,
    "SCF ITERATIONS": 10.0,
    "SCF TOTAL ENERGY": -76.00858714650431,
    "TWO-ELECTRON ENERGY": 37.79443657968609
}