{
    "CC D1 DIAGNOSTIC": 0.07305008302960479,
    "CC D2 DIAGNOSTIC": 0.48831652306548373,
    "CC NEW D1 DIAGNOSTIC": 0.07305008302960479,
    "CC T1 DIAGNOSTIC": 0.02329324290945932,
    "CCSD CORRELATION ENERGY": -0.43591412049045597,
    "CCSD OPPOSITE-SPIN CORRELATION ENERGY": -0.3907840827682567,
    "CCSD SAME-SPIN CORRELATION ENERGY": -0.045130037722198924,
    "CCSD TOTAL ENERGY": -149.77088704758464,
    "CURRENT CORRELATION ENERGY": -0.43591412049045597,
    "CURRENT DIPOLE X": 0.0,
    "CURRENT DIPOLE Y": 0.0,
    "CURRENT DIPOLE Z": 0.0,
    "CURRENT ENERGY": -149.77088704758464,
    "CURRENT REFERENCE ENERGY": -149.33497292709345,
    "HF TOTAL ENERGY": -149.33497292709342,
    "LCCSD (+LMP2) TOTAL ENERGY": -149.80630185910945,
    "MP2 CORRELATION ENERGY": -0.5186216706544728,
    "MP2 OPPOSITE-SPIN CORRELATION ENERGY": -0.38348963040512785,
    "MP2 SAME-SPIN CORRELATION ENERGY": -0.135132040249345,
    "MP2 TOTAL ENERGY": -149.85359459774867,
    "NUCLEAR REPULSION ENERGY": 19.8515492049871,
    "ONE-ELECTRON ENERGY": -245.18401770140872,
    "PCM POLARIZATION ENERGY": 0.0,
    "PE ENERGY": 0.0,
    "SCF DIPOLE X": 0.0,
    "SCF DIPOLE Y": 0.0,
    "SCF DIPOLE Z": 0.0,
    "SCF ITERATION ENERGY": -149.33497292709345,
    "SCF ITERATIONS": 9.0,
    "SCF TOTAL ENERGY": -149.33497292709345,
    "TWO-ELECTRON ENERGY": 75.9974955693282
}