{
    "CURRENT CORRELATION ENERGY": -0.021994391789047274,
    "CURRENT DIPOLE X": 0.0,
    "CURRENT DIPOLE Y": 0.0,
    "CURRENT DIPOLE Z": 3.386286520383787e-15,
    "CURRENT ENERGY": -1.1034560629464853,
    "CURRENT REFERENCE ENERGY": -1.081461671157438,
    "CUSTOM SCS-MP2 CORRELATION ENERGY": -0.026393270146856815,
    "CUSTOM SCS-MP2 TOTAL ENERGY": -1.1078549413042948,
    "HF TOTAL ENERGY": -1.081461671157438,
    "MP2 CORRELATION ENERGY": -0.021994391789047274,
    "MP2 OPPOSITE-SPIN CORRELATION ENERGY": -0.021994391789047347,
    "MP2 SAME-SPIN CORRELATION ENERGY": 0.0,
    "MP2 TOTAL ENERGY": -1.1034560629464853,
    "NUCLEAR REPULSION ENERGY": 0.48923930797792453,
    "ONE-ELECTRON ENERGY": -2.120134797188914,
    "PCM POLARIZATION ENERGY": 0.0,
    "PE ENERGY": 0.0,
    "SCF DIPOLE X": 0.0,
    "SCF DIPOLE Y": 0.0,
    "SCF DIPOLE Z": 3.386286520383787e-15,
    "SCF ITERATION ENERGY": -1.081461671157438,
    "SCF ITERATIONS": 5.0,
    "SCF TOTAL ENERGY": -1.081461671157438,
    "SCS-MP2 CORRELATION ENERGY": -0.026393270146856815,
    "SCS-MP2 TOTAL ENERGY": -1.1078549413042948,
    "SCS-MP2-VDW CORRELATION ENERGY": -0.02815282148998066,
    "SCS-MP2-VDW TOTAL ENERGY": -1.1096144926474187,
    "SCSN-MP2 CORRELATION ENERGY": 0.0,
    "SCSN-MP2 TOTAL ENERGY": -1.081461671157438,
    "SOS-MP2 CORRELATION ENERGY": 0.0,
    "SOS-MP2 TOTAL ENERGY": -1.081461671157438,
    "SOS-PI-MP2 CORRELATION ENERGY": -0.030792148504666272,
    "SOS-PI-MP2 TOTAL ENERGY": -1.1122538196621043,
    "TWO-ELECTRON ENERGY": 0.5494338180535516
}