{
    "CC D1 DIAGNOSTIC": 0.04597190405620193,
    "CC D2 DIAGNOSTIC": 0.09053096141933294,
    "CC NEW D1 DIAGNOSTIC": 0.04597190405620193,
    "CC T1 DIAGNOSTIC": 0.014128005116076254,
    "CCSD CORRELATION ENERGY": -0.28665859462242316,
    "CCSD OPPOSITE-SPIN CORRELATION ENERGY": -0.2223547737832016,
    "CCSD SAME-SPIN CORRELATION ENERGY": -0.06430382083922129,
    "CCSD TOTAL ENERGY": -261.46551512263807,
    "CURRENT CORRELATION ENERGY": -0.28665859462242316,
    "CURRENT DIPOLE X": 0.0,
    "CURRENT DIPOLE Y": 0.0,
    "CURRENT DIPOLE Z": -6.529506901168209,
    "CURRENT ENERGY": -261.46551512263807,
    "CURRENT REFERENCE ENERGY": -261.17885652801573,
    "HF TOTAL ENERGY": -261.17885652801573,
    "LCCSD (+LMP2) TOTAL ENERGY": -261.4624280837054,
    "MP2 CORRELATION ENERGY": -0.28754395739927185,
    "MP2 OPPOSITE-SPIN CORRELATION ENERGY": -0.21356734657460236,
    "MP2 SAME-SPIN CORRELATION ENERGY": -0.0739766108246695,
    "MP2 TOTAL ENERGY": -261.46640048541497,
    "NUCLEAR REPULSION ENERGY": 37.10078372743656,
    "ONE-ELECTRON ENERGY": -444.1167511133112,
    "PCM POLARIZATION ENERGY": 0.0,
    "PE ENERGY": 0.0,
    "SCF DIPOLE X": 0.0,
    "SCF DIPOLE Y": 0.0,
    "SCF DIPOLE Z": -6.529506901168209,
    "SCF ITERATION ENERGY": -261.17885652801573,
    "SCF ITERATIONS": 11.0,
    "SCF TOTAL ENERGY": -261.17885652801573,
    "TWO-ELECTRON ENERGY": 145.83711085785887
}