{
    "CURRENT CORRELATION ENERGY": -0.15303769503464082,
    "CURRENT DIPOLE X": 0.0,
    "CURRENT DIPOLE Y": 0.0,
    "CURRENT DIPOLE Z": -0.2004386958188844,
    "CURRENT ENERGY": -76.12177041137025,
    "CURRENT REFERENCE ENERGY": -75.96873271633561,
    "CUSTOM SCS-MP2 CORRELATION ENERGY": -0.15346271890849666,
    "CUSTOM SCS-MP2 TOTAL ENERGY": -76.12219543524411,
    "HF TOTAL ENERGY": -75.96873271633561,
    "MP2 CORRELATION ENERGY": -0.15303769503464082,
    "MP2 OPPOSITE-SPIN CORRELATION ENERGY": -0.11821171603494396,
    "MP2 SAME-SPIN CORRELATION ENERGY": -0.03482597899969174,
    "MP2 TOTAL ENERGY": -76.12177041137025,
    "NUCLEAR REPULSION ENERGY": 9.09537498674403,
    "ONE-ELECTRON ENERGY": -123.12571039173088,
    "PCM POLARIZATION ENERGY": 0.0,
    "PE ENERGY": 0.0,
    "SCF DIPOLE X": 0.0,
    "SCF DIPOLE Y": 0.0,
    "SCF DIPOLE Z": -0.2004386958188844,
    "SCF ITERATION ENERGY": -75.96873271633561,
    "SCF ITERATIONS": 10.0,
    "SCF TOTAL ENERGY": -75.96873271633561,
    "SCS-MP2 CORRELATION ENERGY": -0.15346271890849666,
    "SCS-MP2 TOTAL ENERGY": -76.12219543524411,
    "SCS-MP2-VDW CORRELATION ENERGY": -0.16872398602458816,
    "SCS-MP2-VDW TOTAL ENERGY": -76.1374567023602,
    "SCSN-MP2 CORRELATION ENERGY": -0.06129372303945502,
    "SCSN-MP2 TOTAL ENERGY": -76.03002643937506,
    "SOS-MP2 CORRELATION ENERGY": 0.0,
    "SOS-MP2 TOTAL ENERGY": -75.96873271633561,
    "SOS-PI-MP2 CORRELATION ENERGY": -0.16549640244892316,
    "SOS-PI-MP2 TOTAL ENERGY": -76.13422911878453,
    "TWO-ELECTRON ENERGY": 38.061602688651234
}