{
    "CC D1 DIAGNOSTIC": 0.012732718382126466,
    "CC D2 DIAGNOSTIC": 0.19255952365343973,
    "CC NEW D1 DIAGNOSTIC": 0.012732718382126466,
    "CC T1 DIAGNOSTIC": 0.0059114633563630056,
    "CCSD CORRELATION ENERGY": -0.2476834830075875,
    "CCSD OPPOSITE-SPIN CORRELATION ENERGY": -0.1991549878678397,
    "CCSD SAME-SPIN CORRELATION ENERGY": -0.0485284951397478,
    "CCSD TOTAL ENERGY": -149.12459543066993,
    "CURRENT CORRELATION ENERGY": -0.2476834830075875,
    "CURRENT DIPOLE X": 0.0,
    "CURRENT DIPOLE Y": 0.0,
    "CURRENT DIPOLE Z": 0.0,
    "CURRENT ENERGY": -149.12459543066993,
    "CURRENT REFERENCE ENERGY": -148.87691194766228,
    "HF TOTAL ENERGY": -148.87691194766228,
    "LCCSD (+LMP2) TOTAL ENERGY": -149.10251834668412,
    "MP2 CORRELATION ENERGY": -0.2366351880960623,
    "MP2 OPPOSITE-SPIN CORRELATION ENERGY": -0.1821575666496501,
    "MP2 SAME-SPIN CORRELATION ENERGY": -0.05447762144641219,
    "MP2 TOTAL ENERGY": -149.1135471357584,
    "NUCLEAR REPULSION ENERGY": 41.09512777495807,
    "ONE-ELECTRON ENERGY": -284.6222307717588,
    "PCM POLARIZATION ENERGY": 0.0,
    "PE ENERGY": 0.0,
    "SCF DIPOLE X": 0.0,
    "SCF DIPOLE Y": 0.0,
    "SCF DIPOLE Z": 0.0,
    "SCF ITERATION ENERGY": -148.87691194766228,
    "SCF ITERATIONS": 9.0,
    "SCF TOTAL ENERGY": -148.87691194766228,
    "TWO-ELECTRON ENERGY": 94.65019104913841
}