{
    "CC D1 DIAGNOSTIC": 0.011602076090482366,
    "CC D2 DIAGNOSTIC": 0.11947080010152553,
    "CC NEW D1 DIAGNOSTIC": 0.011602076090482366,
    "CC T1 DIAGNOSTIC": 0.004852490992521271,
    "CCSD CORRELATION ENERGY": -0.11077222931851688,
    "CCSD OPPOSITE-SPIN CORRELATION ENERGY": -0.09123318611414125,
    "CCSD SAME-SPIN CORRELATION ENERGY": -0.0195390432043758,
    "CCSD TOTAL ENERGY": -460.17566983726465,
    "CURRENT CORRELATION ENERGY": -0.11077222931851688,
    "CURRENT DIPOLE X": 0.0,
    "CURRENT DIPOLE Y": 0.0,
    "CURRENT DIPOLE Z": -1.866512765792874,
    "CURRENT ENERGY": -460.17566983726465,
    "CURRENT REFERENCE ENERGY": -460.064897607946,
    "HF TOTAL ENERGY": -460.064897607946,
    "LCCSD (+LMP2) TOTAL ENERGY": -460.1952057123849,
    "MP2 CORRELATION ENERGY": -0.10123865093246595,
    "MP2 OPPOSITE-SPIN CORRELATION ENERGY": -0.08084600614958154,
    "MP2 SAME-SPIN CORRELATION ENERGY": -0.02039264478288441,
    "MP2 TOTAL ENERGY": -460.1661362588786,
    "NUCLEAR REPULSION ENERGY": 7.175176367521483,
    "ONE-ELECTRON ENERGY": -649.8476339822181,
    "PCM POLARIZATION ENERGY": 0.0,
    "PE ENERGY": 0.0,
    "SCF DIPOLE X": 0.0,
    "SCF DIPOLE Y": 0.0,
    "SCF DIPOLE Z": -1.866512765792874,
    "SCF ITERATION ENERGY": -460.064897607946,
    "SCF ITERATIONS": 9.0,
    "SCF TOTAL ENERGY": -460.064897607946,
    "TWO-ELECTRON ENERGY": 182.60756000675067
}