{
    "CC D1 DIAGNOSTIC": 0.06525733261772708,
    "CC D2 DIAGNOSTIC": 0.17305201091231726,
    "CC NEW D1 DIAGNOSTIC": 0.06525733261772708,
    "CC T1 DIAGNOSTIC": 0.02568418889340396,
    "CCSD CORRELATION ENERGY": -0.27230709186419266,
    "CCSD OPPOSITE-SPIN CORRELATION ENERGY": -0.219681915999533,
    "CCSD SAME-SPIN CORRELATION ENERGY": -0.05262517586465967,
    "CCSD TOTAL ENERGY": -112.9411305799345,
    "CURRENT CORRELATION ENERGY": -0.27230709186419266,
    "CURRENT DIPOLE X": 0.0,
    "CURRENT DIPOLE Y": 0.0,
    "CURRENT DIPOLE Z": -1.11903937356339,
    "CURRENT ENERGY": -112.9411305799345,
    "CURRENT REFERENCE ENERGY": -112.66882348807034,
    "HF TOTAL ENERGY": -112.66882348807034,
    "LCCSD (+LMP2) TOTAL ENERGY": -112.94187704484511,
    "MP2 CORRELATION ENERGY": -0.28258091481936587,
    "MP2 OPPOSITE-SPIN CORRELATION ENERGY": -0.21138435647870385,
    "MP2 SAME-SPIN CORRELATION ENERGY": -0.07119655834066202,
    "MP2 TOTAL ENERGY": -112.95140440288966,
    "NUCLEAR REPULSION ENERGY": 20.259321508295955,
    "ONE-ELECTRON ENERGY": -193.57172991758708,
    "PCM POLARIZATION ENERGY": 0.0,
    "PE ENERGY": 0.0,
    "SCF DIPOLE X": 0.0,
    "SCF DIPOLE Y": 0.0,
    "SCF DIPOLE Z": -1.11903937356339,
    "SCF ITERATION ENERGY": -112.66882348807034,
    "SCF ITERATIONS": 10.0,
    "SCF TOTAL ENERGY": -112.66882348807034,
    "TWO-ELECTRON ENERGY": 60.64358492122078
}