{
    "CC D1 DIAGNOSTIC": 0.016559932484099368,
    "CC D2 DIAGNOSTIC": 0.09548285327113264,
    "CC NEW D1 DIAGNOSTIC": 0.016559932484099368,
    "CC T1 DIAGNOSTIC": 0.006819549194819419,
    "CCSD CORRELATION ENERGY": -0.3270816424026092,
    "CCSD OPPOSITE-SPIN CORRELATION ENERGY": -0.25229592520291766,
    "CCSD SAME-SPIN CORRELATION ENERGY": -0.07478571719969157,
    "CCSD TOTAL ENERGY": -185.20581090597602,
    "CURRENT CORRELATION ENERGY": -0.3270816424026092,
    "CURRENT DIPOLE X": 0.0,
    "CURRENT DIPOLE Y": 0.0,
    "CURRENT DIPOLE Z": 0.0,
    "CURRENT ENERGY": -185.20581090597602,
    "CURRENT REFERENCE ENERGY": -184.878729263573,
    "HF TOTAL ENERGY": -184.878729263573,
    "LCCSD (+LMP2) TOTAL ENERGY": -185.21138123372597,
    "MP2 CORRELATION ENERGY": -0.3242681421190677,
    "MP2 OPPOSITE-SPIN CORRELATION ENERGY": -0.2411961948373444,
    "MP2 SAME-SPIN CORRELATION ENERGY": -0.08307194728172329,
    "MP2 TOTAL ENERGY": -185.20299740569249,
    "NUCLEAR REPULSION ENERGY": 95.25937745714658,
    "ONE-ELECTRON ENERGY": -438.58016606388145,
    "PCM POLARIZATION ENERGY": 0.0,
    "PE ENERGY": 0.0,
    "SCF DIPOLE X": 0.0,
    "SCF DIPOLE Y": 0.0,
    "SCF DIPOLE Z": 0.0,
    "SCF ITERATION ENERGY": -184.878729263573,
    "SCF ITERATIONS": 9.0,
    "SCF TOTAL ENERGY": -184.878729263573,
    "TWO-ELECTRON ENERGY": 158.44205934316187
}