{
    "CC D1 DIAGNOSTIC": 0.012989320979951752,
    "CC D2 DIAGNOSTIC": 0.1208706389496413,
    "CC NEW D1 DIAGNOSTIC": 0.012989320979951752,
    "CC T1 DIAGNOSTIC": 0.006751604157603145,
    "CCSD CORRELATION ENERGY": -0.16309456598197009,
    "CCSD OPPOSITE-SPIN CORRELATION ENERGY": -0.13533046159323978,
    "CCSD SAME-SPIN CORRELATION ENERGY": -0.027764104388730337,
    "CCSD TOTAL ENERGY": -76.16809494633786,
    "CURRENT CORRELATION ENERGY": -0.16309456598197009,
    "CURRENT DIPOLE X": 0.0,
    "CURRENT DIPOLE Y": 0.0,
    "CURRENT DIPOLE Z": -2.7407796205912622,
    "CURRENT ENERGY": -76.16809494633786,
    "CURRENT REFERENCE ENERGY": -76.00500038035588,
    "HF TOTAL ENERGY": -76.00500038035588,
    "LCCSD (+LMP2) TOTAL ENERGY": -76.17213309266909,
    "MP2 CORRELATION ENERGY": -0.1569851241234903,
    "MP2 OPPOSITE-SPIN CORRELATION ENERGY": -0.12266960725264005,
    "MP2 SAME-SPIN CORRELATION ENERGY": -0.03431551687085026,
    "MP2 TOTAL ENERGY": -76.16198550447939,
    "NUCLEAR REPULSION ENERGY": 9.186635335171655,
    "ONE-ELECTRON ENERGY": -122.97064692455913,
    "PCM POLARIZATION ENERGY": 0.0,
    "PE ENERGY": 0.0,
    "SCF DIPOLE X": 0.0,
    "SCF DIPOLE Y": 0.0,
    "SCF DIPOLE Z": -2.7407796205912622,
    "SCF ITERATION ENERGY": -76.00500038035588,
    "SCF ITERATIONS": 10.0,
    "SCF TOTAL ENERGY": -76.00500038035588,
    "TWO-ELECTRON ENERGY": 37.7790112090316
}