{
    "CC D1 DIAGNOSTIC": 0.0556239494433943,
    "CC D2 DIAGNOSTIC": 0.33772808216302985,
    "CC NEW D1 DIAGNOSTIC": 0.0556239494433943,
    "CC T1 DIAGNOSTIC": 0.017380300742604132,
    "CCSD CORRELATION ENERGY": -0.3685930353900187,
    "CCSD OPPOSITE-SPIN CORRELATION ENERGY": -0.30892841752768385,
    "CCSD SAME-SPIN CORRELATION ENERGY": -0.059664617862334623,
    "CCSD TOTAL ENERGY": -149.8154808875107,
    "CURRENT CORRELATION ENERGY": -0.3685930353900187,
    "CURRENT DIPOLE X": 0.0,
    "CURRENT DIPOLE Y": 0.0,
    "CURRENT DIPOLE Z": 0.0,
    "CURRENT ENERGY": -149.8154808875107,
    "CURRENT REFERENCE ENERGY": -149.4468878521206,
    "HF TOTAL ENERGY": -149.4468878521206,
    "LCCSD (+LMP2) TOTAL ENERGY": -149.82238967240616,
    "MP2 CORRELATION ENERGY": -0.40581125922207534,
    "MP2 OPPOSITE-SPIN CORRELATION ENERGY": -0.30234977607014674,
    "MP2 SAME-SPIN CORRELATION ENERGY": -0.1034614831519286,
    "MP2 TOTAL ENERGY": -149.85269911134276,
    "NUCLEAR REPULSION ENERGY": 23.482930157118886,
    "ONE-ELECTRON ENERGY": -252.36016792007587,
    "PCM POLARIZATION ENERGY": 0.0,
    "PE ENERGY": 0.0,
    "SCF DIPOLE X": 0.0,
    "SCF DIPOLE Y": 0.0,
    "SCF DIPOLE Z": 0.0,
    "SCF ITERATION ENERGY": -149.4468878521206,
    "SCF ITERATIONS": 9.0,
    "SCF TOTAL ENERGY": -149.4468878521206,
    "TWO-ELECTRON ENERGY": 79.4303499108364
}