{
    "CC D1 DIAGNOSTIC": 0.01726444204120266,
    "CC D2 DIAGNOSTIC": 0.12524434081113622,
    "CC NEW D1 DIAGNOSTIC": 0.01726444204120266,
    "CC T1 DIAGNOSTIC": 0.00808148017911381,
    "CCSD CORRELATION ENERGY": -0.22108168206993942,
    "CCSD OPPOSITE-SPIN CORRELATION ENERGY": -0.17676417627720659,
    "CCSD SAME-SPIN CORRELATION ENERGY": -0.0443175057927328,
    "CCSD TOTAL ENERGY": -112.42829473522893,
    "CURRENT CORRELATION ENERGY": -0.22108168206993942,
    "CURRENT DIPOLE X": 0.0,
    "CURRENT DIPOLE Y": 0.0,
    "CURRENT DIPOLE Z": 0.7953755849074776,
    "CURRENT ENERGY": -112.42829473522893,
    "CURRENT REFERENCE ENERGY": -112.20721305315908,
    "HF TOTAL ENERGY": -112.20721305315908,
    "LCCSD (+LMP2) TOTAL ENERGY": -112.42851903374829,
    "MP2 CORRELATION ENERGY": -0.2144753716577495,
    "MP2 OPPOSITE-SPIN CORRELATION ENERGY": -0.16403473369370197,
    "MP2 SAME-SPIN CORRELATION ENERGY": -0.05044063796404752,
    "MP2 TOTAL ENERGY": -112.42168842481675,
    "NUCLEAR REPULSION ENERGY": 31.10585056196825,
    "ONE-ELECTRON ENERGY": -213.21612907707444,
    "PCM POLARIZATION ENERGY": 0.0,
    "PE ENERGY": 0.0,
    "SCF DIPOLE X": 0.0,
    "SCF DIPOLE Y": 0.0,
    "SCF DIPOLE Z": 0.7953755849074776,
    "SCF ITERATION ENERGY": -112.20721305315908,
    "SCF ITERATIONS": 9.0,
    "SCF TOTAL ENERGY": -112.20721305315908,
    "TWO-ELECTRON ENERGY": 69.90306546194711
}