{
    "CC D1 DIAGNOSTIC": 0.028417753105107867,
    "CC D2 DIAGNOSTIC": 0.1298676828171313,
    "CC NEW D1 DIAGNOSTIC": 0.028417753105107867,
    "CC T1 DIAGNOSTIC": 0.01023969356066473,
    "CCSD CORRELATION ENERGY": -0.36486114105210865,
    "CCSD OPPOSITE-SPIN CORRELATION ENERGY": -0.28631606577198315,
    "CCSD SAME-SPIN CORRELATION ENERGY": -0.07854507528012555,
    "CCSD TOTAL ENERGY": -187.68614389144827,
    "CURRENT CORRELATION ENERGY": -0.36486114105210865,
    "CURRENT DIPOLE X": 0.0,
    "CURRENT DIPOLE Y": 0.0,
    "CURRENT DIPOLE Z": 0.0,
    "CURRENT ENERGY": -187.68614389144827,
    "CURRENT REFERENCE ENERGY": -187.3212827503963,
    "HF TOTAL ENERGY": -187.3212827503963,
    "LCCSD (+LMP2) TOTAL ENERGY": -187.6903565828831,
    "MP2 CORRELATION ENERGY": -0.3687344615722369,
    "MP2 OPPOSITE-SPIN CORRELATION ENERGY": -0.27552684295314434,
    "MP2 SAME-SPIN CORRELATION ENERGY": -0.09320761861909255,
    "MP2 TOTAL ENERGY": -187.6900172119684,
    "NUCLEAR REPULSION ENERGY": 70.02182810486362,
    "ONE-ELECTRON ENERGY": -394.0970928209889,
    "PCM POLARIZATION ENERGY": 0.0,
    "PE ENERGY": 0.0,
    "SCF DIPOLE X": 0.0,
    "SCF DIPOLE Y": 0.0,
    "SCF DIPOLE Z": 0.0,
    "SCF ITERATION ENERGY": -187.3212827503963,
    "SCF ITERATIONS": 9.0,
    "SCF TOTAL ENERGY": -187.3212827503963,
    "TWO-ELECTRON ENERGY": 136.75398196572897
}