{
    "CC D1 DIAGNOSTIC": 0.01774098405861333,
    "CC D2 DIAGNOSTIC": 0.15448366062688967,
    "CC NEW D1 DIAGNOSTIC": 0.01774098405861333,
    "CC T1 DIAGNOSTIC": 0.005916275655075884,
    "CCSD CORRELATION ENERGY": -0.11735592928070375,
    "CCSD OPPOSITE-SPIN CORRELATION ENERGY": -0.09727204475462314,
    "CCSD SAME-SPIN CORRELATION ENERGY": -0.02008388452608101,
    "CCSD TOTAL ENERGY": -460.1740866486387,
    "CURRENT CORRELATION ENERGY": -0.11735592928070375,
    "CURRENT DIPOLE X": 0.0,
    "CURRENT DIPOLE Y": 0.0,
    "CURRENT DIPOLE Z": -1.9749340154024297,
    "CURRENT ENERGY": -460.1740866486387,
    "CURRENT REFERENCE ENERGY": -460.0567307193584,
    "HF TOTAL ENERGY": -460.0567307193584,
    "LCCSD (+LMP2) TOTAL ENERGY": -460.17350061962173,
    "MP2 CORRELATION ENERGY": -0.10601241660279595,
    "MP2 OPPOSITE-SPIN CORRELATION ENERGY": -0.08470401493511157,
    "MP2 SAME-SPIN CORRELATION ENERGY": -0.021308401667684385,
    "MP2 TOTAL ENERGY": -460.16274313596085,
    "NUCLEAR REPULSION ENERGY": 6.173125874815898,
    "ONE-ELECTRON ENERGY": -647.9470050931775,
    "PCM POLARIZATION ENERGY": 0.0,
    "PE ENERGY": 0.0,
    "SCF DIPOLE X": 0.0,
    "SCF DIPOLE Y": 0.0,
    "SCF DIPOLE Z": -1.9749340154024297,
    "SCF ITERATION ENERGY": -460.0567307193584,
    "SCF ITERATIONS": 9.0,
    "SCF TOTAL ENERGY": -460.0567307193584,
    "TWO-ELECTRON ENERGY": 181.71714849900314
}