{
    "CC D1 DIAGNOSTIC": 0.03447188026693529,
    "CC D2 DIAGNOSTIC": 0.20133310546633962,
    "CC NEW D1 DIAGNOSTIC": 0.03447188026693529,
    "CC T1 DIAGNOSTIC": 0.011115030130096917,
    "CCSD CORRELATION ENERGY": -0.16343424106865542,
    "CCSD OPPOSITE-SPIN CORRELATION ENERGY": -0.13384388962234672,
    "CCSD SAME-SPIN CORRELATION ENERGY": -0.02959035144630867,
    "CCSD TOTAL ENERGY": -103.95119111048781,
    "CURRENT CORRELATION ENERGY": -0.16343424106865542,
    "CURRENT DIPOLE X": 0.0,
    "CURRENT DIPOLE Y": 0.0,
    "CURRENT DIPOLE Z": 4.61242753966725,
    "CURRENT ENERGY": -103.95119111048781,
    "CURRENT REFERENCE ENERGY": -103.78775686941904,
    "HF TOTAL ENERGY": -103.78775686941904,
    "LCCSD (+LMP2) TOTAL ENERGY": -103.94946627675556,
    "MP2 CORRELATION ENERGY": -0.14791953468632005,
    "MP2 OPPOSITE-SPIN CORRELATION ENERGY": -0.11731726999713185,
    "MP2 SAME-SPIN CORRELATION ENERGY": -0.030602264689188197,
    "MP2 TOTAL ENERGY": -103.93567640410548,
    "NUCLEAR REPULSION ENERGY": 27.339126470479904,
    "ONE-ELECTRON ENERGY": -190.1098696081168,
    "PCM POLARIZATION ENERGY": 0.0,
    "PE ENERGY": 0.0,
    "SCF DIPOLE X": 0.0,
    "SCF DIPOLE Y": 0.0,
    "SCF DIPOLE Z": 4.61242753966725,
    "SCF ITERATION ENERGY": -103.78775686941904,
    "SCF ITERATIONS": 11.0,
    "SCF TOTAL ENERGY": -103.78775686941904,
    "TWO-ELECTRON ENERGY": 58.98298626821788
}