{
    "CC D1 DIAGNOSTIC": 0.011416884890027058,
    "CC D2 DIAGNOSTIC": 0.10541189196323719,
    "CC NEW D1 DIAGNOSTIC": 0.011416884890027058,
    "CC T1 DIAGNOSTIC": 0.004550132001503434,
    "CCSD CORRELATION ENERGY": -0.10812272048446246,
    "CCSD OPPOSITE-SPIN CORRELATION ENERGY": -0.08888474822088431,
    "CCSD SAME-SPIN CORRELATION ENERGY": -0.01923797226357825,
    "CCSD TOTAL ENERGY": -460.15644388269203,
    "CURRENT CORRELATION ENERGY": -0.10812272048446246,
    "CURRENT DIPOLE X": 0.0,
    "CURRENT DIPOLE Y": 0.0,
    "CURRENT DIPOLE Z": -1.8196159131958625,
    "CURRENT ENERGY": -460.15644388269203,
    "CURRENT REFERENCE ENERGY": -460.0483211622078,
    "HF TOTAL ENERGY": -460.0483211622078,
    "LCCSD (+LMP2) TOTAL ENERGY": -460.15434669561694,
    "MP2 CORRELATION ENERGY": -0.09922955287737333,
    "MP2 OPPOSITE-SPIN CORRELATION ENERGY": -0.07928308711790566,
    "MP2 SAME-SPIN CORRELATION ENERGY": -0.019946465759467666,
    "MP2 TOTAL ENERGY": -460.14755071508495,
    "NUCLEAR REPULSION ENERGY": 7.83460176672477,
    "ONE-ELECTRON ENERGY": -651.0663360324118,
    "PCM POLARIZATION ENERGY": 0.0,
    "PE ENERGY": 0.0,
    "SCF DIPOLE X": 0.0,
    "SCF DIPOLE Y": 0.0,
    "SCF DIPOLE Z": -1.8196159131958625,
    "SCF ITERATION ENERGY": -460.0483211622078,
    "SCF ITERATIONS": 9.0,
    "SCF TOTAL ENERGY": -460.0483211622078,
    "TWO-ELECTRON ENERGY": 183.18341310347918
}