{
    "CC D1 DIAGNOSTIC": 0.07445127411566288,
    "CC D2 DIAGNOSTIC": 0.5047125299399929,
    "CC NEW D1 DIAGNOSTIC": 0.07445127411566288,
    "CC T1 DIAGNOSTIC": 0.023795396648795854,
    "CCSD CORRELATION ENERGY": -0.4423317169895033,
    "CCSD OPPOSITE-SPIN CORRELATION ENERGY": -0.3994566226412195,
    "CCSD SAME-SPIN CORRELATION ENERGY": -0.04287509434828346,
    "CCSD TOTAL ENERGY": -149.76778490130494,
    "CURRENT CORRELATION ENERGY": -0.4423317169895033,
    "CURRENT DIPOLE X": 0.0,
    "CURRENT DIPOLE Y": 0.0,
    "CURRENT DIPOLE Z": 0.0,
    "CURRENT ENERGY": -149.76778490130494,
    "CURRENT REFERENCE ENERGY": -149.32545318431437,
    "HF TOTAL ENERGY": -149.32545318431437,
    "LCCSD (+LMP2) TOTAL ENERGY": -149.80320710723512,
    "MP2 CORRELATION ENERGY": -0.5290725904418393,
    "MP2 OPPOSITE-SPIN CORRELATION ENERGY": -0.39104358523370036,
    "MP2 SAME-SPIN CORRELATION ENERGY": -0.13802900520813893,
    "MP2 TOTAL ENERGY": -149.85452577475726,
    "NUCLEAR REPULSION ENERGY": 19.59186324154977,
    "ONE-ELECTRON ENERGY": -244.66846282423114,
    "PCM POLARIZATION ENERGY": 0.0,
    "PE ENERGY": 0.0,
    "SCF DIPOLE X": 0.0,
    "SCF DIPOLE Y": 0.0,
    "SCF DIPOLE Z": 0.0,
    "SCF ITERATION ENERGY": -149.32545318431437,
    "SCF ITERATIONS": 9.0,
    "SCF TOTAL ENERGY": -149.32545318431437,
    "TWO-ELECTRON ENERGY": 75.75114639836701
}