{
    "CC D1 DIAGNOSTIC": 0.015402950073112967,
    "CC D2 DIAGNOSTIC": 0.11326316662573248,
    "CC NEW D1 DIAGNOSTIC": 0.015402950073112967,
    "CC T1 DIAGNOSTIC": 0.006928978710910231,
    "CCSD CORRELATION ENERGY": -0.16076731066046784,
    "CCSD OPPOSITE-SPIN CORRELATION ENERGY": -0.1318660361611719,
    "CCSD SAME-SPIN CORRELATION ENERGY": -0.028901274499295915,
    "CCSD TOTAL ENERGY": -76.15328757619226,
    "CURRENT CORRELATION ENERGY": -0.16076731066046784,
    "CURRENT DIPOLE X": 0.0,
    "CURRENT DIPOLE Y": 0.0,
    "CURRENT DIPOLE Z": -1.7440644661980613,
    "CURRENT ENERGY": -76.15328757619226,
    "CURRENT REFERENCE ENERGY": -75.99252026553177,
    "HF TOTAL ENERGY": -75.99252026553178,
    "LCCSD (+LMP2) TOTAL ENERGY": -76.15409873261004,
    "MP2 CORRELATION ENERGY": -0.15533996717598628,
    "MP2 OPPOSITE-SPIN CORRELATION ENERGY": -0.12021669358658672,
    "MP2 SAME-SPIN CORRELATION ENERGY": -0.03512327358939955,
    "MP2 TOTAL ENERGY": -76.14786023270779,
    "NUCLEAR REPULSION ENERGY": 9.111619328265684,
    "ONE-ELECTRON ENERGY": -123.04911491634232,
    "PCM POLARIZATION ENERGY": 0.0,
    "PE ENERGY": 0.0,
    "SCF DIPOLE X": 0.0,
    "SCF DIPOLE Y": 0.0,
    "SCF DIPOLE Z": -1.7440644661980613,
    "SCF ITERATION ENERGY": -75.99252026553177,
    "SCF ITERATIONS": 10.0,
    "SCF TOTAL ENERGY": -75.99252026553177,
    "TWO-ELECTRON ENERGY": 37.94497532254485
}