{
    "CC D1 DIAGNOSTIC": 0.03990754959045776,
    "CC D2 DIAGNOSTIC": 0.09411079846299288,
    "CC NEW D1 DIAGNOSTIC": 0.03990754959045776,
    "CC T1 DIAGNOSTIC": 0.014964144349805749,
    "CCSD CORRELATION ENERGY": -0.29331465382549887,
    "CCSD OPPOSITE-SPIN CORRELATION ENERGY": -0.22804347829938104,
    "CCSD SAME-SPIN CORRELATION ENERGY": -0.06527117552611778,
    "CCSD TOTAL ENERGY": -261.6271237313656,
    "CURRENT CORRELATION ENERGY": -0.29331465382549887,
    "CURRENT DIPOLE X": 0.0,
    "CURRENT DIPOLE Y": 0.0,
    "CURRENT DIPOLE Z": -8.366755382684637,
    "CURRENT ENERGY": -261.6271237313656,
    "CURRENT REFERENCE ENERGY": -261.3338090775392,
    "HF TOTAL ENERGY": -261.3338090775392,
    "LCCSD (+LMP2) TOTAL ENERGY": -261.6282273412984,
    "MP2 CORRELATION ENERGY": -0.29515544475878985,
    "MP2 OPPOSITE-SPIN CORRELATION ENERGY": -0.21919355806982332,
    "MP2 SAME-SPIN CORRELATION ENERGY": -0.07596188668896653,
    "MP2 TOTAL ENERGY": -261.6289645222989,
    "NUCLEAR REPULSION ENERGY": 27.435053230025453,
    "ONE-ELECTRON ENERGY": -424.85367801590246,
    "PCM POLARIZATION ENERGY": 0.0,
    "PE ENERGY": 0.0,
    "SCF DIPOLE X": 0.0,
    "SCF DIPOLE Y": 0.0,
    "SCF DIPOLE Z": -8.366755382684637,
    "SCF ITERATION ENERGY": -261.3338090775392,
    "SCF ITERATIONS": 10.0,
    "SCF TOTAL ENERGY": -261.3338090775392,
    "TWO-ELECTRON ENERGY": 136.08481570833783
}