{
    "CC D1 DIAGNOSTIC": 0.03381535514146489,
    "CC D2 DIAGNOSTIC": 0.0954548502828075,
    "CC NEW D1 DIAGNOSTIC": 0.03381535514146489,
    "CC T1 DIAGNOSTIC": 0.014807246554198829,
    "CCSD CORRELATION ENERGY": -0.17748090594650393,
    "CCSD OPPOSITE-SPIN CORRELATION ENERGY": -0.1420229478222386,
    "CCSD SAME-SPIN CORRELATION ENERGY": -0.03545795812426547,
    "CCSD TOTAL ENERGY": -107.1094385279906,
    "CURRENT CORRELATION ENERGY": -0.17748090594650393,
    "CURRENT DIPOLE X": 0.0,
    "CURRENT DIPOLE Y": 0.0,
    "CURRENT DIPOLE Z": -5.4363661981578275,
    "CURRENT ENERGY": -107.1094385279906,
    "CURRENT REFERENCE ENERGY": -106.93195762204408,
    "HF TOTAL ENERGY": -106.93195762204408,
    "LCCSD (+LMP2) TOTAL ENERGY": -107.05408443579826,
    "MP2 CORRELATION ENERGY": -0.17786586051826692,
    "MP2 OPPOSITE-SPIN CORRELATION ENERGY": -0.1347847245682443,
    "MP2 SAME-SPIN CORRELATION ENERGY": -0.04308113595002261,
    "MP2 TOTAL ENERGY": -107.10982348256236,
    "NUCLEAR REPULSION ENERGY": 10.810909326729696,
    "ONE-ELECTRON ENERGY": -172.6169077110227,
    "PCM POLARIZATION ENERGY": 0.0,
    "PE ENERGY": 0.0,
    "SCF DIPOLE X": 0.0,
    "SCF DIPOLE Y": 0.0,
    "SCF DIPOLE Z": -5.4363661981578275,
    "SCF ITERATION ENERGY": -106.93195762204408,
    "SCF ITERATIONS": 10.0,
    "SCF TOTAL ENERGY": -106.93195762204408,
    "TWO-ELECTRON ENERGY": 54.87404076224891
}