{
    "CC D1 DIAGNOSTIC": 0.0389178097432412,
    "CC D2 DIAGNOSTIC": 0.33545894799971737,
    "CC NEW D1 DIAGNOSTIC": 0.0389178097432412,
    "CC T1 DIAGNOSTIC": 0.009503604871074609,
    "CCSD CORRELATION ENERGY": -0.2614579430098621,
    "CCSD OPPOSITE-SPIN CORRELATION ENERGY": -0.2093890308801901,
    "CCSD SAME-SPIN CORRELATION ENERGY": -0.05206891212967199,
    "CCSD TOTAL ENERGY": -256.352951629092,
    "CURRENT CORRELATION ENERGY": -0.2614579430098621,
    "CURRENT DIPOLE X": 0.0,
    "CURRENT DIPOLE Y": 0.0,
    "CURRENT DIPOLE Z": 3.505851742343413,
    "CURRENT ENERGY": -256.352951629092,
    "CURRENT REFERENCE ENERGY": -256.0914936860822,
    "HF TOTAL ENERGY": -256.0914936860821,
    "LCCSD (+LMP2) TOTAL ENERGY": -256.4323959726784,
    "MP2 CORRELATION ENERGY": -0.2412171178580218,
    "MP2 OPPOSITE-SPIN CORRELATION ENERGY": -0.18607188755262172,
    "MP2 SAME-SPIN CORRELATION ENERGY": -0.055145230305400084,
    "MP2 TOTAL ENERGY": -256.33271080394013,
    "NUCLEAR REPULSION ENERGY": 83.40256181927738,
    "ONE-ELECTRON ENERGY": -509.67200072220146,
    "PCM POLARIZATION ENERGY": 0.0,
    "PE ENERGY": 0.0,
    "SCF DIPOLE X": 0.0,
    "SCF DIPOLE Y": 0.0,
    "SCF DIPOLE Z": 3.505851742343413,
    "SCF ITERATION ENERGY": -256.0914936860822,
    "SCF ITERATIONS": 10.0,
    "SCF TOTAL ENERGY": -256.0914936860822,
    "TWO-ELECTRON ENERGY": 170.17794521684195
}