{
    "CC D1 DIAGNOSTIC": 0.37703646520103895,
    "CC D2 DIAGNOSTIC": 0.29051999752876706,
    "CC NEW D1 DIAGNOSTIC": 0.37703646520103895,
    "CC T1 DIAGNOSTIC": 0.15813432708912695,
    "CCSD CORRELATION ENERGY": -0.33324133685604534,
    "CCSD OPPOSITE-SPIN CORRELATION ENERGY": -0.257893697380027,
    "CCSD SAME-SPIN CORRELATION ENERGY": -0.07534763947601752,
    "CCSD TOTAL ENERGY": -112.72255388832673,
    "CURRENT CORRELATION ENERGY": -0.33324133685604534,
    "CURRENT DIPOLE X": 0.0,
    "CURRENT DIPOLE Y": 0.0,
    "CURRENT DIPOLE Z": -3.100605602062418,
    "CURRENT ENERGY": -112.72255388832673,
    "CURRENT REFERENCE ENERGY": -112.38931255147065,
    "HF TOTAL ENERGY": -112.38931255147065,
    "LCCSD (+LMP2) TOTAL ENERGY": -112.72255958953237,
    "MP2 CORRELATION ENERGY": -0.27292587158820597,
    "MP2 OPPOSITE-SPIN CORRELATION ENERGY": -0.20895120760202007,
    "MP2 SAME-SPIN CORRELATION ENERGY": -0.0639746639861859,
    "MP2 TOTAL ENERGY": -112.66223842305888,
    "NUCLEAR REPULSION ENERGY": 13.963261647292375,
    "ONE-ELECTRON ENERGY": -181.57289087554506,
    "PCM POLARIZATION ENERGY": 0.0,
    "PE ENERGY": 0.0,
    "SCF DIPOLE X": 0.0,
    "SCF DIPOLE Y": 0.0,
    "SCF DIPOLE Z": -3.100605602062418,
    "SCF ITERATION ENERGY": -112.38931255147065,
    "SCF ITERATIONS": 15.0,
    "SCF TOTAL ENERGY": -112.38931255147065,
    "TWO-ELECTRON ENERGY": 55.22031667678203
}