{
    "CC D1 DIAGNOSTIC": 0.09561944033914822,
    "CC D2 DIAGNOSTIC": 0.0987967707065817,
    "CC NEW D1 DIAGNOSTIC": 0.09561944033914822,
    "CC T1 DIAGNOSTIC": 0.022931142854101493,
    "CCSD CORRELATION ENERGY": -0.28652427947166076,
    "CCSD OPPOSITE-SPIN CORRELATION ENERGY": -0.2216462771517469,
    "CCSD SAME-SPIN CORRELATION ENERGY": -0.06487800231991403,
    "CCSD TOTAL ENERGY": -261.1512483981437,
    "CURRENT CORRELATION ENERGY": -0.28652427947166076,
    "CURRENT DIPOLE X": 0.0,
    "CURRENT DIPOLE Y": 0.0,
    "CURRENT DIPOLE Z": -5.770576282521174,
    "CURRENT ENERGY": -261.1512483981437,
    "CURRENT REFERENCE ENERGY": -260.86472411867163,
    "HF TOTAL ENERGY": -260.8647241186716,
    "LCCSD (+LMP2) TOTAL ENERGY": -261.1512483981437,
    "MP2 CORRELATION ENERGY": -0.2867016446309348,
    "MP2 OPPOSITE-SPIN CORRELATION ENERGY": -0.21257323822432078,
    "MP2 SAME-SPIN CORRELATION ENERGY": -0.074128406406614,
    "MP2 TOTAL ENERGY": -261.15142576330294,
    "NUCLEAR REPULSION ENERGY": 43.07983565045319,
    "ONE-ELECTRON ENERGY": -455.50446490883434,
    "PCM POLARIZATION ENERGY": 0.0,
    "PE ENERGY": 0.0,
    "SCF DIPOLE X": 0.0,
    "SCF DIPOLE Y": 0.0,
    "SCF DIPOLE Z": -5.770576282521174,
    "SCF ITERATION ENERGY": -260.86472411867163,
    "SCF ITERATIONS": 11.0,
    "SCF TOTAL ENERGY": -260.86472411867163,
    "TWO-ELECTRON ENERGY": 151.55990513970957
}