{
    "setup": {
        "name": "learn-coulomb",
        "valtype": "J",
        "predtype": "SCF",
        "M": 12,
        "N": 100,
        "st": 0.05,
        "K": 30
    },
    "data": {
        "trainers": [
            68,
            56,
            46,
            37,
            29,
            22,
            17,
            13,
            10,
            7,
            4,
            1
        ],
        "hypers": true,
        "s": 0.9374194965048457,
        "l": 9.102981779915227e-11,
        "a": [
            -6347.31221639995,
            21661.870491688114,
            -24911.183322536086,
            9887.769764584684,
            5032.620680084258,
            -15488.083843246033,
            14946.920854320342,
            5100.854065238073,
            -18722.201212126405,
            10805.609420125726,
            -2017.2981625728833,
            51.522042484475534
        ]
    }
}