{
    "setup": {
        "name": "learn-coulomb",
        "valtype": "J",
        "predtype": "CCSD",
        "M": 12,
        "N": 100,
        "st": 0.05,
        "K": 30
    },
    "data": {
        "trainers": [
            68,
            56,
            46,
            38,
            30,
            23,
            18,
            14,
            10,
            7,
            4,
            1
        ],
        "hypers": true,
        "s": 0.3034855819743927,
        "l": 9.102981779915227e-11,
        "a": [
            -802.8253807787275,
            4108.285828998362,
            -9120.439639828192,
            11371.40856717136,
            -9052.691776047,
            6653.7300719513605,
            -4465.457702351554,
            1755.9744800569365,
            -560.8237947185274,
            122.95880919219815,
            -10.535592193091283,
            0.029592791931773093
        ]
    }
}
