{
    "setup": {
        "name": "learn-coulomb",
        "valtype": "J",
        "predtype": "SCF",
        "M": 12,
        "N": 100,
        "st": 0.05,
        "K": 30
    },
    "data": {
        "trainers": [
            68,
            56,
            46,
            38,
            30,
            23,
            18,
            14,
            10,
            7,
            4,
            1
        ],
        "hypers": true,
        "s": 48.553405459645106,
        "l": 3.088843596477485e-12,
        "a": [
            -1353453.849296236,
            8238661.407736482,
            -18782109.501495276,
            19220886.755655397,
            -6881886.155958417,
            -3439232.155460009,
            1965931.9759124555,
            4482823.55554659,
            -5821614.309359397,
            2866563.6534145586,
            -524665.4899732076,
            28115.737050879477
        ]
    }
}
