{
    "CC D1 DIAGNOSTIC": 0.041925694162419196,
    "CC D2 DIAGNOSTIC": 0.09089255987623085,
    "CC NEW D1 DIAGNOSTIC": 0.041925694162419196,
    "CC T1 DIAGNOSTIC": 0.013720776536748224,
    "CCSD CORRELATION ENERGY": -0.2875252046000627,
    "CCSD OPPOSITE-SPIN CORRELATION ENERGY": -0.22313317387083104,
    "CCSD SAME-SPIN CORRELATION ENERGY": -0.06439203072923172,
    "CCSD TOTAL ENERGY": -261.5156220512921,
    "CURRENT CORRELATION ENERGY": -0.2875252046000627,
    "CURRENT DIPOLE X": 0.0,
    "CURRENT DIPOLE Y": 0.0,
    "CURRENT DIPOLE Z": -6.7426474635327045,
    "CURRENT ENERGY": -261.5156220512921,
    "CURRENT REFERENCE ENERGY": -261.22809684669085,
    "HF TOTAL ENERGY": -261.22809684669085,
    "LCCSD (+LMP2) TOTAL ENERGY": -261.51562389816377,
    "MP2 CORRELATION ENERGY": -0.28856330314353107,
    "MP2 OPPOSITE-SPIN CORRELATION ENERGY": -0.21435274133923096,
    "MP2 SAME-SPIN CORRELATION ENERGY": -0.07421056180430011,
    "MP2 TOTAL ENERGY": -261.51666014983556,
    "NUCLEAR REPULSION ENERGY": 35.58129770446986,
    "ONE-ELECTRON ENERGY": -441.13615047256997,
    "PCM POLARIZATION ENERGY": 0.0,
    "PE ENERGY": 0.0,
    "SCF DIPOLE X": 0.0,
    "SCF DIPOLE Y": 0.0,
    "SCF DIPOLE Z": -6.7426474635327045,
    "SCF ITERATION ENERGY": -261.22809684669085,
    "SCF ITERATIONS": 11.0,
    "SCF TOTAL ENERGY": -261.22809684669085,
    "TWO-ELECTRON ENERGY": 144.32675592140927
}