{
    "CC D1 DIAGNOSTIC": 0.041398115020544086,
    "CC D2 DIAGNOSTIC": 0.3459944216854193,
    "CC NEW D1 DIAGNOSTIC": 0.041398115020544086,
    "CC T1 DIAGNOSTIC": 0.010118478143865597,
    "CCSD CORRELATION ENERGY": -0.26080184519219496,
    "CCSD OPPOSITE-SPIN CORRELATION ENERGY": -0.20884421689643407,
    "CCSD SAME-SPIN CORRELATION ENERGY": -0.05195762829576084,
    "CCSD TOTAL ENERGY": -254.4643546536413,
    "CURRENT CORRELATION ENERGY": -0.26080184519219496,
    "CURRENT DIPOLE X": 0.0,
    "CURRENT DIPOLE Y": 0.0,
    "CURRENT DIPOLE Z": 3.4478901994257893,
    "CURRENT ENERGY": -254.4643546536413,
    "CURRENT REFERENCE ENERGY": -254.20355280844907,
    "HF TOTAL ENERGY": -254.20355280844907,
    "LCCSD (+LMP2) TOTAL ENERGY": -254.45503522689313,
    "MP2 CORRELATION ENERGY": -0.24007409791587403,
    "MP2 OPPOSITE-SPIN CORRELATION ENERGY": -0.1850192864843719,
    "MP2 SAME-SPIN CORRELATION ENERGY": -0.05505481143150212,
    "MP2 TOTAL ENERGY": -254.44362690636498,
    "NUCLEAR REPULSION ENERGY": 92.25947103902365,
    "ONE-ELECTRON ENERGY": -522.0301635599002,
    "PCM POLARIZATION ENERGY": 0.0,
    "PE ENERGY": 0.0,
    "SCF DIPOLE X": 0.0,
    "SCF DIPOLE Y": 0.0,
    "SCF DIPOLE Z": 3.4478901994257893,
    "SCF ITERATION ENERGY": -254.20355280844907,
    "SCF ITERATIONS": 10.0,
    "SCF TOTAL ENERGY": -254.20355280844907,
    "TWO-ELECTRON ENERGY": 175.56713971242746
}