{
    "CC D1 DIAGNOSTIC": 0.06041284192166044,
    "CC D2 DIAGNOSTIC": 0.38138230149138735,
    "CC NEW D1 DIAGNOSTIC": 0.06041284192166044,
    "CC T1 DIAGNOSTIC": 0.02526189173762634,
    "CCSD CORRELATION ENERGY": -0.4188396746466063,
    "CCSD OPPOSITE-SPIN CORRELATION ENERGY": -0.3807530183396042,
    "CCSD SAME-SPIN CORRELATION ENERGY": -0.03808665630700225,
    "CCSD TOTAL ENERGY": -108.95547375537878,
    "CURRENT CORRELATION ENERGY": -0.4188396746466063,
    "CURRENT DIPOLE X": 0.0,
    "CURRENT DIPOLE Y": 0.0,
    "CURRENT DIPOLE Z": 1.1287621734612623e-15,
    "CURRENT ENERGY": -108.95547375537878,
    "CURRENT REFERENCE ENERGY": -108.5366340807319,
    "HF TOTAL ENERGY": -108.53663408073191,
    "LCCSD (+LMP2) TOTAL ENERGY": -108.9730300445182,
    "MP2 CORRELATION ENERGY": -0.5573833830655326,
    "MP2 OPPOSITE-SPIN CORRELATION ENERGY": -0.39659366891367576,
    "MP2 SAME-SPIN CORRELATION ENERGY": -0.16078971415185683,
    "MP2 TOTAL ENERGY": -109.0940174637977,
    "NUCLEAR REPULSION ENERGY": 15.612729141431679,
    "ONE-ELECTRON ENERGY": -177.8586391540033,
    "PCM POLARIZATION ENERGY": 0.0,
    "PE ENERGY": 0.0,
    "SCF DIPOLE X": 0.0,
    "SCF DIPOLE Y": 0.0,
    "SCF DIPOLE Z": 1.1287621734612623e-15,
    "SCF ITERATION ENERGY": -108.5366340807319,
    "SCF ITERATIONS": 8.0,
    "SCF TOTAL ENERGY": -108.5366340807319,
    "TWO-ELECTRON ENERGY": 53.709275931839706
}