{
    "CC D1 DIAGNOSTIC": 0.017784772426531318,
    "CC D2 DIAGNOSTIC": 0.11706835951943421,
    "CC NEW D1 DIAGNOSTIC": 0.017784772426531318,
    "CC T1 DIAGNOSTIC": 0.006055195495980614,
    "CCSD CORRELATION ENERGY": -0.20694205318490164,
    "CCSD OPPOSITE-SPIN CORRELATION ENERGY": -0.16379124859811536,
    "CCSD SAME-SPIN CORRELATION ENERGY": -0.043150804586786135,
    "CCSD TOTAL ENERGY": -109.92733984098423,
    "CURRENT CORRELATION ENERGY": -0.20694205318490164,
    "CURRENT DIPOLE X": 0.0,
    "CURRENT DIPOLE Y": 0.0,
    "CURRENT DIPOLE Z": 1.369372667952691,
    "CURRENT ENERGY": -109.92733984098423,
    "CURRENT REFERENCE ENERGY": -109.72039778779933,
    "HF TOTAL ENERGY": -109.72039778779933,
    "LCCSD (+LMP2) TOTAL ENERGY": -109.92616498459398,
    "MP2 CORRELATION ENERGY": -0.1979126816575202,
    "MP2 OPPOSITE-SPIN CORRELATION ENERGY": -0.15142798790047954,
    "MP2 SAME-SPIN CORRELATION ENERGY": -0.046484693757040674,
    "MP2 TOTAL ENERGY": -109.91831046945684,
    "NUCLEAR REPULSION ENERGY": 43.01872950059438,
    "ONE-ELECTRON ENERGY": -231.08023071925436,
    "PCM POLARIZATION ENERGY": 0.0,
    "PE ENERGY": 0.0,
    "SCF DIPOLE X": 0.0,
    "SCF DIPOLE Y": 0.0,
    "SCF DIPOLE Z": 1.369372667952691,
    "SCF ITERATION ENERGY": -109.72039778779933,
    "SCF ITERATIONS": 10.0,
    "SCF TOTAL ENERGY": -109.72039778779933,
    "TWO-ELECTRON ENERGY": 78.34110343086064
}