{
    "CC D1 DIAGNOSTIC": 0.009635482616089975,
    "CC D2 DIAGNOSTIC": 0.09114458023683036,
    "CC NEW D1 DIAGNOSTIC": 0.009635482616089975,
    "CC T1 DIAGNOSTIC": 0.005307686863421924,
    "CCSD CORRELATION ENERGY": -0.15252449441351257,
    "CCSD OPPOSITE-SPIN CORRELATION ENERGY": -0.1217873163397552,
    "CCSD SAME-SPIN CORRELATION ENERGY": -0.03073717807375731,
    "CCSD TOTAL ENERGY": -100.1369435342463,
    "CURRENT CORRELATION ENERGY": -0.15252449441351257,
    "CURRENT DIPOLE X": 0.0,
    "CURRENT DIPOLE Y": 0.0,
    "CURRENT DIPOLE Z": -2.133337317011484,
    "CURRENT ENERGY": -100.1369435342463,
    "CURRENT REFERENCE ENERGY": -99.98441903983276,
    "HF TOTAL ENERGY": -99.98441903983274,
    "LCCSD (+LMP2) TOTAL ENERGY": -100.1654159525703,
    "MP2 CORRELATION ENERGY": -0.15093760671873324,
    "MP2 OPPOSITE-SPIN CORRELATION ENERGY": -0.11468310801802888,
    "MP2 SAME-SPIN CORRELATION ENERGY": -0.036254498700704366,
    "MP2 TOTAL ENERGY": -100.13535664655151,
    "NUCLEAR REPULSION ENERGY": 6.235239370460329,
    "ONE-ELECTRON ENERGY": -152.31607862945674,
    "PCM POLARIZATION ENERGY": 0.0,
    "PE ENERGY": 0.0,
    "SCF DIPOLE X": 0.0,
    "SCF DIPOLE Y": 0.0,
    "SCF DIPOLE Z": -2.133337317011484,
    "SCF ITERATION ENERGY": -99.98441903983276,
    "SCF ITERATIONS": 9.0,
    "SCF TOTAL ENERGY": -99.98441903983276,
    "TWO-ELECTRON ENERGY": 46.096420219163655
}