{
    "CC D1 DIAGNOSTIC": 0.09087520798227977,
    "CC D2 DIAGNOSTIC": 0.31427852804478124,
    "CC NEW D1 DIAGNOSTIC": 0.09087520798227977,
    "CC T1 DIAGNOSTIC": 0.028940708092232766,
    "CCSD CORRELATION ENERGY": -0.2066790630097055,
    "CCSD OPPOSITE-SPIN CORRELATION ENERGY": -0.17474733725225763,
    "CCSD SAME-SPIN CORRELATION ENERGY": -0.0319317257574481,
    "CCSD TOTAL ENERGY": -100.06376246029303,
    "CURRENT CORRELATION ENERGY": -0.2066790630097055,
    "CURRENT DIPOLE X": 0.0,
    "CURRENT DIPOLE Y": 0.0,
    "CURRENT DIPOLE Z": -3.3263312173386805,
    "CURRENT ENERGY": -100.06376246029303,
    "CURRENT REFERENCE ENERGY": -99.85708339728338,
    "HF TOTAL ENERGY": -99.85708339728338,
    "LCCSD (+LMP2) TOTAL ENERGY": -100.04377484557385,
    "MP2 CORRELATION ENERGY": -0.1980553446882613,
    "MP2 OPPOSITE-SPIN CORRELATION ENERGY": -0.15318142055622463,
    "MP2 SAME-SPIN CORRELATION ENERGY": -0.04487392413203667,
    "MP2 TOTAL ENERGY": -100.05513874197159,
    "NUCLEAR REPULSION ENERGY": 2.9072281727299703,
    "ONE-ELECTRON ENERGY": -146.56443781753677,
    "PCM POLARIZATION ENERGY": 0.0,
    "PE ENERGY": 0.0,
    "SCF DIPOLE X": 0.0,
    "SCF DIPOLE Y": 0.0,
    "SCF DIPOLE Z": -3.3263312173386805,
    "SCF ITERATION ENERGY": -99.85708339728338,
    "SCF ITERATIONS": 10.0,
    "SCF TOTAL ENERGY": -99.85708339728338,
    "TWO-ELECTRON ENERGY": 43.80012624752344
}