{
    "CC D1 DIAGNOSTIC": 0.017015017923048326,
    "CC D2 DIAGNOSTIC": 0.1195814708409652,
    "CC NEW D1 DIAGNOSTIC": 0.017015017923048326,
    "CC T1 DIAGNOSTIC": 0.006292696497868446,
    "CCSD CORRELATION ENERGY": -0.21001195686107005,
    "CCSD OPPOSITE-SPIN CORRELATION ENERGY": -0.1669299344094958,
    "CCSD SAME-SPIN CORRELATION ENERGY": -0.043082022451574165,
    "CCSD TOTAL ENERGY": -111.28693016527033,
    "CURRENT CORRELATION ENERGY": -0.21001195686107005,
    "CURRENT DIPOLE X": 0.0,
    "CURRENT DIPOLE Y": 0.0,
    "CURRENT DIPOLE Z": 1.1969236286879834,
    "CURRENT ENERGY": -111.28693016527033,
    "CURRENT REFERENCE ENERGY": -111.07691820840935,
    "HF TOTAL ENERGY": -111.07691820840935,
    "LCCSD (+LMP2) TOTAL ENERGY": -111.28704831321875,
    "MP2 CORRELATION ENERGY": -0.20144090263700856,
    "MP2 OPPOSITE-SPIN CORRELATION ENERGY": -0.1543275501984425,
    "MP2 SAME-SPIN CORRELATION ENERGY": -0.04711335243856607,
    "MP2 TOTAL ENERGY": -111.27835911104627,
    "NUCLEAR REPULSION ENERGY": 37.72164713671523,
    "ONE-ELECTRON ENERGY": -223.67341173098123,
    "PCM POLARIZATION ENERGY": 0.0,
    "PE ENERGY": 0.0,
    "SCF DIPOLE X": 0.0,
    "SCF DIPOLE Y": 0.0,
    "SCF DIPOLE Z": 1.1969236286879834,
    "SCF ITERATION ENERGY": -111.07691820840935,
    "SCF ITERATIONS": 10.0,
    "SCF TOTAL ENERGY": -111.07691820840935,
    "TWO-ELECTRON ENERGY": 74.87484638585664
}