{
    "CC D1 DIAGNOSTIC": 0.10491243218793395,
    "CC D2 DIAGNOSTIC": 0.12130320799590023,
    "CC NEW D1 DIAGNOSTIC": 0.10491243218793395,
    "CC T1 DIAGNOSTIC": 0.0311790007302844,
    "CCSD CORRELATION ENERGY": -0.18389261603636886,
    "CCSD OPPOSITE-SPIN CORRELATION ENERGY": -0.14575002283108715,
    "CCSD SAME-SPIN CORRELATION ENERGY": -0.0381425932052816,
    "CCSD TOTAL ENERGY": -106.10334071254375,
    "CURRENT CORRELATION ENERGY": -0.18389261603636886,
    "CURRENT DIPOLE X": 0.0,
    "CURRENT DIPOLE Y": 0.0,
    "CURRENT DIPOLE Z": -2.2893167207069154,
    "CURRENT ENERGY": -106.10334071254375,
    "CURRENT REFERENCE ENERGY": -105.91944809650741,
    "HF TOTAL ENERGY": -105.91944809650741,
    "LCCSD (+LMP2) TOTAL ENERGY": -106.10453961896131,
    "MP2 CORRELATION ENERGY": -0.18504106275308768,
    "MP2 OPPOSITE-SPIN CORRELATION ENERGY": -0.1391996208827926,
    "MP2 SAME-SPIN CORRELATION ENERGY": -0.04584144187029507,
    "MP2 TOTAL ENERGY": -106.10448915926047,
    "NUCLEAR REPULSION ENERGY": 18.167854012331695,
    "ONE-ELECTRON ENERGY": -184.01199415057167,
    "PCM POLARIZATION ENERGY": 0.0,
    "PE ENERGY": 0.0,
    "SCF DIPOLE X": 0.0,
    "SCF DIPOLE Y": 0.0,
    "SCF DIPOLE Z": -2.2893167207069154,
    "SCF ITERATION ENERGY": -105.91944809650741,
    "SCF ITERATIONS": 11.0,
    "SCF TOTAL ENERGY": -105.91944809650741,
    "TWO-ELECTRON ENERGY": 59.924692041732555
}