{
    "CC D1 DIAGNOSTIC": 0.02699958387508285,
    "CC D2 DIAGNOSTIC": 0.19318952586983584,
    "CC NEW D1 DIAGNOSTIC": 0.02699958387508285,
    "CC T1 DIAGNOSTIC": 0.010333759759826564,
    "CCSD CORRELATION ENERGY": -0.3228600138031633,
    "CCSD OPPOSITE-SPIN CORRELATION ENERGY": -0.2673804414468951,
    "CCSD SAME-SPIN CORRELATION ENERGY": -0.05547957235626827,
    "CCSD TOTAL ENERGY": -151.05058886622803,
    "CURRENT CORRELATION ENERGY": -0.3228600138031633,
    "CURRENT DIPOLE X": 0.0,
    "CURRENT DIPOLE Y": -1.6931432601918935e-15,
    "CURRENT DIPOLE Z": -3.9933118667453207,
    "CURRENT ENERGY": -151.05058886622803,
    "CURRENT REFERENCE ENERGY": -150.7277288524242,
    "HF TOTAL ENERGY": -150.7277288524242,
    "LCCSD (+LMP2) TOTAL ENERGY": -151.05806784699155,
    "MP2 CORRELATION ENERGY": -0.31467343787072033,
    "MP2 OPPOSITE-SPIN CORRELATION ENERGY": -0.24403202823892478,
    "MP2 SAME-SPIN CORRELATION ENERGY": -0.07064140963179555,
    "MP2 TOTAL ENERGY": -151.04240229029557,
    "NUCLEAR REPULSION ENERGY": 36.36488874968089,
    "ONE-ELECTRON ENERGY": -280.02269854103986,
    "PCM POLARIZATION ENERGY": 0.0,
    "PE ENERGY": 0.0,
    "SCF DIPOLE X": 0.0,
    "SCF DIPOLE Y": -1.6931432601918935e-15,
    "SCF DIPOLE Z": -3.9933118667453207,
    "SCF ITERATION ENERGY": -150.7277288524242,
    "SCF ITERATIONS": 11.0,
    "SCF TOTAL ENERGY": -150.7277288524242,
    "TWO-ELECTRON ENERGY": 92.93008093893475
}