{
    "CC D1 DIAGNOSTIC": 0.018064296114381675,
    "CC D2 DIAGNOSTIC": 0.12624220364749172,
    "CC NEW D1 DIAGNOSTIC": 0.018064296114381675,
    "CC T1 DIAGNOSTIC": 0.008502596694013298,
    "CCSD CORRELATION ENERGY": -0.22323691716990196,
    "CCSD OPPOSITE-SPIN CORRELATION ENERGY": -0.17861972073627536,
    "CCSD SAME-SPIN CORRELATION ENERGY": -0.044617196433626494,
    "CCSD TOTAL ENERGY": -112.52615689151294,
    "CURRENT CORRELATION ENERGY": -0.22323691716990196,
    "CURRENT DIPOLE X": 0.0,
    "CURRENT DIPOLE Y": 0.0,
    "CURRENT DIPOLE Z": 0.7198853857831037,
    "CURRENT ENERGY": -112.52615689151294,
    "CURRENT REFERENCE ENERGY": -112.30291997434294,
    "HF TOTAL ENERGY": -112.30291997434294,
    "LCCSD (+LMP2) TOTAL ENERGY": -112.52634898165677,
    "MP2 CORRELATION ENERGY": -0.2170845692037661,
    "MP2 OPPOSITE-SPIN CORRELATION ENERGY": -0.16592284563435136,
    "MP2 SAME-SPIN CORRELATION ENERGY": -0.05116172356941473,
    "MP2 TOTAL ENERGY": -112.5200045435468,
    "NUCLEAR REPULSION ENERGY": 30.267668959999042,
    "ONE-ELECTRON ENERGY": -211.79936345170475,
    "PCM POLARIZATION ENERGY": 0.0,
    "PE ENERGY": 0.0,
    "SCF DIPOLE X": 0.0,
    "SCF DIPOLE Y": 0.0,
    "SCF DIPOLE Z": 0.7198853857831037,
    "SCF ITERATION ENERGY": -112.30291997434294,
    "SCF ITERATIONS": 9.0,
    "SCF TOTAL ENERGY": -112.30291997434294,
    "TWO-ELECTRON ENERGY": 69.22877451736277
}