{
    "CC D1 DIAGNOSTIC": 0.07985982349723376,
    "CC D2 DIAGNOSTIC": 0.574865258241808,
    "CC NEW D1 DIAGNOSTIC": 0.07985982349723376,
    "CC T1 DIAGNOSTIC": 0.025811921059947108,
    "CCSD CORRELATION ENERGY": -0.4695115084014156,
    "CCSD OPPOSITE-SPIN CORRELATION ENERGY": -0.43708523175338954,
    "CCSD SAME-SPIN CORRELATION ENERGY": -0.03242627664802594,
    "CCSD TOTAL ENERGY": -149.75777748669245,
    "CURRENT CORRELATION ENERGY": -0.4695115084014156,
    "CURRENT DIPOLE X": 0.0,
    "CURRENT DIPOLE Y": 0.0,
    "CURRENT DIPOLE Z": 0.0,
    "CURRENT ENERGY": -149.75777748669245,
    "CURRENT REFERENCE ENERGY": -149.288265978291,
    "HF TOTAL ENERGY": -149.288265978291,
    "LCCSD (+LMP2) TOTAL ENERGY": -149.77601695626322,
    "MP2 CORRELATION ENERGY": -0.5721517934439864,
    "MP2 OPPOSITE-SPIN CORRELATION ENERGY": -0.4222177681770427,
    "MP2 SAME-SPIN CORRELATION ENERGY": -0.14993402526694366,
    "MP2 TOTAL ENERGY": -149.86041777173503,
    "NUCLEAR REPULSION ENERGY": 18.617682196389833,
    "ONE-ELECTRON ENERGY": -242.73207435649968,
    "PCM POLARIZATION ENERGY": 0.0,
    "PE ENERGY": 0.0,
    "SCF DIPOLE X": 0.0,
    "SCF DIPOLE Y": 0.0,
    "SCF DIPOLE Z": 0.0,
    "SCF ITERATION ENERGY": -149.288265978291,
    "SCF ITERATIONS": 9.0,
    "SCF TOTAL ENERGY": -149.288265978291,
    "TWO-ELECTRON ENERGY": 74.82612618181885
}