{
    "CC D1 DIAGNOSTIC": 0.050458120506507345,
    "CC D2 DIAGNOSTIC": 0.20164685515771416,
    "CC NEW D1 DIAGNOSTIC": 0.050458120506507345,
    "CC T1 DIAGNOSTIC": 0.01581077808067297,
    "CCSD CORRELATION ENERGY": -0.17153311426793746,
    "CCSD OPPOSITE-SPIN CORRELATION ENERGY": -0.13981210667357424,
    "CCSD SAME-SPIN CORRELATION ENERGY": -0.031721007594363276,
    "CCSD TOTAL ENERGY": -104.38470538162095,
    "CURRENT CORRELATION ENERGY": -0.17153311426793746,
    "CURRENT DIPOLE X": 0.0,
    "CURRENT DIPOLE Y": 0.0,
    "CURRENT DIPOLE Z": 4.214747441506569,
    "CURRENT ENERGY": -104.38470538162095,
    "CURRENT REFERENCE ENERGY": -104.21317226735313,
    "HF TOTAL ENERGY": -104.21317226735313,
    "LCCSD (+LMP2) TOTAL ENERGY": -104.57949239341266,
    "MP2 CORRELATION ENERGY": -0.15613562100425774,
    "MP2 OPPOSITE-SPIN CORRELATION ENERGY": -0.12299732554610374,
    "MP2 SAME-SPIN CORRELATION ENERGY": -0.033138295458154,
    "MP2 TOTAL ENERGY": -104.36930788835727,
    "NUCLEAR REPULSION ENERGY": 25.500171775156144,
    "ONE-ELECTRON ENERGY": -188.15656870511842,
    "PCM POLARIZATION ENERGY": 0.0,
    "PE ENERGY": 0.0,
    "SCF DIPOLE X": 0.0,
    "SCF DIPOLE Y": 0.0,
    "SCF DIPOLE Z": 4.214747441506569,
    "SCF ITERATION ENERGY": -104.21317226735313,
    "SCF ITERATIONS": 11.0,
    "SCF TOTAL ENERGY": -104.21317226735313,
    "TWO-ELECTRON ENERGY": 58.443224662609154
}