{
    "CC D1 DIAGNOSTIC": 0.03729590141408817,
    "CC D2 DIAGNOSTIC": 0.09188261557047508,
    "CC NEW D1 DIAGNOSTIC": 0.03729590141408817,
    "CC T1 DIAGNOSTIC": 0.013945498398663632,
    "CCSD CORRELATION ENERGY": -0.29096566352184905,
    "CCSD OPPOSITE-SPIN CORRELATION ENERGY": -0.22607134410937782,
    "CCSD SAME-SPIN CORRELATION ENERGY": -0.0648943194124714,
    "CCSD TOTAL ENERGY": -261.6093108138276,
    "CURRENT CORRELATION ENERGY": -0.29096566352184905,
    "CURRENT DIPOLE X": 0.0,
    "CURRENT DIPOLE Y": 0.0,
    "CURRENT DIPOLE Z": -7.588208523124022,
    "CURRENT ENERGY": -261.6093108138276,
    "CURRENT REFERENCE ENERGY": -261.3183451503049,
    "HF TOTAL ENERGY": -261.3183451503049,
    "LCCSD (+LMP2) TOTAL ENERGY": -261.61041421128726,
    "MP2 CORRELATION ENERGY": -0.29250099433838006,
    "MP2 OPPOSITE-SPIN CORRELATION ENERGY": -0.2172673643822916,
    "MP2 SAME-SPIN CORRELATION ENERGY": -0.07523362995608845,
    "MP2 TOTAL ENERGY": -261.61084614464414,
    "NUCLEAR REPULSION ENERGY": 30.707865176464427,
    "ONE-ELECTRON ENERGY": -431.4411399558041,
    "PCM POLARIZATION ENERGY": 0.0,
    "PE ENERGY": 0.0,
    "SCF DIPOLE X": 0.0,
    "SCF DIPOLE Y": 0.0,
    "SCF DIPOLE Z": -7.588208523124022,
    "SCF ITERATION ENERGY": -261.3183451503049,
    "SCF ITERATIONS": 10.0,
    "SCF TOTAL ENERGY": -261.3183451503049,
    "TWO-ELECTRON ENERGY": 139.41492962903476
}