{
    "CC D1 DIAGNOSTIC": 0.017026066027390256,
    "CC D2 DIAGNOSTIC": 0.11932139403561932,
    "CC NEW D1 DIAGNOSTIC": 0.017026066027390256,
    "CC T1 DIAGNOSTIC": 0.006241793186488885,
    "CCSD CORRELATION ENERGY": -0.20959640554986694,
    "CCSD OPPOSITE-SPIN CORRELATION ENERGY": -0.1665379331429508,
    "CCSD SAME-SPIN CORRELATION ENERGY": -0.04305847240691646,
    "CCSD TOTAL ENERGY": -111.19129281901418,
    "CURRENT CORRELATION ENERGY": -0.20959640554986694,
    "CURRENT DIPOLE X": 0.0,
    "CURRENT DIPOLE Y": 0.0,
    "CURRENT DIPOLE Z": 1.2144796169942345,
    "CURRENT ENERGY": -111.19129281901418,
    "CURRENT REFERENCE ENERGY": -110.98169641346426,
    "HF TOTAL ENERGY": -110.98169641346426,
    "LCCSD (+LMP2) TOTAL ENERGY": -111.18682882285428,
    "MP2 CORRELATION ENERGY": -0.20096380564840619,
    "MP2 OPPOSITE-SPIN CORRELATION ENERGY": -0.1539549050084554,
    "MP2 SAME-SPIN CORRELATION ENERGY": -0.04700890063995078,
    "MP2 TOTAL ENERGY": -111.1826602191127,
    "NUCLEAR REPULSION ENERGY": 38.14868465147049,
    "ONE-ELECTRON ENERGY": -224.30285167724958,
    "PCM POLARIZATION ENERGY": 0.0,
    "PE ENERGY": 0.0,
    "SCF DIPOLE X": 0.0,
    "SCF DIPOLE Y": 0.0,
    "SCF DIPOLE Z": 1.2144796169942345,
    "SCF ITERATION ENERGY": -110.98169641346426,
    "SCF ITERATIONS": 10.0,
    "SCF TOTAL ENERGY": -110.98169641346426,
    "TWO-ELECTRON ENERGY": 75.17247061231483
}