{
    "CC D1 DIAGNOSTIC": 0.03411611650894811,
    "CC D2 DIAGNOSTIC": 0.24174623796435685,
    "CC NEW D1 DIAGNOSTIC": 0.03411611650894811,
    "CC T1 DIAGNOSTIC": 0.010817684110290443,
    "CCSD CORRELATION ENERGY": -0.3016122860502896,
    "CCSD OPPOSITE-SPIN CORRELATION ENERGY": -0.24479852381459882,
    "CCSD SAME-SPIN CORRELATION ENERGY": -0.056813762235690735,
    "CCSD TOTAL ENERGY": -149.80965871367385,
    "CURRENT CORRELATION ENERGY": -0.3016122860502896,
    "CURRENT DIPOLE X": 0.0,
    "CURRENT DIPOLE Y": 0.0,
    "CURRENT DIPOLE Z": 0.0,
    "CURRENT ENERGY": -149.80965871367385,
    "CURRENT REFERENCE ENERGY": -149.50804642762344,
    "HF TOTAL ENERGY": -149.5080464276234,
    "LCCSD (+LMP2) TOTAL ENERGY": -149.8035562088736,
    "MP2 CORRELATION ENERGY": -0.3036767736219218,
    "MP2 OPPOSITE-SPIN CORRELATION ENERGY": -0.22990698236021878,
    "MP2 SAME-SPIN CORRELATION ENERGY": -0.07376979126170302,
    "MP2 TOTAL ENERGY": -149.81172320124548,
    "NUCLEAR REPULSION ENERGY": 29.49497135708149,
    "ONE-ELECTRON ENERGY": -263.98038691744915,
    "PCM POLARIZATION ENERGY": 0.0,
    "PE ENERGY": 0.0,
    "SCF DIPOLE X": 0.0,
    "SCF DIPOLE Y": 0.0,
    "SCF DIPOLE Z": 0.0,
    "SCF ITERATION ENERGY": -149.50804642762344,
    "SCF ITERATIONS": 9.0,
    "SCF TOTAL ENERGY": -149.50804642762344,
    "TWO-ELECTRON ENERGY": 84.97736913274426
}