{
    "CC D1 DIAGNOSTIC": 0.10351831342690729,
    "CC D2 DIAGNOSTIC": 0.19408586949869153,
    "CC NEW D1 DIAGNOSTIC": 0.10351831342690729,
    "CC T1 DIAGNOSTIC": 0.040855806770078794,
    "CCSD CORRELATION ENERGY": -0.29381083598350194,
    "CCSD OPPOSITE-SPIN CORRELATION ENERGY": -0.2373589973362158,
    "CCSD SAME-SPIN CORRELATION ENERGY": -0.056451838647286146,
    "CCSD TOTAL ENERGY": -112.87893372591078,
    "CURRENT CORRELATION ENERGY": -0.29381083598350194,
    "CURRENT DIPOLE X": 0.0,
    "CURRENT DIPOLE Y": 0.0,
    "CURRENT DIPOLE Z": -1.9401447223243362,
    "CURRENT ENERGY": -112.87893372591078,
    "CURRENT REFERENCE ENERGY": -112.58512288992748,
    "HF TOTAL ENERGY": -112.58512288992748,
    "LCCSD (+LMP2) TOTAL ENERGY": -112.87999742592405,
    "MP2 CORRELATION ENERGY": -0.3136370672026308,
    "MP2 OPPOSITE-SPIN CORRELATION ENERGY": -0.23238285161251138,
    "MP2 SAME-SPIN CORRELATION ENERGY": -0.08125421559011942,
    "MP2 TOTAL ENERGY": -112.89875995712991,
    "NUCLEAR REPULSION ENERGY": 17.89274589847731,
    "ONE-ELECTRON ENERGY": -189.0344004825608,
    "PCM POLARIZATION ENERGY": 0.0,
    "PE ENERGY": 0.0,
    "SCF DIPOLE X": 0.0,
    "SCF DIPOLE Y": 0.0,
    "SCF DIPOLE Z": -1.9401447223243362,
    "SCF ITERATION ENERGY": -112.58512288992748,
    "SCF ITERATIONS": 11.0,
    "SCF TOTAL ENERGY": -112.58512288992748,
    "TWO-ELECTRON ENERGY": 58.556531694156035
}