{
    "CC D1 DIAGNOSTIC": 0.01759461635707608,
    "CC D2 DIAGNOSTIC": 0.12590677378068116,
    "CC NEW D1 DIAGNOSTIC": 0.01759461635707608,
    "CC T1 DIAGNOSTIC": 0.008357834196803074,
    "CCSD CORRELATION ENERGY": -0.2225089818207065,
    "CCSD OPPOSITE-SPIN CORRELATION ENERGY": -0.1779941562519198,
    "CCSD SAME-SPIN CORRELATION ENERGY": -0.04451482556878664,
    "CCSD TOTAL ENERGY": -112.49528876909696,
    "CURRENT CORRELATION ENERGY": -0.2225089818207065,
    "CURRENT DIPOLE X": 0.0,
    "CURRENT DIPOLE Y": 0.0,
    "CURRENT DIPOLE Z": 0.7454170242718249,
    "CURRENT ENERGY": -112.49528876909696,
    "CURRENT REFERENCE ENERGY": -112.27277978727612,
    "HF TOTAL ENERGY": -112.27277978727612,
    "LCCSD (+LMP2) TOTAL ENERGY": -112.49549149915879,
    "MP2 CORRELATION ENERGY": -0.21620076522840193,
    "MP2 OPPOSITE-SPIN CORRELATION ENERGY": -0.16528457700083127,
    "MP2 SAME-SPIN CORRELATION ENERGY": -0.05091618822757066,
    "MP2 TOTAL ENERGY": -112.48898055250466,
    "NUCLEAR REPULSION ENERGY": 30.541998285920492,
    "ONE-ELECTRON ENERGY": -212.26524303160699,
    "PCM POLARIZATION ENERGY": 0.0,
    "PE ENERGY": 0.0,
    "SCF DIPOLE X": 0.0,
    "SCF DIPOLE Y": 0.0,
    "SCF DIPOLE Z": 0.7454170242718249,
    "SCF ITERATION ENERGY": -112.27277978727612,
    "SCF ITERATIONS": 9.0,
    "SCF TOTAL ENERGY": -112.27277978727612,
    "TWO-ELECTRON ENERGY": 69.45046495841036
}