{
    "CC D1 DIAGNOSTIC": 0.02518414773268062,
    "CC D2 DIAGNOSTIC": 0.12412342257090445,
    "CC NEW D1 DIAGNOSTIC": 0.02518414773268062,
    "CC T1 DIAGNOSTIC": 0.009405899699150842,
    "CCSD CORRELATION ENERGY": -0.3573189295569564,
    "CCSD OPPOSITE-SPIN CORRELATION ENERGY": -0.2799230084206787,
    "CCSD SAME-SPIN CORRELATION ENERGY": -0.07739592113627769,
    "CCSD TOTAL ENERGY": -187.5379813021168,
    "CURRENT CORRELATION ENERGY": -0.3573189295569564,
    "CURRENT DIPOLE X": 0.0,
    "CURRENT DIPOLE Y": 0.0,
    "CURRENT DIPOLE Z": 0.0,
    "CURRENT ENERGY": -187.5379813021168,
    "CURRENT REFERENCE ENERGY": -187.18066237255942,
    "HF TOTAL ENERGY": -187.18066237255942,
    "LCCSD (+LMP2) TOTAL ENERGY": -187.53795534139107,
    "MP2 CORRELATION ENERGY": -0.35949759099618805,
    "MP2 OPPOSITE-SPIN CORRELATION ENERGY": -0.268780818546906,
    "MP2 SAME-SPIN CORRELATION ENERGY": -0.09071677244928206,
    "MP2 TOTAL ENERGY": -187.54015996355605,
    "NUCLEAR REPULSION ENERGY": 72.8605508658716,
    "ONE-ELECTRON ENERGY": -399.37349649242014,
    "PCM POLARIZATION ENERGY": 0.0,
    "PE ENERGY": 0.0,
    "SCF DIPOLE X": 0.0,
    "SCF DIPOLE Y": 0.0,
    "SCF DIPOLE Z": 0.0,
    "SCF ITERATION ENERGY": -187.18066237255942,
    "SCF ITERATIONS": 9.0,
    "SCF TOTAL ENERGY": -187.18066237255942,
    "TWO-ELECTRON ENERGY": 139.33228325398915
}