{
    "CC D1 DIAGNOSTIC": 0.029226560514087067,
    "CC D2 DIAGNOSTIC": 0.2046189936815832,
    "CC NEW D1 DIAGNOSTIC": 0.029226560514087067,
    "CC T1 DIAGNOSTIC": 0.008114288146162218,
    "CCSD CORRELATION ENERGY": -0.12622939298756408,
    "CCSD OPPOSITE-SPIN CORRELATION ENERGY": -0.10576698090889633,
    "CCSD SAME-SPIN CORRELATION ENERGY": -0.02046241207866778,
    "CCSD TOTAL ENERGY": -460.1494840102643,
    "CURRENT CORRELATION ENERGY": -0.12622939298756408,
    "CURRENT DIPOLE X": 0.0,
    "CURRENT DIPOLE Y": 0.0,
    "CURRENT DIPOLE Z": -2.130051735416171,
    "CURRENT ENERGY": -460.1494840102643,
    "CURRENT REFERENCE ENERGY": -460.0232546172768,
    "HF TOTAL ENERGY": -460.0232546172768,
    "LCCSD (+LMP2) TOTAL ENERGY": -460.14874600720736,
    "MP2 CORRELATION ENERGY": -0.11199168121743308,
    "MP2 OPPOSITE-SPIN CORRELATION ENERGY": -0.08974365740048527,
    "MP2 SAME-SPIN CORRELATION ENERGY": -0.022248023816947807,
    "MP2 TOTAL ENERGY": -460.13524629849417,
    "NUCLEAR REPULSION ENERGY": 5.367935543318171,
    "ONE-ELECTRON ENERGY": -646.3829832749406,
    "PCM POLARIZATION ENERGY": 0.0,
    "PE ENERGY": 0.0,
    "SCF DIPOLE X": 0.0,
    "SCF DIPOLE Y": 0.0,
    "SCF DIPOLE Z": -2.130051735416171,
    "SCF ITERATION ENERGY": -460.0232546172768,
    "SCF ITERATIONS": 9.0,
    "SCF TOTAL ENERGY": -460.0232546172768,
    "TWO-ELECTRON ENERGY": 180.99179311434563
}