{
    "CC D1 DIAGNOSTIC": 0.1807706656614136,
    "CC D2 DIAGNOSTIC": 0.22007186486853755,
    "CC NEW D1 DIAGNOSTIC": 0.1807706656614136,
    "CC T1 DIAGNOSTIC": 0.07311626392655955,
    "CCSD CORRELATION ENERGY": -0.31600163251598434,
    "CCSD OPPOSITE-SPIN CORRELATION ENERGY": -0.25416761977918045,
    "CCSD SAME-SPIN CORRELATION ENERGY": -0.06183401273680461,
    "CCSD TOTAL ENERGY": -112.79709723620682,
    "CURRENT CORRELATION ENERGY": -0.31600163251598434,
    "CURRENT DIPOLE X": 0.0,
    "CURRENT DIPOLE Y": 0.0,
    "CURRENT DIPOLE Z": -2.7616869315075845,
    "CURRENT ENERGY": -112.79709723620682,
    "CURRENT REFERENCE ENERGY": -112.48109560369086,
    "HF TOTAL ENERGY": -112.48109560369086,
    "LCCSD (+LMP2) TOTAL ENERGY": -112.79710362260194,
    "MP2 CORRELATION ENERGY": -0.3341322383127754,
    "MP2 OPPOSITE-SPIN CORRELATION ENERGY": -0.24663871059479092,
    "MP2 SAME-SPIN CORRELATION ENERGY": -0.08749352771798447,
    "MP2 TOTAL ENERGY": -112.81522784200362,
    "NUCLEAR REPULSION ENERGY": 15.7959397384995,
    "ONE-ELECTRON ENERGY": -185.0139144880547,
    "PCM POLARIZATION ENERGY": 0.0,
    "PE ENERGY": 0.0,
    "SCF DIPOLE X": 0.0,
    "SCF DIPOLE Y": 0.0,
    "SCF DIPOLE Z": -2.7616869315075845,
    "SCF ITERATION ENERGY": -112.48109560369086,
    "SCF ITERATIONS": 12.0,
    "SCF TOTAL ENERGY": -112.48109560369086,
    "TWO-ELECTRON ENERGY": 56.736879145864336
}