{
    "CC D1 DIAGNOSTIC": 0.13877089325385925,
    "CC D2 DIAGNOSTIC": 0.4217255676068033,
    "CC NEW D1 DIAGNOSTIC": 0.13877089325385925,
    "CC T1 DIAGNOSTIC": 0.043975666238566045,
    "CCSD CORRELATION ENERGY": -0.22640252909005246,
    "CCSD OPPOSITE-SPIN CORRELATION ENERGY": -0.19572276915595682,
    "CCSD SAME-SPIN CORRELATION ENERGY": -0.030679759934097384,
    "CCSD TOTAL ENERGY": -100.03424835409035,
    "CURRENT CORRELATION ENERGY": -0.22640252909005246,
    "CURRENT DIPOLE X": 0.0,
    "CURRENT DIPOLE Y": 0.0,
    "CURRENT DIPOLE Z": -3.6567239208670053,
    "CURRENT ENERGY": -100.03424835409035,
    "CURRENT REFERENCE ENERGY": -99.80784582500026,
    "HF TOTAL ENERGY": -99.80784582500026,
    "LCCSD (+LMP2) TOTAL ENERGY": -100.03486445089649,
    "MP2 CORRELATION ENERGY": -0.21151208645251135,
    "MP2 OPPOSITE-SPIN CORRELATION ENERGY": -0.16539588649420756,
    "MP2 SAME-SPIN CORRELATION ENERGY": -0.046116199958303794,
    "MP2 TOTAL ENERGY": -100.01935791145281,
    "NUCLEAR REPULSION ENERGY": 2.554599418625257,
    "ONE-ELECTRON ENERGY": -145.91011843438463,
    "PCM POLARIZATION ENERGY": 0.0,
    "PE ENERGY": 0.0,
    "SCF DIPOLE X": 0.0,
    "SCF DIPOLE Y": 0.0,
    "SCF DIPOLE Z": -3.6567239208670053,
    "SCF ITERATION ENERGY": -99.80784582500026,
    "SCF ITERATIONS": 10.0,
    "SCF TOTAL ENERGY": -99.80784582500026,
    "TWO-ELECTRON ENERGY": 43.54767319075911
}