{
    "CC D1 DIAGNOSTIC": 0.008711490373648934,
    "CC D2 DIAGNOSTIC": 0.08531483382046091,
    "CC NEW D1 DIAGNOSTIC": 0.008711490373648934,
    "CC T1 DIAGNOSTIC": 0.0051145484329067955,
    "CCSD CORRELATION ENERGY": -0.14983101429696088,
    "CCSD OPPOSITE-SPIN CORRELATION ENERGY": -0.11950097249129293,
    "CCSD SAME-SPIN CORRELATION ENERGY": -0.030330041805667896,
    "CCSD TOTAL ENERGY": -100.09097324918982,
    "CURRENT CORRELATION ENERGY": -0.14983101429696088,
    "CURRENT DIPOLE X": 0.0,
    "CURRENT DIPOLE Y": 0.0,
    "CURRENT DIPOLE Z": -2.061741767802802,
    "CURRENT ENERGY": -100.09097324918982,
    "CURRENT REFERENCE ENERGY": -99.94114223489296,
    "HF TOTAL ENERGY": -99.94114223489296,
    "LCCSD (+LMP2) TOTAL ENERGY": -100.10181536073323,
    "MP2 CORRELATION ENERGY": -0.14807129726071694,
    "MP2 OPPOSITE-SPIN CORRELATION ENERGY": -0.11256652167151271,
    "MP2 SAME-SPIN CORRELATION ENERGY": -0.03550477558920423,
    "MP2 TOTAL ENERGY": -100.08921353215356,
    "NUCLEAR REPULSION ENERGY": 6.69792497745562,
    "ONE-ELECTRON ENERGY": -153.02805594482797,
    "PCM POLARIZATION ENERGY": 0.0,
    "PE ENERGY": 0.0,
    "SCF DIPOLE X": 0.0,
    "SCF DIPOLE Y": 0.0,
    "SCF DIPOLE Z": -2.061741767802802,
    "SCF ITERATION ENERGY": -99.94114223489296,
    "SCF ITERATIONS": 9.0,
    "SCF TOTAL ENERGY": -99.94114223489296,
    "TWO-ELECTRON ENERGY": 46.38898873247939
}