{
    "CC D1 DIAGNOSTIC": 0.014383106031744707,
    "CC D2 DIAGNOSTIC": 0.11481109344437776,
    "CC NEW D1 DIAGNOSTIC": 0.014383106031744707,
    "CC T1 DIAGNOSTIC": 0.006746318258444021,
    "CCSD CORRELATION ENERGY": -0.16145695033958166,
    "CCSD OPPOSITE-SPIN CORRELATION ENERGY": -0.13282785758154353,
    "CCSD SAME-SPIN CORRELATION ENERGY": -0.028629092758038155,
    "CCSD TOTAL ENERGY": -76.16505053771995,
    "CURRENT CORRELATION ENERGY": -0.16145695033958166,
    "CURRENT DIPOLE X": 0.0,
    "CURRENT DIPOLE Y": 5.643810867306312e-16,
    "CURRENT DIPOLE Z": -2.1130709308693825,
    "CURRENT ENERGY": -76.16505053771995,
    "CURRENT REFERENCE ENERGY": -76.00359358738031,
    "HF TOTAL ENERGY": -76.00359358738031,
    "LCCSD (+LMP2) TOTAL ENERGY": -76.17183213454055,
    "MP2 CORRELATION ENERGY": -0.15574263656121476,
    "MP2 OPPOSITE-SPIN CORRELATION ENERGY": -0.12085380753567096,
    "MP2 SAME-SPIN CORRELATION ENERGY": -0.0348888290255438,
    "MP2 TOTAL ENERGY": -76.15933622394158,
    "NUCLEAR REPULSION ENERGY": 9.125527674059004,
    "ONE-ELECTRON ENERGY": -123.01660684959305,
    "PCM POLARIZATION ENERGY": 0.0,
    "PE ENERGY": 0.0,
    "SCF DIPOLE X": 0.0,
    "SCF DIPOLE Y": 5.643810867306312e-16,
    "SCF DIPOLE Z": -2.1130709308693825,
    "SCF ITERATION ENERGY": -76.00359358738031,
    "SCF ITERATIONS": 10.0,
    "SCF TOTAL ENERGY": -76.00359358738031,
    "TWO-ELECTRON ENERGY": 37.88748558815374
}