{
    "CC D1 DIAGNOSTIC": 0.08014438146483077,
    "CC D2 DIAGNOSTIC": 0.1035167573696378,
    "CC NEW D1 DIAGNOSTIC": 0.08014438146483077,
    "CC T1 DIAGNOSTIC": 0.0245618453279568,
    "CCSD CORRELATION ENERGY": -0.17950139205058974,
    "CCSD OPPOSITE-SPIN CORRELATION ENERGY": -0.14212520096942344,
    "CCSD SAME-SPIN CORRELATION ENERGY": -0.03737619108116652,
    "CCSD TOTAL ENERGY": -106.28305800062314,
    "CURRENT CORRELATION ENERGY": -0.17950139205058974,
    "CURRENT DIPOLE X": 0.0,
    "CURRENT DIPOLE Y": 0.0,
    "CURRENT DIPOLE Z": -2.7337570885786553,
    "CURRENT ENERGY": -106.28305800062314,
    "CURRENT REFERENCE ENERGY": -106.10355660857263,
    "HF TOTAL ENERGY": -106.10355660857263,
    "LCCSD (+LMP2) TOTAL ENERGY": -106.24446730294804,
    "MP2 CORRELATION ENERGY": -0.18045400147569637,
    "MP2 OPPOSITE-SPIN CORRELATION ENERGY": -0.13582038710159916,
    "MP2 SAME-SPIN CORRELATION ENERGY": -0.044633614374097214,
    "MP2 TOTAL ENERGY": -106.28401061004824,
    "NUCLEAR REPULSION ENERGY": 17.337007030060427,
    "ONE-ELECTRON ENERGY": -183.00100868244272,
    "PCM POLARIZATION ENERGY": 0.0,
    "PE ENERGY": 0.0,
    "SCF DIPOLE X": 0.0,
    "SCF DIPOLE Y": 0.0,
    "SCF DIPOLE Z": -2.7337570885786553,
    "SCF ITERATION ENERGY": -106.10355660857263,
    "SCF ITERATIONS": 11.0,
    "SCF TOTAL ENERGY": -106.10355660857263,
    "TWO-ELECTRON ENERGY": 59.560445043809665
}