{
    "CURRENT CORRELATION ENERGY": -0.027048317339770644,
    "CURRENT DIPOLE X": 0.0,
    "CURRENT DIPOLE Y": 0.0,
    "CURRENT DIPOLE Z": -9.047734296650431e-15,
    "CURRENT ENERGY": -1.0539243094767259,
    "CURRENT REFERENCE ENERGY": -1.0268759921369552,
    "CUSTOM SCS-MP2 CORRELATION ENERGY": -0.0324579808077247,
    "CUSTOM SCS-MP2 TOTAL ENERGY": -1.05933397294468,
    "HF TOTAL ENERGY": -1.0268759921369552,
    "MP2 CORRELATION ENERGY": -0.027048317339770644,
    "MP2 OPPOSITE-SPIN CORRELATION ENERGY": -0.027048317339770582,
    "MP2 SAME-SPIN CORRELATION ENERGY": 0.0,
    "MP2 TOTAL ENERGY": -1.0539243094767259,
    "NUCLEAR REPULSION ENERGY": 0.38992004996736856,
    "ONE-ELECTRON ENERGY": -1.9079226885237044,
    "PCM POLARIZATION ENERGY": 0.0,
    "PE ENERGY": 0.0,
    "SCF DIPOLE X": 0.0,
    "SCF DIPOLE Y": 0.0,
    "SCF DIPOLE Z": -9.047734296650431e-15,
    "SCF ITERATION ENERGY": -1.0268759921369552,
    "SCF ITERATIONS": 5.0,
    "SCF TOTAL ENERGY": -1.0268759921369552,
    "SCS-MP2 CORRELATION ENERGY": -0.0324579808077247,
    "SCS-MP2 TOTAL ENERGY": -1.05933397294468,
    "SCS-MP2-VDW CORRELATION ENERGY": -0.03462184619490638,
    "SCS-MP2-VDW TOTAL ENERGY": -1.0614978383318616,
    "SCSN-MP2 CORRELATION ENERGY": 0.0,
    "SCSN-MP2 TOTAL ENERGY": -1.0268759921369552,
    "SOS-MP2 CORRELATION ENERGY": 0.0,
    "SOS-MP2 TOTAL ENERGY": -1.0268759921369552,
    "SOS-PI-MP2 CORRELATION ENERGY": -0.0378676442756789,
    "SOS-PI-MP2 TOTAL ENERGY": -1.0647436364126341,
    "TWO-ELECTRON ENERGY": 0.49112664641938064
}