{
    "CC D1 DIAGNOSTIC": 0.017248240186498256,
    "CC D2 DIAGNOSTIC": 0.1249174043009647,
    "CC NEW D1 DIAGNOSTIC": 0.017248240186498256,
    "CC T1 DIAGNOSTIC": 0.007949788870808432,
    "CCSD CORRELATION ENERGY": -0.22038293538285214,
    "CCSD OPPOSITE-SPIN CORRELATION ENERGY": -0.17616021862068856,
    "CCSD SAME-SPIN CORRELATION ENERGY": -0.04422271676216352,
    "CCSD TOTAL ENERGY": -112.39200025809258,
    "CURRENT CORRELATION ENERGY": -0.22038293538285214,
    "CURRENT DIPOLE X": 0.0,
    "CURRENT DIPOLE Y": 0.0,
    "CURRENT DIPOLE Z": 0.819800776890099,
    "CURRENT ENERGY": -112.39200025809258,
    "CURRENT REFERENCE ENERGY": -112.17161732270988,
    "HF TOTAL ENERGY": -112.17161732270988,
    "LCCSD (+LMP2) TOTAL ENERGY": -112.3997233348362,
    "MP2 CORRELATION ENERGY": -0.21363433527354045,
    "MP2 OPPOSITE-SPIN CORRELATION ENERGY": -0.1634235480179406,
    "MP2 SAME-SPIN CORRELATION ENERGY": -0.050210787255599854,
    "MP2 TOTAL ENERGY": -112.38525165798326,
    "NUCLEAR REPULSION ENERGY": 31.395656623104603,
    "ONE-ELECTRON ENERGY": -213.70133598894506,
    "PCM POLARIZATION ENERGY": 0.0,
    "PE ENERGY": 0.0,
    "SCF DIPOLE X": 0.0,
    "SCF DIPOLE Y": 0.0,
    "SCF DIPOLE Z": 0.819800776890099,
    "SCF ITERATION ENERGY": -112.17161732270988,
    "SCF ITERATIONS": 9.0,
    "SCF TOTAL ENERGY": -112.17161732270988,
    "TWO-ELECTRON ENERGY": 70.13406204313058
}