{
    "CC D1 DIAGNOSTIC": 0.041465739893280035,
    "CC D2 DIAGNOSTIC": 0.09629929120816468,
    "CC NEW D1 DIAGNOSTIC": 0.041465739893280035,
    "CC T1 DIAGNOSTIC": 0.018712854583871622,
    "CCSD CORRELATION ENERGY": -0.1813424529947702,
    "CCSD OPPOSITE-SPIN CORRELATION ENERGY": -0.14544106486976646,
    "CCSD SAME-SPIN CORRELATION ENERGY": -0.03590138812500368,
    "CCSD TOTAL ENERGY": -107.1356055249576,
    "CURRENT CORRELATION ENERGY": -0.1813424529947702,
    "CURRENT DIPOLE X": 0.0,
    "CURRENT DIPOLE Y": 0.0,
    "CURRENT DIPOLE Z": -7.247675157754542,
    "CURRENT ENERGY": -107.1356055249576,
    "CURRENT REFERENCE ENERGY": -106.95426307196279,
    "HF TOTAL ENERGY": -106.95426307196279,
    "LCCSD (+LMP2) TOTAL ENERGY": -107.1021485571155,
    "MP2 CORRELATION ENERGY": -0.1821314023746557,
    "MP2 OPPOSITE-SPIN CORRELATION ENERGY": -0.1379490826235876,
    "MP2 SAME-SPIN CORRELATION ENERGY": -0.044182319751068094,
    "MP2 TOTAL ENERGY": -107.13639447433748,
    "NUCLEAR REPULSION ENERGY": 8.193859230345563,
    "ONE-ELECTRON ENERGY": -167.86458213453346,
    "PCM POLARIZATION ENERGY": 0.0,
    "PE ENERGY": 0.0,
    "SCF DIPOLE X": 0.0,
    "SCF DIPOLE Y": 0.0,
    "SCF DIPOLE Z": -7.247675157754542,
    "SCF ITERATION ENERGY": -106.95426307196279,
    "SCF ITERATIONS": 10.0,
    "SCF TOTAL ENERGY": -106.95426307196279,
    "TWO-ELECTRON ENERGY": 52.71645983222511
}