{
    "CC D1 DIAGNOSTIC": 0.38469931487513553,
    "CC D2 DIAGNOSTIC": 0.3394890956667934,
    "CC NEW D1 DIAGNOSTIC": 0.38469931487513553,
    "CC T1 DIAGNOSTIC": 0.1274749422337911,
    "CCSD CORRELATION ENERGY": -0.47466113075205457,
    "CCSD OPPOSITE-SPIN CORRELATION ENERGY": -0.3664420821963499,
    "CCSD SAME-SPIN CORRELATION ENERGY": -0.10821904855570397,
    "CCSD TOTAL ENERGY": -187.586492899705,
    "CURRENT CORRELATION ENERGY": -0.47466113075205457,
    "CURRENT DIPOLE X": 0.0,
    "CURRENT DIPOLE Y": 0.0,
    "CURRENT DIPOLE Z": 0.0,
    "CURRENT ENERGY": -187.586492899705,
    "CURRENT REFERENCE ENERGY": -187.111831768952,
    "HF TOTAL ENERGY": -187.11183176895202,
    "LCCSD (+LMP2) TOTAL ENERGY": -187.58678628260404,
    "MP2 CORRELATION ENERGY": -0.37558152304947384,
    "MP2 OPPOSITE-SPIN CORRELATION ENERGY": -0.2894133778592412,
    "MP2 SAME-SPIN CORRELATION ENERGY": -0.08616814519023264,
    "MP2 TOTAL ENERGY": -187.48741329200243,
    "NUCLEAR REPULSION ENERGY": 36.47957215206019,
    "ONE-ELECTRON ENERGY": -329.32139001366977,
    "PCM POLARIZATION ENERGY": 0.0,
    "PE ENERGY": 0.0,
    "SCF DIPOLE X": 0.0,
    "SCF DIPOLE Y": 0.0,
    "SCF DIPOLE Z": 0.0,
    "SCF ITERATION ENERGY": -187.111831768952,
    "SCF ITERATIONS": 13.0,
    "SCF TOTAL ENERGY": -187.111831768952,
    "TWO-ELECTRON ENERGY": 105.72998609265755
}