{
    "CC D1 DIAGNOSTIC": 0.019092632676893182,
    "CC D2 DIAGNOSTIC": 0.08582736052868195,
    "CC NEW D1 DIAGNOSTIC": 0.019092632676893182,
    "CC T1 DIAGNOSTIC": 0.006700498350966114,
    "CCSD CORRELATION ENERGY": -0.32692110638163446,
    "CCSD OPPOSITE-SPIN CORRELATION ENERGY": -0.24823337003738638,
    "CCSD SAME-SPIN CORRELATION ENERGY": -0.07868773634424814,
    "CCSD TOTAL ENERGY": -181.56775726164807,
    "CURRENT CORRELATION ENERGY": -0.32692110638163446,
    "CURRENT DIPOLE X": 0.0,
    "CURRENT DIPOLE Y": 0.0,
    "CURRENT DIPOLE Z": 0.0,
    "CURRENT ENERGY": -181.56775726164807,
    "CURRENT REFERENCE ENERGY": -181.24083615526678,
    "HF TOTAL ENERGY": -181.24083615526678,
    "LCCSD (+LMP2) TOTAL ENERGY": -181.5648514092934,
    "MP2 CORRELATION ENERGY": -0.3254023108341465,
    "MP2 OPPOSITE-SPIN CORRELATION ENERGY": -0.2388105247590304,
    "MP2 SAME-SPIN CORRELATION ENERGY": -0.08659178607511611,
    "MP2 TOTAL ENERGY": -181.56623846610057,
    "NUCLEAR REPULSION ENERGY": 114.71661200158503,
    "ONE-ELECTRON ENERGY": -468.80069315326807,
    "PCM POLARIZATION ENERGY": 0.0,
    "PE ENERGY": 0.0,
    "SCF DIPOLE X": 0.0,
    "SCF DIPOLE Y": 0.0,
    "SCF DIPOLE Z": 0.0,
    "SCF ITERATION ENERGY": -181.24083615526678,
    "SCF ITERATIONS": 10.0,
    "SCF TOTAL ENERGY": -181.24083615526678,
    "TWO-ELECTRON ENERGY": 172.84324499641627
}