{
    "CC D1 DIAGNOSTIC": 0.03355713948126408,
    "CC D2 DIAGNOSTIC": 0.24004580266965309,
    "CC NEW D1 DIAGNOSTIC": 0.03355713948126408,
    "CC T1 DIAGNOSTIC": 0.010663987980669936,
    "CCSD CORRELATION ENERGY": -0.3000320993690134,
    "CCSD OPPOSITE-SPIN CORRELATION ENERGY": -0.24342632129890857,
    "CCSD SAME-SPIN CORRELATION ENERGY": -0.05660577807010486,
    "CCSD TOTAL ENERGY": -149.80651406984023,
    "CURRENT CORRELATION ENERGY": -0.3000320993690134,
    "CURRENT DIPOLE X": 0.0,
    "CURRENT DIPOLE Y": 0.0,
    "CURRENT DIPOLE Z": 0.0,
    "CURRENT ENERGY": -149.80651406984023,
    "CURRENT REFERENCE ENERGY": -149.50648197047136,
    "HF TOTAL ENERGY": -149.50648197047136,
    "LCCSD (+LMP2) TOTAL ENERGY": -149.7894197930158,
    "MP2 CORRELATION ENERGY": -0.30151349819043466,
    "MP2 OPPOSITE-SPIN CORRELATION ENERGY": -0.22838235205756008,
    "MP2 SAME-SPIN CORRELATION ENERGY": -0.07313114613287458,
    "MP2 TOTAL ENERGY": -149.80799546866166,
    "NUCLEAR REPULSION ENERGY": 29.689872048868374,
    "ONE-ELECTRON ENERGY": -264.34887441294165,
    "PCM POLARIZATION ENERGY": 0.0,
    "PE ENERGY": 0.0,
    "SCF DIPOLE X": 0.0,
    "SCF DIPOLE Y": 0.0,
    "SCF DIPOLE Z": 0.0,
    "SCF ITERATION ENERGY": -149.50648197047136,
    "SCF ITERATIONS": 9.0,
    "SCF TOTAL ENERGY": -149.50648197047136,
    "TWO-ELECTRON ENERGY": 85.15252039360192
}