{
    "CC D1 DIAGNOSTIC": 0.021268964100039724,
    "CC D2 DIAGNOSTIC": 0.11612935212438602,
    "CC NEW D1 DIAGNOSTIC": 0.021268964100039724,
    "CC T1 DIAGNOSTIC": 0.008457330170182468,
    "CCSD CORRELATION ENERGY": -0.3476941745616822,
    "CCSD OPPOSITE-SPIN CORRELATION ENERGY": -0.27163281706982007,
    "CCSD SAME-SPIN CORRELATION ENERGY": -0.07606135749186238,
    "CCSD TOTAL ENERGY": -187.24526861085207,
    "CURRENT CORRELATION ENERGY": -0.3476941745616822,
    "CURRENT DIPOLE X": 0.0,
    "CURRENT DIPOLE Y": 0.0,
    "CURRENT DIPOLE Z": 0.0,
    "CURRENT ENERGY": -187.24526861085207,
    "CURRENT REFERENCE ENERGY": -186.89757443628986,
    "HF TOTAL ENERGY": -186.89757443628986,
    "LCCSD (+LMP2) TOTAL ENERGY": -187.24519879833213,
    "MP2 CORRELATION ENERGY": -0.3479201562340241,
    "MP2 OPPOSITE-SPIN CORRELATION ENERGY": -0.260184062001148,
    "MP2 SAME-SPIN CORRELATION ENERGY": -0.0877360942328761,
    "MP2 TOTAL ENERGY": -187.24549459252438,
    "NUCLEAR REPULSION ENERGY": 77.2447100870272,
    "ONE-ELECTRON ENERGY": -407.3961836859223,
    "PCM POLARIZATION ENERGY": 0.0,
    "PE ENERGY": 0.0,
    "SCF DIPOLE X": 0.0,
    "SCF DIPOLE Y": 0.0,
    "SCF DIPOLE Z": 0.0,
    "SCF ITERATION ENERGY": -186.89757443628986,
    "SCF ITERATIONS": 9.0,
    "SCF TOTAL ENERGY": -186.89757443628986,
    "TWO-ELECTRON ENERGY": 143.25389916260525
}