{
    "CC D1 DIAGNOSTIC": 0.011948453611060856,
    "CC D2 DIAGNOSTIC": 0.12284240922948489,
    "CC NEW D1 DIAGNOSTIC": 0.011948453611060856,
    "CC T1 DIAGNOSTIC": 0.004935887761406055,
    "CCSD CORRELATION ENERGY": -0.11141364955201316,
    "CCSD OPPOSITE-SPIN CORRELATION ENERGY": -0.09180952445420885,
    "CCSD SAME-SPIN CORRELATION ENERGY": -0.019604125097804556,
    "CCSD TOTAL ENERGY": -460.17747160027136,
    "CURRENT CORRELATION ENERGY": -0.11141364955201316,
    "CURRENT DIPOLE X": 0.0,
    "CURRENT DIPOLE Y": 0.0,
    "CURRENT DIPOLE Z": -1.8771397130970735,
    "CURRENT ENERGY": -460.17747160027136,
    "CURRENT REFERENCE ENERGY": -460.0660579507197,
    "HF TOTAL ENERGY": -460.0660579507197,
    "LCCSD (+LMP2) TOTAL ENERGY": -460.17537115632337,
    "MP2 CORRELATION ENERGY": -0.10171660349985692,
    "MP2 OPPOSITE-SPIN CORRELATION ENERGY": -0.08122406872374345,
    "MP2 SAME-SPIN CORRELATION ENERGY": -0.020492534776113472,
    "MP2 TOTAL ENERGY": -460.16777455421925,
    "NUCLEAR REPULSION ENERGY": 7.048057101167753,
    "ONE-ELECTRON ENERGY": -649.6096744345118,
    "PCM POLARIZATION ENERGY": 0.0,
    "PE ENERGY": 0.0,
    "SCF DIPOLE X": 0.0,
    "SCF DIPOLE Y": 0.0,
    "SCF DIPOLE Z": -1.8771397130970735,
    "SCF ITERATION ENERGY": -460.0660579507197,
    "SCF ITERATIONS": 9.0,
    "SCF TOTAL ENERGY": -460.0660579507197,
    "TWO-ELECTRON ENERGY": 182.4955593826244
}