{
    "CC D1 DIAGNOSTIC": 0.05265936979540392,
    "CC D2 DIAGNOSTIC": 0.09014834341699594,
    "CC NEW D1 DIAGNOSTIC": 0.05265936979540392,
    "CC T1 DIAGNOSTIC": 0.015033245405453283,
    "CCSD CORRELATION ENERGY": -0.2859502672200212,
    "CCSD OPPOSITE-SPIN CORRELATION ENERGY": -0.22167296585615426,
    "CCSD SAME-SPIN CORRELATION ENERGY": -0.06427730136386689,
    "CCSD TOTAL ENERGY": -261.39784662271666,
    "CURRENT CORRELATION ENERGY": -0.2859502672200212,
    "CURRENT DIPOLE X": 0.0,
    "CURRENT DIPOLE Y": 0.0,
    "CURRENT DIPOLE Z": -6.3151336470537345,
    "CURRENT ENERGY": -261.39784662271666,
    "CURRENT REFERENCE ENERGY": -261.1118963554963,
    "HF TOTAL ENERGY": -261.1118963554963,
    "LCCSD (+LMP2) TOTAL ENERGY": -261.39828721692606,
    "MP2 CORRELATION ENERGY": -0.28666985664411826,
    "MP2 OPPOSITE-SPIN CORRELATION ENERGY": -0.21286353056264437,
    "MP2 SAME-SPIN CORRELATION ENERGY": -0.07380632608147389,
    "MP2 TOTAL ENERGY": -261.39856621214074,
    "NUCLEAR REPULSION ENERGY": 38.75583727661588,
    "ONE-ELECTRON ENERGY": -447.33143020082963,
    "PCM POLARIZATION ENERGY": 0.0,
    "PE ENERGY": 0.0,
    "SCF DIPOLE X": 0.0,
    "SCF DIPOLE Y": 0.0,
    "SCF DIPOLE Z": -6.3151336470537345,
    "SCF ITERATION ENERGY": -261.1118963554963,
    "SCF ITERATIONS": 11.0,
    "SCF TOTAL ENERGY": -261.1118963554963,
    "TWO-ELECTRON ENERGY": 147.46369656871747
}