{
    "CC D1 DIAGNOSTIC": 0.03871248152535304,
    "CC D2 DIAGNOSTIC": 0.09252348045317615,
    "CC NEW D1 DIAGNOSTIC": 0.03871248152535304,
    "CC T1 DIAGNOSTIC": 0.014622678801182296,
    "CCSD CORRELATION ENERGY": -0.2926961571642798,
    "CCSD OPPOSITE-SPIN CORRELATION ENERGY": -0.22752309894819833,
    "CCSD SAME-SPIN CORRELATION ENERGY": -0.06517305821608144,
    "CCSD TOTAL ENERGY": -261.62511163696513,
    "CURRENT CORRELATION ENERGY": -0.2926961571642798,
    "CURRENT DIPOLE X": 0.0,
    "CURRENT DIPOLE Y": 0.0,
    "CURRENT DIPOLE Z": -8.131262976631735,
    "CURRENT ENERGY": -261.62511163696513,
    "CURRENT REFERENCE ENERGY": -261.3324154797997,
    "HF TOTAL ENERGY": -261.3324154797997,
    "LCCSD (+LMP2) TOTAL ENERGY": -261.62511163696513,
    "MP2 CORRELATION ENERGY": -0.29445928626886336,
    "MP2 OPPOSITE-SPIN CORRELATION ENERGY": -0.218688509431478,
    "MP2 SAME-SPIN CORRELATION ENERGY": -0.07577077683738537,
    "MP2 TOTAL ENERGY": -261.6268747660697,
    "NUCLEAR REPULSION ENERGY": 28.329674531004542,
    "ONE-ELECTRON ENERGY": -426.65881124278764,
    "PCM POLARIZATION ENERGY": 0.0,
    "PE ENERGY": 0.0,
    "SCF DIPOLE X": 0.0,
    "SCF DIPOLE Y": 0.0,
    "SCF DIPOLE Z": -8.131262976631735,
    "SCF ITERATION ENERGY": -261.3324154797997,
    "SCF ITERATIONS": 10.0,
    "SCF TOTAL ENERGY": -261.3324154797997,
    "TWO-ELECTRON ENERGY": 136.99672123198343
}