{
    "CC D1 DIAGNOSTIC": 0.04345318518275981,
    "CC D2 DIAGNOSTIC": 0.20182479171624296,
    "CC NEW D1 DIAGNOSTIC": 0.04345318518275981,
    "CC T1 DIAGNOSTIC": 0.014393522230494048,
    "CCSD CORRELATION ENERGY": -0.1840264325235266,
    "CCSD OPPOSITE-SPIN CORRELATION ENERGY": -0.15125542940049724,
    "CCSD SAME-SPIN CORRELATION ENERGY": -0.03277100312302936,
    "CCSD TOTAL ENERGY": -100.12210662456106,
    "CURRENT CORRELATION ENERGY": -0.1840264325235266,
    "CURRENT DIPOLE X": 0.0,
    "CURRENT DIPOLE Y": 0.0,
    "CURRENT DIPOLE Z": -2.8685707105413996,
    "CURRENT ENERGY": -100.12210662456106,
    "CURRENT REFERENCE ENERGY": -99.93808019203759,
    "HF TOTAL ENERGY": -99.93808019203757,
    "LCCSD (+LMP2) TOTAL ENERGY": -100.12368185117403,
    "MP2 CORRELATION ENERGY": -0.1808109677108214,
    "MP2 OPPOSITE-SPIN CORRELATION ENERGY": -0.1382085676089171,
    "MP2 SAME-SPIN CORRELATION ENERGY": -0.0426024001019043,
    "MP2 TOTAL ENERGY": -100.11889115974836,
    "NUCLEAR REPULSION ENERGY": 3.603636442243232,
    "ONE-ELECTRON ENERGY": -147.833952156205,
    "PCM POLARIZATION ENERGY": 0.0,
    "PE ENERGY": 0.0,
    "SCF DIPOLE X": 0.0,
    "SCF DIPOLE Y": 0.0,
    "SCF DIPOLE Z": -2.8685707105413996,
    "SCF ITERATION ENERGY": -99.93808019203759,
    "SCF ITERATIONS": 10.0,
    "SCF TOTAL ENERGY": -99.93808019203759,
    "TWO-ELECTRON ENERGY": 44.29223552192416
}