{
    "CC D1 DIAGNOSTIC": 0.014983545825203866,
    "CC D2 DIAGNOSTIC": 0.13713678229263998,
    "CC NEW D1 DIAGNOSTIC": 0.014983545825203866,
    "CC T1 DIAGNOSTIC": 0.006868418977466171,
    "CCSD CORRELATION ENERGY": -0.24173349763020904,
    "CCSD OPPOSITE-SPIN CORRELATION ENERGY": -0.19422763451437472,
    "CCSD SAME-SPIN CORRELATION ENERGY": -0.04750586311583438,
    "CCSD TOTAL ENERGY": -108.99737658658628,
    "CURRENT CORRELATION ENERGY": -0.24173349763020904,
    "CURRENT DIPOLE X": 0.0,
    "CURRENT DIPOLE Y": 0.0,
    "CURRENT DIPOLE Z": -2.821905433653156e-16,
    "CURRENT ENERGY": -108.99737658658628,
    "CURRENT REFERENCE ENERGY": -108.75564308895603,
    "HF TOTAL ENERGY": -108.75564308895603,
    "LCCSD (+LMP2) TOTAL ENERGY": -109.06154285929722,
    "MP2 CORRELATION ENERGY": -0.24015331596355438,
    "MP2 OPPOSITE-SPIN CORRELATION ENERGY": -0.1823246557149099,
    "MP2 SAME-SPIN CORRELATION ENERGY": -0.05782866024864447,
    "MP2 TOTAL ENERGY": -108.99579640491963,
    "NUCLEAR REPULSION ENERGY": 28.35168671012732,
    "ONE-ELECTRON ENERGY": -202.72529047555958,
    "PCM POLARIZATION ENERGY": 0.0,
    "PE ENERGY": 0.0,
    "SCF DIPOLE X": 0.0,
    "SCF DIPOLE Y": 0.0,
    "SCF DIPOLE Z": -2.821905433653156e-16,
    "SCF ITERATION ENERGY": -108.75564308895603,
    "SCF ITERATIONS": 8.0,
    "SCF TOTAL ENERGY": -108.75564308895603,
    "TWO-ELECTRON ENERGY": 65.61796067647622
}