{
    "CC D1 DIAGNOSTIC": 0.03813234165264008,
    "CC D2 DIAGNOSTIC": 0.09209708939292773,
    "CC NEW D1 DIAGNOSTIC": 0.03813234165264008,
    "CC T1 DIAGNOSTIC": 0.014424212744078074,
    "CCSD CORRELATION ENERGY": -0.29227647534493645,
    "CCSD OPPOSITE-SPIN CORRELATION ENERGY": -0.22717082543927222,
    "CCSD SAME-SPIN CORRELATION ENERGY": -0.06510564990566423,
    "CCSD TOTAL ENERGY": -261.6226845527114,
    "CURRENT CORRELATION ENERGY": -0.29227647534493645,
    "CURRENT DIPOLE X": 0.0,
    "CURRENT DIPOLE Y": 0.0,
    "CURRENT DIPOLE Z": -7.986188186275023,
    "CURRENT ENERGY": -261.6226845527114,
    "CURRENT REFERENCE ENERGY": -261.3304080773656,
    "HF TOTAL ENERGY": -261.33040807736563,
    "LCCSD (+LMP2) TOTAL ENERGY": -261.6228685171998,
    "MP2 CORRELATION ENERGY": -0.2939855895590263,
    "MP2 OPPOSITE-SPIN CORRELATION ENERGY": -0.21834511881776295,
    "MP2 SAME-SPIN CORRELATION ENERGY": -0.07564047074126337,
    "MP2 TOTAL ENERGY": -261.6243936669255,
    "NUCLEAR REPULSION ENERGY": 28.919057496282026,
    "ONE-ELECTRON ENERGY": -427.8463340548769,
    "PCM POLARIZATION ENERGY": 0.0,
    "PE ENERGY": 0.0,
    "SCF DIPOLE X": 0.0,
    "SCF DIPOLE Y": 0.0,
    "SCF DIPOLE Z": -7.986188186275023,
    "SCF ITERATION ENERGY": -261.3304080773656,
    "SCF ITERATIONS": 10.0,
    "SCF TOTAL ENERGY": -261.3304080773656,
    "TWO-ELECTRON ENERGY": 137.59686848122922
}