{
    "CC D1 DIAGNOSTIC": 0.022865929405718577,
    "CC D2 DIAGNOSTIC": 0.11954511784740575,
    "CC NEW D1 DIAGNOSTIC": 0.022865929405718577,
    "CC T1 DIAGNOSTIC": 0.008834503744123652,
    "CCSD CORRELATION ENERGY": -0.3516747740171953,
    "CCSD OPPOSITE-SPIN CORRELATION ENERGY": -0.2750839153024292,
    "CCSD SAME-SPIN CORRELATION ENERGY": -0.07659085871476595,
    "CCSD TOTAL ENERGY": -187.38460201211555,
    "CURRENT CORRELATION ENERGY": -0.3516747740171953,
    "CURRENT DIPOLE X": 0.0,
    "CURRENT DIPOLE Y": 0.0,
    "CURRENT DIPOLE Z": 0.0,
    "CURRENT ENERGY": -187.38460201211555,
    "CURRENT REFERENCE ENERGY": -187.0329272380975,
    "HF TOTAL ENERGY": -187.0329272380975,
    "LCCSD (+LMP2) TOTAL ENERGY": -187.36355129368994,
    "MP2 CORRELATION ENERGY": -0.35267866227656286,
    "MP2 OPPOSITE-SPIN CORRELATION ENERGY": -0.2637406003447562,
    "MP2 SAME-SPIN CORRELATION ENERGY": -0.08893806193180664,
    "MP2 TOTAL ENERGY": -187.3856059003749,
    "NUCLEAR REPULSION ENERGY": 75.30280396752089,
    "ONE-ELECTRON ENERGY": -403.86208279033855,
    "PCM POLARIZATION ENERGY": 0.0,
    "PE ENERGY": 0.0,
    "SCF DIPOLE X": 0.0,
    "SCF DIPOLE Y": 0.0,
    "SCF DIPOLE Z": 0.0,
    "SCF ITERATION ENERGY": -187.0329272380975,
    "SCF ITERATIONS": 9.0,
    "SCF TOTAL ENERGY": -187.0329272380975,
    "TWO-ELECTRON ENERGY": 141.52635158472015
}