{
    "CC D1 DIAGNOSTIC": 0.047413906993273656,
    "CC D2 DIAGNOSTIC": 0.27168358170596696,
    "CC NEW D1 DIAGNOSTIC": 0.047413906993273656,
    "CC T1 DIAGNOSTIC": 0.011954063270337245,
    "CCSD CORRELATION ENERGY": -0.13725708067015024,
    "CCSD OPPOSITE-SPIN CORRELATION ENERGY": -0.11671027879770922,
    "CCSD SAME-SPIN CORRELATION ENERGY": -0.020546801872441192,
    "CCSD TOTAL ENERGY": -460.12001088778123,
    "CURRENT CORRELATION ENERGY": -0.13725708067015024,
    "CURRENT DIPOLE X": 0.0,
    "CURRENT DIPOLE Y": 0.0,
    "CURRENT DIPOLE Z": -2.3363989189196066,
    "CURRENT ENERGY": -460.12001088778123,
    "CURRENT REFERENCE ENERGY": -459.9827538071112,
    "HF TOTAL ENERGY": -459.9827538071112,
    "LCCSD (+LMP2) TOTAL ENERGY": -460.1191194878959,
    "MP2 CORRELATION ENERGY": -0.11874300466592101,
    "MP2 OPPOSITE-SPIN CORRELATION ENERGY": -0.09565184974645234,
    "MP2 SAME-SPIN CORRELATION ENERGY": -0.02309115491946867,
    "MP2 TOTAL ENERGY": -460.101496811777,
    "NUCLEAR REPULSION ENERGY": 4.729739771985761,
    "ONE-ELECTRON ENERGY": -645.1321703521941,
    "PCM POLARIZATION ENERGY": 0.0,
    "PE ENERGY": 0.0,
    "SCF DIPOLE X": 0.0,
    "SCF DIPOLE Y": 0.0,
    "SCF DIPOLE Z": -2.3363989189196066,
    "SCF ITERATION ENERGY": -459.9827538071112,
    "SCF ITERATIONS": 9.0,
    "SCF TOTAL ENERGY": -459.9827538071112,
    "TWO-ELECTRON ENERGY": 180.41967677309705
}