{
    "CC D1 DIAGNOSTIC": 0.03902995181713403,
    "CC D2 DIAGNOSTIC": 0.0912901145417854,
    "CC NEW D1 DIAGNOSTIC": 0.03902995181713403,
    "CC T1 DIAGNOSTIC": 0.013584990805110874,
    "CCSD CORRELATION ENERGY": -0.28867506653209757,
    "CCSD OPPOSITE-SPIN CORRELATION ENERGY": -0.22413159595768867,
    "CCSD SAME-SPIN CORRELATION ENERGY": -0.06454347057440896,
    "CCSD TOTAL ENERGY": -261.5598312014423,
    "CURRENT CORRELATION ENERGY": -0.28867506653209757,
    "CURRENT DIPOLE X": 0.0,
    "CURRENT DIPOLE Y": 0.0,
    "CURRENT DIPOLE Z": -7.011027310903975,
    "CURRENT ENERGY": -261.5598312014423,
    "CURRENT REFERENCE ENERGY": -261.2711561349099,
    "HF TOTAL ENERGY": -261.2711561349099,
    "LCCSD (+LMP2) TOTAL ENERGY": -261.5601326134338,
    "MP2 CORRELATION ENERGY": -0.28988971451598,
    "MP2 OPPOSITE-SPIN CORRELATION ENERGY": -0.21534922758139535,
    "MP2 SAME-SPIN CORRELATION ENERGY": -0.07454048693458465,
    "MP2 TOTAL ENERGY": -261.5610458494262,
    "NUCLEAR REPULSION ENERGY": 33.84844229678464,
    "ONE-ELECTRON ENERGY": -437.70926076341743,
    "PCM POLARIZATION ENERGY": 0.0,
    "PE ENERGY": 0.0,
    "SCF DIPOLE X": 0.0,
    "SCF DIPOLE Y": 0.0,
    "SCF DIPOLE Z": -7.011027310903975,
    "SCF ITERATION ENERGY": -261.2711561349099,
    "SCF ITERATIONS": 10.0,
    "SCF TOTAL ENERGY": -261.2711561349099,
    "TWO-ELECTRON ENERGY": 142.58966233172288
}