{
    "CC D1 DIAGNOSTIC": 0.008319119557190184,
    "CC D2 DIAGNOSTIC": 0.0769619059795323,
    "CC NEW D1 DIAGNOSTIC": 0.008319119557190184,
    "CC T1 DIAGNOSTIC": 0.004946458434347033,
    "CCSD CORRELATION ENERGY": -0.14510930047555642,
    "CCSD OPPOSITE-SPIN CORRELATION ENERGY": -0.11553956303829321,
    "CCSD SAME-SPIN CORRELATION ENERGY": -0.029569737437263155,
    "CCSD TOTAL ENERGY": -99.9220121201445,
    "CURRENT CORRELATION ENERGY": -0.14510930047555642,
    "CURRENT DIPOLE X": 0.0,
    "CURRENT DIPOLE Y": 0.0,
    "CURRENT DIPOLE Z": -1.9224327593310984,
    "CURRENT ENERGY": -99.9220121201445,
    "CURRENT REFERENCE ENERGY": -99.77690281966896,
    "HF TOTAL ENERGY": -99.77690281966895,
    "LCCSD (+LMP2) TOTAL ENERGY": -99.968202607706,
    "MP2 CORRELATION ENERGY": -0.14300858222034765,
    "MP2 OPPOSITE-SPIN CORRELATION ENERGY": -0.10885005859138355,
    "MP2 SAME-SPIN CORRELATION ENERGY": -0.0341585236289641,
    "MP2 TOTAL ENERGY": -99.9199114018893,
    "NUCLEAR REPULSION ENERGY": 7.768494953360408,
    "ONE-ELECTRON ENERGY": -154.57343223908057,
    "PCM POLARIZATION ENERGY": 0.0,
    "PE ENERGY": 0.0,
    "SCF DIPOLE X": 0.0,
    "SCF DIPOLE Y": 0.0,
    "SCF DIPOLE Z": -1.9224327593310984,
    "SCF ITERATION ENERGY": -99.77690281966896,
    "SCF ITERATIONS": 9.0,
    "SCF TOTAL ENERGY": -99.77690281966896,
    "TWO-ELECTRON ENERGY": 47.028034466051224
}