{
    "CC D1 DIAGNOSTIC": 0.07469174173560006,
    "CC D2 DIAGNOSTIC": 0.5627269012325228,
    "CC NEW D1 DIAGNOSTIC": 0.07469174173560006,
    "CC T1 DIAGNOSTIC": 0.03142442073756221,
    "CCSD CORRELATION ENERGY": -0.49499982820102223,
    "CCSD OPPOSITE-SPIN CORRELATION ENERGY": -0.4997281181464076,
    "CCSD SAME-SPIN CORRELATION ENERGY": 0.004728289945385211,
    "CCSD TOTAL ENERGY": -108.91303402400565,
    "CURRENT CORRELATION ENERGY": -0.49499982820102223,
    "CURRENT DIPOLE X": 0.0,
    "CURRENT DIPOLE Y": 0.0,
    "CURRENT DIPOLE Z": 3.386286520383787e-15,
    "CURRENT ENERGY": -108.91303402400565,
    "CURRENT REFERENCE ENERGY": -108.41803419580467,
    "HF TOTAL ENERGY": -108.41803419580467,
    "LCCSD (+LMP2) TOTAL ENERGY": -108.90465688668316,
    "MP2 CORRELATION ENERGY": -0.6930285415716864,
    "MP2 OPPOSITE-SPIN CORRELATION ENERGY": -0.48691591525944367,
    "MP2 SAME-SPIN CORRELATION ENERGY": -0.2061126263122427,
    "MP2 TOTAL ENERGY": -109.11106273737633,
    "NUCLEAR REPULSION ENERGY": 14.02175810120427,
    "ONE-ELECTRON ENERGY": -174.64035739510553,
    "PCM POLARIZATION ENERGY": 0.0,
    "PE ENERGY": 0.0,
    "SCF DIPOLE X": 0.0,
    "SCF DIPOLE Y": 0.0,
    "SCF DIPOLE Z": 3.386286520383787e-15,
    "SCF ITERATION ENERGY": -108.41803419580467,
    "SCF ITERATIONS": 8.0,
    "SCF TOTAL ENERGY": -108.41803419580467,
    "TWO-ELECTRON ENERGY": 52.200565098096575
}