{
    "CC D1 DIAGNOSTIC": 0.02705888078854429,
    "CC D2 DIAGNOSTIC": 0.0934418029447849,
    "CC NEW D1 DIAGNOSTIC": 0.02705888078854429,
    "CC T1 DIAGNOSTIC": 0.01336996325897041,
    "CCSD CORRELATION ENERGY": -0.1746843055256489,
    "CCSD OPPOSITE-SPIN CORRELATION ENERGY": -0.13917482927071725,
    "CCSD SAME-SPIN CORRELATION ENERGY": -0.03550947625493167,
    "CCSD TOTAL ENERGY": -106.89763697579315,
    "CURRENT CORRELATION ENERGY": -0.1746843055256489,
    "CURRENT DIPOLE X": 0.0,
    "CURRENT DIPOLE Y": 0.0,
    "CURRENT DIPOLE Z": -4.1915085404765025,
    "CURRENT ENERGY": -106.89763697579315,
    "CURRENT REFERENCE ENERGY": -106.72295267026742,
    "HF TOTAL ENERGY": -106.72295267026742,
    "LCCSD (+LMP2) TOTAL ENERGY": -106.8787315911299,
    "MP2 CORRELATION ENERGY": -0.17497274215281405,
    "MP2 OPPOSITE-SPIN CORRELATION ENERGY": -0.13235945719290956,
    "MP2 SAME-SPIN CORRELATION ENERGY": -0.04261328495990449,
    "MP2 TOTAL ENERGY": -106.89792541242032,
    "NUCLEAR REPULSION ENERGY": 13.604158626458899,
    "ONE-ELECTRON ENERGY": -177.42265710044205,
    "PCM POLARIZATION ENERGY": 0.0,
    "PE ENERGY": 0.0,
    "SCF DIPOLE X": 0.0,
    "SCF DIPOLE Y": 0.0,
    "SCF DIPOLE Z": -4.1915085404765025,
    "SCF ITERATION ENERGY": -106.72295267026742,
    "SCF ITERATIONS": 10.0,
    "SCF TOTAL ENERGY": -106.72295267026742,
    "TWO-ELECTRON ENERGY": 57.09554580371572
}