{
    "CC D1 DIAGNOSTIC": 0.03729102086677699,
    "CC D2 DIAGNOSTIC": 0.09181853954421391,
    "CC NEW D1 DIAGNOSTIC": 0.03729102086677699,
    "CC T1 DIAGNOSTIC": 0.013861606190310521,
    "CCSD CORRELATION ENERGY": -0.2906596570525245,
    "CCSD OPPOSITE-SPIN CORRELATION ENERGY": -0.22581421215034256,
    "CCSD SAME-SPIN CORRELATION ENERGY": -0.06484544490218189,
    "CCSD TOTAL ENERGY": -261.60482296331713,
    "CURRENT CORRELATION ENERGY": -0.2906596570525245,
    "CURRENT DIPOLE X": 0.0,
    "CURRENT DIPOLE Y": 0.0,
    "CURRENT DIPOLE Z": -7.50440632133626,
    "CURRENT ENERGY": -261.60482296331713,
    "CURRENT REFERENCE ENERGY": -261.31416330626354,
    "HF TOTAL ENERGY": -261.31416330626354,
    "LCCSD (+LMP2) TOTAL ENERGY": -261.60342726634804,
    "MP2 CORRELATION ENERGY": -0.2921534800246317,
    "MP2 OPPOSITE-SPIN CORRELATION ENERGY": -0.21701423310436502,
    "MP2 SAME-SPIN CORRELATION ENERGY": -0.07513924692026669,
    "MP2 TOTAL ENERGY": -261.60631678628926,
    "NUCLEAR REPULSION ENERGY": 31.120358887790065,
    "ONE-ELECTRON ENERGY": -432.2678547678089,
    "PCM POLARIZATION ENERGY": 0.0,
    "PE ENERGY": 0.0,
    "SCF DIPOLE X": 0.0,
    "SCF DIPOLE Y": 0.0,
    "SCF DIPOLE Z": -7.50440632133626,
    "SCF ITERATION ENERGY": -261.31416330626354,
    "SCF ITERATIONS": 10.0,
    "SCF TOTAL ENERGY": -261.31416330626354,
    "TWO-ELECTRON ENERGY": 139.83333257375529
}