{
    "CC D1 DIAGNOSTIC": 0.06429874025919753,
    "CC D2 DIAGNOSTIC": 0.09026992371510856,
    "CC NEW D1 DIAGNOSTIC": 0.06429874025919753,
    "CC T1 DIAGNOSTIC": 0.01693971875833513,
    "CCSD CORRELATION ENERGY": -0.2856135906354787,
    "CCSD OPPOSITE-SPIN CORRELATION ENERGY": -0.2212410294922728,
    "CCSD SAME-SPIN CORRELATION ENERGY": -0.06437256114320605,
    "CCSD TOTAL ENERGY": -261.3072261455464,
    "CURRENT CORRELATION ENERGY": -0.2856135906354787,
    "CURRENT DIPOLE X": 0.0,
    "CURRENT DIPOLE Y": 0.0,
    "CURRENT DIPOLE Z": -6.092709447113741,
    "CURRENT ENERGY": -261.3072261455464,
    "CURRENT REFERENCE ENERGY": -261.0216125549111,
    "HF TOTAL ENERGY": -261.0216125549111,
    "LCCSD (+LMP2) TOTAL ENERGY": -261.30759011189383,
    "MP2 CORRELATION ENERGY": -0.2861435260009759,
    "MP2 OPPOSITE-SPIN CORRELATION ENERGY": -0.21237714461101043,
    "MP2 SAME-SPIN CORRELATION ENERGY": -0.0737663813899655,
    "MP2 TOTAL ENERGY": -261.3077560809119,
    "NUCLEAR REPULSION ENERGY": 40.56544835567965,
    "ONE-ELECTRON ENERGY": -450.7989116987858,
    "PCM POLARIZATION ENERGY": 0.0,
    "PE ENERGY": 0.0,
    "SCF DIPOLE X": 0.0,
    "SCF DIPOLE Y": 0.0,
    "SCF DIPOLE Z": -6.092709447113741,
    "SCF ITERATION ENERGY": -261.0216125549111,
    "SCF ITERATIONS": 11.0,
    "SCF TOTAL ENERGY": -261.0216125549111,
    "TWO-ELECTRON ENERGY": 149.21185078819502
}