{
    "CC D1 DIAGNOSTIC": 0.10808638066569817,
    "CC D2 DIAGNOSTIC": 0.18810241570810593,
    "CC NEW D1 DIAGNOSTIC": 0.10808638066569817,
    "CC T1 DIAGNOSTIC": 0.03447506191619685,
    "CCSD CORRELATION ENERGY": -0.45725518228213025,
    "CCSD OPPOSITE-SPIN CORRELATION ENERGY": -0.3617363285058014,
    "CCSD SAME-SPIN CORRELATION ENERGY": -0.09551885377632896,
    "CCSD TOTAL ENERGY": -187.89645696125243,
    "CURRENT CORRELATION ENERGY": -0.45725518228213025,
    "CURRENT DIPOLE X": 0.0,
    "CURRENT DIPOLE Y": 0.0,
    "CURRENT DIPOLE Z": 0.0,
    "CURRENT ENERGY": -187.89645696125243,
    "CURRENT REFERENCE ENERGY": -187.43920177897076,
    "HF TOTAL ENERGY": -187.43920177897076,
    "LCCSD (+LMP2) TOTAL ENERGY": -187.91224983239775,
    "MP2 CORRELATION ENERGY": -0.4842601378897758,
    "MP2 OPPOSITE-SPIN CORRELATION ENERGY": -0.35613959154880825,
    "MP2 SAME-SPIN CORRELATION ENERGY": -0.12812054634096753,
    "MP2 TOTAL ENERGY": -187.92346191686008,
    "NUCLEAR REPULSION ENERGY": 49.015279673404514,
    "ONE-ELECTRON ENERGY": -353.5598842241287,
    "PCM POLARIZATION ENERGY": 0.0,
    "PE ENERGY": 0.0,
    "SCF DIPOLE X": 0.0,
    "SCF DIPOLE Y": 0.0,
    "SCF DIPOLE Z": 0.0,
    "SCF ITERATION ENERGY": -187.43920177897076,
    "SCF ITERATIONS": 10.0,
    "SCF TOTAL ENERGY": -187.43920177897076,
    "TWO-ELECTRON ENERGY": 117.10540277175346
}