{
    "CC D1 DIAGNOSTIC": 0.04321306383817837,
    "CC D2 DIAGNOSTIC": 0.2569837433927669,
    "CC NEW D1 DIAGNOSTIC": 0.04321306383817837,
    "CC T1 DIAGNOSTIC": 0.011043598366348547,
    "CCSD CORRELATION ENERGY": -0.13489871421893548,
    "CCSD OPPOSITE-SPIN CORRELATION ENERGY": -0.1143437264625144,
    "CCSD SAME-SPIN CORRELATION ENERGY": -0.020554987756418647,
    "CCSD TOTAL ENERGY": -460.12571086943376,
    "CURRENT CORRELATION ENERGY": -0.13489871421893548,
    "CURRENT DIPOLE X": 0.0,
    "CURRENT DIPOLE Y": 0.0,
    "CURRENT DIPOLE Z": -2.2914524137831553,
    "CURRENT ENERGY": -460.12571086943376,
    "CURRENT REFERENCE ENERGY": -459.9908121552153,
    "HF TOTAL ENERGY": -459.9908121552153,
    "LCCSD (+LMP2) TOTAL ENERGY": -460.1704484963248,
    "MP2 CORRELATION ENERGY": -0.11735463245702357,
    "MP2 OPPOSITE-SPIN CORRELATION ENERGY": -0.09442048917437172,
    "MP2 SAME-SPIN CORRELATION ENERGY": -0.02293414328265185,
    "MP2 TOTAL ENERGY": -460.10816678767185,
    "NUCLEAR REPULSION ENERGY": 4.844943176445494,
    "ONE-ELECTRON ENERGY": -645.357775910061,
    "PCM POLARIZATION ENERGY": 0.0,
    "PE ENERGY": 0.0,
    "SCF DIPOLE X": 0.0,
    "SCF DIPOLE Y": 0.0,
    "SCF DIPOLE Z": -2.2914524137831553,
    "SCF ITERATION ENERGY": -459.9908121552153,
    "SCF ITERATIONS": 9.0,
    "SCF TOTAL ENERGY": -459.9908121552153,
    "TWO-ELECTRON ENERGY": 180.5220205784003
}