{
    "CC D1 DIAGNOSTIC": 0.03295582806372758,
    "CC D2 DIAGNOSTIC": 0.09532708834139435,
    "CC NEW D1 DIAGNOSTIC": 0.03295582806372758,
    "CC T1 DIAGNOSTIC": 0.014483251925589682,
    "CCSD CORRELATION ENERGY": -0.17705733732115284,
    "CCSD OPPOSITE-SPIN CORRELATION ENERGY": -0.14162943384113363,
    "CCSD SAME-SPIN CORRELATION ENERGY": -0.035427903480019174,
    "CCSD TOTAL ENERGY": -107.09589130644842,
    "CURRENT CORRELATION ENERGY": -0.17705733732115284,
    "CURRENT DIPOLE X": 0.0,
    "CURRENT DIPOLE Y": 0.0,
    "CURRENT DIPOLE Z": -5.271147500712994,
    "CURRENT ENERGY": -107.09589130644842,
    "CURRENT REFERENCE ENERGY": -106.9188339691272,
    "HF TOTAL ENERGY": -106.9188339691272,
    "LCCSD (+LMP2) TOTAL ENERGY": -107.03886315327226,
    "MP2 CORRELATION ENERGY": -0.17741410727102394,
    "MP2 OPPOSITE-SPIN CORRELATION ENERGY": -0.13443287333590628,
    "MP2 SAME-SPIN CORRELATION ENERGY": -0.04298123393511766,
    "MP2 TOTAL ENERGY": -107.09624807639828,
    "NUCLEAR REPULSION ENERGY": 11.128255001682623,
    "ONE-ELECTRON ENERGY": -173.18030275571982,
    "PCM POLARIZATION ENERGY": 0.0,
    "PE ENERGY": 0.0,
    "SCF DIPOLE X": 0.0,
    "SCF DIPOLE Y": 0.0,
    "SCF DIPOLE Z": -5.271147500712994,
    "SCF ITERATION ENERGY": -106.9188339691272,
    "SCF ITERATIONS": 9.0,
    "SCF TOTAL ENERGY": -106.9188339691272,
    "TWO-ELECTRON ENERGY": 55.13321378491
}