{
    "CC D1 DIAGNOSTIC": 0.06807762490875836,
    "CC D2 DIAGNOSTIC": 0.17496087874287886,
    "CC NEW D1 DIAGNOSTIC": 0.06807762490875836,
    "CC T1 DIAGNOSTIC": 0.026781659158274764,
    "CCSD CORRELATION ENERGY": -0.2742735799892716,
    "CCSD OPPOSITE-SPIN CORRELATION ENERGY": -0.22130673952019042,
    "CCSD SAME-SPIN CORRELATION ENERGY": -0.05296684046908112,
    "CCSD TOTAL ENERGY": -112.93674990672288,
    "CURRENT CORRELATION ENERGY": -0.2742735799892716,
    "CURRENT DIPOLE X": 0.0,
    "CURRENT DIPOLE Y": 0.0,
    "CURRENT DIPOLE Z": -1.194603980015617,
    "CURRENT ENERGY": -112.93674990672288,
    "CURRENT REFERENCE ENERGY": -112.6624763267337,
    "HF TOTAL ENERGY": -112.6624763267337,
    "LCCSD (+LMP2) TOTAL ENERGY": -112.93676419323715,
    "MP2 CORRELATION ENERGY": -0.28542413307171705,
    "MP2 OPPOSITE-SPIN CORRELATION ENERGY": -0.2133123911216558,
    "MP2 SAME-SPIN CORRELATION ENERGY": -0.07211174195006126,
    "MP2 TOTAL ENERGY": -112.94790045980533,
    "NUCLEAR REPULSION ENERGY": 20.0186166982964,
    "ONE-ELECTRON ENERGY": -193.11193224397408,
    "PCM POLARIZATION ENERGY": 0.0,
    "PE ENERGY": 0.0,
    "SCF DIPOLE X": 0.0,
    "SCF DIPOLE Y": 0.0,
    "SCF DIPOLE Z": -1.194603980015617,
    "SCF ITERATION ENERGY": -112.6624763267337,
    "SCF ITERATIONS": 10.0,
    "SCF TOTAL ENERGY": -112.6624763267337,
    "TWO-ELECTRON ENERGY": 60.43083921894399
}