{
    "CC D1 DIAGNOSTIC": 0.06029709112378575,
    "CC D2 DIAGNOSTIC": 0.36958083768071853,
    "CC NEW D1 DIAGNOSTIC": 0.06029709112378575,
    "CC T1 DIAGNOSTIC": 0.01892241831815331,
    "CCSD CORRELATION ENERGY": -0.38499514622113384,
    "CCSD OPPOSITE-SPIN CORRELATION ENERGY": -0.32710577471142177,
    "CCSD SAME-SPIN CORRELATION ENERGY": -0.057889371509712184,
    "CCSD TOTAL ENERGY": -149.80385180162617,
    "CURRENT CORRELATION ENERGY": -0.38499514622113384,
    "CURRENT DIPOLE X": 0.0,
    "CURRENT DIPOLE Y": 0.0,
    "CURRENT DIPOLE Z": 0.0,
    "CURRENT ENERGY": -149.80385180162617,
    "CURRENT REFERENCE ENERGY": -149.41885665540437,
    "HF TOTAL ENERGY": -149.41885665540434,
    "LCCSD (+LMP2) TOTAL ENERGY": -149.83920744986875,
    "MP2 CORRELATION ENERGY": -0.433210149895914,
    "MP2 OPPOSITE-SPIN CORRELATION ENERGY": -0.3219696710356713,
    "MP2 SAME-SPIN CORRELATION ENERGY": -0.11124047886024269,
    "MP2 TOTAL ENERGY": -149.85206680530095,
    "NUCLEAR REPULSION ENERGY": 22.427956589328176,
    "ONE-ELECTRON ENERGY": -250.28297578184828,
    "PCM POLARIZATION ENERGY": 0.0,
    "PE ENERGY": 0.0,
    "SCF DIPOLE X": 0.0,
    "SCF DIPOLE Y": 0.0,
    "SCF DIPOLE Z": 0.0,
    "SCF ITERATION ENERGY": -149.41885665540437,
    "SCF ITERATIONS": 9.0,
    "SCF TOTAL ENERGY": -149.41885665540437,
    "TWO-ELECTRON ENERGY": 78.43616253711575
}