{
    "CC D1 DIAGNOSTIC": 0.06680687205981355,
    "CC D2 DIAGNOSTIC": 0.42369460099950024,
    "CC NEW D1 DIAGNOSTIC": 0.06680687205981355,
    "CC T1 DIAGNOSTIC": 0.02111844563736601,
    "CCSD CORRELATION ENERGY": -0.4095802017639093,
    "CCSD OPPOSITE-SPIN CORRELATION ENERGY": -0.3565596724592962,
    "CCSD SAME-SPIN CORRELATION ENERGY": -0.05302052930461287,
    "CCSD TOTAL ENERGY": -149.7864549009023,
    "CURRENT CORRELATION ENERGY": -0.4095802017639093,
    "CURRENT DIPOLE X": 0.0,
    "CURRENT DIPOLE Y": 0.0,
    "CURRENT DIPOLE Z": 0.0,
    "CURRENT ENERGY": -149.7864549009023,
    "CURRENT REFERENCE ENERGY": -149.37687469913857,
    "HF TOTAL ENERGY": -149.37687469913857,
    "LCCSD (+LMP2) TOTAL ENERGY": -149.78020376086155,
    "MP2 CORRELATION ENERGY": -0.47476889017054735,
    "MP2 OPPOSITE-SPIN CORRELATION ENERGY": -0.3518472171673704,
    "MP2 SAME-SPIN CORRELATION ENERGY": -0.12292167300317697,
    "MP2 TOTAL ENERGY": -149.85164358930894,
    "NUCLEAR REPULSION ENERGY": 21.061252984665995,
    "ONE-ELECTRON ENERGY": -247.58201946883773,
    "PCM POLARIZATION ENERGY": 0.0,
    "PE ENERGY": 0.0,
    "SCF DIPOLE X": 0.0,
    "SCF DIPOLE Y": 0.0,
    "SCF DIPOLE Z": 0.0,
    "SCF ITERATION ENERGY": -149.37687469913857,
    "SCF ITERATIONS": 9.0,
    "SCF TOTAL ENERGY": -149.37687469913857,
    "TWO-ELECTRON ENERGY": 77.14389178503316
}