{
    "CC D1 DIAGNOSTIC": 0.0398455711417835,
    "CC D2 DIAGNOSTIC": 0.3394855727275445,
    "CC NEW D1 DIAGNOSTIC": 0.0398455711417835,
    "CC T1 DIAGNOSTIC": 0.009721803314047275,
    "CCSD CORRELATION ENERGY": -0.2610686173695389,
    "CCSD OPPOSITE-SPIN CORRELATION ENERGY": -0.20909018374050858,
    "CCSD SAME-SPIN CORRELATION ENERGY": -0.05197843362903015,
    "CCSD TOTAL ENERGY": -255.7317744210678,
    "CURRENT CORRELATION ENERGY": -0.2610686173695389,
    "CURRENT DIPOLE X": 0.0,
    "CURRENT DIPOLE Y": 0.0,
    "CURRENT DIPOLE Z": 3.4898075235507067,
    "CURRENT ENERGY": -255.7317744210678,
    "CURRENT REFERENCE ENERGY": -255.47070580369865,
    "HF TOTAL ENERGY": -255.47070580369865,
    "LCCSD (+LMP2) TOTAL ENERGY": -255.730407344763,
    "MP2 CORRELATION ENERGY": -0.24063169419864144,
    "MP2 OPPOSITE-SPIN CORRELATION ENERGY": -0.18558439143110608,
    "MP2 SAME-SPIN CORRELATION ENERGY": -0.05504730276753536,
    "MP2 TOTAL ENERGY": -255.7113374978969,
    "NUCLEAR REPULSION ENERGY": 86.5171803104537,
    "ONE-ELECTRON ENERGY": -514.1052664379301,
    "PCM POLARIZATION ENERGY": 0.0,
    "PE ENERGY": 0.0,
    "SCF DIPOLE X": 0.0,
    "SCF DIPOLE Y": 0.0,
    "SCF DIPOLE Z": 3.4898075235507067,
    "SCF ITERATION ENERGY": -255.47070580369865,
    "SCF ITERATIONS": 10.0,
    "SCF TOTAL ENERGY": -255.47070580369865,
    "TWO-ELECTRON ENERGY": 172.1173803237778
}