{
    "CC D1 DIAGNOSTIC": 0.05742866481876362,
    "CC D2 DIAGNOSTIC": 0.16236306615767213,
    "CC NEW D1 DIAGNOSTIC": 0.05742866481876362,
    "CC T1 DIAGNOSTIC": 0.018547953519461507,
    "CCSD CORRELATION ENERGY": -0.4151034908374666,
    "CCSD OPPOSITE-SPIN CORRELATION ENERGY": -0.3278532750989554,
    "CCSD SAME-SPIN CORRELATION ENERGY": -0.0872502157385111,
    "CCSD TOTAL ENERGY": -187.97843635501314,
    "CURRENT CORRELATION ENERGY": -0.4151034908374666,
    "CURRENT DIPOLE X": 0.0,
    "CURRENT DIPOLE Y": 0.0,
    "CURRENT DIPOLE Z": 0.0,
    "CURRENT ENERGY": -187.97843635501314,
    "CURRENT REFERENCE ENERGY": -187.56333286417384,
    "HF TOTAL ENERGY": -187.56333286417384,
    "LCCSD (+LMP2) TOTAL ENERGY": -187.97838952962854,
    "MP2 CORRELATION ENERGY": -0.43331242703695755,
    "MP2 OPPOSITE-SPIN CORRELATION ENERGY": -0.3211915989457213,
    "MP2 SAME-SPIN CORRELATION ENERGY": -0.11212082809123625,
    "MP2 TOTAL ENERGY": -187.99664529121264,
    "NUCLEAR REPULSION ENERGY": 57.11526233129763,
    "ONE-ELECTRON ENERGY": -369.41364711839907,
    "PCM POLARIZATION ENERGY": 0.0,
    "PE ENERGY": 0.0,
    "SCF DIPOLE X": 0.0,
    "SCF DIPOLE Y": 0.0,
    "SCF DIPOLE Z": 0.0,
    "SCF ITERATION ENERGY": -187.56333286417384,
    "SCF ITERATIONS": 10.0,
    "SCF TOTAL ENERGY": -187.56333286417384,
    "TWO-ELECTRON ENERGY": 124.7350519229276
}