{
    "CC D1 DIAGNOSTIC": 0.05381924236056565,
    "CC D2 DIAGNOSTIC": 0.16442647488436038,
    "CC NEW D1 DIAGNOSTIC": 0.05381924236056565,
    "CC T1 DIAGNOSTIC": 0.021277479812163918,
    "CCSD CORRELATION ENERGY": -0.26351628067366045,
    "CCSD OPPOSITE-SPIN CORRELATION ENERGY": -0.2124076289020646,
    "CCSD SAME-SPIN CORRELATION ENERGY": -0.05110865177159596,
    "CCSD TOTAL ENERGY": -112.95489736185701,
    "CURRENT CORRELATION ENERGY": -0.26351628067366045,
    "CURRENT DIPOLE X": 0.0,
    "CURRENT DIPOLE Y": 0.0,
    "CURRENT DIPOLE Z": -0.7807685474209757,
    "CURRENT ENERGY": -112.95489736185701,
    "CURRENT REFERENCE ENERGY": -112.69138108118337,
    "HF TOTAL ENERGY": -112.69138108118337,
    "LCCSD (+LMP2) TOTAL ENERGY": -112.95491632491171,
    "MP2 CORRELATION ENERGY": -0.2700307495099198,
    "MP2 OPPOSITE-SPIN CORRELATION ENERGY": -0.20284714003703944,
    "MP2 SAME-SPIN CORRELATION ENERGY": -0.06718360947288035,
    "MP2 TOTAL ENERGY": -112.96141183069327,
    "NUCLEAR REPULSION ENERGY": 21.418223374236618,
    "ONE-ELECTRON ENERGY": -195.77723756329456,
    "PCM POLARIZATION ENERGY": 0.0,
    "PE ENERGY": 0.0,
    "SCF DIPOLE X": 0.0,
    "SCF DIPOLE Y": 0.0,
    "SCF DIPOLE Z": -0.7807685474209757,
    "SCF ITERATION ENERGY": -112.69138108118337,
    "SCF ITERATIONS": 10.0,
    "SCF TOTAL ENERGY": -112.69138108118337,
    "TWO-ELECTRON ENERGY": 61.66763310787458
}