{
    "CC D1 DIAGNOSTIC": 0.05644968112648022,
    "CC D2 DIAGNOSTIC": 0.3437387454175477,
    "CC NEW D1 DIAGNOSTIC": 0.05644968112648022,
    "CC T1 DIAGNOSTIC": 0.023526880159974926,
    "CCSD CORRELATION ENERGY": -0.399815344402727,
    "CCSD OPPOSITE-SPIN CORRELATION ENERGY": -0.3547888065600747,
    "CCSD SAME-SPIN CORRELATION ENERGY": -0.045026537842652314,
    "CCSD TOTAL ENERGY": -108.97834435436437,
    "CURRENT CORRELATION ENERGY": -0.399815344402727,
    "CURRENT DIPOLE X": 0.0,
    "CURRENT DIPOLE Y": 0.0,
    "CURRENT DIPOLE Z": -5.643810867306312e-16,
    "CURRENT ENERGY": -108.97834435436437,
    "CURRENT REFERENCE ENERGY": -108.57852900996151,
    "HF TOTAL ENERGY": -108.57852900996151,
    "LCCSD (+LMP2) TOTAL ENERGY": -108.99589141501696,
    "MP2 CORRELATION ENERGY": -0.5182778888680121,
    "MP2 OPPOSITE-SPIN CORRELATION ENERGY": -0.37050009460791766,
    "MP2 SAME-SPIN CORRELATION ENERGY": -0.1477777942600944,
    "MP2 TOTAL ENERGY": -109.09680689882966,
    "NUCLEAR REPULSION ENERGY": 16.20096383435846,
    "ONE-ELECTRON ENERGY": -179.05036576005438,
    "PCM POLARIZATION ENERGY": 0.0,
    "PE ENERGY": 0.0,
    "SCF DIPOLE X": 0.0,
    "SCF DIPOLE Y": 0.0,
    "SCF DIPOLE Z": -5.643810867306312e-16,
    "SCF ITERATION ENERGY": -108.57852900996151,
    "SCF ITERATIONS": 8.0,
    "SCF TOTAL ENERGY": -108.57852900996151,
    "TWO-ELECTRON ENERGY": 54.270872915734415
}