{
    "CC D1 DIAGNOSTIC": 0.2688616714340975,
    "CC D2 DIAGNOSTIC": 0.25623357535903885,
    "CC NEW D1 DIAGNOSTIC": 0.2688616714340975,
    "CC T1 DIAGNOSTIC": 0.0888968798656205,
    "CCSD CORRELATION ENERGY": -0.4822800818410238,
    "CCSD OPPOSITE-SPIN CORRELATION ENERGY": -0.3762642761367321,
    "CCSD SAME-SPIN CORRELATION ENERGY": -0.10601580570429159,
    "CCSD TOTAL ENERGY": -187.67296105895903,
    "CURRENT CORRELATION ENERGY": -0.4822800818410238,
    "CURRENT DIPOLE X": 0.0,
    "CURRENT DIPOLE Y": 0.0,
    "CURRENT DIPOLE Z": 0.0,
    "CURRENT ENERGY": -187.67296105895903,
    "CURRENT REFERENCE ENERGY": -187.1906809771155,
    "HF TOTAL ENERGY": -187.1906809771155,
    "LCCSD (+LMP2) TOTAL ENERGY": -187.67546561064123,
    "MP2 CORRELATION ENERGY": -0.44025253450187374,
    "MP2 OPPOSITE-SPIN CORRELATION ENERGY": -0.329251170003177,
    "MP2 SAME-SPIN CORRELATION ENERGY": -0.11100136449869674,
    "MP2 TOTAL ENERGY": -187.63093351161987,
    "NUCLEAR REPULSION ENERGY": 39.879295592267,
    "ONE-ELECTRON ENERGY": -335.8313656168866,
    "PCM POLARIZATION ENERGY": 0.0,
    "PE ENERGY": 0.0,
    "SCF DIPOLE X": 0.0,
    "SCF DIPOLE Y": 0.0,
    "SCF DIPOLE Z": 0.0,
    "SCF ITERATION ENERGY": -187.1906809771155,
    "SCF ITERATIONS": 12.0,
    "SCF TOTAL ENERGY": -187.1906809771155,
    "TWO-ELECTRON ENERGY": 108.76138904750411
}