{
    "CC D1 DIAGNOSTIC": 0.014471089604301877,
    "CC D2 DIAGNOSTIC": 0.13761001158897138,
    "CC NEW D1 DIAGNOSTIC": 0.014471089604301877,
    "CC T1 DIAGNOSTIC": 0.005349742136971246,
    "CCSD CORRELATION ENERGY": -0.1142131109100231,
    "CCSD OPPOSITE-SPIN CORRELATION ENERGY": -0.09435659035741316,
    "CCSD SAME-SPIN CORRELATION ENERGY": -0.019856520552609988,
    "CCSD TOTAL ENERGY": -460.179005596043,
    "CURRENT CORRELATION ENERGY": -0.1142131109100231,
    "CURRENT DIPOLE X": 0.0,
    "CURRENT DIPOLE Y": 0.0,
    "CURRENT DIPOLE Z": -1.9229154842289276,
    "CURRENT ENERGY": -460.179005596043,
    "CURRENT REFERENCE ENERGY": -460.06479248513244,
    "HF TOTAL ENERGY": -460.06479248513244,
    "LCCSD (+LMP2) TOTAL ENERGY": -460.1771685902531,
    "MP2 CORRELATION ENERGY": -0.10376950139064658,
    "MP2 OPPOSITE-SPIN CORRELATION ENERGY": -0.08287004149226566,
    "MP2 SAME-SPIN CORRELATION ENERGY": -0.02089945989838092,
    "MP2 TOTAL ENERGY": -460.1685619865236,
    "NUCLEAR REPULSION ENERGY": 6.581641557708127,
    "ONE-ELECTRON ENERGY": -648.728610383628,
    "PCM POLARIZATION ENERGY": 0.0,
    "PE ENERGY": 0.0,
    "SCF DIPOLE X": 0.0,
    "SCF DIPOLE Y": 0.0,
    "SCF DIPOLE Z": -1.9229154842289276,
    "SCF ITERATION ENERGY": -460.06479248513244,
    "SCF ITERATIONS": 9.0,
    "SCF TOTAL ENERGY": -460.06479248513244,
    "TWO-ELECTRON ENERGY": 182.08217634078744
}