{
    "CC D1 DIAGNOSTIC": 0.039741125615169806,
    "CC D2 DIAGNOSTIC": 0.0939093440118822,
    "CC NEW D1 DIAGNOSTIC": 0.039741125615169806,
    "CC T1 DIAGNOSTIC": 0.01491996735778145,
    "CCSD CORRELATION ENERGY": -0.29324086536412425,
    "CCSD OPPOSITE-SPIN CORRELATION ENERGY": -0.2279812910691749,
    "CCSD SAME-SPIN CORRELATION ENERGY": -0.06525957429494941,
    "CCSD TOTAL ENERGY": -261.62698149423903,
    "CURRENT CORRELATION ENERGY": -0.29324086536412425,
    "CURRENT DIPOLE X": 0.0,
    "CURRENT DIPOLE Y": 0.0,
    "CURRENT DIPOLE Z": -8.33708982341002,
    "CURRENT ENERGY": -261.62698149423903,
    "CURRENT REFERENCE ENERGY": -261.33374062887333,
    "HF TOTAL ENERGY": -261.33374062887333,
    "LCCSD (+LMP2) TOTAL ENERGY": -261.6252309612186,
    "MP2 CORRELATION ENERGY": -0.29507253237934056,
    "MP2 OPPOSITE-SPIN CORRELATION ENERGY": -0.21913335897065572,
    "MP2 SAME-SPIN CORRELATION ENERGY": -0.07593917340868483,
    "MP2 TOTAL ENERGY": -261.62881316125424,
    "NUCLEAR REPULSION ENERGY": 27.543778672152367,
    "ONE-ELECTRON ENERGY": -425.0732196581017,
    "PCM POLARIZATION ENERGY": 0.0,
    "PE ENERGY": 0.0,
    "SCF DIPOLE X": 0.0,
    "SCF DIPOLE Y": 0.0,
    "SCF DIPOLE Z": -8.33708982341002,
    "SCF ITERATION ENERGY": -261.33374062887333,
    "SCF ITERATIONS": 10.0,
    "SCF TOTAL ENERGY": -261.33374062887333,
    "TWO-ELECTRON ENERGY": 136.195700357076
}