{
    "CC D1 DIAGNOSTIC": 0.2605185100900234,
    "CC D2 DIAGNOSTIC": 0.24080974989919396,
    "CC NEW D1 DIAGNOSTIC": 0.2605185100900234,
    "CC T1 DIAGNOSTIC": 0.10778001680096141,
    "CCSD CORRELATION ENERGY": -0.3259891202629129,
    "CCSD OPPOSITE-SPIN CORRELATION ENERGY": -0.25856103787509144,
    "CCSD SAME-SPIN CORRELATION ENERGY": -0.067428082387822,
    "CCSD TOTAL ENERGY": -112.7559092350802,
    "CURRENT CORRELATION ENERGY": -0.3259891202629129,
    "CURRENT DIPOLE X": 0.0,
    "CURRENT DIPOLE Y": 0.0,
    "CURRENT DIPOLE Z": -3.05838722420116,
    "CURRENT ENERGY": -112.7559092350802,
    "CURRENT REFERENCE ENERGY": -112.42992011481725,
    "HF TOTAL ENERGY": -112.42992011481726,
    "LCCSD (+LMP2) TOTAL ENERGY": -112.75591527659091,
    "MP2 CORRELATION ENERGY": -0.3168238136043998,
    "MP2 OPPOSITE-SPIN CORRELATION ENERGY": -0.2362506973864842,
    "MP2 SAME-SPIN CORRELATION ENERGY": -0.08057311621791563,
    "MP2 TOTAL ENERGY": -112.74674392842168,
    "NUCLEAR REPULSION ENERGY": 14.823169256069912,
    "ONE-ELECTRON ENERGY": -183.1783845030723,
    "PCM POLARIZATION ENERGY": 0.0,
    "PE ENERGY": 0.0,
    "SCF DIPOLE X": 0.0,
    "SCF DIPOLE Y": 0.0,
    "SCF DIPOLE Z": -3.05838722420116,
    "SCF ITERATION ENERGY": -112.42992011481725,
    "SCF ITERATIONS": 13.0,
    "SCF TOTAL ENERGY": -112.42992011481725,
    "TWO-ELECTRON ENERGY": 55.92529513218512
}