{
    "CC D1 DIAGNOSTIC": 0.0170700681801457,
    "CC D2 DIAGNOSTIC": 0.1188164858310573,
    "CC NEW D1 DIAGNOSTIC": 0.0170700681801457,
    "CC T1 DIAGNOSTIC": 0.0061551050600742235,
    "CCSD CORRELATION ENERGY": -0.2088345487111566,
    "CCSD OPPOSITE-SPIN CORRELATION ENERGY": -0.16580707665148214,
    "CCSD SAME-SPIN CORRELATION ENERGY": -0.04302747205967436,
    "CCSD TOTAL ENERGY": -110.98529595948487,
    "CURRENT CORRELATION ENERGY": -0.2088345487111566,
    "CURRENT DIPOLE X": 0.0,
    "CURRENT DIPOLE Y": 0.0,
    "CURRENT DIPOLE Z": 1.248526623802463,
    "CURRENT ENERGY": -110.98529595948487,
    "CURRENT REFERENCE ENERGY": -110.77646141077372,
    "HF TOTAL ENERGY": -110.77646141077372,
    "LCCSD (+LMP2) TOTAL ENERGY": -110.98347013532275,
    "MP2 CORRELATION ENERGY": -0.20009100242715933,
    "MP2 OPPOSITE-SPIN CORRELATION ENERGY": -0.15326520602416988,
    "MP2 SAME-SPIN CORRELATION ENERGY": -0.04682579640298945,
    "MP2 TOTAL ENERGY": -110.97655241320088,
    "NUCLEAR REPULSION ENERGY": 39.032437963859756,
    "ONE-ELECTRON ENERGY": -225.58759272943652,
    "PCM POLARIZATION ENERGY": 0.0,
    "PE ENERGY": 0.0,
    "SCF DIPOLE X": 0.0,
    "SCF DIPOLE Y": 0.0,
    "SCF DIPOLE Z": 1.248526623802463,
    "SCF ITERATION ENERGY": -110.77646141077372,
    "SCF ITERATIONS": 10.0,
    "SCF TOTAL ENERGY": -110.77646141077372,
    "TWO-ELECTRON ENERGY": 75.77869335480304
}