{
    "CC D1 DIAGNOSTIC": 0.02767625422841575,
    "CC D2 DIAGNOSTIC": 0.09373081229739871,
    "CC NEW D1 DIAGNOSTIC": 0.02767625422841575,
    "CC T1 DIAGNOSTIC": 0.013330042880248909,
    "CCSD CORRELATION ENERGY": -0.17484017610863947,
    "CCSD OPPOSITE-SPIN CORRELATION ENERGY": -0.1393739325083683,
    "CCSD SAME-SPIN CORRELATION ENERGY": -0.03546624360027109,
    "CCSD TOTAL ENERGY": -106.92932337538592,
    "CURRENT CORRELATION ENERGY": -0.17484017610863947,
    "CURRENT DIPOLE X": 0.0,
    "CURRENT DIPOLE Y": 0.0,
    "CURRENT DIPOLE Z": -4.302707182101425,
    "CURRENT ENERGY": -106.92932337538592,
    "CURRENT REFERENCE ENERGY": -106.75448319927727,
    "HF TOTAL ENERGY": -106.75448319927727,
    "LCCSD (+LMP2) TOTAL ENERGY": -106.93039296997584,
    "MP2 CORRELATION ENERGY": -0.17512007380985073,
    "MP2 OPPOSITE-SPIN CORRELATION ENERGY": -0.1325093891931391,
    "MP2 SAME-SPIN CORRELATION ENERGY": -0.042610684616711636,
    "MP2 TOTAL ENERGY": -106.92960327308712,
    "NUCLEAR REPULSION ENERGY": 13.317419920046417,
    "ONE-ELECTRON ENERGY": -176.94783886039556,
    "PCM POLARIZATION ENERGY": 0.0,
    "PE ENERGY": 0.0,
    "SCF DIPOLE X": 0.0,
    "SCF DIPOLE Y": 0.0,
    "SCF DIPOLE Z": -4.302707182101425,
    "SCF ITERATION ENERGY": -106.75448319927727,
    "SCF ITERATIONS": 10.0,
    "SCF TOTAL ENERGY": -106.75448319927727,
    "TWO-ELECTRON ENERGY": 56.875935741071885
}