{
    "CURRENT CORRELATION ENERGY": -0.1562589338712428,
    "CURRENT DIPOLE X": 0.0,
    "CURRENT DIPOLE Y": -5.643810867306312e-16,
    "CURRENT DIPOLE Z": -2.5571745649580446,
    "CURRENT ENERGY": -76.1665779746386,
    "CURRENT REFERENCE ENERGY": -76.01031904076736,
    "CUSTOM SCS-MP2 CORRELATION ENERGY": -0.15767598206912398,
    "CUSTOM SCS-MP2 TOTAL ENERGY": -76.16799502283648,
    "HF TOTAL ENERGY": -76.01031904076737,
    "MP2 CORRELATION ENERGY": -0.1562589338712428,
    "MP2 OPPOSITE-SPIN CORRELATION ENERGY": -0.12183423551389712,
    "MP2 SAME-SPIN CORRELATION ENERGY": -0.03442469835734235,
    "MP2 TOTAL ENERGY": -76.1665779746386,
    "NUCLEAR REPULSION ENERGY": 9.159506866404957,
    "ONE-ELECTRON ENERGY": -122.98131143568196,
    "PCM POLARIZATION ENERGY": 0.0,
    "PE ENERGY": 0.0,
    "SCF DIPOLE X": 0.0,
    "SCF DIPOLE Y": -5.643810867306312e-16,
    "SCF DIPOLE Z": -2.5571745649580446,
    "SCF ITERATION ENERGY": -76.01031904076736,
    "SCF ITERATIONS": 10.0,
    "SCF TOTAL ENERGY": -76.01031904076736,
    "SCS-MP2 CORRELATION ENERGY": -0.15767598206912398,
    "SCS-MP2 TOTAL ENERGY": -76.16799502283648,
    "SCS-MP2-VDW CORRELATION ENERGY": -0.17316017063645006,
    "SCS-MP2-VDW TOTAL ENERGY": -76.1834792114038,
    "SCSN-MP2 CORRELATION ENERGY": -0.0605874691089241,
    "SCSN-MP2 TOTAL ENERGY": -76.07090650987628,
    "SOS-MP2 CORRELATION ENERGY": 0.0,
    "SOS-MP2 TOTAL ENERGY": -76.01031904076736,
    "SOS-PI-MP2 CORRELATION ENERGY": -0.17056792971945356,
    "SOS-PI-MP2 TOTAL ENERGY": -76.18088697048681,
    "TWO-ELECTRON ENERGY": 37.81148552850964
}