{
    "CC D1 DIAGNOSTIC": 0.008386830822504979,
    "CC D2 DIAGNOSTIC": 0.08037999990427776,
    "CC NEW D1 DIAGNOSTIC": 0.008386830822504979,
    "CC T1 DIAGNOSTIC": 0.004995723465675311,
    "CCSD CORRELATION ENERGY": -0.1472307873305969,
    "CCSD OPPOSITE-SPIN CORRELATION ENERGY": -0.11731438434734268,
    "CCSD SAME-SPIN CORRELATION ENERGY": -0.029916402983254292,
    "CCSD TOTAL ENERGY": -100.01710309424517,
    "CURRENT CORRELATION ENERGY": -0.1472307873305969,
    "CURRENT DIPOLE X": 0.0,
    "CURRENT DIPOLE Y": 0.0,
    "CURRENT DIPOLE Z": -1.9879824201468397,
    "CURRENT ENERGY": -100.01710309424517,
    "CURRENT REFERENCE ENERGY": -99.86987230691459,
    "HF TOTAL ENERGY": -99.86987230691459,
    "LCCSD (+LMP2) TOTAL ENERGY": -100.04411530720328,
    "MP2 CORRELATION ENERGY": -0.14528764779026582,
    "MP2 OPPOSITE-SPIN CORRELATION ENERGY": -0.11052094258945695,
    "MP2 SAME-SPIN CORRELATION ENERGY": -0.034766705200808865,
    "MP2 TOTAL ENERGY": -100.01515995470484,
    "NUCLEAR REPULSION ENERGY": 7.234781559618092,
    "ONE-ELECTRON ENERGY": -153.82074888652244,
    "PCM POLARIZATION ENERGY": 0.0,
    "PE ENERGY": 0.0,
    "SCF DIPOLE X": 0.0,
    "SCF DIPOLE Y": 0.0,
    "SCF DIPOLE Z": -1.9879824201468397,
    "SCF ITERATION ENERGY": -99.86987230691459,
    "SCF ITERATIONS": 9.0,
    "SCF TOTAL ENERGY": -99.86987230691459,
    "TWO-ELECTRON ENERGY": 46.716095019989766
}