{
    "CC D1 DIAGNOSTIC": 0.058754910669282574,
    "CC D2 DIAGNOSTIC": 0.3584842007966691,
    "CC NEW D1 DIAGNOSTIC": 0.058754910669282574,
    "CC T1 DIAGNOSTIC": 0.018410339825590066,
    "CCSD CORRELATION ENERGY": -0.3794845959433964,
    "CCSD OPPOSITE-SPIN CORRELATION ENERGY": -0.32086837189228545,
    "CCSD SAME-SPIN CORRELATION ENERGY": -0.058616224051111276,
    "CCSD TOTAL ENERGY": -149.8078414961344,
    "CURRENT CORRELATION ENERGY": -0.3794845959433964,
    "CURRENT DIPOLE X": 0.0,
    "CURRENT DIPOLE Y": 0.0,
    "CURRENT DIPOLE Z": 0.0,
    "CURRENT ENERGY": -149.8078414961344,
    "CURRENT REFERENCE ENERGY": -149.4283569001904,
    "HF TOTAL ENERGY": -149.4283569001904,
    "LCCSD (+LMP2) TOTAL ENERGY": -149.80689821146044,
    "MP2 CORRELATION ENERGY": -0.4239486587276671,
    "MP2 OPPOSITE-SPIN CORRELATION ENERGY": -0.3153299331598675,
    "MP2 SAME-SPIN CORRELATION ENERGY": -0.10861872556779961,
    "MP2 TOTAL ENERGY": -149.85230555891863,
    "NUCLEAR REPULSION ENERGY": 22.768922145584874,
    "ONE-ELECTRON ENERGY": -250.95515079489232,
    "PCM POLARIZATION ENERGY": 0.0,
    "PE ENERGY": 0.0,
    "SCF DIPOLE X": 0.0,
    "SCF DIPOLE Y": 0.0,
    "SCF DIPOLE Z": 0.0,
    "SCF ITERATION ENERGY": -149.4283569001904,
    "SCF ITERATIONS": 9.0,
    "SCF TOTAL ENERGY": -149.4283569001904,
    "TWO-ELECTRON ENERGY": 78.75787174911703
}