{
    "CC D1 DIAGNOSTIC": 0.04974500459765088,
    "CC D2 DIAGNOSTIC": 0.29211143667596506,
    "CC NEW D1 DIAGNOSTIC": 0.04974500459765088,
    "CC T1 DIAGNOSTIC": 0.020590942585986385,
    "CCSD CORRELATION ENERGY": -0.3694333087634397,
    "CCSD OPPOSITE-SPIN CORRELATION ENERGY": -0.3172062519465178,
    "CCSD SAME-SPIN CORRELATION ENERGY": -0.052227056816922024,
    "CCSD TOTAL ENERGY": -109.02519511774763,
    "CURRENT CORRELATION ENERGY": -0.3694333087634397,
    "CURRENT DIPOLE X": 0.0,
    "CURRENT DIPOLE Y": 0.0,
    "CURRENT DIPOLE Z": -5.643810867306312e-16,
    "CURRENT ENERGY": -109.02519511774763,
    "CURRENT REFERENCE ENERGY": -108.65576180898404,
    "HF TOTAL ENERGY": -108.65576180898404,
    "LCCSD (+LMP2) TOTAL ENERGY": -109.03373602009081,
    "MP2 CORRELATION ENERGY": -0.4552795151615902,
    "MP2 OPPOSITE-SPIN CORRELATION ENERGY": -0.3283888047043646,
    "MP2 SAME-SPIN CORRELATION ENERGY": -0.1268907104572256,
    "MP2 TOTAL ENERGY": -109.11104132414579,
    "NUCLEAR REPULSION ENERGY": 17.344561281489646,
    "ONE-ELECTRON ENERGY": -181.36677379823502,
    "PCM POLARIZATION ENERGY": 0.0,
    "PE ENERGY": 0.0,
    "SCF DIPOLE X": 0.0,
    "SCF DIPOLE Y": 0.0,
    "SCF DIPOLE Z": -5.643810867306312e-16,
    "SCF ITERATION ENERGY": -108.65576180898404,
    "SCF ITERATIONS": 9.0,
    "SCF TOTAL ENERGY": -108.65576180898404,
    "TWO-ELECTRON ENERGY": 55.36645070776132
}