{
    "CC D1 DIAGNOSTIC": 0.034812547240205105,
    "CC D2 DIAGNOSTIC": 0.09556308710716714,
    "CC NEW D1 DIAGNOSTIC": 0.034812547240205105,
    "CC T1 DIAGNOSTIC": 0.015210932172283694,
    "CCSD CORRELATION ENERGY": -0.17797826179145898,
    "CCSD OPPOSITE-SPIN CORRELATION ENERGY": -0.14247754096505078,
    "CCSD SAME-SPIN CORRELATION ENERGY": -0.035500720826408205,
    "CCSD TOTAL ENERGY": -107.12172078380303,
    "CURRENT CORRELATION ENERGY": -0.17797826179145898,
    "CURRENT DIPOLE X": 0.0,
    "CURRENT DIPOLE Y": 0.0,
    "CURRENT DIPOLE Z": -5.632896736552325,
    "CURRENT ENERGY": -107.12172078380303,
    "CURRENT REFERENCE ENERGY": -106.94374252201168,
    "HF TOTAL ENERGY": -106.94374252201168,
    "LCCSD (+LMP2) TOTAL ENERGY": -107.14591182943174,
    "MP2 CORRELATION ENERGY": -0.1784002600685806,
    "MP2 OPPOSITE-SPIN CORRELATION ENERGY": -0.13519483290275425,
    "MP2 SAME-SPIN CORRELATION ENERGY": -0.04320542716582634,
    "MP2 TOTAL ENERGY": -107.12214278208016,
    "NUCLEAR REPULSION ENERGY": 10.45319541518349,
    "ONE-ELECTRON ENERGY": -171.97766823970863,
    "PCM POLARIZATION ENERGY": 0.0,
    "PE ENERGY": 0.0,
    "SCF DIPOLE X": 0.0,
    "SCF DIPOLE Y": 0.0,
    "SCF DIPOLE Z": -5.632896736552325,
    "SCF ITERATION ENERGY": -106.94374252201168,
    "SCF ITERATIONS": 10.0,
    "SCF TOTAL ENERGY": -106.94374252201168,
    "TWO-ELECTRON ENERGY": 54.58073030251346
}