{
    "CC D1 DIAGNOSTIC": 0.05580465619852938,
    "CC D2 DIAGNOSTIC": 0.09171130881200579,
    "CC NEW D1 DIAGNOSTIC": 0.05580465619852938,
    "CC T1 DIAGNOSTIC": 0.018536097862210766,
    "CCSD CORRELATION ENERGY": -0.1762879921953496,
    "CCSD OPPOSITE-SPIN CORRELATION ENERGY": -0.1397253847283437,
    "CCSD SAME-SPIN CORRELATION ENERGY": -0.03656260746700582,
    "CCSD TOTAL ENERGY": -106.48989866345644,
    "CURRENT CORRELATION ENERGY": -0.1762879921953496,
    "CURRENT DIPOLE X": 0.0,
    "CURRENT DIPOLE Y": 0.0,
    "CURRENT DIPOLE Z": -3.185240471744408,
    "CURRENT ENERGY": -106.48989866345644,
    "CURRENT REFERENCE ENERGY": -106.31361067126097,
    "HF TOTAL ENERGY": -106.31361067126097,
    "LCCSD (+LMP2) TOTAL ENERGY": -106.48790895766292,
    "MP2 CORRELATION ENERGY": -0.1769693654109033,
    "MP2 OPPOSITE-SPIN CORRELATION ENERGY": -0.13338612495257354,
    "MP2 SAME-SPIN CORRELATION ENERGY": -0.04358324045832976,
    "MP2 TOTAL ENERGY": -106.49058003667199,
    "NUCLEAR REPULSION ENERGY": 16.293806033982293,
    "ONE-ELECTRON ENERGY": -181.58178719763006,
    "PCM POLARIZATION ENERGY": 0.0,
    "PE ENERGY": 0.0,
    "SCF DIPOLE X": 0.0,
    "SCF DIPOLE Y": 0.0,
    "SCF DIPOLE Z": -3.185240471744408,
    "SCF ITERATION ENERGY": -106.31361067126097,
    "SCF ITERATIONS": 10.0,
    "SCF TOTAL ENERGY": -106.31361067126097,
    "TWO-ELECTRON ENERGY": 58.9743704923868
}