{
    "CC D1 DIAGNOSTIC": 0.02754413083315802,
    "CC D2 DIAGNOSTIC": 0.1572961225406684,
    "CC NEW D1 DIAGNOSTIC": 0.02754413083315802,
    "CC T1 DIAGNOSTIC": 0.009785732012410253,
    "CCSD CORRELATION ENERGY": -0.17353609380590687,
    "CCSD OPPOSITE-SPIN CORRELATION ENERGY": -0.14088430953554126,
    "CCSD SAME-SPIN CORRELATION ENERGY": -0.03265178427036561,
    "CCSD TOTAL ENERGY": -100.15690007670558,
    "CURRENT CORRELATION ENERGY": -0.17353609380590687,
    "CURRENT DIPOLE X": 0.0,
    "CURRENT DIPOLE Y": 0.0,
    "CURRENT DIPOLE Z": -2.632197492709929,
    "CURRENT ENERGY": -100.15690007670558,
    "CURRENT REFERENCE ENERGY": -99.9833639828996,
    "HF TOTAL ENERGY": -99.9833639828996,
    "LCCSD (+LMP2) TOTAL ENERGY": -100.33686944179233,
    "MP2 CORRELATION ENERGY": -0.1717433007999132,
    "MP2 OPPOSITE-SPIN CORRELATION ENERGY": -0.13072857081516093,
    "MP2 SAME-SPIN CORRELATION ENERGY": -0.04101472998475228,
    "MP2 TOTAL ENERGY": -100.15510728369959,
    "NUCLEAR REPULSION ENERGY": 4.147730347089584,
    "ONE-ELECTRON ENERGY": -148.80517576525287,
    "PCM POLARIZATION ENERGY": 0.0,
    "PE ENERGY": 0.0,
    "SCF DIPOLE X": 0.0,
    "SCF DIPOLE Y": 0.0,
    "SCF DIPOLE Z": -2.632197492709929,
    "SCF ITERATION ENERGY": -99.9833639828996,
    "SCF ITERATIONS": 10.0,
    "SCF TOTAL ENERGY": -99.9833639828996,
    "TWO-ELECTRON ENERGY": 44.67408143526369
}