{
    "CC D1 DIAGNOSTIC": 0.014683142206533259,
    "CC D2 DIAGNOSTIC": 0.11337395626964102,
    "CC NEW D1 DIAGNOSTIC": 0.014683142206533259,
    "CC T1 DIAGNOSTIC": 0.006416963494090866,
    "CCSD CORRELATION ENERGY": -0.1609247184349479,
    "CCSD OPPOSITE-SPIN CORRELATION ENERGY": -0.1291285527108289,
    "CCSD SAME-SPIN CORRELATION ENERGY": -0.03179616572411903,
    "CCSD TOTAL ENERGY": -100.18240391491801,
    "CURRENT CORRELATION ENERGY": -0.1609247184349479,
    "CURRENT DIPOLE X": 0.0,
    "CURRENT DIPOLE Y": 0.0,
    "CURRENT DIPOLE Z": -2.3401615735719985,
    "CURRENT ENERGY": -100.18240391491801,
    "CURRENT REFERENCE ENERGY": -100.02147919648307,
    "HF TOTAL ENERGY": -100.02147919648306,
    "LCCSD (+LMP2) TOTAL ENERGY": -100.19458813400676,
    "MP2 CORRELATION ENERGY": -0.1596609576573006,
    "MP2 OPPOSITE-SPIN CORRELATION ENERGY": -0.12123664232348826,
    "MP2 SAME-SPIN CORRELATION ENERGY": -0.03842431533381234,
    "MP2 TOTAL ENERGY": -100.18114015414037,
    "NUCLEAR REPULSION ENERGY": 5.164884928119728,
    "ONE-ELECTRON ENERGY": -150.57014658095125,
    "PCM POLARIZATION ENERGY": 0.0,
    "PE ENERGY": 0.0,
    "SCF DIPOLE X": 0.0,
    "SCF DIPOLE Y": 0.0,
    "SCF DIPOLE Z": -2.3401615735719985,
    "SCF ITERATION ENERGY": -100.02147919648307,
    "SCF ITERATIONS": 9.0,
    "SCF TOTAL ENERGY": -100.02147919648307,
    "TWO-ELECTRON ENERGY": 45.383782456348456
}