{
    "CC D1 DIAGNOSTIC": 0.041050882334633776,
    "CC D2 DIAGNOSTIC": 0.09138766609277364,
    "CC NEW D1 DIAGNOSTIC": 0.041050882334633776,
    "CC T1 DIAGNOSTIC": 0.015443437122067959,
    "CCSD CORRELATION ENERGY": -0.1749274117913166,
    "CCSD OPPOSITE-SPIN CORRELATION ENERGY": -0.13888147510778445,
    "CCSD SAME-SPIN CORRELATION ENERGY": -0.03604593668353215,
    "CCSD TOTAL ENERGY": -106.65191373085653,
    "CURRENT CORRELATION ENERGY": -0.1749274117913166,
    "CURRENT DIPOLE X": 0.0,
    "CURRENT DIPOLE Y": 0.0,
    "CURRENT DIPOLE Z": -3.537504221097483,
    "CURRENT ENERGY": -106.65191373085653,
    "CURRENT REFERENCE ENERGY": -106.47698631906508,
    "HF TOTAL ENERGY": -106.47698631906508,
    "LCCSD (+LMP2) TOTAL ENERGY": -106.65340020561908,
    "MP2 CORRELATION ENERGY": -0.1754077133561593,
    "MP2 OPPOSITE-SPIN CORRELATION ENERGY": -0.13239149870237818,
    "MP2 SAME-SPIN CORRELATION ENERGY": -0.04301621465378111,
    "MP2 TOTAL ENERGY": -106.65239403242138,
    "NUCLEAR REPULSION ENERGY": 15.369022448269785,
    "ONE-ELECTRON ENERGY": -180.22046424552437,
    "PCM POLARIZATION ENERGY": 0.0,
    "PE ENERGY": 0.0,
    "SCF DIPOLE X": 0.0,
    "SCF DIPOLE Y": 0.0,
    "SCF DIPOLE Z": -3.537504221097483,
    "SCF ITERATION ENERGY": -106.47698631906508,
    "SCF ITERATIONS": 10.0,
    "SCF TOTAL ENERGY": -106.47698631906508,
    "TWO-ELECTRON ENERGY": 58.374455478189496
}