{
    "CC D1 DIAGNOSTIC": 0.011536300157089566,
    "CC D2 DIAGNOSTIC": 0.11413307256516778,
    "CC NEW D1 DIAGNOSTIC": 0.011536300157089566,
    "CC T1 DIAGNOSTIC": 0.004729016788094722,
    "CCSD CORRELATION ENERGY": -0.10975906029845436,
    "CCSD OPPOSITE-SPIN CORRELATION ENERGY": -0.09032876563717532,
    "CCSD SAME-SPIN CORRELATION ENERGY": -0.019430294661278907,
    "CCSD TOTAL ENERGY": -460.17105438034054,
    "CURRENT CORRELATION ENERGY": -0.10975906029845436,
    "CURRENT DIPOLE X": 0.0,
    "CURRENT DIPOLE Y": 0.0,
    "CURRENT DIPOLE Z": -1.8493606349608425,
    "CURRENT ENERGY": -460.17105438034054,
    "CURRENT REFERENCE ENERGY": -460.0612953200418,
    "HF TOTAL ENERGY": -460.06129532004184,
    "LCCSD (+LMP2) TOTAL ENERGY": -460.17099787940344,
    "MP2 CORRELATION ENERGY": -0.10047743698683172,
    "MP2 OPPOSITE-SPIN CORRELATION ENERGY": -0.08024848154908691,
    "MP2 SAME-SPIN CORRELATION ENERGY": -0.020228955437744806,
    "MP2 TOTAL ENERGY": -460.16177275702887,
    "NUCLEAR REPULSION ENERGY": 7.397547535936407,
    "ONE-ELECTRON ENERGY": -650.2615966124499,
    "PCM POLARIZATION ENERGY": 0.0,
    "PE ENERGY": 0.0,
    "SCF DIPOLE X": 0.0,
    "SCF DIPOLE Y": 0.0,
    "SCF DIPOLE Z": -1.8493606349608425,
    "SCF ITERATION ENERGY": -460.0612953200418,
    "SCF ITERATIONS": 9.0,
    "SCF TOTAL ENERGY": -460.0612953200418,
    "TWO-ELECTRON ENERGY": 182.8027537564717
}