{
    "CC D1 DIAGNOSTIC": 0.04085537497394028,
    "CC D2 DIAGNOSTIC": 0.2648850941366285,
    "CC NEW D1 DIAGNOSTIC": 0.04085537497394028,
    "CC T1 DIAGNOSTIC": 0.012750376345082515,
    "CCSD CORRELATION ENERGY": -0.32130551197767854,
    "CCSD OPPOSITE-SPIN CORRELATION ENERGY": -0.2623141145717424,
    "CCSD SAME-SPIN CORRELATION ENERGY": -0.058991397405936064,
    "CCSD TOTAL ENERGY": -149.83012317961075,
    "CURRENT CORRELATION ENERGY": -0.32130551197767854,
    "CURRENT DIPOLE X": 0.0,
    "CURRENT DIPOLE Y": 0.0,
    "CURRENT DIPOLE Z": 0.0,
    "CURRENT ENERGY": -149.83012317961075,
    "CURRENT REFERENCE ENERGY": -149.50881766763337,
    "HF TOTAL ENERGY": -149.50881766763337,
    "LCCSD (+LMP2) TOTAL ENERGY": -149.8653855551398,
    "MP2 CORRELATION ENERGY": -0.33164921564091226,
    "MP2 OPPOSITE-SPIN CORRELATION ENERGY": -0.24964240693629614,
    "MP2 SAME-SPIN CORRELATION ENERGY": -0.08200680870461613,
    "MP2 TOTAL ENERGY": -149.840466883274,
    "NUCLEAR REPULSION ENERGY": 27.341180345205355,
    "ONE-ELECTRON ENERGY": -259.86979324366007,
    "PCM POLARIZATION ENERGY": 0.0,
    "PE ENERGY": 0.0,
    "SCF DIPOLE X": 0.0,
    "SCF DIPOLE Y": 0.0,
    "SCF DIPOLE Z": 0.0,
    "SCF ITERATION ENERGY": -149.50881766763337,
    "SCF ITERATIONS": 9.0,
    "SCF TOTAL ENERGY": -149.50881766763337,
    "TWO-ELECTRON ENERGY": 83.01979523082137
}