{
    "CC D1 DIAGNOSTIC": 0.02258190290697184,
    "CC D2 DIAGNOSTIC": 0.16545237057844508,
    "CC NEW D1 DIAGNOSTIC": 0.02258190290697184,
    "CC T1 DIAGNOSTIC": 0.00955517479161794,
    "CCSD CORRELATION ENERGY": -0.2665085556581064,
    "CCSD OPPOSITE-SPIN CORRELATION ENERGY": -0.21560765812051513,
    "CCSD SAME-SPIN CORRELATION ENERGY": -0.05090089753759136,
    "CCSD TOTAL ENERGY": -109.15840482178542,
    "CURRENT CORRELATION ENERGY": -0.2665085556581064,
    "CURRENT DIPOLE X": 0.0,
    "CURRENT DIPOLE Y": 0.0,
    "CURRENT DIPOLE Z": 0.0,
    "CURRENT ENERGY": -109.15840482178542,
    "CURRENT REFERENCE ENERGY": -108.89189626612733,
    "HF TOTAL ENERGY": -108.89189626612733,
    "LCCSD (+LMP2) TOTAL ENERGY": -109.18847702063547,
    "MP2 CORRELATION ENERGY": -0.27400631077290305,
    "MP2 OPPOSITE-SPIN CORRELATION ENERGY": -0.20581302681267233,
    "MP2 SAME-SPIN CORRELATION ENERGY": -0.06819328396023072,
    "MP2 TOTAL ENERGY": -109.16590257690022,
    "NUCLEAR REPULSION ENERGY": 24.513097298067308,
    "ONE-ELECTRON ENERGY": -195.571535249542,
    "PCM POLARIZATION ENERGY": 0.0,
    "PE ENERGY": 0.0,
    "SCF DIPOLE X": 0.0,
    "SCF DIPOLE Y": 0.0,
    "SCF DIPOLE Z": 0.0,
    "SCF ITERATION ENERGY": -108.89189626612733,
    "SCF ITERATIONS": 8.0,
    "SCF TOTAL ENERGY": -108.89189626612733,
    "TWO-ELECTRON ENERGY": 62.16654168534733
}