{
    "CC D1 DIAGNOSTIC": 0.028737074784329467,
    "CC D2 DIAGNOSTIC": 0.2026571235201326,
    "CC NEW D1 DIAGNOSTIC": 0.028737074784329467,
    "CC T1 DIAGNOSTIC": 0.008015698627347431,
    "CCSD CORRELATION ENERGY": -0.12589430498091553,
    "CCSD OPPOSITE-SPIN CORRELATION ENERGY": -0.10544021359419467,
    "CCSD SAME-SPIN CORRELATION ENERGY": -0.020454091386722023,
    "CCSD TOTAL ENERGY": -460.15046835580296,
    "CURRENT CORRELATION ENERGY": -0.12589430498091553,
    "CURRENT DIPOLE X": 0.0,
    "CURRENT DIPOLE Y": 0.0,
    "CURRENT DIPOLE Z": -2.1239799674864788,
    "CURRENT ENERGY": -460.15046835580296,
    "CURRENT REFERENCE ENERGY": -460.02457405082197,
    "HF TOTAL ENERGY": -460.024574050822,
    "LCCSD (+LMP2) TOTAL ENERGY": -460.15201382975414,
    "MP2 CORRELATION ENERGY": -0.11177529671842787,
    "MP2 OPPOSITE-SPIN CORRELATION ENERGY": -0.08955785344494857,
    "MP2 SAME-SPIN CORRELATION ENERGY": -0.022217443273479298,
    "MP2 TOTAL ENERGY": -460.13634934754043,
    "NUCLEAR REPULSION ENERGY": 5.392188264146416,
    "ONE-ELECTRON ENERGY": -646.4304421084232,
    "PCM POLARIZATION ENERGY": 0.0,
    "PE ENERGY": 0.0,
    "SCF DIPOLE X": 0.0,
    "SCF DIPOLE Y": 0.0,
    "SCF DIPOLE Z": -2.1239799674864788,
    "SCF ITERATION ENERGY": -460.02457405082197,
    "SCF ITERATIONS": 9.0,
    "SCF TOTAL ENERGY": -460.02457405082197,
    "TWO-ELECTRON ENERGY": 181.01367979345483
}