{
    "CC D1 DIAGNOSTIC": 0.0696744963514685,
    "CC D2 DIAGNOSTIC": 0.4916449715097048,
    "CC NEW D1 DIAGNOSTIC": 0.0696744963514685,
    "CC T1 DIAGNOSTIC": 0.02926759323073929,
    "CCSD CORRELATION ENERGY": -0.46668422819113875,
    "CCSD OPPOSITE-SPIN CORRELATION ENERGY": -0.4534172841064256,
    "CCSD SAME-SPIN CORRELATION ENERGY": -0.013266944084713184,
    "CCSD TOTAL ENERGY": -108.92062164482746,
    "CURRENT CORRELATION ENERGY": -0.46668422819113875,
    "CURRENT DIPOLE X": 0.0,
    "CURRENT DIPOLE Y": 0.0,
    "CURRENT DIPOLE Z": 5.643810867306312e-16,
    "CURRENT ENERGY": -108.92062164482746,
    "CURRENT REFERENCE ENERGY": -108.45393741663557,
    "HF TOTAL ENERGY": -108.45393741663557,
    "LCCSD (+LMP2) TOTAL ENERGY": -108.96820757534148,
    "MP2 CORRELATION ENERGY": -0.6474903686371092,
    "MP2 OPPOSITE-SPIN CORRELATION ENERGY": -0.45662207285232037,
    "MP2 SAME-SPIN CORRELATION ENERGY": -0.1908682957847888,
    "MP2 TOTAL ENERGY": -109.10142778527343,
    "NUCLEAR REPULSION ENERGY": 14.494401632705534,
    "ONE-ELECTRON ENERGY": -175.59535132877372,
    "PCM POLARIZATION ENERGY": 0.0,
    "PE ENERGY": 0.0,
    "SCF DIPOLE X": 0.0,
    "SCF DIPOLE Y": 0.0,
    "SCF DIPOLE Z": 5.643810867306312e-16,
    "SCF ITERATION ENERGY": -108.45393741663557,
    "SCF ITERATIONS": 8.0,
    "SCF TOTAL ENERGY": -108.45393741663557,
    "TWO-ELECTRON ENERGY": 52.64701227943261
}