{
    "CC D1 DIAGNOSTIC": 0.009051488470849396,
    "CC D2 DIAGNOSTIC": 0.0877099598956636,
    "CC NEW D1 DIAGNOSTIC": 0.009051488470849396,
    "CC T1 DIAGNOSTIC": 0.005187720761350118,
    "CCSD CORRELATION ENERGY": -0.15097596845860353,
    "CCSD OPPOSITE-SPIN CORRELATION ENERGY": -0.12046975446274193,
    "CCSD SAME-SPIN CORRELATION ENERGY": -0.030506213995861606,
    "CCSD TOTAL ENERGY": -100.11350528711024,
    "CURRENT CORRELATION ENERGY": -0.15097596845860353,
    "CURRENT DIPOLE X": 0.0,
    "CURRENT DIPOLE Y": 0.0,
    "CURRENT DIPOLE Z": -2.0926524735211713,
    "CURRENT ENERGY": -100.11350528711024,
    "CURRENT REFERENCE ENERGY": -99.96252931865172,
    "HF TOTAL ENERGY": -99.96252931865172,
    "LCCSD (+LMP2) TOTAL ENERGY": -100.09657546650534,
    "MP2 CORRELATION ENERGY": -0.14929231530533293,
    "MP2 OPPOSITE-SPIN CORRELATION ENERGY": -0.11346661137220622,
    "MP2 SAME-SPIN CORRELATION ENERGY": -0.035825703933126715,
    "MP2 TOTAL ENERGY": -100.11182163395696,
    "NUCLEAR REPULSION ENERGY": 6.491482084314864,
    "ONE-ELECTRON ENERGY": -152.71367038484928,
    "PCM POLARIZATION ENERGY": 0.0,
    "PE ENERGY": 0.0,
    "SCF DIPOLE X": 0.0,
    "SCF DIPOLE Y": 0.0,
    "SCF DIPOLE Z": -2.0926524735211713,
    "SCF ITERATION ENERGY": -99.96252931865172,
    "SCF ITERATIONS": 9.0,
    "SCF TOTAL ENERGY": -99.96252931865172,
    "TWO-ELECTRON ENERGY": 46.259658981882694
}