{
    "CC D1 DIAGNOSTIC": 0.010086600403383756,
    "CC D2 DIAGNOSTIC": 0.1037936416400668,
    "CC NEW D1 DIAGNOSTIC": 0.010086600403383756,
    "CC T1 DIAGNOSTIC": 0.004553716476535253,
    "CCSD CORRELATION ENERGY": -0.21560740797876746,
    "CCSD OPPOSITE-SPIN CORRELATION ENERGY": -0.17179456291677675,
    "CCSD SAME-SPIN CORRELATION ENERGY": -0.04381284506199079,
    "CCSD TOTAL ENERGY": -107.80726406808236,
    "CURRENT CORRELATION ENERGY": -0.21560740797876746,
    "CURRENT DIPOLE X": 0.0,
    "CURRENT DIPOLE Y": 0.0,
    "CURRENT DIPOLE Z": 2.821905433653156e-16,
    "CURRENT ENERGY": -107.80726406808236,
    "CURRENT REFERENCE ENERGY": -107.59165666010381,
    "HF TOTAL ENERGY": -107.59165666010381,
    "LCCSD (+LMP2) TOTAL ENERGY": -107.83616210506774,
    "MP2 CORRELATION ENERGY": -0.20764658627332785,
    "MP2 OPPOSITE-SPIN CORRELATION ENERGY": -0.15916495319560575,
    "MP2 SAME-SPIN CORRELATION ENERGY": -0.0484816330777221,
    "MP2 TOTAL ENERGY": -107.79930324637692,
    "NUCLEAR REPULSION ENERGY": 37.25636809561858,
    "ONE-ELECTRON ENERGY": -217.66715582442217,
    "PCM POLARIZATION ENERGY": 0.0,
    "PE ENERGY": 0.0,
    "SCF DIPOLE X": 0.0,
    "SCF DIPOLE Y": 0.0,
    "SCF DIPOLE Z": 2.821905433653156e-16,
    "SCF ITERATION ENERGY": -107.59165666010381,
    "SCF ITERATIONS": 8.0,
    "SCF TOTAL ENERGY": -107.59165666010381,
    "TWO-ELECTRON ENERGY": 72.81913106869979
}