{
    "CC D1 DIAGNOSTIC": 0.010970098532047912,
    "CC D2 DIAGNOSTIC": 0.09778443538114205,
    "CC NEW D1 DIAGNOSTIC": 0.010970098532047912,
    "CC T1 DIAGNOSTIC": 0.005583646122044273,
    "CCSD CORRELATION ENERGY": -0.1552817319854023,
    "CCSD OPPOSITE-SPIN CORRELATION ENERGY": -0.1241578815228541,
    "CCSD SAME-SPIN CORRELATION ENERGY": -0.031123850462548217,
    "CCSD TOTAL ENERGY": -100.16377586145025,
    "CURRENT CORRELATION ENERGY": -0.1552817319854023,
    "CURRENT DIPOLE X": 0.0,
    "CURRENT DIPOLE Y": 0.0,
    "CURRENT DIPOLE Z": -2.203338867781618,
    "CURRENT ENERGY": -100.16377586145025,
    "CURRENT REFERENCE ENERGY": -100.00849412946488,
    "HF TOTAL ENERGY": -100.00849412946489,
    "LCCSD (+LMP2) TOTAL ENERGY": -100.16033372829612,
    "MP2 CORRELATION ENERGY": -0.15384437115006316,
    "MP2 OPPOSITE-SPIN CORRELATION ENERGY": -0.11684510884097052,
    "MP2 SAME-SPIN CORRELATION ENERGY": -0.036999262309092645,
    "MP2 TOTAL ENERGY": -100.16233850061491,
    "NUCLEAR REPULSION ENERGY": 5.832346980369046,
    "ONE-ELECTRON ENERGY": -151.674641235129,
    "PCM POLARIZATION ENERGY": 0.0,
    "PE ENERGY": 0.0,
    "SCF DIPOLE X": 0.0,
    "SCF DIPOLE Y": 0.0,
    "SCF DIPOLE Z": -2.203338867781618,
    "SCF ITERATION ENERGY": -100.00849412946488,
    "SCF ITERATIONS": 9.0,
    "SCF TOTAL ENERGY": -100.00849412946488,
    "TWO-ELECTRON ENERGY": 45.83380012529507
}