{
    "CC D1 DIAGNOSTIC": 0.12015939923194537,
    "CC D2 DIAGNOSTIC": 0.2136475357659142,
    "CC NEW D1 DIAGNOSTIC": 0.12015939923194537,
    "CC T1 DIAGNOSTIC": 0.03523409096344724,
    "CCSD CORRELATION ENERGY": -0.20256334391580555,
    "CCSD OPPOSITE-SPIN CORRELATION ENERGY": -0.16395195717289793,
    "CCSD SAME-SPIN CORRELATION ENERGY": -0.03861138674290773,
    "CCSD TOTAL ENERGY": -105.60518295093274,
    "CURRENT CORRELATION ENERGY": -0.20256334391580555,
    "CURRENT DIPOLE X": 0.0,
    "CURRENT DIPOLE Y": 0.0,
    "CURRENT DIPOLE Z": -0.44144130442570195,
    "CURRENT ENERGY": -105.60518295093274,
    "CURRENT REFERENCE ENERGY": -105.40261960701697,
    "HF TOTAL ENERGY": -105.40261960701696,
    "LCCSD (+LMP2) TOTAL ENERGY": -105.60426913047425,
    "MP2 CORRELATION ENERGY": -0.20345331298279054,
    "MP2 OPPOSITE-SPIN CORRELATION ENERGY": -0.15412497883973858,
    "MP2 SAME-SPIN CORRELATION ENERGY": -0.04932833414305196,
    "MP2 TOTAL ENERGY": -105.60607291999973,
    "NUCLEAR REPULSION ENERGY": 20.3090653780708,
    "ONE-ELECTRON ENERGY": -185.80727766463073,
    "PCM POLARIZATION ENERGY": 0.0,
    "PE ENERGY": 0.0,
    "SCF DIPOLE X": 0.0,
    "SCF DIPOLE Y": 0.0,
    "SCF DIPOLE Z": -0.44144130442570195,
    "SCF ITERATION ENERGY": -105.40261960701697,
    "SCF ITERATIONS": 12.0,
    "SCF TOTAL ENERGY": -105.40261960701697,
    "TWO-ELECTRON ENERGY": 60.09559267954295
}