{
    "CURRENT CORRELATION ENERGY": -0.029715728563042054,
    "CURRENT DIPOLE X": 0.0,
    "CURRENT DIPOLE Y": 0.0,
    "CURRENT DIPOLE Z": 1.1463990824215945e-15,
    "CURRENT ENERGY": -1.0334960174864862,
    "CURRENT REFERENCE ENERGY": -1.0037802889234442,
    "CUSTOM SCS-MP2 CORRELATION ENERGY": -0.03565887427565046,
    "CUSTOM SCS-MP2 TOTAL ENERGY": -1.0394391631990947,
    "HF TOTAL ENERGY": -1.0037802889234442,
    "MP2 CORRELATION ENERGY": -0.029715728563042054,
    "MP2 OPPOSITE-SPIN CORRELATION ENERGY": -0.02971572856304205,
    "MP2 SAME-SPIN CORRELATION ENERGY": 0.0,
    "MP2 TOTAL ENERGY": -1.0334960174864862,
    "NUCLEAR REPULSION ENERGY": 0.35765080445282754,
    "ONE-ELECTRON ENERGY": -1.8315394508703906,
    "PCM POLARIZATION ENERGY": 0.0,
    "PE ENERGY": 0.0,
    "SCF DIPOLE X": 0.0,
    "SCF DIPOLE Y": 0.0,
    "SCF DIPOLE Z": 1.1463990824215945e-15,
    "SCF ITERATION ENERGY": -1.0037802889234442,
    "SCF ITERATIONS": 5.0,
    "SCF TOTAL ENERGY": -1.0037802889234442,
    "SCS-MP2 CORRELATION ENERGY": -0.03565887427565046,
    "SCS-MP2 TOTAL ENERGY": -1.0394391631990947,
    "SCS-MP2-VDW CORRELATION ENERGY": -0.038036132560693936,
    "SCS-MP2-VDW TOTAL ENERGY": -1.041816421484138,
    "SCSN-MP2 CORRELATION ENERGY": 0.0,
    "SCSN-MP2 TOTAL ENERGY": -1.0037802889234442,
    "SOS-MP2 CORRELATION ENERGY": 0.0,
    "SOS-MP2 TOTAL ENERGY": -1.0037802889234442,
    "SOS-PI-MP2 CORRELATION ENERGY": -0.041602019988258965,
    "SOS-PI-MP2 TOTAL ENERGY": -1.0453823089117031,
    "TWO-ELECTRON ENERGY": 0.47010835749411894
}