{
    "CC D1 DIAGNOSTIC": 0.014837340893909914,
    "CC D2 DIAGNOSTIC": 0.11408797047907986,
    "CC NEW D1 DIAGNOSTIC": 0.014837340893909914,
    "CC T1 DIAGNOSTIC": 0.006822653326196812,
    "CCSD CORRELATION ENERGY": -0.16120459107836282,
    "CCSD OPPOSITE-SPIN CORRELATION ENERGY": -0.13243766855007796,
    "CCSD SAME-SPIN CORRELATION ENERGY": -0.02876692252828489,
    "CCSD TOTAL ENERGY": -76.16041068414816,
    "CURRENT CORRELATION ENERGY": -0.16120459107836282,
    "CURRENT DIPOLE X": 0.0,
    "CURRENT DIPOLE Y": 0.0,
    "CURRENT DIPOLE Z": -1.9651064859049208,
    "CURRENT ENERGY": -76.16041068414816,
    "CURRENT REFERENCE ENERGY": -75.99920609306976,
    "HF TOTAL ENERGY": -75.99920609306976,
    "LCCSD (+LMP2) TOTAL ENERGY": -76.16536457409313,
    "MP2 CORRELATION ENERGY": -0.1556074460405562,
    "MP2 OPPOSITE-SPIN CORRELATION ENERGY": -0.12060062012856643,
    "MP2 SAME-SPIN CORRELATION ENERGY": -0.03500682591198978,
    "MP2 TOTAL ENERGY": -76.15481353911036,
    "NUCLEAR REPULSION ENERGY": 9.11894492638967,
    "ONE-ELECTRON ENERGY": -123.0297043128864,
    "PCM POLARIZATION ENERGY": 0.0,
    "PE ENERGY": 0.0,
    "SCF DIPOLE X": 0.0,
    "SCF DIPOLE Y": 0.0,
    "SCF DIPOLE Z": -1.9651064859049208,
    "SCF ITERATION ENERGY": -75.99920609306976,
    "SCF ITERATIONS": 10.0,
    "SCF TOTAL ENERGY": -75.99920609306976,
    "TWO-ELECTRON ENERGY": 37.91155329342696
}