{
    "CC D1 DIAGNOSTIC": 0.01211026659440151,
    "CC D2 DIAGNOSTIC": 0.10262858926020656,
    "CC NEW D1 DIAGNOSTIC": 0.01211026659440151,
    "CC T1 DIAGNOSTIC": 0.004939631571937417,
    "CCSD CORRELATION ENERGY": -0.20982301931921646,
    "CCSD OPPOSITE-SPIN CORRELATION ENERGY": -0.1661464975908239,
    "CCSD SAME-SPIN CORRELATION ENERGY": -0.0436765217283924,
    "CCSD TOTAL ENERGY": -105.2707371152235,
    "CURRENT CORRELATION ENERGY": -0.20982301931921646,
    "CURRENT DIPOLE X": 0.0,
    "CURRENT DIPOLE Y": 0.0,
    "CURRENT DIPOLE Z": 2.821905433653156e-16,
    "CURRENT ENERGY": -105.2707371152235,
    "CURRENT REFERENCE ENERGY": -105.06091409590428,
    "HF TOTAL ENERGY": -105.06091409590428,
    "LCCSD (+LMP2) TOTAL ENERGY": -105.29920490854256,
    "MP2 CORRELATION ENERGY": -0.20050587182356303,
    "MP2 OPPOSITE-SPIN CORRELATION ENERGY": -0.1536642454139933,
    "MP2 SAME-SPIN CORRELATION ENERGY": -0.04684162640956974,
    "MP2 TOTAL ENERGY": -105.26141996772785,
    "NUCLEAR REPULSION ENERGY": 46.909154374937906,
    "ONE-ELECTRON ENERGY": -231.12615242342986,
    "PCM POLARIZATION ENERGY": 0.0,
    "PE ENERGY": 0.0,
    "SCF DIPOLE X": 0.0,
    "SCF DIPOLE Y": 0.0,
    "SCF DIPOLE Z": 2.821905433653156e-16,
    "SCF ITERATION ENERGY": -105.06091409590428,
    "SCF ITERATIONS": 9.0,
    "SCF TOTAL ENERGY": -105.06091409590428,
    "TWO-ELECTRON ENERGY": 79.15608395258766
}