{
    "CC D1 DIAGNOSTIC": 0.039225502231348845,
    "CC D2 DIAGNOSTIC": 0.3368037827354978,
    "CC NEW D1 DIAGNOSTIC": 0.039225502231348845,
    "CC T1 DIAGNOSTIC": 0.00957467954434602,
    "CCSD CORRELATION ENERGY": -0.26130921934166795,
    "CCSD OPPOSITE-SPIN CORRELATION ENERGY": -0.20927612813611896,
    "CCSD SAME-SPIN CORRELATION ENERGY": -0.052033091205549,
    "CCSD TOTAL ENERGY": -256.15603267424325,
    "CURRENT CORRELATION ENERGY": -0.26130921934166795,
    "CURRENT DIPOLE X": 0.0,
    "CURRENT DIPOLE Y": 0.0,
    "CURRENT DIPOLE Z": 3.5011007672687997,
    "CURRENT ENERGY": -256.15603267424325,
    "CURRENT REFERENCE ENERGY": -255.89472345490188,
    "HF TOTAL ENERGY": -255.89472345490188,
    "LCCSD (+LMP2) TOTAL ENERGY": -256.15896555896387,
    "MP2 CORRELATION ENERGY": -0.24100186287943268,
    "MP2 OPPOSITE-SPIN CORRELATION ENERGY": -0.1858968264312165,
    "MP2 SAME-SPIN CORRELATION ENERGY": -0.05510503644821618,
    "MP2 TOTAL ENERGY": -256.135725317781,
    "NUCLEAR REPULSION ENERGY": 84.4155484000783,
    "ONE-ELECTRON ENERGY": -511.12410838319977,
    "PCM POLARIZATION ENERGY": 0.0,
    "PE ENERGY": 0.0,
    "SCF DIPOLE X": 0.0,
    "SCF DIPOLE Y": 0.0,
    "SCF DIPOLE Z": 3.5011007672687997,
    "SCF ITERATION ENERGY": -255.89472345490188,
    "SCF ITERATIONS": 10.0,
    "SCF TOTAL ENERGY": -255.89472345490188,
    "TWO-ELECTRON ENERGY": 170.81383652821958
}