{
    "CC D1 DIAGNOSTIC": 0.04126157642306846,
    "CC D2 DIAGNOSTIC": 0.09577392464651265,
    "CC NEW D1 DIAGNOSTIC": 0.04126157642306846,
    "CC T1 DIAGNOSTIC": 0.018572682578323736,
    "CCSD CORRELATION ENERGY": -0.18123855545481876,
    "CCSD OPPOSITE-SPIN CORRELATION ENERGY": -0.145350241447336,
    "CCSD SAME-SPIN CORRELATION ENERGY": -0.03588831400748274,
    "CCSD TOTAL ENERGY": -107.13659295170382,
    "CURRENT CORRELATION ENERGY": -0.18123855545481876,
    "CURRENT DIPOLE X": 0.0,
    "CURRENT DIPOLE Y": 0.0,
    "CURRENT DIPOLE Z": -7.1827892403365485,
    "CURRENT ENERGY": -107.13659295170382,
    "CURRENT REFERENCE ENERGY": -106.95535439624899,
    "HF TOTAL ENERGY": -106.95535439624899,
    "LCCSD (+LMP2) TOTAL ENERGY": -107.23494451817493,
    "MP2 CORRELATION ENERGY": -0.1820135349104116,
    "MP2 OPPOSITE-SPIN CORRELATION ENERGY": -0.13786333177677293,
    "MP2 SAME-SPIN CORRELATION ENERGY": -0.04415020313363868,
    "MP2 TOTAL ENERGY": -107.1373679311594,
    "NUCLEAR REPULSION ENERGY": 8.265317305028809,
    "ONE-ELECTRON ENERGY": -167.99599865655932,
    "PCM POLARIZATION ENERGY": 0.0,
    "PE ENERGY": 0.0,
    "SCF DIPOLE X": 0.0,
    "SCF DIPOLE Y": 0.0,
    "SCF DIPOLE Z": -7.1827892403365485,
    "SCF ITERATION ENERGY": -106.95535439624899,
    "SCF ITERATIONS": 10.0,
    "SCF TOTAL ENERGY": -106.95535439624899,
    "TWO-ELECTRON ENERGY": 52.775326955281514
}