{
    "CC D1 DIAGNOSTIC": 0.029462001338156966,
    "CC D2 DIAGNOSTIC": 0.09444102301100593,
    "CC NEW D1 DIAGNOSTIC": 0.029462001338156966,
    "CC T1 DIAGNOSTIC": 0.013490372385310024,
    "CCSD CORRELATION ENERGY": -0.1754631410595755,
    "CCSD OPPOSITE-SPIN CORRELATION ENERGY": -0.1400658628575469,
    "CCSD SAME-SPIN CORRELATION ENERGY": -0.03539727820202854,
    "CCSD TOTAL ENERGY": -107.00480066719463,
    "CURRENT CORRELATION ENERGY": -0.1754631410595755,
    "CURRENT DIPOLE X": 0.0,
    "CURRENT DIPOLE Y": 0.0,
    "CURRENT DIPOLE Z": -4.625000891671017,
    "CURRENT ENERGY": -107.00480066719463,
    "CURRENT REFERENCE ENERGY": -106.82933752613503,
    "HF TOTAL ENERGY": -106.82933752613502,
    "LCCSD (+LMP2) TOTAL ENERGY": -107.00459910906041,
    "MP2 CORRELATION ENERGY": -0.17574500791718034,
    "MP2 OPPOSITE-SPIN CORRELATION ENERGY": -0.13307263200081557,
    "MP2 SAME-SPIN CORRELATION ENERGY": -0.042672375916364774,
    "MP2 TOTAL ENERGY": -107.00508253405224,
    "NUCLEAR REPULSION ENERGY": 12.525414770616344,
    "ONE-ELECTRON ENERGY": -175.6118261349785,
    "PCM POLARIZATION ENERGY": 0.0,
    "PE ENERGY": 0.0,
    "SCF DIPOLE X": 0.0,
    "SCF DIPOLE Y": 0.0,
    "SCF DIPOLE Z": -4.625000891671017,
    "SCF ITERATION ENERGY": -106.82933752613503,
    "SCF ITERATIONS": 9.0,
    "SCF TOTAL ENERGY": -106.82933752613503,
    "TWO-ELECTRON ENERGY": 56.25707383822711
}