{
    "CC D1 DIAGNOSTIC": 0.03533204174527394,
    "CC D2 DIAGNOSTIC": 0.14019109136769234,
    "CC NEW D1 DIAGNOSTIC": 0.03533204174527394,
    "CC T1 DIAGNOSTIC": 0.012119473917085965,
    "CCSD CORRELATION ENERGY": -0.37956813756553176,
    "CCSD OPPOSITE-SPIN CORRELATION ENERGY": -0.2986196732421599,
    "CCSD SAME-SPIN CORRELATION ENERGY": -0.08094846432337183,
    "CCSD TOTAL ENERGY": -187.85915702210892,
    "CURRENT CORRELATION ENERGY": -0.37956813756553176,
    "CURRENT DIPOLE X": 0.0,
    "CURRENT DIPOLE Y": 0.0,
    "CURRENT DIPOLE Z": 0.0,
    "CURRENT ENERGY": -187.85915702210892,
    "CURRENT REFERENCE ENERGY": -187.47958888454224,
    "HF TOTAL ENERGY": -187.47958888454224,
    "LCCSD (+LMP2) TOTAL ENERGY": -187.8403027090467,
    "MP2 CORRELATION ENERGY": -0.38713675567163536,
    "MP2 OPPOSITE-SPIN CORRELATION ENERGY": -0.2887630328375026,
    "MP2 SAME-SPIN CORRELATION ENERGY": -0.09837372283413276,
    "MP2 TOTAL ENERGY": -187.866725640215,
    "NUCLEAR REPULSION ENERGY": 65.43301898148661,
    "ONE-ELECTRON ENERGY": -385.44160597742115,
    "PCM POLARIZATION ENERGY": 0.0,
    "PE ENERGY": 0.0,
    "SCF DIPOLE X": 0.0,
    "SCF DIPOLE Y": 0.0,
    "SCF DIPOLE Z": 0.0,
    "SCF ITERATION ENERGY": -187.47958888454224,
    "SCF ITERATIONS": 9.0,
    "SCF TOTAL ENERGY": -187.47958888454224,
    "TWO-ELECTRON ENERGY": 132.5289981113923
}