{
    "CC D1 DIAGNOSTIC": 0.020684504118328683,
    "CC D2 DIAGNOSTIC": 0.11619171236549043,
    "CC NEW D1 DIAGNOSTIC": 0.020684504118328683,
    "CC T1 DIAGNOSTIC": 0.006610699643473922,
    "CCSD CORRELATION ENERGY": -0.20788668552306674,
    "CCSD OPPOSITE-SPIN CORRELATION ENERGY": -0.16412623008936528,
    "CCSD SAME-SPIN CORRELATION ENERGY": -0.04376045543370127,
    "CCSD TOTAL ENERGY": -108.37377076591896,
    "CURRENT CORRELATION ENERGY": -0.20788668552306674,
    "CURRENT DIPOLE X": 0.0,
    "CURRENT DIPOLE Y": 0.0,
    "CURRENT DIPOLE Z": 1.4540771984037262,
    "CURRENT ENERGY": -108.37377076591896,
    "CURRENT REFERENCE ENERGY": -108.16588408039594,
    "HF TOTAL ENERGY": -108.16588408039594,
    "LCCSD (+LMP2) TOTAL ENERGY": -108.37003896036518,
    "MP2 CORRELATION ENERGY": -0.1987995798521861,
    "MP2 OPPOSITE-SPIN CORRELATION ENERGY": -0.1518635023789738,
    "MP2 SAME-SPIN CORRELATION ENERGY": -0.046936077473212295,
    "MP2 TOTAL ENERGY": -108.36468366024809,
    "NUCLEAR REPULSION ENERGY": 47.91185513099375,
    "ONE-ELECTRON ENERGY": -237.13267647322314,
    "PCM POLARIZATION ENERGY": 0.0,
    "PE ENERGY": 0.0,
    "SCF DIPOLE X": 0.0,
    "SCF DIPOLE Y": 0.0,
    "SCF DIPOLE Z": 1.4540771984037262,
    "SCF ITERATION ENERGY": -108.16588408039594,
    "SCF ITERATIONS": 10.0,
    "SCF TOTAL ENERGY": -108.16588408039594,
    "TWO-ELECTRON ENERGY": 81.05493726183344
}