{
    "CC D1 DIAGNOSTIC": 0.12471751068983304,
    "CC D2 DIAGNOSTIC": 0.19368825473108714,
    "CC NEW D1 DIAGNOSTIC": 0.12471751068983304,
    "CC T1 DIAGNOSTIC": 0.039960272906966535,
    "CCSD CORRELATION ENERGY": -0.4647065078587966,
    "CCSD OPPOSITE-SPIN CORRELATION ENERGY": -0.36745133623217274,
    "CCSD SAME-SPIN CORRELATION ENERGY": -0.09725517162662362,
    "CCSD TOTAL ENERGY": -187.8645790369927,
    "CURRENT CORRELATION ENERGY": -0.4647065078587966,
    "CURRENT DIPOLE X": 0.0,
    "CURRENT DIPOLE Y": 0.0,
    "CURRENT DIPOLE Z": 0.0,
    "CURRENT ENERGY": -187.8645790369927,
    "CURRENT REFERENCE ENERGY": -187.39987252913278,
    "HF TOTAL ENERGY": -187.39987252913278,
    "LCCSD (+LMP2) TOTAL ENERGY": -187.8637710133654,
    "MP2 CORRELATION ENERGY": -0.489728017344786,
    "MP2 OPPOSITE-SPIN CORRELATION ENERGY": -0.3598972784566277,
    "MP2 SAME-SPIN CORRELATION ENERGY": -0.12983073888815827,
    "MP2 TOTAL ENERGY": -187.88960054647868,
    "NUCLEAR REPULSION ENERGY": 47.46197855699379,
    "ONE-ELECTRON ENERGY": -350.5200817509369,
    "PCM POLARIZATION ENERGY": 0.0,
    "PE ENERGY": 0.0,
    "SCF DIPOLE X": 0.0,
    "SCF DIPOLE Y": 0.0,
    "SCF DIPOLE Z": 0.0,
    "SCF ITERATION ENERGY": -187.39987252913278,
    "SCF ITERATIONS": 11.0,
    "SCF TOTAL ENERGY": -187.39987252913278,
    "TWO-ELECTRON ENERGY": 115.65823066481033
}