{
    "CC D1 DIAGNOSTIC": 0.011037725596478852,
    "CC D2 DIAGNOSTIC": 0.08348404739693928,
    "CC NEW D1 DIAGNOSTIC": 0.011037725596478852,
    "CC T1 DIAGNOSTIC": 0.004246287696312684,
    "CCSD CORRELATION ENERGY": -0.1044257975283643,
    "CCSD OPPOSITE-SPIN CORRELATION ENERGY": -0.08573239643283367,
    "CCSD SAME-SPIN CORRELATION ENERGY": -0.018693401095530623,
    "CCSD TOTAL ENERGY": -459.9690566158016,
    "CURRENT CORRELATION ENERGY": -0.1044257975283643,
    "CURRENT DIPOLE X": 0.0,
    "CURRENT DIPOLE Y": 0.0,
    "CURRENT DIPOLE Z": -1.6976764323498286,
    "CURRENT ENERGY": -459.9690566158016,
    "CURRENT REFERENCE ENERGY": -459.86463081827253,
    "HF TOTAL ENERGY": -459.86463081827253,
    "LCCSD (+LMP2) TOTAL ENERGY": -459.98696699360806,
    "MP2 CORRELATION ENERGY": -0.09623510771989971,
    "MP2 OPPOSITE-SPIN CORRELATION ENERGY": -0.07709161011906662,
    "MP2 SAME-SPIN CORRELATION ENERGY": -0.019143497600833087,
    "MP2 TOTAL ENERGY": -459.9608659259931,
    "NUCLEAR REPULSION ENERGY": 10.00115365193637,
    "ONE-ELECTRON ENERGY": -654.844603684133,
    "PCM POLARIZATION ENERGY": 0.0,
    "PE ENERGY": 0.0,
    "SCF DIPOLE X": 0.0,
    "SCF DIPOLE Y": 0.0,
    "SCF DIPOLE Z": -1.6976764323498286,
    "SCF ITERATION ENERGY": -459.86463081827253,
    "SCF ITERATIONS": 8.0,
    "SCF TOTAL ENERGY": -459.86463081827253,
    "TWO-ELECTRON ENERGY": 184.97881921392397
}