{
    "CC D1 DIAGNOSTIC": 0.15281014182667135,
    "CC D2 DIAGNOSTIC": 0.45352323271420864,
    "CC NEW D1 DIAGNOSTIC": 0.15281014182667135,
    "CC T1 DIAGNOSTIC": 0.04840514456353723,
    "CCSD CORRELATION ENERGY": -0.2321166351375685,
    "CCSD OPPOSITE-SPIN CORRELATION ENERGY": -0.20182609329120538,
    "CCSD SAME-SPIN CORRELATION ENERGY": -0.030290541846364316,
    "CCSD TOTAL ENERGY": -100.02826397924125,
    "CURRENT CORRELATION ENERGY": -0.2321166351375685,
    "CURRENT DIPOLE X": 0.0,
    "CURRENT DIPOLE Y": 0.0,
    "CURRENT DIPOLE Z": -3.744359908549403,
    "CURRENT ENERGY": -100.02826397924125,
    "CURRENT REFERENCE ENERGY": -99.79614734410364,
    "HF TOTAL ENERGY": -99.79614734410364,
    "LCCSD (+LMP2) TOTAL ENERGY": -100.0200387337866,
    "MP2 CORRELATION ENERGY": -0.21531448477689263,
    "MP2 OPPOSITE-SPIN CORRELATION ENERGY": -0.16891019346817615,
    "MP2 SAME-SPIN CORRELATION ENERGY": -0.04640429130871648,
    "MP2 TOTAL ENERGY": -100.01146182888057,
    "NUCLEAR REPULSION ENERGY": 2.4745597501565793,
    "ONE-ELECTRON ENERGY": -145.76113836501415,
    "PCM POLARIZATION ENERGY": 0.0,
    "PE ENERGY": 0.0,
    "SCF DIPOLE X": 0.0,
    "SCF DIPOLE Y": 0.0,
    "SCF DIPOLE Z": -3.744359908549403,
    "SCF ITERATION ENERGY": -99.79614734410364,
    "SCF ITERATIONS": 10.0,
    "SCF TOTAL ENERGY": -99.79614734410364,
    "TWO-ELECTRON ENERGY": 43.49043127075393
}