{
    "CC D1 DIAGNOSTIC": 0.03892640066721859,
    "CC D2 DIAGNOSTIC": 0.09558057365821888,
    "CC NEW D1 DIAGNOSTIC": 0.03892640066721859,
    "CC T1 DIAGNOSTIC": 0.01716991614680384,
    "CCSD CORRELATION ENERGY": -0.1800546005992788,
    "CCSD OPPOSITE-SPIN CORRELATION ENERGY": -0.14431794362235648,
    "CCSD SAME-SPIN CORRELATION ENERGY": -0.0357366569769223,
    "CCSD TOTAL ENERGY": -107.14195917030034,
    "CURRENT CORRELATION ENERGY": -0.1800546005992788,
    "CURRENT DIPOLE X": 0.0,
    "CURRENT DIPOLE Y": 0.0,
    "CURRENT DIPOLE Z": -6.537252152427879,
    "CURRENT ENERGY": -107.14195917030034,
    "CURRENT REFERENCE ENERGY": -106.96190456970108,
    "HF TOTAL ENERGY": -106.96190456970108,
    "LCCSD (+LMP2) TOTAL ENERGY": -107.1408807486373,
    "MP2 CORRELATION ENERGY": -0.18068011509716697,
    "MP2 OPPOSITE-SPIN CORRELATION ENERGY": -0.13689176468660405,
    "MP2 SAME-SPIN CORRELATION ENERGY": -0.04378835041056292,
    "MP2 TOTAL ENERGY": -107.14258468479822,
    "NUCLEAR REPULSION ENERGY": 9.054997302324555,
    "ONE-ELECTRON ENERGY": -169.4442300063618,
    "PCM POLARIZATION ENERGY": 0.0,
    "PE ENERGY": 0.0,
    "SCF DIPOLE X": 0.0,
    "SCF DIPOLE Y": 0.0,
    "SCF DIPOLE Z": -6.537252152427879,
    "SCF ITERATION ENERGY": -106.96190456970108,
    "SCF ITERATIONS": 10.0,
    "SCF TOTAL ENERGY": -106.96190456970108,
    "TWO-ELECTRON ENERGY": 53.42732813433618
}