{
    "CC D1 DIAGNOSTIC": 0.03823751779694855,
    "CC D2 DIAGNOSTIC": 0.09210740779962058,
    "CC NEW D1 DIAGNOSTIC": 0.03823751779694855,
    "CC T1 DIAGNOSTIC": 0.014462905560189641,
    "CCSD CORRELATION ENERGY": -0.2923624665760445,
    "CCSD OPPOSITE-SPIN CORRELATION ENERGY": -0.2272429691297709,
    "CCSD SAME-SPIN CORRELATION ENERGY": -0.06511949744627352,
    "CCSD TOTAL ENERGY": -261.6232523953753,
    "CURRENT CORRELATION ENERGY": -0.2923624665760445,
    "CURRENT DIPOLE X": 0.0,
    "CURRENT DIPOLE Y": 0.0,
    "CURRENT DIPOLE Z": -8.015075214718145,
    "CURRENT ENERGY": -261.6232523953753,
    "CURRENT REFERENCE ENERGY": -261.3308899287987,
    "HF TOTAL ENERGY": -261.3308899287987,
    "LCCSD (+LMP2) TOTAL ENERGY": -261.6233105053345,
    "MP2 CORRELATION ENERGY": -0.2940827231832534,
    "MP2 OPPOSITE-SPIN CORRELATION ENERGY": -0.21841553085269694,
    "MP2 SAME-SPIN CORRELATION ENERGY": -0.07566719233055647,
    "MP2 TOTAL ENERGY": -261.6249726519825,
    "NUCLEAR REPULSION ENERGY": 28.799227147540527,
    "ONE-ELECTRON ENERGY": -427.60500838511047,
    "PCM POLARIZATION ENERGY": 0.0,
    "PE ENERGY": 0.0,
    "SCF DIPOLE X": 0.0,
    "SCF DIPOLE Y": 0.0,
    "SCF DIPOLE Z": -8.015075214718145,
    "SCF ITERATION ENERGY": -261.3308899287987,
    "SCF ITERATIONS": 10.0,
    "SCF TOTAL ENERGY": -261.3308899287987,
    "TWO-ELECTRON ENERGY": 137.47489130877125
}