{
    "CC D1 DIAGNOSTIC": 0.009915761611686797,
    "CC D2 DIAGNOSTIC": 0.10351918699298865,
    "CC NEW D1 DIAGNOSTIC": 0.009915761611686797,
    "CC T1 DIAGNOSTIC": 0.004472880742188344,
    "CCSD CORRELATION ENERGY": -0.21392295436815462,
    "CCSD OPPOSITE-SPIN CORRELATION ENERGY": -0.17028736846561915,
    "CCSD SAME-SPIN CORRELATION ENERGY": -0.043635585902535634,
    "CCSD TOTAL ENERGY": -107.54717386123964,
    "CURRENT CORRELATION ENERGY": -0.21392295436815462,
    "CURRENT DIPOLE X": 0.0,
    "CURRENT DIPOLE Y": 0.0,
    "CURRENT DIPOLE Z": 0.0,
    "CURRENT ENERGY": -107.54717386123964,
    "CURRENT REFERENCE ENERGY": -107.33325090687147,
    "HF TOTAL ENERGY": -107.33325090687147,
    "LCCSD (+LMP2) TOTAL ENERGY": -107.56426949521273,
    "MP2 CORRELATION ENERGY": -0.205634925801787,
    "MP2 OPPOSITE-SPIN CORRELATION ENERGY": -0.1576739340510163,
    "MP2 SAME-SPIN CORRELATION ENERGY": -0.047960991750770704,
    "MP2 TOTAL ENERGY": -107.53888583267327,
    "NUCLEAR REPULSION ENERGY": 38.5075147853968,
    "ONE-ELECTRON ENERGY": -219.57263871126284,
    "PCM POLARIZATION ENERGY": 0.0,
    "PE ENERGY": 0.0,
    "SCF DIPOLE X": 0.0,
    "SCF DIPOLE Y": 0.0,
    "SCF DIPOLE Z": 0.0,
    "SCF ITERATION ENERGY": -107.33325090687147,
    "SCF ITERATIONS": 8.0,
    "SCF TOTAL ENERGY": -107.33325090687147,
    "TWO-ELECTRON ENERGY": 73.73187301899456
}