{
    "CC D1 DIAGNOSTIC": 0.023784975190484864,
    "CC D2 DIAGNOSTIC": 0.21477761245538213,
    "CC NEW D1 DIAGNOSTIC": 0.023784975190484864,
    "CC T1 DIAGNOSTIC": 0.00817313035892019,
    "CCSD CORRELATION ENERGY": -0.27383839581165026,
    "CCSD OPPOSITE-SPIN CORRELATION ENERGY": -0.22116016173271877,
    "CCSD SAME-SPIN CORRELATION ENERGY": -0.052678234078931546,
    "CCSD TOTAL ENERGY": -149.6852572591882,
    "CURRENT CORRELATION ENERGY": -0.27383839581165026,
    "CURRENT DIPOLE X": 0.0,
    "CURRENT DIPOLE Y": 0.0,
    "CURRENT DIPOLE Z": 0.0,
    "CURRENT ENERGY": -149.6852572591882,
    "CURRENT REFERENCE ENERGY": -149.4114188633766,
    "HF TOTAL ENERGY": -149.4114188633766,
    "LCCSD (+LMP2) TOTAL ENERGY": -149.64464103071032,
    "MP2 CORRELATION ENERGY": -0.267404674015035,
    "MP2 OPPOSITE-SPIN CORRELATION ENERGY": -0.20430364066979484,
    "MP2 SAME-SPIN CORRELATION ENERGY": -0.06310103334524014,
    "MP2 TOTAL ENERGY": -149.6788235373916,
    "NUCLEAR REPULSION ENERGY": 33.6980047754656,
    "ONE-ELECTRON ENERGY": -271.7788445671171,
    "PCM POLARIZATION ENERGY": 0.0,
    "PE ENERGY": 0.0,
    "SCF DIPOLE X": 0.0,
    "SCF DIPOLE Y": 0.0,
    "SCF DIPOLE Z": 0.0,
    "SCF ITERATION ENERGY": -149.4114188633766,
    "SCF ITERATIONS": 9.0,
    "SCF TOTAL ENERGY": -149.4114188633766,
    "TWO-ELECTRON ENERGY": 88.66942092827492
}