{
    "CURRENT CORRELATION ENERGY": -0.15601183080616465,
    "CURRENT DIPOLE X": 0.0,
    "CURRENT DIPOLE Y": 0.0,
    "CURRENT DIPOLE Z": -2.4115985148850285,
    "CURRENT ENERGY": -76.16601611821226,
    "CURRENT REFERENCE ENERGY": -76.01000428740609,
    "CUSTOM SCS-MP2 CORRELATION ENERGY": -0.15724530550761384,
    "CUSTOM SCS-MP2 TOTAL ENERGY": -76.1672495929137,
    "HF TOTAL ENERGY": -76.01000428740609,
    "MP2 CORRELATION ENERGY": -0.15601183080616465,
    "MP2 OPPOSITE-SPIN CORRELATION ENERGY": -0.12143234066025968,
    "MP2 SAME-SPIN CORRELATION ENERGY": -0.03457949014590673,
    "MP2 TOTAL ENERGY": -76.16601611821226,
    "NUCLEAR REPULSION ENERGY": 9.145125378710434,
    "ONE-ELECTRON ENERGY": -122.99182457339501,
    "PCM POLARIZATION ENERGY": 0.0,
    "PE ENERGY": 0.0,
    "SCF DIPOLE X": 0.0,
    "SCF DIPOLE Y": 0.0,
    "SCF DIPOLE Z": -2.4115985148850285,
    "SCF ITERATION ENERGY": -76.01000428740609,
    "SCF ITERATIONS": 10.0,
    "SCF TOTAL ENERGY": -76.01000428740609,
    "SCS-MP2 CORRELATION ENERGY": -0.15724530550761384,
    "SCS-MP2 TOTAL ENERGY": -76.1672495929137,
    "SCS-MP2-VDW CORRELATION ENERGY": -0.17272314111808384,
    "SCS-MP2-VDW TOTAL ENERGY": -76.18272742852417,
    "SCSN-MP2 CORRELATION ENERGY": -0.06085990265680152,
    "SCSN-MP2 TOTAL ENERGY": -76.07086419006289,
    "SOS-MP2 CORRELATION ENERGY": 0.0,
    "SOS-MP2 TOTAL ENERGY": -76.01000428740609,
    "SOS-PI-MP2 CORRELATION ENERGY": -0.17000527692435696,
    "SOS-PI-MP2 TOTAL ENERGY": -76.18000956433045,
    "TWO-ELECTRON ENERGY": 37.836694907278485
}