{
    "CURRENT CORRELATION ENERGY": -0.28025882461029994,
    "CURRENT DIPOLE X": -5.643810867306312e-16,
    "CURRENT DIPOLE Y": -5.643810867306312e-16,
    "CURRENT DIPOLE Z": 3.3135840225995725,
    "CURRENT ENERGY": -110.11680910845152,
    "CURRENT REFERENCE ENERGY": -109.83655028384122,
    "CUSTOM SCS-MP2 CORRELATION ENERGY": -0.2836413732877185,
    "CUSTOM SCS-MP2 TOTAL ENERGY": -110.12019165712894,
    "HF TOTAL ENERGY": -109.83655028384122,
    "MP2 CORRELATION ENERGY": -0.28025882461029994,
    "MP2 OPPOSITE-SPIN CORRELATION ENERGY": -0.21948665202032888,
    "MP2 SAME-SPIN CORRELATION ENERGY": -0.06077217258997156,
    "MP2 TOTAL ENERGY": -110.11680910845152,
    "NUCLEAR REPULSION ENERGY": 32.13819060467672,
    "ONE-ELECTRON ENERGY": -212.4524508140549,
    "PCM POLARIZATION ENERGY": 0.0,
    "PE ENERGY": 0.0,
    "SCF DIPOLE X": -5.643810867306312e-16,
    "SCF DIPOLE Y": -5.643810867306312e-16,
    "SCF DIPOLE Z": 3.3135840225995725,
    "SCF ITERATION ENERGY": -109.83655028384122,
    "SCF ITERATIONS": 12.0,
    "SCF TOTAL ENERGY": -109.83655028384122,
    "SCS-MP2 CORRELATION ENERGY": -0.2836413732877185,
    "SCS-MP2 TOTAL ENERGY": -110.12019165712894,
    "SCS-MP2-VDW CORRELATION ENERGY": -0.31132900088100257,
    "SCS-MP2-VDW TOTAL ENERGY": -110.14787928472222,
    "SCSN-MP2 CORRELATION ENERGY": -0.10695902375834976,
    "SCSN-MP2 TOTAL ENERGY": -109.94350930759957,
    "SOS-MP2 CORRELATION ENERGY": 0.0,
    "SOS-MP2 TOTAL ENERGY": -109.83655028384122,
    "SOS-PI-MP2 CORRELATION ENERGY": -0.30728131282846505,
    "SOS-PI-MP2 TOTAL ENERGY": -110.14383159666968,
    "TWO-ELECTRON ENERGY": 70.47770992553696
}