{
    "CC D1 DIAGNOSTIC": 0.015275191151862896,
    "CC D2 DIAGNOSTIC": 0.11345550249559697,
    "CC NEW D1 DIAGNOSTIC": 0.015275191151862896,
    "CC T1 DIAGNOSTIC": 0.006904048448871906,
    "CCSD CORRELATION ENERGY": -0.16088978823767422,
    "CCSD OPPOSITE-SPIN CORRELATION ENERGY": -0.13201564939279656,
    "CCSD SAME-SPIN CORRELATION ENERGY": -0.028874138844877578,
    "CCSD TOTAL ENERGY": -76.15513663717178,
    "CURRENT CORRELATION ENERGY": -0.16088978823767422,
    "CURRENT DIPOLE X": 0.0,
    "CURRENT DIPOLE Y": 0.0,
    "CURRENT DIPOLE Z": -1.8021550437155531,
    "CURRENT ENERGY": -76.15513663717178,
    "CURRENT REFERENCE ENERGY": -75.99424684893407,
    "HF TOTAL ENERGY": -75.99424684893407,
    "LCCSD (+LMP2) TOTAL ENERGY": -76.15544669788963,
    "MP2 CORRELATION ENERGY": -0.15541873664521508,
    "MP2 OPPOSITE-SPIN CORRELATION ENERGY": -0.12031893215569253,
    "MP2 SAME-SPIN CORRELATION ENERGY": -0.035099804489522546,
    "MP2 TOTAL ENERGY": -76.14966558557933,
    "NUCLEAR REPULSION ENERGY": 9.113304146394926,
    "ONE-ELECTRON ENERGY": -123.04409059320753,
    "PCM POLARIZATION ENERGY": 0.0,
    "PE ENERGY": 0.0,
    "SCF DIPOLE X": 0.0,
    "SCF DIPOLE Y": 0.0,
    "SCF DIPOLE Z": -1.8021550437155531,
    "SCF ITERATION ENERGY": -75.99424684893407,
    "SCF ITERATIONS": 10.0,
    "SCF TOTAL ENERGY": -75.99424684893407,
    "TWO-ELECTRON ENERGY": 37.936539597878536
}