{
    "CC D1 DIAGNOSTIC": 0.034591801034376785,
    "CC D2 DIAGNOSTIC": 0.31372730177540137,
    "CC NEW D1 DIAGNOSTIC": 0.034591801034376785,
    "CC T1 DIAGNOSTIC": 0.008665048929756513,
    "CCSD CORRELATION ENERGY": -0.2668784700095421,
    "CCSD OPPOSITE-SPIN CORRELATION ENERGY": -0.21348474167691467,
    "CCSD SAME-SPIN CORRELATION ENERGY": -0.053393728332627566,
    "CCSD TOTAL ENERGY": -258.5945616093583,
    "CURRENT CORRELATION ENERGY": -0.2668784700095421,
    "CURRENT DIPOLE X": 0.0,
    "CURRENT DIPOLE Y": 0.0,
    "CURRENT DIPOLE Z": 3.5653360385700723,
    "CURRENT ENERGY": -258.5945616093583,
    "CURRENT REFERENCE ENERGY": -258.32768313934906,
    "HF TOTAL ENERGY": -258.3276831393491,
    "LCCSD (+LMP2) TOTAL ENERGY": -258.59451185751004,
    "MP2 CORRELATION ENERGY": -0.24777129914254026,
    "MP2 OPPOSITE-SPIN CORRELATION ENERGY": -0.19100538365837222,
    "MP2 SAME-SPIN CORRELATION ENERGY": -0.05676591548416804,
    "MP2 TOTAL ENERGY": -258.5754544384913,
    "NUCLEAR REPULSION ENERGY": 69.2712307469081,
    "ONE-ELECTRON ENERGY": -488.4566419374075,
    "PCM POLARIZATION ENERGY": 0.0,
    "PE ENERGY": 0.0,
    "SCF DIPOLE X": 0.0,
    "SCF DIPOLE Y": 0.0,
    "SCF DIPOLE Z": 3.5653360385700723,
    "SCF ITERATION ENERGY": -258.32768313934906,
    "SCF ITERATIONS": 11.0,
    "SCF TOTAL ENERGY": -258.32768313934906,
    "TWO-ELECTRON ENERGY": 160.8577280511503
}