{
    "CC D1 DIAGNOSTIC": 0.011170134781891054,
    "CC D2 DIAGNOSTIC": 0.09019345156534009,
    "CC NEW D1 DIAGNOSTIC": 0.011170134781891054,
    "CC T1 DIAGNOSTIC": 0.0043112450190017715,
    "CCSD CORRELATION ENERGY": -0.10543761146449568,
    "CCSD OPPOSITE-SPIN CORRELATION ENERGY": -0.08657239469440278,
    "CCSD SAME-SPIN CORRELATION ENERGY": -0.018865216770092674,
    "CCSD TOTAL ENERGY": -460.07842392513567,
    "CURRENT CORRELATION ENERGY": -0.10543761146449568,
    "CURRENT DIPOLE X": 0.0,
    "CURRENT DIPOLE Y": 0.0,
    "CURRENT DIPOLE Z": -1.751133638489899,
    "CURRENT ENERGY": -460.07842392513567,
    "CURRENT REFERENCE ENERGY": -459.97298631367096,
    "HF TOTAL ENERGY": -459.97298631367096,
    "LCCSD (+LMP2) TOTAL ENERGY": -460.0790348193811,
    "MP2 CORRELATION ENERGY": -0.09710258614586278,
    "MP2 OPPOSITE-SPIN CORRELATION ENERGY": -0.07769711062815587,
    "MP2 SAME-SPIN CORRELATION ENERGY": -0.01940547551770691,
    "MP2 TOTAL ENERGY": -460.07008889981705,
    "NUCLEAR REPULSION ENERGY": 9.018672562703326,
    "ONE-ELECTRON ENERGY": -653.1796432529349,
    "PCM POLARIZATION ENERGY": 0.0,
    "PE ENERGY": 0.0,
    "SCF DIPOLE X": 0.0,
    "SCF DIPOLE Y": 0.0,
    "SCF DIPOLE Z": -1.751133638489899,
    "SCF ITERATION ENERGY": -459.97298631367096,
    "SCF ITERATIONS": 8.0,
    "SCF TOTAL ENERGY": -459.97298631367096,
    "TWO-ELECTRON ENERGY": 184.18798437656065
}