{
    "CC D1 DIAGNOSTIC": 0.01939825035490165,
    "CC D2 DIAGNOSTIC": 0.08565439321272912,
    "CC NEW D1 DIAGNOSTIC": 0.01939825035490165,
    "CC T1 DIAGNOSTIC": 0.006720819438868772,
    "CCSD CORRELATION ENERGY": -0.3275173856520145,
    "CCSD OPPOSITE-SPIN CORRELATION ENERGY": -0.24837625353016146,
    "CCSD SAME-SPIN CORRELATION ENERGY": -0.07914113212185336,
    "CCSD TOTAL ENERGY": -181.23619691702257,
    "CURRENT CORRELATION ENERGY": -0.3275173856520145,
    "CURRENT DIPOLE X": 0.0,
    "CURRENT DIPOLE Y": 0.0,
    "CURRENT DIPOLE Z": 0.0,
    "CURRENT ENERGY": -181.23619691702257,
    "CURRENT REFERENCE ENERGY": -180.90867953136973,
    "HF TOTAL ENERGY": -180.90867953136973,
    "LCCSD (+LMP2) TOTAL ENERGY": -181.22806151226916,
    "MP2 CORRELATION ENERGY": -0.3262040097404374,
    "MP2 OPPOSITE-SPIN CORRELATION ENERGY": -0.23910697636947145,
    "MP2 SAME-SPIN CORRELATION ENERGY": -0.08709703337096594,
    "MP2 TOTAL ENERGY": -181.234883541111,
    "NUCLEAR REPULSION ENERGY": 116.20001646712277,
    "ONE-ELECTRON ENERGY": -470.9574209410343,
    "PCM POLARIZATION ENERGY": 0.0,
    "PE ENERGY": 0.0,
    "SCF DIPOLE X": 0.0,
    "SCF DIPOLE Y": 0.0,
    "SCF DIPOLE Z": 0.0,
    "SCF ITERATION ENERGY": -180.90867953136973,
    "SCF ITERATIONS": 10.0,
    "SCF TOTAL ENERGY": -180.90867953136973,
    "TWO-ELECTRON ENERGY": 173.84872494254176
}