{
    "CC D1 DIAGNOSTIC": 0.47962426038126194,
    "CC D2 DIAGNOSTIC": 0.44288669681352194,
    "CC NEW D1 DIAGNOSTIC": 0.47962426038126194,
    "CC T1 DIAGNOSTIC": 0.15808782046066813,
    "CCSD CORRELATION ENERGY": -0.46633395016508883,
    "CCSD OPPOSITE-SPIN CORRELATION ENERGY": -0.35891883891727044,
    "CCSD SAME-SPIN CORRELATION ENERGY": -0.1074151112478196,
    "CCSD TOTAL ENERGY": -187.53990100502685,
    "CURRENT CORRELATION ENERGY": -0.46633395016508883,
    "CURRENT DIPOLE X": 0.0,
    "CURRENT DIPOLE Y": 0.0,
    "CURRENT DIPOLE Z": 0.0,
    "CURRENT ENERGY": -187.53990100502685,
    "CURRENT REFERENCE ENERGY": -187.07356705486055,
    "HF TOTAL ENERGY": -187.07356705486052,
    "LCCSD (+LMP2) TOTAL ENERGY": -187.54184209226,
    "MP2 CORRELATION ENERGY": -0.3374367144457891,
    "MP2 OPPOSITE-SPIN CORRELATION ENERGY": -0.26624369268728065,
    "MP2 SAME-SPIN CORRELATION ENERGY": -0.07119302175850845,
    "MP2 TOTAL ENERGY": -187.41100376930757,
    "NUCLEAR REPULSION ENERGY": 34.385719158638366,
    "ONE-ELECTRON ENERGY": -325.2971763128136,
    "PCM POLARIZATION ENERGY": 0.0,
    "PE ENERGY": 0.0,
    "SCF DIPOLE X": 0.0,
    "SCF DIPOLE Y": 0.0,
    "SCF DIPOLE Z": 0.0,
    "SCF ITERATION ENERGY": -187.07356705486055,
    "SCF ITERATIONS": 13.0,
    "SCF TOTAL ENERGY": -187.07356705486055,
    "TWO-ELECTRON ENERGY": 103.83789009931468
}