{
    "CC D1 DIAGNOSTIC": 0.04077950791722736,
    "CC D2 DIAGNOSTIC": 0.3434426402590354,
    "CC NEW D1 DIAGNOSTIC": 0.04077950791722736,
    "CC T1 DIAGNOSTIC": 0.009954722587655113,
    "CCSD CORRELATION ENERGY": -0.26085058490086066,
    "CCSD OPPOSITE-SPIN CORRELATION ENERGY": -0.20890660315419002,
    "CCSD SAME-SPIN CORRELATION ENERGY": -0.05194398174667064,
    "CCSD TOTAL ENERGY": -255.01021729434066,
    "CURRENT CORRELATION ENERGY": -0.26085058490086066,
    "CURRENT DIPOLE X": 0.0,
    "CURRENT DIPOLE Y": 0.0,
    "CURRENT DIPOLE Z": 3.467355132479023,
    "CURRENT ENERGY": -255.01021729434066,
    "CURRENT REFERENCE ENERGY": -254.74936670943973,
    "HF TOTAL ENERGY": -254.74936670943973,
    "LCCSD (+LMP2) TOTAL ENERGY": -255.01007229107898,
    "MP2 CORRELATION ENERGY": -0.24023208099996818,
    "MP2 OPPOSITE-SPIN CORRELATION ENERGY": -0.18520871033299321,
    "MP2 SAME-SPIN CORRELATION ENERGY": -0.05502337066697496,
    "MP2 TOTAL ENERGY": -254.98959879043977,
    "NUCLEAR REPULSION ENERGY": 89.87345023629025,
    "ONE-ELECTRON ENERGY": -518.7767623709185,
    "PCM POLARIZATION ENERGY": 0.0,
    "PE ENERGY": 0.0,
    "SCF DIPOLE X": 0.0,
    "SCF DIPOLE Y": 0.0,
    "SCF DIPOLE Z": 3.467355132479023,
    "SCF ITERATION ENERGY": -254.74936670943973,
    "SCF ITERATIONS": 10.0,
    "SCF TOTAL ENERGY": -254.74936670943973,
    "TWO-ELECTRON ENERGY": 174.15394542518854
}