{
    "CC D1 DIAGNOSTIC": 0.037336380857946654,
    "CC D2 DIAGNOSTIC": 0.0919216498644765,
    "CC NEW D1 DIAGNOSTIC": 0.037336380857946654,
    "CC T1 DIAGNOSTIC": 0.014005626690975418,
    "CCSD CORRELATION ENERGY": -0.2911649140358946,
    "CCSD OPPOSITE-SPIN CORRELATION ENERGY": -0.22623860788049818,
    "CCSD SAME-SPIN CORRELATION ENERGY": -0.06492630615539649,
    "CCSD TOTAL ENERGY": -261.6119402681224,
    "CURRENT CORRELATION ENERGY": -0.2911649140358946,
    "CURRENT DIPOLE X": 0.0,
    "CURRENT DIPOLE Y": 0.0,
    "CURRENT DIPOLE Z": -7.644354280430037,
    "CURRENT ENERGY": -261.6119402681224,
    "CURRENT REFERENCE ENERGY": -261.32077535408524,
    "HF TOTAL ENERGY": -261.3207753540852,
    "LCCSD (+LMP2) TOTAL ENERGY": -261.6119402681224,
    "MP2 CORRELATION ENERGY": -0.2927270899026415,
    "MP2 OPPOSITE-SPIN CORRELATION ENERGY": -0.21743182560943974,
    "MP2 SAME-SPIN CORRELATION ENERGY": -0.07529526429320177,
    "MP2 TOTAL ENERGY": -261.61350244398915,
    "NUCLEAR REPULSION ENERGY": 30.438891174918744,
    "ONE-ELECTRON ENERGY": -430.90158555831124,
    "PCM POLARIZATION ENERGY": 0.0,
    "PE ENERGY": 0.0,
    "SCF DIPOLE X": 0.0,
    "SCF DIPOLE Y": 0.0,
    "SCF DIPOLE Z": -7.644354280430037,
    "SCF ITERATION ENERGY": -261.32077535408524,
    "SCF ITERATIONS": 10.0,
    "SCF TOTAL ENERGY": -261.32077535408524,
    "TWO-ELECTRON ENERGY": 139.14191902930727
}