{
    "CC D1 DIAGNOSTIC": 0.04043480181986585,
    "CC D2 DIAGNOSTIC": 0.09471920346849844,
    "CC NEW D1 DIAGNOSTIC": 0.04043480181986585,
    "CC T1 DIAGNOSTIC": 0.015099101983828165,
    "CCSD CORRELATION ENERGY": -0.29353007370826983,
    "CCSD OPPOSITE-SPIN CORRELATION ENERGY": -0.2282252309850632,
    "CCSD SAME-SPIN CORRELATION ENERGY": -0.06530484272320647,
    "CCSD TOTAL ENERGY": -261.6273859724014,
    "CURRENT CORRELATION ENERGY": -0.29353007370826983,
    "CURRENT DIPOLE X": 0.0,
    "CURRENT DIPOLE Y": 0.0,
    "CURRENT DIPOLE Z": -8.456145272741228,
    "CURRENT ENERGY": -261.6273859724014,
    "CURRENT REFERENCE ENERGY": -261.33385589869175,
    "HF TOTAL ENERGY": -261.3338558986918,
    "LCCSD (+LMP2) TOTAL ENERGY": -261.62753346005707,
    "MP2 CORRELATION ENERGY": -0.29539724832232683,
    "MP2 OPPOSITE-SPIN CORRELATION ENERGY": -0.21936922888218063,
    "MP2 SAME-SPIN CORRELATION ENERGY": -0.0760280194401462,
    "MP2 TOTAL ENERGY": -261.62925314701545,
    "NUCLEAR REPULSION ENERGY": 27.113966781299535,
    "ONE-ELECTRON ENERGY": -424.2050834530497,
    "PCM POLARIZATION ENERGY": 0.0,
    "PE ENERGY": 0.0,
    "SCF DIPOLE X": 0.0,
    "SCF DIPOLE Y": 0.0,
    "SCF DIPOLE Z": -8.456145272741228,
    "SCF ITERATION ENERGY": -261.33385589869175,
    "SCF ITERATIONS": 10.0,
    "SCF TOTAL ENERGY": -261.33385589869175,
    "TWO-ELECTRON ENERGY": 135.7572607730584
}