{
    "CC D1 DIAGNOSTIC": 0.011549543979971532,
    "CC D2 DIAGNOSTIC": 0.11517249786214372,
    "CC NEW D1 DIAGNOSTIC": 0.011549543979971532,
    "CC T1 DIAGNOSTIC": 0.004752235270108833,
    "CCSD CORRELATION ENERGY": -0.10995595974408365,
    "CCSD OPPOSITE-SPIN CORRELATION ENERGY": -0.09050394285634855,
    "CCSD SAME-SPIN CORRELATION ENERGY": -0.019452016887735332,
    "CCSD TOTAL ENERGY": -460.17215322319447,
    "CURRENT CORRELATION ENERGY": -0.10995595974408365,
    "CURRENT DIPOLE X": 0.0,
    "CURRENT DIPOLE Y": 0.0,
    "CURRENT DIPOLE Z": -1.8527425289685213,
    "CURRENT ENERGY": -460.17215322319447,
    "CURRENT REFERENCE ENERGY": -460.06219726345114,
    "HF TOTAL ENERGY": -460.06219726345114,
    "LCCSD (+LMP2) TOTAL ENERGY": -460.20106150028937,
    "MP2 CORRELATION ENERGY": -0.10062599849482369,
    "MP2 OPPOSITE-SPIN CORRELATION ENERGY": -0.08036462762857402,
    "MP2 SAME-SPIN CORRELATION ENERGY": -0.02026137086624967,
    "MP2 TOTAL ENERGY": -460.1628232619452,
    "NUCLEAR REPULSION ENERGY": 7.351977427912156,
    "ONE-ELECTRON ENERGY": -650.1770058763238,
    "PCM POLARIZATION ENERGY": 0.0,
    "PE ENERGY": 0.0,
    "SCF DIPOLE X": 0.0,
    "SCF DIPOLE Y": 0.0,
    "SCF DIPOLE Z": -1.8527425289685213,
    "SCF ITERATION ENERGY": -460.06219726345114,
    "SCF ITERATIONS": 9.0,
    "SCF TOTAL ENERGY": -460.06219726345114,
    "TWO-ELECTRON ENERGY": 182.76283118496053
}