{
    "CC D1 DIAGNOSTIC": 0.03395877176402178,
    "CC D2 DIAGNOSTIC": 0.2230590666470818,
    "CC NEW D1 DIAGNOSTIC": 0.03395877176402178,
    "CC T1 DIAGNOSTIC": 0.009083457329397726,
    "CCSD CORRELATION ENERGY": -0.1293386375434251,
    "CCSD OPPOSITE-SPIN CORRELATION ENERGY": -0.10881746783311086,
    "CCSD SAME-SPIN CORRELATION ENERGY": -0.020521169710314036,
    "CCSD TOTAL ENERGY": -460.14051947285583,
    "CURRENT CORRELATION ENERGY": -0.1293386375434251,
    "CURRENT DIPOLE X": 0.0,
    "CURRENT DIPOLE Y": 0.0,
    "CURRENT DIPOLE Z": -2.1870615360421706,
    "CURRENT ENERGY": -460.14051947285583,
    "CURRENT REFERENCE ENERGY": -460.01118083531253,
    "HF TOTAL ENERGY": -460.0111808353125,
    "LCCSD (+LMP2) TOTAL ENERGY": -460.14031692532814,
    "MP2 CORRELATION ENERGY": -0.11396583102070278,
    "MP2 OPPOSITE-SPIN CORRELATION ENERGY": -0.09144961007043693,
    "MP2 SAME-SPIN CORRELATION ENERGY": -0.02251622095026584,
    "MP2 TOTAL ENERGY": -460.12514666633314,
    "NUCLEAR REPULSION ENERGY": 5.1590965524398,
    "ONE-ELECTRON ENERGY": -645.9738215119096,
    "PCM POLARIZATION ENERGY": 0.0,
    "PE ENERGY": 0.0,
    "SCF DIPOLE X": 0.0,
    "SCF DIPOLE Y": 0.0,
    "SCF DIPOLE Z": -2.1870615360421706,
    "SCF ITERATION ENERGY": -460.01118083531253,
    "SCF ITERATIONS": 9.0,
    "SCF TOTAL ENERGY": -460.01118083531253,
    "TWO-ELECTRON ENERGY": 180.80354412415733
}