{
    "CC D1 DIAGNOSTIC": 0.05646516577101942,
    "CC D2 DIAGNOSTIC": 0.23444817379761443,
    "CC NEW D1 DIAGNOSTIC": 0.05646516577101942,
    "CC T1 DIAGNOSTIC": 0.018312548348546138,
    "CCSD CORRELATION ENERGY": -0.190989254086334,
    "CCSD OPPOSITE-SPIN CORRELATION ENERGY": -0.15835511708664038,
    "CCSD SAME-SPIN CORRELATION ENERGY": -0.03263413699969339,
    "CCSD TOTAL ENERGY": -100.10100110580592,
    "CURRENT CORRELATION ENERGY": -0.190989254086334,
    "CURRENT DIPOLE X": 0.0,
    "CURRENT DIPOLE Y": 0.0,
    "CURRENT DIPOLE Z": -3.018725854466523,
    "CURRENT ENERGY": -100.10100110580592,
    "CURRENT REFERENCE ENERGY": -99.91001185171962,
    "HF TOTAL ENERGY": -99.91001185171962,
    "LCCSD (+LMP2) TOTAL ENERGY": -100.1092957769756,
    "MP2 CORRELATION ENERGY": -0.18641052096088884,
    "MP2 OPPOSITE-SPIN CORRELATION ENERGY": -0.1429710416480439,
    "MP2 SAME-SPIN CORRELATION ENERGY": -0.04343947931284495,
    "MP2 TOTAL ENERGY": -100.09642237268048,
    "NUCLEAR REPULSION ENERGY": 3.337170367288627,
    "ONE-ELECTRON ENERGY": -147.3521380916466,
    "PCM POLARIZATION ENERGY": 0.0,
    "PE ENERGY": 0.0,
    "SCF DIPOLE X": 0.0,
    "SCF DIPOLE Y": 0.0,
    "SCF DIPOLE Z": -3.018725854466523,
    "SCF ITERATION ENERGY": -99.91001185171962,
    "SCF ITERATIONS": 10.0,
    "SCF TOTAL ENERGY": -99.91001185171962,
    "TWO-ELECTRON ENERGY": 44.104955872638364
}