{
    "CC D1 DIAGNOSTIC": 0.030223888673802622,
    "CC D2 DIAGNOSTIC": 0.20000385522405115,
    "CC NEW D1 DIAGNOSTIC": 0.030223888673802622,
    "CC T1 DIAGNOSTIC": 0.009848362290866877,
    "CCSD CORRELATION ENERGY": -0.16002506756947024,
    "CCSD OPPOSITE-SPIN CORRELATION ENERGY": -0.13112979616253867,
    "CCSD SAME-SPIN CORRELATION ENERGY": -0.028895271406931572,
    "CCSD TOTAL ENERGY": -103.63903304183181,
    "CURRENT CORRELATION ENERGY": -0.16002506756947024,
    "CURRENT DIPOLE X": 0.0,
    "CURRENT DIPOLE Y": 0.0,
    "CURRENT DIPOLE Z": 4.757279898447391,
    "CURRENT ENERGY": -103.63903304183181,
    "CURRENT REFERENCE ENERGY": -103.47900797426242,
    "HF TOTAL ENERGY": -103.4790079742624,
    "LCCSD (+LMP2) TOTAL ENERGY": -103.64135648829678,
    "MP2 CORRELATION ENERGY": -0.14479710951477764,
    "MP2 OPPOSITE-SPIN CORRELATION ENERGY": -0.11499988073902721,
    "MP2 SAME-SPIN CORRELATION ENERGY": -0.02979722877575043,
    "MP2 TOTAL ENERGY": -103.62380508377713,
    "NUCLEAR REPULSION ENERGY": 28.575569376180002,
    "ONE-ELECTRON ENERGY": -191.52678576534797,
    "PCM POLARIZATION ENERGY": 0.0,
    "PE ENERGY": 0.0,
    "SCF DIPOLE X": 0.0,
    "SCF DIPOLE Y": 0.0,
    "SCF DIPOLE Z": 4.757279898447391,
    "SCF ITERATION ENERGY": -103.47900797426242,
    "SCF ITERATIONS": 11.0,
    "SCF TOTAL ENERGY": -103.47900797426242,
    "TWO-ELECTRON ENERGY": 59.47220841490556
}