{
    "CC D1 DIAGNOSTIC": 0.0101489058127457,
    "CC D2 DIAGNOSTIC": 0.10388839172111547,
    "CC NEW D1 DIAGNOSTIC": 0.0101489058127457,
    "CC T1 DIAGNOSTIC": 0.0045886070300233135,
    "CCSD CORRELATION ENERGY": -0.21621934463746992,
    "CCSD OPPOSITE-SPIN CORRELATION ENERGY": -0.17233638132998227,
    "CCSD SAME-SPIN CORRELATION ENERGY": -0.043882963307487755,
    "CCSD TOTAL ENERGY": -107.88556347968466,
    "CURRENT CORRELATION ENERGY": -0.21621934463746992,
    "CURRENT DIPOLE X": 0.0,
    "CURRENT DIPOLE Y": 0.0,
    "CURRENT DIPOLE Z": 2.821905433653156e-16,
    "CURRENT ENERGY": -107.88556347968466,
    "CURRENT REFERENCE ENERGY": -107.6693441350472,
    "HF TOTAL ENERGY": -107.6693441350472,
    "LCCSD (+LMP2) TOTAL ENERGY": -107.88543369727775,
    "MP2 CORRELATION ENERGY": -0.20837852784480923,
    "MP2 OPPOSITE-SPIN CORRELATION ENERGY": -0.15970364726466219,
    "MP2 SAME-SPIN CORRELATION ENERGY": -0.048674880580147045,
    "MP2 TOTAL ENERGY": -107.87772266289201,
    "NUCLEAR REPULSION ENERGY": 36.8571927231655,
    "ONE-ELECTRON ENERGY": -217.04911851338522,
    "PCM POLARIZATION ENERGY": 0.0,
    "PE ENERGY": 0.0,
    "SCF DIPOLE X": 0.0,
    "SCF DIPOLE Y": 0.0,
    "SCF DIPOLE Z": 2.821905433653156e-16,
    "SCF ITERATION ENERGY": -107.6693441350472,
    "SCF ITERATIONS": 8.0,
    "SCF TOTAL ENERGY": -107.6693441350472,
    "TWO-ELECTRON ENERGY": 72.52258165517253
}