{
    "CC D1 DIAGNOSTIC": 0.06330849748649893,
    "CC D2 DIAGNOSTIC": 0.16656854409327307,
    "CC NEW D1 DIAGNOSTIC": 0.06330849748649893,
    "CC T1 DIAGNOSTIC": 0.02032169551362661,
    "CCSD CORRELATION ENERGY": -0.4222345606410343,
    "CCSD OPPOSITE-SPIN CORRELATION ENERGY": -0.33366290401081067,
    "CCSD SAME-SPIN CORRELATION ENERGY": -0.08857165663022376,
    "CCSD TOTAL ENERGY": -187.97637090322957,
    "CURRENT CORRELATION ENERGY": -0.4222345606410343,
    "CURRENT DIPOLE X": 0.0,
    "CURRENT DIPOLE Y": 0.0,
    "CURRENT DIPOLE Z": 0.0,
    "CURRENT ENERGY": -187.97637090322957,
    "CURRENT REFERENCE ENERGY": -187.55413634258704,
    "HF TOTAL ENERGY": -187.55413634258701,
    "LCCSD (+LMP2) TOTAL ENERGY": -187.96173580748575,
    "MP2 CORRELATION ENERGY": -0.44268380739922786,
    "MP2 OPPOSITE-SPIN CORRELATION ENERGY": -0.3276722005963703,
    "MP2 SAME-SPIN CORRELATION ENERGY": -0.11501160680285755,
    "MP2 TOTAL ENERGY": -187.99682014998774,
    "NUCLEAR REPULSION ENERGY": 55.69918144705057,
    "ONE-ELECTRON ENERGY": -366.6515192345671,
    "PCM POLARIZATION ENERGY": 0.0,
    "PE ENERGY": 0.0,
    "SCF DIPOLE X": 0.0,
    "SCF DIPOLE Y": 0.0,
    "SCF DIPOLE Z": 0.0,
    "SCF ITERATION ENERGY": -187.55413634258704,
    "SCF ITERATIONS": 10.0,
    "SCF TOTAL ENERGY": -187.55413634258704,
    "TWO-ELECTRON ENERGY": 123.39820144492948
}