{
    "CC D1 DIAGNOSTIC": 0.054995945699608834,
    "CC D2 DIAGNOSTIC": 0.16538841205739604,
    "CC NEW D1 DIAGNOSTIC": 0.054995945699608834,
    "CC T1 DIAGNOSTIC": 0.021727111632164037,
    "CCSD CORRELATION ENERGY": -0.26448634664285997,
    "CCSD OPPOSITE-SPIN CORRELATION ENERGY": -0.2132112472386229,
    "CCSD SAME-SPIN CORRELATION ENERGY": -0.05127509940423697,
    "CCSD TOTAL ENERGY": -112.9539491993932,
    "CURRENT CORRELATION ENERGY": -0.26448634664285997,
    "CURRENT DIPOLE X": 0.0,
    "CURRENT DIPOLE Y": 0.0,
    "CURRENT DIPOLE Z": -0.8181060596842318,
    "CURRENT ENERGY": -112.9539491993932,
    "CURRENT REFERENCE ENERGY": -112.68946285275022,
    "HF TOTAL ENERGY": -112.68946285275022,
    "LCCSD (+LMP2) TOTAL ENERGY": -112.95396764457976,
    "MP2 CORRELATION ENERGY": -0.27140092500251023,
    "MP2 OPPOSITE-SPIN CORRELATION ENERGY": -0.2037816255968356,
    "MP2 SAME-SPIN CORRELATION ENERGY": -0.06761929940567463,
    "MP2 TOTAL ENERGY": -112.96086377775285,
    "NUCLEAR REPULSION ENERGY": 21.282950384504588,
    "ONE-ELECTRON ENERGY": -195.52058721800168,
    "PCM POLARIZATION ENERGY": 0.0,
    "PE ENERGY": 0.0,
    "SCF DIPOLE X": 0.0,
    "SCF DIPOLE Y": 0.0,
    "SCF DIPOLE Z": -0.8181060596842318,
    "SCF ITERATION ENERGY": -112.68946285275022,
    "SCF ITERATIONS": 10.0,
    "SCF TOTAL ENERGY": -112.68946285275022,
    "TWO-ELECTRON ENERGY": 61.54817398074688
}