{
    "CC D1 DIAGNOSTIC": 0.03786208878154439,
    "CC D2 DIAGNOSTIC": 0.2267838577491288,
    "CC NEW D1 DIAGNOSTIC": 0.03786208878154439,
    "CC T1 DIAGNOSTIC": 0.015536039523857436,
    "CCSD CORRELATION ENERGY": -0.3207796287882913,
    "CCSD OPPOSITE-SPIN CORRELATION ENERGY": -0.26551357679351467,
    "CCSD SAME-SPIN CORRELATION ENERGY": -0.0552660519947768,
    "CCSD TOTAL ENERGY": -109.11708139712117,
    "CURRENT CORRELATION ENERGY": -0.3207796287882913,
    "CURRENT DIPOLE X": 0.0,
    "CURRENT DIPOLE Y": 0.0,
    "CURRENT DIPOLE Z": -5.643810867306312e-16,
    "CURRENT ENERGY": -109.11708139712117,
    "CURRENT REFERENCE ENERGY": -108.79630176833305,
    "HF TOTAL ENERGY": -108.79630176833305,
    "LCCSD (+LMP2) TOTAL ENERGY": -109.08271139098422,
    "MP2 CORRELATION ENERGY": -0.3613041138365115,
    "MP2 OPPOSITE-SPIN CORRELATION ENERGY": -0.2652585652225708,
    "MP2 SAME-SPIN CORRELATION ENERGY": -0.09604554861394071,
    "MP2 TOTAL ENERGY": -109.15760588216939,
    "NUCLEAR REPULSION ENERGY": 19.84618069708912,
    "ONE-ELECTRON ENERGY": -186.40925789715163,
    "PCM POLARIZATION ENERGY": 0.0,
    "PE ENERGY": 0.0,
    "SCF DIPOLE X": 0.0,
    "SCF DIPOLE Y": 0.0,
    "SCF DIPOLE Z": -5.643810867306312e-16,
    "SCF ITERATION ENERGY": -108.79630176833305,
    "SCF ITERATIONS": 8.0,
    "SCF TOTAL ENERGY": -108.79630176833305,
    "TWO-ELECTRON ENERGY": 57.76677543172945
}