{
    "CC D1 DIAGNOSTIC": 0.4663404187242189,
    "CC D2 DIAGNOSTIC": 0.4261158068947433,
    "CC NEW D1 DIAGNOSTIC": 0.4663404187242189,
    "CC T1 DIAGNOSTIC": 0.15385399577924527,
    "CCSD CORRELATION ENERGY": -0.4674348674195351,
    "CCSD OPPOSITE-SPIN CORRELATION ENERGY": -0.35980768879348385,
    "CCSD SAME-SPIN CORRELATION ENERGY": -0.1076271786260547,
    "CCSD TOTAL ENERGY": -187.54539442226573,
    "CURRENT CORRELATION ENERGY": -0.4674348674195351,
    "CURRENT DIPOLE X": 0.0,
    "CURRENT DIPOLE Y": 0.0,
    "CURRENT DIPOLE Z": 0.0,
    "CURRENT ENERGY": -187.54539442226573,
    "CURRENT REFERENCE ENERGY": -187.07795955484582,
    "HF TOTAL ENERGY": -187.07795955484582,
    "LCCSD (+LMP2) TOTAL ENERGY": -187.54571983257594,
    "MP2 CORRELATION ENERGY": -0.34186314906437393,
    "MP2 OPPOSITE-SPIN CORRELATION ENERGY": -0.26892107572642254,
    "MP2 SAME-SPIN CORRELATION ENERGY": -0.07294207333795139,
    "MP2 TOTAL ENERGY": -187.41982270391057,
    "NUCLEAR REPULSION ENERGY": 34.65090465343508,
    "ONE-ELECTRON ENERGY": -325.80856283376744,
    "PCM POLARIZATION ENERGY": 0.0,
    "PE ENERGY": 0.0,
    "SCF DIPOLE X": 0.0,
    "SCF DIPOLE Y": 0.0,
    "SCF DIPOLE Z": 0.0,
    "SCF ITERATION ENERGY": -187.07795955484582,
    "SCF ITERATIONS": 13.0,
    "SCF TOTAL ENERGY": -187.07795955484582,
    "TWO-ELECTRON ENERGY": 104.07969862548654
}