{
    "CC D1 DIAGNOSTIC": 0.03647380066400782,
    "CC D2 DIAGNOSTIC": 0.1831468150260817,
    "CC NEW D1 DIAGNOSTIC": 0.03647380066400782,
    "CC T1 DIAGNOSTIC": 0.012337693064491197,
    "CCSD CORRELATION ENERGY": -0.17980087617064058,
    "CCSD OPPOSITE-SPIN CORRELATION ENERGY": -0.14702408765595618,
    "CCSD SAME-SPIN CORRELATION ENERGY": -0.032776788514684047,
    "CCSD TOTAL ENERGY": -100.13598600541847,
    "CURRENT CORRELATION ENERGY": -0.17980087617064058,
    "CURRENT DIPOLE X": 0.0,
    "CURRENT DIPOLE Y": 0.0,
    "CURRENT DIPOLE Z": -2.7743901460421503,
    "CURRENT ENERGY": -100.13598600541847,
    "CURRENT REFERENCE ENERGY": -99.95618512924788,
    "HF TOTAL ENERGY": -99.95618512924788,
    "LCCSD (+LMP2) TOTAL ENERGY": -100.12787020705844,
    "MP2 CORRELATION ENERGY": -0.17725595060942584,
    "MP2 OPPOSITE-SPIN CORRELATION ENERGY": -0.13524053747447043,
    "MP2 SAME-SPIN CORRELATION ENERGY": -0.04201541313495541,
    "MP2 TOTAL ENERGY": -100.13344107985725,
    "NUCLEAR REPULSION ENERGY": 3.7986227828054915,
    "ONE-ELECTRON ENERGY": -148.18382155394443,
    "PCM POLARIZATION ENERGY": 0.0,
    "PE ENERGY": 0.0,
    "SCF DIPOLE X": 0.0,
    "SCF DIPOLE Y": 0.0,
    "SCF DIPOLE Z": -2.7743901460421503,
    "SCF ITERATION ENERGY": -99.95618512924788,
    "SCF ITERATIONS": 10.0,
    "SCF TOTAL ENERGY": -99.95618512924788,
    "TWO-ELECTRON ENERGY": 44.429013641891046
}