{
    "CC D1 DIAGNOSTIC": 0.042007754761712056,
    "CC D2 DIAGNOSTIC": 0.34843589351590415,
    "CC NEW D1 DIAGNOSTIC": 0.042007754761712056,
    "CC T1 DIAGNOSTIC": 0.01028993748834196,
    "CCSD CORRELATION ENERGY": -0.26083240634021104,
    "CCSD OPPOSITE-SPIN CORRELATION ENERGY": -0.20882695756027636,
    "CCSD SAME-SPIN CORRELATION ENERGY": -0.05200544877993474,
    "CCSD TOTAL ENERGY": -253.8592143400856,
    "CURRENT CORRELATION ENERGY": -0.26083240634021104,
    "CURRENT DIPOLE X": 0.0,
    "CURRENT DIPOLE Y": 0.0,
    "CURRENT DIPOLE Z": 3.4241476908191513,
    "CURRENT ENERGY": -253.8592143400856,
    "CURRENT REFERENCE ENERGY": -253.5983819337449,
    "HF TOTAL ENERGY": -253.5983819337449,
    "LCCSD (+LMP2) TOTAL ENERGY": -253.8592143400856,
    "MP2 CORRELATION ENERGY": -0.2400074669619961,
    "MP2 OPPOSITE-SPIN CORRELATION ENERGY": -0.1848779704850687,
    "MP2 SAME-SPIN CORRELATION ENERGY": -0.055129496476927387,
    "MP2 TOTAL ENERGY": -253.8383894007074,
    "NUCLEAR REPULSION ENERGY": 94.77563843099702,
    "ONE-ELECTRON ENERGY": -525.3996327149373,
    "PCM POLARIZATION ENERGY": 0.0,
    "PE ENERGY": 0.0,
    "SCF DIPOLE X": 0.0,
    "SCF DIPOLE Y": 0.0,
    "SCF DIPOLE Z": 3.4241476908191513,
    "SCF ITERATION ENERGY": -253.5983819337449,
    "SCF ITERATIONS": 10.0,
    "SCF TOTAL ENERGY": -253.5983819337449,
    "TWO-ELECTRON ENERGY": 177.02561235019542
}