{
    "CC D1 DIAGNOSTIC": 0.01748888397659127,
    "CC D2 DIAGNOSTIC": 0.1174541968853763,
    "CC NEW D1 DIAGNOSTIC": 0.01748888397659127,
    "CC T1 DIAGNOSTIC": 0.006036289461250342,
    "CCSD CORRELATION ENERGY": -0.2072107926371154,
    "CCSD OPPOSITE-SPIN CORRELATION ENERGY": -0.1641317449556882,
    "CCSD SAME-SPIN CORRELATION ENERGY": -0.04307904768142734,
    "CCSD TOTAL ENERGY": -110.23145956400039,
    "CURRENT CORRELATION ENERGY": -0.2072107926371154,
    "CURRENT DIPOLE X": 0.0,
    "CURRENT DIPOLE Y": 0.0,
    "CURRENT DIPOLE Z": 1.341691825226052,
    "CURRENT ENERGY": -110.23145956400039,
    "CURRENT REFERENCE ENERGY": -110.02424877136332,
    "HF TOTAL ENERGY": -110.02424877136332,
    "LCCSD (+LMP2) TOTAL ENERGY": -110.23464883044214,
    "MP2 CORRELATION ENERGY": -0.19822976039082646,
    "MP2 OPPOSITE-SPIN CORRELATION ENERGY": -0.15172443143755723,
    "MP2 SAME-SPIN CORRELATION ENERGY": -0.046505328953269226,
    "MP2 TOTAL ENERGY": -110.2224785317541,
    "NUCLEAR REPULSION ENERGY": 41.94772378688664,
    "ONE-ELECTRON ENERGY": -229.65344807021734,
    "PCM POLARIZATION ENERGY": 0.0,
    "PE ENERGY": 0.0,
    "SCF DIPOLE X": 0.0,
    "SCF DIPOLE Y": 0.0,
    "SCF DIPOLE Z": 1.341691825226052,
    "SCF ITERATION ENERGY": -110.02424877136332,
    "SCF ITERATIONS": 10.0,
    "SCF TOTAL ENERGY": -110.02424877136332,
    "TWO-ELECTRON ENERGY": 77.68147551196739
}