{
    "CC D1 DIAGNOSTIC": 0.1644142337008254,
    "CC D2 DIAGNOSTIC": 0.20521347640243204,
    "CC NEW D1 DIAGNOSTIC": 0.1644142337008254,
    "CC T1 DIAGNOSTIC": 0.05332743769127314,
    "CCSD CORRELATION ENERGY": -0.47584928391156023,
    "CCSD OPPOSITE-SPIN CORRELATION ENERGY": -0.37532726463065164,
    "CCSD SAME-SPIN CORRELATION ENERGY": -0.10052201928090782,
    "CCSD TOTAL ENERGY": -187.7978986828737,
    "CURRENT CORRELATION ENERGY": -0.47584928391156023,
    "CURRENT DIPOLE X": 0.0,
    "CURRENT DIPOLE Y": 0.0,
    "CURRENT DIPOLE Z": 0.0,
    "CURRENT ENERGY": -187.7978986828737,
    "CURRENT REFERENCE ENERGY": -187.32204939896192,
    "HF TOTAL ENERGY": -187.32204939896192,
    "LCCSD (+LMP2) TOTAL ENERGY": -187.797886062134,
    "MP2 CORRELATION ENERGY": -0.48888563669091134,
    "MP2 OPPOSITE-SPIN CORRELATION ENERGY": -0.35965251843178775,
    "MP2 SAME-SPIN CORRELATION ENERGY": -0.1292331182591236,
    "MP2 TOTAL ENERGY": -187.81093503565305,
    "NUCLEAR REPULSION ENERGY": 44.63311890790146,
    "ONE-ELECTRON ENERGY": -345.0057945239304,
    "PCM POLARIZATION ENERGY": 0.0,
    "PE ENERGY": 0.0,
    "SCF DIPOLE X": 0.0,
    "SCF DIPOLE Y": 0.0,
    "SCF DIPOLE Z": 0.0,
    "SCF ITERATION ENERGY": -187.32204939896192,
    "SCF ITERATIONS": 11.0,
    "SCF TOTAL ENERGY": -187.32204939896192,
    "TWO-ELECTRON ENERGY": 113.05062621706699
}