{
    "CC D1 DIAGNOSTIC": 0.020096165250360704,
    "CC D2 DIAGNOSTIC": 0.11621097388016793,
    "CC NEW D1 DIAGNOSTIC": 0.020096165250360704,
    "CC T1 DIAGNOSTIC": 0.006483146421556078,
    "CCSD CORRELATION ENERGY": -0.20754559505529013,
    "CCSD OPPOSITE-SPIN CORRELATION ENERGY": -0.1638911914433794,
    "CCSD SAME-SPIN CORRELATION ENERGY": -0.04365440361191089,
    "CCSD TOTAL ENERGY": -108.60157838037688,
    "CURRENT CORRELATION ENERGY": -0.20754559505529013,
    "CURRENT DIPOLE X": 0.0,
    "CURRENT DIPOLE Y": 0.0,
    "CURRENT DIPOLE Z": 1.4466696880722358,
    "CURRENT ENERGY": -108.60157838037688,
    "CURRENT REFERENCE ENERGY": -108.3940327853214,
    "HF TOTAL ENERGY": -108.3940327853214,
    "LCCSD (+LMP2) TOTAL ENERGY": -108.59826929846567,
    "MP2 CORRELATION ENERGY": -0.1984558130672879,
    "MP2 OPPOSITE-SPIN CORRELATION ENERGY": -0.15162875441040552,
    "MP2 SAME-SPIN CORRELATION ENERGY": -0.04682705865688239,
    "MP2 TOTAL ENERGY": -108.59248859838887,
    "NUCLEAR REPULSION ENERGY": 47.240193610465795,
    "ONE-ELECTRON ENERGY": -236.3478638058335,
    "PCM POLARIZATION ENERGY": 0.0,
    "PE ENERGY": 0.0,
    "SCF DIPOLE X": 0.0,
    "SCF DIPOLE Y": 0.0,
    "SCF DIPOLE Z": 1.4466696880722358,
    "SCF ITERATION ENERGY": -108.3940327853214,
    "SCF ITERATIONS": 10.0,
    "SCF TOTAL ENERGY": -108.3940327853214,
    "TWO-ELECTRON ENERGY": 80.71363741004629
}