{
    "CC D1 DIAGNOSTIC": 0.011215949810299507,
    "CC D2 DIAGNOSTIC": 0.09276771157556438,
    "CC NEW D1 DIAGNOSTIC": 0.011215949810299507,
    "CC T1 DIAGNOSTIC": 0.004344201422163519,
    "CCSD CORRELATION ENERGY": -0.10586491751107226,
    "CCSD OPPOSITE-SPIN CORRELATION ENERGY": -0.08693407686674966,
    "CCSD SAME-SPIN CORRELATION ENERGY": -0.01893084064432242,
    "CCSD TOTAL ENERGY": -460.10086657137015,
    "CURRENT CORRELATION ENERGY": -0.10586491751107226,
    "CURRENT DIPOLE X": 0.0,
    "CURRENT DIPOLE Y": 0.0,
    "CURRENT DIPOLE Z": -1.7657636596853095,
    "CURRENT ENERGY": -460.10086657137015,
    "CURRENT REFERENCE ENERGY": -459.99500165385905,
    "HF TOTAL ENERGY": -459.99500165385905,
    "LCCSD (+LMP2) TOTAL ENERGY": -460.1010920635528,
    "MP2 CORRELATION ENERGY": -0.09745191532586306,
    "MP2 OPPOSITE-SPIN CORRELATION ENERGY": -0.07795019170577544,
    "MP2 SAME-SPIN CORRELATION ENERGY": -0.01950172362008762,
    "MP2 TOTAL ENERGY": -460.0924535691849,
    "NUCLEAR REPULSION ENERGY": 8.754066032746264,
    "ONE-ELECTRON ENERGY": -652.7167189484304,
    "PCM POLARIZATION ENERGY": 0.0,
    "PE ENERGY": 0.0,
    "SCF DIPOLE X": 0.0,
    "SCF DIPOLE Y": 0.0,
    "SCF DIPOLE Z": -1.7657636596853095,
    "SCF ITERATION ENERGY": -459.99500165385905,
    "SCF ITERATIONS": 8.0,
    "SCF TOTAL ENERGY": -459.99500165385905,
    "TWO-ELECTRON ENERGY": 183.96765126182515
}