{
    "CC D1 DIAGNOSTIC": 0.18788015150132537,
    "CC D2 DIAGNOSTIC": 0.13834720783296098,
    "CC NEW D1 DIAGNOSTIC": 0.18788015150132537,
    "CC T1 DIAGNOSTIC": 0.04257017277077604,
    "CCSD CORRELATION ENERGY": -0.2922217685839145,
    "CCSD OPPOSITE-SPIN CORRELATION ENERGY": -0.22569644441146275,
    "CCSD SAME-SPIN CORRELATION ENERGY": -0.06652532417245205,
    "CCSD TOTAL ENERGY": -260.9338977775849,
    "CURRENT CORRELATION ENERGY": -0.2922217685839145,
    "CURRENT DIPOLE X": 0.0,
    "CURRENT DIPOLE Y": 0.0,
    "CURRENT DIPOLE Z": -5.24145122547764,
    "CURRENT ENERGY": -260.9338977775849,
    "CURRENT REFERENCE ENERGY": -260.6416760090006,
    "HF TOTAL ENERGY": -260.64167600900055,
    "LCCSD (+LMP2) TOTAL ENERGY": -260.6752148901007,
    "MP2 CORRELATION ENERGY": -0.2913277266978299,
    "MP2 OPPOSITE-SPIN CORRELATION ENERGY": -0.21561541666741957,
    "MP2 SAME-SPIN CORRELATION ENERGY": -0.07571231003041035,
    "MP2 TOTAL ENERGY": -260.9330037356988,
    "NUCLEAR REPULSION ENERGY": 45.926520825593265,
    "ONE-ELECTRON ENERGY": -460.5665729169637,
    "PCM POLARIZATION ENERGY": 0.0,
    "PE ENERGY": 0.0,
    "SCF DIPOLE X": 0.0,
    "SCF DIPOLE Y": 0.0,
    "SCF DIPOLE Z": -5.24145122547764,
    "SCF ITERATION ENERGY": -260.6416760090006,
    "SCF ITERATIONS": 11.0,
    "SCF TOTAL ENERGY": -260.6416760090006,
    "TWO-ELECTRON ENERGY": 153.99837608236984
}