{
    "CC D1 DIAGNOSTIC": 0.01532327104708312,
    "CC D2 DIAGNOSTIC": 0.11585069466179074,
    "CC NEW D1 DIAGNOSTIC": 0.01532327104708312,
    "CC T1 DIAGNOSTIC": 0.0065696233301982794,
    "CCSD CORRELATION ENERGY": -0.16174232227107435,
    "CCSD OPPOSITE-SPIN CORRELATION ENERGY": -0.129863439243184,
    "CCSD SAME-SPIN CORRELATION ENERGY": -0.031878883027890326,
    "CCSD TOTAL ENERGY": -100.18260254980045,
    "CURRENT CORRELATION ENERGY": -0.16174232227107435,
    "CURRENT DIPOLE X": 0.0,
    "CURRENT DIPOLE Y": 0.0,
    "CURRENT DIPOLE Z": -2.359494160726677,
    "CURRENT ENERGY": -100.18260254980045,
    "CURRENT REFERENCE ENERGY": -100.02086022752935,
    "HF TOTAL ENERGY": -100.02086022752937,
    "LCCSD (+LMP2) TOTAL ENERGY": -100.17726103047272,
    "MP2 CORRELATION ENERGY": -0.16048505005487473,
    "MP2 OPPOSITE-SPIN CORRELATION ENERGY": -0.12186725734900887,
    "MP2 SAME-SPIN CORRELATION ENERGY": -0.038617792705865864,
    "MP2 TOTAL ENERGY": -100.18134527758424,
    "NUCLEAR REPULSION ENERGY": 5.081803669222359,
    "ONE-ELECTRON ENERGY": -150.42928621055614,
    "PCM POLARIZATION ENERGY": 0.0,
    "PE ENERGY": 0.0,
    "SCF DIPOLE X": 0.0,
    "SCF DIPOLE Y": 0.0,
    "SCF DIPOLE Z": -2.359494160726677,
    "SCF ITERATION ENERGY": -100.02086022752935,
    "SCF ITERATIONS": 9.0,
    "SCF TOTAL ENERGY": -100.02086022752935,
    "TWO-ELECTRON ENERGY": 45.32662231380443
}