{
    "CC D1 DIAGNOSTIC": 0.034107474728171404,
    "CC D2 DIAGNOSTIC": 0.09212604975914841,
    "CC NEW D1 DIAGNOSTIC": 0.034107474728171404,
    "CC T1 DIAGNOSTIC": 0.014298812493673553,
    "CCSD CORRELATION ENERGY": -0.17456629407719085,
    "CCSD OPPOSITE-SPIN CORRELATION ENERGY": -0.1387610334886791,
    "CCSD SAME-SPIN CORRELATION ENERGY": -0.03580526058851172,
    "CCSD TOTAL ENERGY": -106.74492382014095,
    "CURRENT CORRELATION ENERGY": -0.17456629407719085,
    "CURRENT DIPOLE X": 0.0,
    "CURRENT DIPOLE Y": 0.0,
    "CURRENT DIPOLE Z": -3.757225506664903,
    "CURRENT ENERGY": -106.74492382014095,
    "CURRENT REFERENCE ENERGY": -106.57035752606382,
    "HF TOTAL ENERGY": -106.57035752606382,
    "LCCSD (+LMP2) TOTAL ENERGY": -106.71499931146114,
    "MP2 CORRELATION ENERGY": -0.17495245461029893,
    "MP2 OPPOSITE-SPIN CORRELATION ENERGY": -0.13215862843646548,
    "MP2 SAME-SPIN CORRELATION ENERGY": -0.042793826173833455,
    "MP2 TOTAL ENERGY": -106.74530998067405,
    "NUCLEAR REPULSION ENERGY": 14.770229365869668,
    "ONE-ELECTRON ENERGY": -179.29754903181285,
    "PCM POLARIZATION ENERGY": 0.0,
    "PE ENERGY": 0.0,
    "SCF DIPOLE X": 0.0,
    "SCF DIPOLE Y": 0.0,
    "SCF DIPOLE Z": -3.757225506664903,
    "SCF ITERATION ENERGY": -106.57035752606382,
    "SCF ITERATIONS": 10.0,
    "SCF TOTAL ENERGY": -106.57035752606382,
    "TWO-ELECTRON ENERGY": 57.95696213987938
}