{
    "CC D1 DIAGNOSTIC": 0.01715214625705751,
    "CC D2 DIAGNOSTIC": 0.11833428392316853,
    "CC NEW D1 DIAGNOSTIC": 0.01715214625705751,
    "CC T1 DIAGNOSTIC": 0.006090158995639229,
    "CCSD CORRELATION ENERGY": -0.20817406237124883,
    "CCSD OPPOSITE-SPIN CORRELATION ENERGY": -0.16515471649677352,
    "CCSD SAME-SPIN CORRELATION ENERGY": -0.04301934587447517,
    "CCSD TOTAL ENERGY": -110.7580724275064,
    "CURRENT CORRELATION ENERGY": -0.20817406237124883,
    "CURRENT DIPOLE X": 0.0,
    "CURRENT DIPOLE Y": 0.0,
    "CURRENT DIPOLE Z": 1.2811263270999957,
    "CURRENT ENERGY": -110.7580724275064,
    "CURRENT REFERENCE ENERGY": -110.54989836513525,
    "HF TOTAL ENERGY": -110.54989836513525,
    "LCCSD (+LMP2) TOTAL ENERGY": -110.76482716897097,
    "MP2 CORRELATION ENERGY": -0.1993356152070606,
    "MP2 OPPOSITE-SPIN CORRELATION ENERGY": -0.15265657864877374,
    "MP2 SAME-SPIN CORRELATION ENERGY": -0.04667903655828687,
    "MP2 TOTAL ENERGY": -110.74923398034223,
    "NUCLEAR REPULSION ENERGY": 39.95810842940586,
    "ONE-ELECTRON ENERGY": -226.90731388109552,
    "PCM POLARIZATION ENERGY": 0.0,
    "PE ENERGY": 0.0,
    "SCF DIPOLE X": 0.0,
    "SCF DIPOLE Y": 0.0,
    "SCF DIPOLE Z": 1.2811263270999957,
    "SCF ITERATION ENERGY": -110.54989836513525,
    "SCF ITERATIONS": 10.0,
    "SCF TOTAL ENERGY": -110.54989836513525,
    "TWO-ELECTRON ENERGY": 76.39930708655442
}