{
    "CC D1 DIAGNOSTIC": 0.01968132706462383,
    "CC D2 DIAGNOSTIC": 0.1637418988039213,
    "CC NEW D1 DIAGNOSTIC": 0.01968132706462383,
    "CC T1 DIAGNOSTIC": 0.0062672037893206365,
    "CCSD CORRELATION ENERGY": -0.11904683014333085,
    "CCSD OPPOSITE-SPIN CORRELATION ENERGY": -0.09886279054462453,
    "CCSD SAME-SPIN CORRELATION ENERGY": -0.020184039598706502,
    "CCSD TOTAL ENERGY": -460.17004554812496,
    "CURRENT CORRELATION ENERGY": -0.11904683014333085,
    "CURRENT DIPOLE X": 0.0,
    "CURRENT DIPOLE Y": 0.0,
    "CURRENT DIPOLE Z": -2.0035285811585233,
    "CURRENT ENERGY": -460.17004554812496,
    "CURRENT REFERENCE ENERGY": -460.05099871798143,
    "HF TOTAL ENERGY": -460.05099871798143,
    "LCCSD (+LMP2) TOTAL ENERGY": -460.196927850263,
    "MP2 CORRELATION ENERGY": -0.10719215830766479,
    "MP2 OPPOSITE-SPIN CORRELATION ENERGY": -0.08568191011143554,
    "MP2 SAME-SPIN CORRELATION ENERGY": -0.02151024819622925,
    "MP2 TOTAL ENERGY": -460.1581908762893,
    "NUCLEAR REPULSION ENERGY": 5.9873127213933435,
    "ONE-ELECTRON ENERGY": -647.5886036927984,
    "PCM POLARIZATION ENERGY": 0.0,
    "PE ENERGY": 0.0,
    "SCF DIPOLE X": 0.0,
    "SCF DIPOLE Y": 0.0,
    "SCF DIPOLE Z": -2.0035285811585233,
    "SCF ITERATION ENERGY": -460.05099871798143,
    "SCF ITERATIONS": 9.0,
    "SCF TOTAL ENERGY": -460.05099871798143,
    "TWO-ELECTRON ENERGY": 181.55029225342366
}