{
    "CC D1 DIAGNOSTIC": 0.047336459734230237,
    "CC D2 DIAGNOSTIC": 0.09043631867545283,
    "CC NEW D1 DIAGNOSTIC": 0.047336459734230237,
    "CC T1 DIAGNOSTIC": 0.014294853278220361,
    "CCSD CORRELATION ENERGY": -0.2864608780033302,
    "CCSD OPPOSITE-SPIN CORRELATION ENERGY": -0.22217113128879248,
    "CCSD SAME-SPIN CORRELATION ENERGY": -0.06428974671453788,
    "CCSD TOTAL ENERGY": -261.4504324599895,
    "CURRENT CORRELATION ENERGY": -0.2864608780033302,
    "CURRENT DIPOLE X": 0.0,
    "CURRENT DIPOLE Y": 0.0,
    "CURRENT DIPOLE Z": -6.476188196847316,
    "CURRENT ENERGY": -261.4504324599895,
    "CURRENT REFERENCE ENERGY": -261.16397158198566,
    "HF TOTAL ENERGY": -261.16397158198566,
    "LCCSD (+LMP2) TOTAL ENERGY": -261.4504324599895,
    "MP2 CORRELATION ENERGY": -0.2873062213130879,
    "MP2 OPPOSITE-SPIN CORRELATION ENERGY": -0.21338002502750003,
    "MP2 SAME-SPIN CORRELATION ENERGY": -0.07392619628558789,
    "MP2 TOTAL ENERGY": -261.45127780329926,
    "NUCLEAR REPULSION ENERGY": 37.501151897157094,
    "ONE-ELECTRON ENERGY": -444.8976996099887,
    "PCM POLARIZATION ENERGY": 0.0,
    "PE ENERGY": 0.0,
    "SCF DIPOLE X": 0.0,
    "SCF DIPOLE Y": 0.0,
    "SCF DIPOLE Z": -6.476188196847316,
    "SCF ITERATION ENERGY": -261.16397158198566,
    "SCF ITERATIONS": 11.0,
    "SCF TOTAL ENERGY": -261.16397158198566,
    "TWO-ELECTRON ENERGY": 146.23257613084593
}