{
    "CC D1 DIAGNOSTIC": 0.025233533682062978,
    "CC D2 DIAGNOSTIC": 0.17532103474977082,
    "CC NEW D1 DIAGNOSTIC": 0.025233533682062978,
    "CC T1 DIAGNOSTIC": 0.010543842425870746,
    "CCSD CORRELATION ENERGY": -0.2753917227331059,
    "CCSD OPPOSITE-SPIN CORRELATION ENERGY": -0.22342850217862345,
    "CCSD SAME-SPIN CORRELATION ENERGY": -0.05196322055448235,
    "CCSD TOTAL ENERGY": -109.1690929949822,
    "CURRENT CORRELATION ENERGY": -0.2753917227331059,
    "CURRENT DIPOLE X": 0.0,
    "CURRENT DIPOLE Y": 0.0,
    "CURRENT DIPOLE Z": 5.643810867306312e-16,
    "CURRENT ENERGY": -109.1690929949822,
    "CURRENT REFERENCE ENERGY": -108.89370127224905,
    "HF TOTAL ENERGY": -108.89370127224905,
    "LCCSD (+LMP2) TOTAL ENERGY": -109.19917819531928,
    "MP2 CORRELATION ENERGY": -0.2869948498207695,
    "MP2 OPPOSITE-SPIN CORRELATION ENERGY": -0.2147412135240791,
    "MP2 SAME-SPIN CORRELATION ENERGY": -0.0722536362966904,
    "MP2 TOTAL ENERGY": -109.18069612206986,
    "NUCLEAR REPULSION ENERGY": 23.508004470356138,
    "ONE-ELECTRON ENERGY": -193.63602213443465,
    "PCM POLARIZATION ENERGY": 0.0,
    "PE ENERGY": 0.0,
    "SCF DIPOLE X": 0.0,
    "SCF DIPOLE Y": 0.0,
    "SCF DIPOLE Z": 5.643810867306312e-16,
    "SCF ITERATION ENERGY": -108.89370127224905,
    "SCF ITERATIONS": 8.0,
    "SCF TOTAL ENERGY": -108.89370127224905,
    "TWO-ELECTRON ENERGY": 61.23431639182947
}