{
    "CC D1 DIAGNOSTIC": 0.2998153410348999,
    "CC D2 DIAGNOSTIC": 0.27271284199115714,
    "CC NEW D1 DIAGNOSTIC": 0.2998153410348999,
    "CC T1 DIAGNOSTIC": 0.09933266427866502,
    "CCSD CORRELATION ENERGY": -0.481022581771074,
    "CCSD OPPOSITE-SPIN CORRELATION ENERGY": -0.37402599367700523,
    "CCSD SAME-SPIN CORRELATION ENERGY": -0.10699658809406948,
    "CCSD TOTAL ENERGY": -187.6457583964066,
    "CURRENT CORRELATION ENERGY": -0.481022581771074,
    "CURRENT DIPOLE X": 0.0,
    "CURRENT DIPOLE Y": 0.0,
    "CURRENT DIPOLE Z": 0.0,
    "CURRENT ENERGY": -187.6457583964066,
    "CURRENT REFERENCE ENERGY": -187.16473581463364,
    "HF TOTAL ENERGY": -187.16473581463364,
    "LCCSD (+LMP2) TOTAL ENERGY": -187.64555166103483,
    "MP2 CORRELATION ENERGY": -0.42187313251660014,
    "MP2 OPPOSITE-SPIN CORRELATION ENERGY": -0.31785455993308265,
    "MP2 SAME-SPIN CORRELATION ENERGY": -0.10401857258351749,
    "MP2 TOTAL ENERGY": -187.58660894715211,
    "NUCLEAR REPULSION ENERGY": 38.844962277193794,
    "ONE-ELECTRON ENERGY": -333.84935260235414,
    "PCM POLARIZATION ENERGY": 0.0,
    "PE ENERGY": 0.0,
    "SCF DIPOLE X": 0.0,
    "SCF DIPOLE Y": 0.0,
    "SCF DIPOLE Z": 0.0,
    "SCF ITERATION ENERGY": -187.16473581463364,
    "SCF ITERATIONS": 12.0,
    "SCF TOTAL ENERGY": -187.16473581463364,
    "TWO-ELECTRON ENERGY": 107.83965451052669
}