{
    "CC D1 DIAGNOSTIC": 0.031886353511729616,
    "CC D2 DIAGNOSTIC": 0.2351446576696904,
    "CC NEW D1 DIAGNOSTIC": 0.031886353511729616,
    "CC T1 DIAGNOSTIC": 0.010211229365798633,
    "CCSD CORRELATION ENERGY": -0.29535958570876164,
    "CCSD OPPOSITE-SPIN CORRELATION ENERGY": -0.23939256398308548,
    "CCSD SAME-SPIN CORRELATION ENERGY": -0.055967021725676,
    "CCSD TOTAL ENERGY": -149.79534904163808,
    "CURRENT CORRELATION ENERGY": -0.29535958570876164,
    "CURRENT DIPOLE X": 0.0,
    "CURRENT DIPOLE Y": 0.0,
    "CURRENT DIPOLE Z": 0.0,
    "CURRENT ENERGY": -149.79534904163808,
    "CURRENT REFERENCE ENERGY": -149.49998945592992,
    "HF TOTAL ENERGY": -149.49998945592992,
    "LCCSD (+LMP2) TOTAL ENERGY": -149.79188853034145,
    "MP2 CORRELATION ENERGY": -0.29518757297392295,
    "MP2 OPPOSITE-SPIN CORRELATION ENERGY": -0.22392403762397584,
    "MP2 SAME-SPIN CORRELATION ENERGY": -0.07126353534994712,
    "MP2 TOTAL ENERGY": -149.79517702890325,
    "NUCLEAR REPULSION ENERGY": 30.29034137120504,
    "ONE-ELECTRON ENERGY": -265.48023623771064,
    "PCM POLARIZATION ENERGY": 0.0,
    "PE ENERGY": 0.0,
    "SCF DIPOLE X": 0.0,
    "SCF DIPOLE Y": 0.0,
    "SCF DIPOLE Z": 0.0,
    "SCF ITERATION ENERGY": -149.49998945592992,
    "SCF ITERATIONS": 9.0,
    "SCF TOTAL ENERGY": -149.49998945592992,
    "TWO-ELECTRON ENERGY": 85.68990541057568
}