{
    "CURRENT CORRELATION ENERGY": -0.031887317611774435,
    "CURRENT DIPOLE X": 0.0,
    "CURRENT DIPOLE Y": 0.0,
    "CURRENT DIPOLE Z": -1.4285896257869101e-15,
    "CURRENT ENERGY": -1.0192834587234476,
    "CURRENT REFERENCE ENERGY": -0.9873961411116732,
    "CUSTOM SCS-MP2 CORRELATION ENERGY": -0.038264781134129226,
    "CUSTOM SCS-MP2 TOTAL ENERGY": -1.0256609222458024,
    "HF TOTAL ENERGY": -0.9873961411116732,
    "MP2 CORRELATION ENERGY": -0.031887317611774435,
    "MP2 OPPOSITE-SPIN CORRELATION ENERGY": -0.03188731761177436,
    "MP2 SAME-SPIN CORRELATION ENERGY": 0.0,
    "MP2 TOTAL ENERGY": -1.0192834587234476,
    "NUCLEAR REPULSION ENERGY": 0.3367491340627273,
    "ONE-ELECTRON ENERGY": -1.780198471442697,
    "PCM POLARIZATION ENERGY": 0.0,
    "PE ENERGY": 0.0,
    "SCF DIPOLE X": 0.0,
    "SCF DIPOLE Y": 0.0,
    "SCF DIPOLE Z": -1.4285896257869101e-15,
    "SCF ITERATION ENERGY": -0.9873961411116732,
    "SCF ITERATIONS": 5.0,
    "SCF TOTAL ENERGY": -0.9873961411116732,
    "SCS-MP2 CORRELATION ENERGY": -0.038264781134129226,
    "SCS-MP2 TOTAL ENERGY": -1.0256609222458024,
    "SCS-MP2-VDW CORRELATION ENERGY": -0.040815766543071286,
    "SCS-MP2-VDW TOTAL ENERGY": -1.0282119076547445,
    "SCSN-MP2 CORRELATION ENERGY": 0.0,
    "SCSN-MP2 TOTAL ENERGY": -0.9873961411116732,
    "SOS-MP2 CORRELATION ENERGY": 0.0,
    "SOS-MP2 TOTAL ENERGY": -0.9873961411116732,
    "SOS-PI-MP2 CORRELATION ENERGY": -0.04464224465648403,
    "SOS-PI-MP2 TOTAL ENERGY": -1.0320383857681572,
    "TWO-ELECTRON ENERGY": 0.4560531962682966
}