{
    "CC D1 DIAGNOSTIC": 0.010697850446676207,
    "CC D2 DIAGNOSTIC": 0.1818751390222665,
    "CC NEW D1 DIAGNOSTIC": 0.010697850446676207,
    "CC T1 DIAGNOSTIC": 0.00481652238115825,
    "CCSD CORRELATION ENERGY": -0.2345135721390882,
    "CCSD OPPOSITE-SPIN CORRELATION ENERGY": -0.18706411341125526,
    "CCSD SAME-SPIN CORRELATION ENERGY": -0.04744945872783285,
    "CCSD TOTAL ENERGY": -147.63326638607748,
    "CURRENT CORRELATION ENERGY": -0.2345135721390882,
    "CURRENT DIPOLE X": 0.0,
    "CURRENT DIPOLE Y": 0.0,
    "CURRENT DIPOLE Z": 0.0,
    "CURRENT ENERGY": -147.63326638607748,
    "CURRENT REFERENCE ENERGY": -147.3987528139384,
    "HF TOTAL ENERGY": -147.39875281393836,
    "LCCSD (+LMP2) TOTAL ENERGY": -147.6737529509325,
    "MP2 CORRELATION ENERGY": -0.2226742591129447,
    "MP2 OPPOSITE-SPIN CORRELATION ENERGY": -0.17109201102104074,
    "MP2 SAME-SPIN CORRELATION ENERGY": -0.051582248091903954,
    "MP2 TOTAL ENERGY": -147.62142707305134,
    "NUCLEAR REPULSION ENERGY": 50.86491286862733,
    "ONE-ELECTRON ENERGY": -299.68733121410355,
    "PCM POLARIZATION ENERGY": 0.0,
    "PE ENERGY": 0.0,
    "SCF DIPOLE X": 0.0,
    "SCF DIPOLE Y": 0.0,
    "SCF DIPOLE Z": 0.0,
    "SCF ITERATION ENERGY": -147.3987528139384,
    "SCF ITERATIONS": 9.0,
    "SCF TOTAL ENERGY": -147.3987528139384,
    "TWO-ELECTRON ENERGY": 101.42366553153785
}