{
    "CC D1 DIAGNOSTIC": 0.0957920194259734,
    "CC D2 DIAGNOSTIC": 0.18340577253711962,
    "CC NEW D1 DIAGNOSTIC": 0.0957920194259734,
    "CC T1 DIAGNOSTIC": 0.030487932024797985,
    "CCSD CORRELATION ENERGY": -0.45021871402826663,
    "CCSD OPPOSITE-SPIN CORRELATION ENERGY": -0.35620309405642603,
    "CCSD SAME-SPIN CORRELATION ENERGY": -0.09401561997184094,
    "CCSD TOTAL ENERGY": -187.9210959642497,
    "CURRENT CORRELATION ENERGY": -0.45021871402826663,
    "CURRENT DIPOLE X": 0.0,
    "CURRENT DIPOLE Y": 0.0,
    "CURRENT DIPOLE Z": 0.0,
    "CURRENT ENERGY": -187.9210959642497,
    "CURRENT REFERENCE ENERGY": -187.4708772502194,
    "HF TOTAL ENERGY": -187.4708772502194,
    "LCCSD (+LMP2) TOTAL ENERGY": -187.92240072190828,
    "MP2 CORRELATION ENERGY": -0.47725140388497467,
    "MP2 OPPOSITE-SPIN CORRELATION ENERGY": -0.35135985600907815,
    "MP2 SAME-SPIN CORRELATION ENERGY": -0.12589154787589651,
    "MP2 TOTAL ENERGY": -187.9481286541064,
    "NUCLEAR REPULSION ENERGY": 50.38953985116351,
    "ONE-ELECTRON ENERGY": -356.25309114653254,
    "PCM POLARIZATION ENERGY": 0.0,
    "PE ENERGY": 0.0,
    "SCF DIPOLE X": 0.0,
    "SCF DIPOLE Y": 0.0,
    "SCF DIPOLE Z": 0.0,
    "SCF ITERATION ENERGY": -187.4708772502194,
    "SCF ITERATIONS": 10.0,
    "SCF TOTAL ENERGY": -187.4708772502194,
    "TWO-ELECTRON ENERGY": 118.39267404514962
}