{
    "CC D1 DIAGNOSTIC": 0.014238884556026891,
    "CC D2 DIAGNOSTIC": 0.11507403553361038,
    "CC NEW D1 DIAGNOSTIC": 0.014238884556026891,
    "CC T1 DIAGNOSTIC": 0.006724430572409969,
    "CCSD CORRELATION ENERGY": -0.16153167868963123,
    "CCSD OPPOSITE-SPIN CORRELATION ENERGY": -0.13295357330278243,
    "CCSD SAME-SPIN CORRELATION ENERGY": -0.02857810538684874,
    "CCSD TOTAL ENERGY": -76.16640930655923,
    "CURRENT CORRELATION ENERGY": -0.16153167868963123,
    "CURRENT DIPOLE X": 0.0,
    "CURRENT DIPOLE Y": 5.643810867306312e-16,
    "CURRENT DIPOLE Z": -2.1594650926755548,
    "CURRENT ENERGY": -76.16640930655923,
    "CURRENT REFERENCE ENERGY": -76.00487762786963,
    "HF TOTAL ENERGY": -76.00487762786963,
    "LCCSD (+LMP2) TOTAL ENERGY": -76.17116529840169,
    "MP2 CORRELATION ENERGY": -0.15578051719603625,
    "MP2 OPPOSITE-SPIN CORRELATION ENERGY": -0.12093460379627813,
    "MP2 SAME-SPIN CORRELATION ENERGY": -0.03484591339975812,
    "MP2 TOTAL ENERGY": -76.16065814506564,
    "NUCLEAR REPULSION ENERGY": 9.1279471338162,
    "ONE-ELECTRON ENERGY": -123.0125628673823,
    "PCM POLARIZATION ENERGY": 0.0,
    "PE ENERGY": 0.0,
    "SCF DIPOLE X": 0.0,
    "SCF DIPOLE Y": 5.643810867306312e-16,
    "SCF DIPOLE Z": -2.1594650926755548,
    "SCF ITERATION ENERGY": -76.00487762786963,
    "SCF ITERATIONS": 10.0,
    "SCF TOTAL ENERGY": -76.00487762786963,
    "TWO-ELECTRON ENERGY": 37.879738105696475
}