{
    "CC D1 DIAGNOSTIC": 0.03260493634412142,
    "CC D2 DIAGNOSTIC": 0.095265376422056,
    "CC NEW D1 DIAGNOSTIC": 0.03260493634412142,
    "CC T1 DIAGNOSTIC": 0.014358070904194461,
    "CCSD CORRELATION ENERGY": -0.17688639898850392,
    "CCSD OPPOSITE-SPIN CORRELATION ENERGY": -0.14146869071780266,
    "CCSD SAME-SPIN CORRELATION ENERGY": -0.03541770827070129,
    "CCSD TOTAL ENERGY": -107.08949153688988,
    "CURRENT CORRELATION ENERGY": -0.17688639898850392,
    "CURRENT DIPOLE X": 0.0,
    "CURRENT DIPOLE Y": 0.0,
    "CURRENT DIPOLE Z": -5.2046197859943755,
    "CURRENT ENERGY": -107.08949153688988,
    "CURRENT REFERENCE ENERGY": -106.91260513790132,
    "HF TOTAL ENERGY": -106.91260513790132,
    "LCCSD (+LMP2) TOTAL ENERGY": -107.08754991840931,
    "MP2 CORRELATION ENERGY": -0.1772326627150825,
    "MP2 OPPOSITE-SPIN CORRELATION ENERGY": -0.13429003986086244,
    "MP2 SAME-SPIN CORRELATION ENERGY": -0.04294262285422007,
    "MP2 TOTAL ENERGY": -107.08983780061646,
    "NUCLEAR REPULSION ENERGY": 11.26047189279172,
    "ONE-ELECTRON ENERGY": -173.41393296368406,
    "PCM POLARIZATION ENERGY": 0.0,
    "PE ENERGY": 0.0,
    "SCF DIPOLE X": 0.0,
    "SCF DIPOLE Y": 0.0,
    "SCF DIPOLE Z": -5.2046197859943755,
    "SCF ITERATION ENERGY": -106.91260513790132,
    "SCF ITERATIONS": 9.0,
    "SCF TOTAL ENERGY": -106.91260513790132,
    "TWO-ELECTRON ENERGY": 55.240855932991025
}