{
    "CC D1 DIAGNOSTIC": 0.013628411966051341,
    "CC D2 DIAGNOSTIC": 0.11656773867372242,
    "CC NEW D1 DIAGNOSTIC": 0.013628411966051341,
    "CC T1 DIAGNOSTIC": 0.0066540935227003125,
    "CCSD CORRELATION ENERGY": -0.16188376913342745,
    "CCSD OPPOSITE-SPIN CORRELATION ENERGY": -0.13358260429265748,
    "CCSD SAME-SPIN CORRELATION ENERGY": -0.028301164840769943,
    "CCSD TOTAL ENERGY": -76.17138698260827,
    "CURRENT CORRELATION ENERGY": -0.16188376913342745,
    "CURRENT DIPOLE X": 0.0,
    "CURRENT DIPOLE Y": 0.0,
    "CURRENT DIPOLE Z": -2.3724713263333648,
    "CURRENT ENERGY": -76.17138698260827,
    "CURRENT REFERENCE ENERGY": -76.00950321347477,
    "HF TOTAL ENERGY": -76.00950321347477,
    "LCCSD (+LMP2) TOTAL ENERGY": -76.16135276954418,
    "MP2 CORRELATION ENERGY": -0.15596687734882156,
    "MP2 OPPOSITE-SPIN CORRELATION ENERGY": -0.12134396673805192,
    "MP2 SAME-SPIN CORRELATION ENERGY": -0.034622910610769636,
    "MP2 TOTAL ENERGY": -76.16547009082366,
    "NUCLEAR REPULSION ENERGY": 9.141920900567259,
    "ONE-ELECTRON ENERGY": -122.99486264297407,
    "PCM POLARIZATION ENERGY": 0.0,
    "PE ENERGY": 0.0,
    "SCF DIPOLE X": 0.0,
    "SCF DIPOLE Y": 0.0,
    "SCF DIPOLE Z": -2.3724713263333648,
    "SCF ITERATION ENERGY": -76.00950321347477,
    "SCF ITERATIONS": 10.0,
    "SCF TOTAL ENERGY": -76.00950321347477,
    "TWO-ELECTRON ENERGY": 37.84343852893203
}