{
    "CC D1 DIAGNOSTIC": 0.04007867114273695,
    "CC D2 DIAGNOSTIC": 0.09431295940117755,
    "CC NEW D1 DIAGNOSTIC": 0.04007867114273695,
    "CC T1 DIAGNOSTIC": 0.015008729129807387,
    "CCSD CORRELATION ENERGY": -0.29338744810882084,
    "CCSD OPPOSITE-SPIN CORRELATION ENERGY": -0.22810486099179755,
    "CCSD SAME-SPIN CORRELATION ENERGY": -0.06528258711702345,
    "CCSD TOTAL ENERGY": -261.62723791577224,
    "CURRENT CORRELATION ENERGY": -0.29338744810882084,
    "CURRENT DIPOLE X": 0.0,
    "CURRENT DIPOLE Y": 0.0,
    "CURRENT DIPOLE Z": -8.39648649902422,
    "CURRENT ENERGY": -261.62723791577224,
    "CURRENT REFERENCE ENERGY": -261.333850467662,
    "HF TOTAL ENERGY": -261.33385046766205,
    "LCCSD (+LMP2) TOTAL ENERGY": -261.62723791577224,
    "MP2 CORRELATION ENERGY": -0.2952371978455216,
    "MP2 OPPOSITE-SPIN CORRELATION ENERGY": -0.21925293288134362,
    "MP2 SAME-SPIN CORRELATION ENERGY": -0.07598426496417798,
    "MP2 TOTAL ENERGY": -261.6290876655089,
    "NUCLEAR REPULSION ENERGY": 27.327182771716046,
    "ONE-ELECTRON ENERGY": -424.63582061865463,
    "PCM POLARIZATION ENERGY": 0.0,
    "PE ENERGY": 0.0,
    "SCF DIPOLE X": 0.0,
    "SCF DIPOLE Y": 0.0,
    "SCF DIPOLE Z": -8.39648649902422,
    "SCF ITERATION ENERGY": -261.333850467662,
    "SCF ITERATIONS": 10.0,
    "SCF TOTAL ENERGY": -261.333850467662,
    "TWO-ELECTRON ENERGY": 135.9747873792766
}