{
    "CC D1 DIAGNOSTIC": 0.1531708232085495,
    "CC D2 DIAGNOSTIC": 0.2121911804772125,
    "CC NEW D1 DIAGNOSTIC": 0.1531708232085495,
    "CC T1 DIAGNOSTIC": 0.06136624327325829,
    "CCSD CORRELATION ENERGY": -0.31023546655263123,
    "CCSD OPPOSITE-SPIN CORRELATION ENERGY": -0.25022861874054353,
    "CCSD SAME-SPIN CORRELATION ENERGY": -0.06000684781208748,
    "CCSD TOTAL ENERGY": -112.81954884486902,
    "CURRENT CORRELATION ENERGY": -0.31023546655263123,
    "CURRENT DIPOLE X": 0.0,
    "CURRENT DIPOLE Y": 0.0,
    "CURRENT DIPOLE Z": -2.5548111471501294,
    "CURRENT ENERGY": -112.81954884486902,
    "CURRENT REFERENCE ENERGY": -112.50931337831634,
    "HF TOTAL ENERGY": -112.50931337831634,
    "LCCSD (+LMP2) TOTAL ENERGY": -112.8195556338694,
    "MP2 CORRELATION ENERGY": -0.332441941427025,
    "MP2 OPPOSITE-SPIN CORRELATION ENERGY": -0.2452433037000522,
    "MP2 SAME-SPIN CORRELATION ENERGY": -0.08719863772697278,
    "MP2 TOTAL ENERGY": -112.84175531974341,
    "NUCLEAR REPULSION ENERGY": 16.33182783948252,
    "ONE-ELECTRON ENERGY": -186.03705007778098,
    "PCM POLARIZATION ENERGY": 0.0,
    "PE ENERGY": 0.0,
    "SCF DIPOLE X": 0.0,
    "SCF DIPOLE Y": 0.0,
    "SCF DIPOLE Z": -2.5548111471501294,
    "SCF ITERATION ENERGY": -112.50931337831634,
    "SCF ITERATIONS": 11.0,
    "SCF TOTAL ENERGY": -112.50931337831634,
    "TWO-ELECTRON ENERGY": 57.195908859982126
}