{
    "CURRENT CORRELATION ENERGY": -0.019816341980844143,
    "CURRENT DIPOLE X": 0.0,
    "CURRENT DIPOLE Y": 0.0,
    "CURRENT DIPOLE Z": 1.0105948834270364e-14,
    "CURRENT ENERGY": -1.1289062330764938,
    "CURRENT REFERENCE ENERGY": -1.1090898910956497,
    "CUSTOM SCS-MP2 CORRELATION ENERGY": -0.023779610377013084,
    "CUSTOM SCS-MP2 TOTAL ENERGY": -1.1328695014726629,
    "HF TOTAL ENERGY": -1.1090898910956497,
    "MP2 CORRELATION ENERGY": -0.019816341980844143,
    "MP2 OPPOSITE-SPIN CORRELATION ENERGY": -0.019816341980844237,
    "MP2 SAME-SPIN CORRELATION ENERGY": 0.0,
    "MP2 TOTAL ENERGY": -1.1289062330764938,
    "NUCLEAR REPULSION ENERGY": 0.5698831499523077,
    "ONE-ELECTRON ENERGY": -2.2689626689448925,
    "PCM POLARIZATION ENERGY": 0.0,
    "PE ENERGY": 0.0,
    "SCF DIPOLE X": 0.0,
    "SCF DIPOLE Y": 0.0,
    "SCF DIPOLE Z": 1.0105948834270364e-14,
    "SCF ITERATION ENERGY": -1.1090898910956497,
    "SCF ITERATIONS": 5.0,
    "SCF TOTAL ENERGY": -1.1090898910956497,
    "SCS-MP2 CORRELATION ENERGY": -0.023779610377013084,
    "SCS-MP2 TOTAL ENERGY": -1.1328695014726629,
    "SCS-MP2-VDW CORRELATION ENERGY": -0.025364917735480663,
    "SCS-MP2-VDW TOTAL ENERGY": -1.1344548088311304,
    "SCSN-MP2 CORRELATION ENERGY": 0.0,
    "SCSN-MP2 TOTAL ENERGY": -1.1090898910956497,
    "SOS-MP2 CORRELATION ENERGY": 0.0,
    "SOS-MP2 TOTAL ENERGY": -1.1090898910956497,
    "SOS-PI-MP2 CORRELATION ENERGY": -0.027742878773181934,
    "SOS-PI-MP2 TOTAL ENERGY": -1.1368327698688316,
    "TWO-ELECTRON ENERGY": 0.5899896278969351
}