{
    "CC D1 DIAGNOSTIC": 0.04289579754615801,
    "CC D2 DIAGNOSTIC": 0.14924410140703553,
    "CC NEW D1 DIAGNOSTIC": 0.04289579754615801,
    "CC T1 DIAGNOSTIC": 0.014267975957801035,
    "CCSD CORRELATION ENERGY": -0.3935251668341405,
    "CCSD OPPOSITE-SPIN CORRELATION ENERGY": -0.3101651510696568,
    "CCSD SAME-SPIN CORRELATION ENERGY": -0.08336001576448382,
    "CCSD TOTAL ENERGY": -187.9399826918963,
    "CURRENT CORRELATION ENERGY": -0.3935251668341405,
    "CURRENT DIPOLE X": 0.0,
    "CURRENT DIPOLE Y": 0.0,
    "CURRENT DIPOLE Z": 0.0,
    "CURRENT ENERGY": -187.9399826918963,
    "CURRENT REFERENCE ENERGY": -187.5464575250622,
    "HF TOTAL ENERGY": -187.5464575250622,
    "LCCSD (+LMP2) TOTAL ENERGY": -187.93994389958155,
    "MP2 CORRELATION ENERGY": -0.4050408100379338,
    "MP2 OPPOSITE-SPIN CORRELATION ENERGY": -0.3014481977283221,
    "MP2 SAME-SPIN CORRELATION ENERGY": -0.1035926123096117,
    "MP2 TOTAL ENERGY": -187.9514983351001,
    "NUCLEAR REPULSION ENERGY": 61.83120142287265,
    "ONE-ELECTRON ENERGY": -378.5486361815034,
    "PCM POLARIZATION ENERGY": 0.0,
    "PE ENERGY": 0.0,
    "SCF DIPOLE X": 0.0,
    "SCF DIPOLE Y": 0.0,
    "SCF DIPOLE Z": 0.0,
    "SCF ITERATION ENERGY": -187.5464575250622,
    "SCF ITERATIONS": 10.0,
    "SCF TOTAL ENERGY": -187.5464575250622,
    "TWO-ELECTRON ENERGY": 129.17097723356855
}