{
    "CC D1 DIAGNOSTIC": 0.018806061947699827,
    "CC D2 DIAGNOSTIC": 0.1515047994330094,
    "CC NEW D1 DIAGNOSTIC": 0.018806061947699827,
    "CC T1 DIAGNOSTIC": 0.008189420646934092,
    "CCSD CORRELATION ENERGY": -0.2541130021070894,
    "CCSD OPPOSITE-SPIN CORRELATION ENERGY": -0.20484537312899204,
    "CCSD SAME-SPIN CORRELATION ENERGY": -0.04926762897809739,
    "CCSD TOTAL ENERGY": -109.11228694533806,
    "CURRENT CORRELATION ENERGY": -0.2541130021070894,
    "CURRENT DIPOLE X": 0.0,
    "CURRENT DIPOLE Y": 0.0,
    "CURRENT DIPOLE Z": 0.0,
    "CURRENT ENERGY": -109.11228694533806,
    "CURRENT REFERENCE ENERGY": -108.85817394323095,
    "HF TOTAL ENERGY": -108.85817394323095,
    "LCCSD (+LMP2) TOTAL ENERGY": -109.14235132469551,
    "MP2 CORRELATION ENERGY": -0.25665430251726074,
    "MP2 OPPOSITE-SPIN CORRELATION ENERGY": -0.19381940564309807,
    "MP2 SAME-SPIN CORRELATION ENERGY": -0.06283489687416266,
    "MP2 TOTAL ENERGY": -109.11482824574823,
    "NUCLEAR REPULSION ENERGY": 26.192928838797815,
    "ONE-ELECTRON ENERGY": -198.750655960034,
    "PCM POLARIZATION ENERGY": 0.0,
    "PE ENERGY": 0.0,
    "SCF DIPOLE X": 0.0,
    "SCF DIPOLE Y": 0.0,
    "SCF DIPOLE Z": 0.0,
    "SCF ITERATION ENERGY": -108.85817394323095,
    "SCF ITERATIONS": 8.0,
    "SCF TOTAL ENERGY": -108.85817394323095,
    "TWO-ELECTRON ENERGY": 63.69955317800523
}