{
    "CC D1 DIAGNOSTIC": 0.026202259600793986,
    "CC D2 DIAGNOSTIC": 0.19387520071391606,
    "CC NEW D1 DIAGNOSTIC": 0.026202259600793986,
    "CC T1 DIAGNOSTIC": 0.010237541701824065,
    "CCSD CORRELATION ENERGY": -0.3221614828300807,
    "CCSD OPPOSITE-SPIN CORRELATION ENERGY": -0.2666996650572556,
    "CCSD SAME-SPIN CORRELATION ENERGY": -0.05546181777282522,
    "CCSD TOTAL ENERGY": -151.0741014424467,
    "CURRENT CORRELATION ENERGY": -0.3221614828300807,
    "CURRENT DIPOLE X": -5.643810867306312e-16,
    "CURRENT DIPOLE Y": 2.2575243469225247e-15,
    "CURRENT DIPOLE Z": 2.407801520099991,
    "CURRENT ENERGY": -151.0741014424467,
    "CURRENT REFERENCE ENERGY": -150.75193995961587,
    "HF TOTAL ENERGY": -150.75193995961587,
    "LCCSD (+LMP2) TOTAL ENERGY": -151.0831821776791,
    "MP2 CORRELATION ENERGY": -0.31436822876357173,
    "MP2 OPPOSITE-SPIN CORRELATION ENERGY": -0.24359695291394173,
    "MP2 SAME-SPIN CORRELATION ENERGY": -0.07077127584963,
    "MP2 TOTAL ENERGY": -151.06630818838022,
    "NUCLEAR REPULSION ENERGY": 36.277857363130884,
    "ONE-ELECTRON ENERGY": -280.0230324257255,
    "PCM POLARIZATION ENERGY": 0.0,
    "PE ENERGY": 0.0,
    "SCF DIPOLE X": -5.643810867306312e-16,
    "SCF DIPOLE Y": 2.2575243469225247e-15,
    "SCF DIPOLE Z": 2.407801520099991,
    "SCF ITERATION ENERGY": -150.75193995961587,
    "SCF ITERATIONS": 11.0,
    "SCF TOTAL ENERGY": -150.75193995961587,
    "TWO-ELECTRON ENERGY": 92.99323510297873
}