{
    "CC D1 DIAGNOSTIC": 0.04689919096602026,
    "CC D2 DIAGNOSTIC": 0.2739956429860787,
    "CC NEW D1 DIAGNOSTIC": 0.04689919096602026,
    "CC T1 DIAGNOSTIC": 0.01935646995165295,
    "CCSD CORRELATION ENERGY": -0.3571961194078903,
    "CCSD OPPOSITE-SPIN CORRELATION ENERGY": -0.30333035982561846,
    "CCSD SAME-SPIN CORRELATION ENERGY": -0.05386575958227163,
    "CCSD TOTAL ENERGY": -109.04709854131133,
    "CURRENT CORRELATION ENERGY": -0.3571961194078903,
    "CURRENT DIPOLE X": 0.0,
    "CURRENT DIPOLE Y": 0.0,
    "CURRENT DIPOLE Z": 5.643810867306312e-16,
    "CURRENT ENERGY": -109.04709854131133,
    "CURRENT REFERENCE ENERGY": -108.68990242190357,
    "HF TOTAL ENERGY": -108.68990242190358,
    "LCCSD (+LMP2) TOTAL ENERGY": -109.07688459548935,
    "MP2 CORRELATION ENERGY": -0.43050461881507973,
    "MP2 OPPOSITE-SPIN CORRELATION ENERGY": -0.3117926633113738,
    "MP2 SAME-SPIN CORRELATION ENERGY": -0.11871195550370595,
    "MP2 TOTAL ENERGY": -109.12040704071852,
    "NUCLEAR REPULSION ENERGY": 17.88563944971636,
    "ONE-ELECTRON ENERGY": -182.46134591995008,
    "PCM POLARIZATION ENERGY": 0.0,
    "PE ENERGY": 0.0,
    "SCF DIPOLE X": 0.0,
    "SCF DIPOLE Y": 0.0,
    "SCF DIPOLE Z": 5.643810867306312e-16,
    "SCF ITERATION ENERGY": -108.68990242190357,
    "SCF ITERATIONS": 9.0,
    "SCF TOTAL ENERGY": -108.68990242190357,
    "TWO-ELECTRON ENERGY": 55.88580404833014
}