{
    "CC D1 DIAGNOSTIC": 0.011204294754797627,
    "CC D2 DIAGNOSTIC": 0.09210179962962636,
    "CC NEW D1 DIAGNOSTIC": 0.011204294754797627,
    "CC T1 DIAGNOSTIC": 0.004335337372046646,
    "CCSD CORRELATION ENERGY": -0.10575289455140525,
    "CCSD OPPOSITE-SPIN CORRELATION ENERGY": -0.08683895995205661,
    "CCSD SAME-SPIN CORRELATION ENERGY": -0.018913934599348883,
    "CCSD TOTAL ENERGY": -460.0956512282672,
    "CURRENT CORRELATION ENERGY": -0.10575289455140525,
    "CURRENT DIPOLE X": 0.0,
    "CURRENT DIPOLE Y": 0.0,
    "CURRENT DIPOLE Z": -1.7621706790678784,
    "CURRENT ENERGY": -460.0956512282672,
    "CURRENT REFERENCE ENERGY": -459.98989833371536,
    "HF TOTAL ENERGY": -459.98989833371536,
    "LCCSD (+LMP2) TOTAL ENERGY": -460.0938897021301,
    "MP2 CORRELATION ENERGY": -0.09736093691429318,
    "MP2 OPPOSITE-SPIN CORRELATION ENERGY": -0.07788390573777186,
    "MP2 SAME-SPIN CORRELATION ENERGY": -0.019477031176521317,
    "MP2 TOTAL ENERGY": -460.08725927063006,
    "NUCLEAR REPULSION ENERGY": 8.818751249736994,
    "ONE-ELECTRON ENERGY": -652.8304159669012,
    "PCM POLARIZATION ENERGY": 0.0,
    "PE ENERGY": 0.0,
    "SCF DIPOLE X": 0.0,
    "SCF DIPOLE Y": 0.0,
    "SCF DIPOLE Z": -1.7621706790678784,
    "SCF ITERATION ENERGY": -459.98989833371536,
    "SCF ITERATIONS": 8.0,
    "SCF TOTAL ENERGY": -459.98989833371536,
    "TWO-ELECTRON ENERGY": 184.0217663834488
}