{
    "CURRENT CORRELATION ENERGY": -0.04028003861775986,
    "CURRENT DIPOLE X": 0.0,
    "CURRENT DIPOLE Y": 0.0,
    "CURRENT DIPOLE Z": 3.4215603383044514e-15,
    "CURRENT ENERGY": -0.9795043243243899,
    "CURRENT REFERENCE ENERGY": -0.9392242857066301,
    "CUSTOM SCS-MP2 CORRELATION ENERGY": -0.04833604634131177,
    "CUSTOM SCS-MP2 TOTAL ENERGY": -0.9875603320479418,
    "HF TOTAL ENERGY": -0.9392242857066301,
    "MP2 CORRELATION ENERGY": -0.04028003861775986,
    "MP2 OPPOSITE-SPIN CORRELATION ENERGY": -0.04028003861775981,
    "MP2 SAME-SPIN CORRELATION ENERGY": 0.0,
    "MP2 TOTAL ENERGY": -0.9795043243243899,
    "NUCLEAR REPULSION ENERGY": 0.2818443839438044,
    "ONE-ELECTRON ENERGY": -1.6392810157869826,
    "PCM POLARIZATION ENERGY": 0.0,
    "PE ENERGY": 0.0,
    "SCF DIPOLE X": 0.0,
    "SCF DIPOLE Y": 0.0,
    "SCF DIPOLE Z": 3.4215603383044514e-15,
    "SCF ITERATION ENERGY": -0.9392242857066301,
    "SCF ITERATIONS": 5.0,
    "SCF TOTAL ENERGY": -0.9392242857066301,
    "SCS-MP2 CORRELATION ENERGY": -0.04833604634131177,
    "SCS-MP2 TOTAL ENERGY": -0.9875603320479418,
    "SCS-MP2-VDW CORRELATION ENERGY": -0.05155844943073251,
    "SCS-MP2-VDW TOTAL ENERGY": -0.9907827351373626,
    "SCSN-MP2 CORRELATION ENERGY": 0.0,
    "SCSN-MP2 TOTAL ENERGY": -0.9392242857066301,
    "SOS-MP2 CORRELATION ENERGY": 0.0,
    "SOS-MP2 TOTAL ENERGY": -0.9392242857066301,
    "SOS-PI-MP2 CORRELATION ENERGY": -0.056392054064863695,
    "SOS-PI-MP2 TOTAL ENERGY": -0.9956163397714938,
    "TWO-ELECTRON ENERGY": 0.418212346136548
}