{
    "CC D1 DIAGNOSTIC": 0.012396883652183844,
    "CC D2 DIAGNOSTIC": 0.10409157865744718,
    "CC NEW D1 DIAGNOSTIC": 0.012396883652183844,
    "CC T1 DIAGNOSTIC": 0.005892359421988983,
    "CCSD CORRELATION ENERGY": -0.15768203878505524,
    "CCSD OPPOSITE-SPIN CORRELATION ENERGY": -0.1262512487830664,
    "CCSD SAME-SPIN CORRELATION ENERGY": -0.03143079000198887,
    "CCSD TOTAL ENERGY": -100.17618724312528,
    "CURRENT CORRELATION ENERGY": -0.15768203878505524,
    "CURRENT DIPOLE X": 0.0,
    "CURRENT DIPOLE Y": 0.0,
    "CURRENT DIPOLE Z": -2.2623863308680403,
    "CURRENT ENERGY": -100.17618724312528,
    "CURRENT REFERENCE ENERGY": -100.0185052043403,
    "HF TOTAL ENERGY": -100.0185052043403,
    "LCCSD (+LMP2) TOTAL ENERGY": -100.19635795547167,
    "MP2 CORRELATION ENERGY": -0.15634370589247554,
    "MP2 OPPOSITE-SPIN CORRELATION ENERGY": -0.1187201731569805,
    "MP2 SAME-SPIN CORRELATION ENERGY": -0.03762353273549504,
    "MP2 TOTAL ENERGY": -100.17484891023271,
    "NUCLEAR REPULSION ENERGY": 5.5262762933525975,
    "ONE-ELECTRON ENERGY": -151.1743965979704,
    "PCM POLARIZATION ENERGY": 0.0,
    "PE ENERGY": 0.0,
    "SCF DIPOLE X": 0.0,
    "SCF DIPOLE Y": 0.0,
    "SCF DIPOLE Z": -2.2623863308680403,
    "SCF ITERATION ENERGY": -100.0185052043403,
    "SCF ITERATIONS": 9.0,
    "SCF TOTAL ENERGY": -100.0185052043403,
    "TWO-ELECTRON ENERGY": 45.62961510027751
}