{
    "CC D1 DIAGNOSTIC": 0.04050464060590997,
    "CC D2 DIAGNOSTIC": 0.09539588031928085,
    "CC NEW D1 DIAGNOSTIC": 0.04050464060590997,
    "CC T1 DIAGNOSTIC": 0.018082358053475116,
    "CCSD CORRELATION ENERGY": -0.1808541492509687,
    "CCSD OPPOSITE-SPIN CORRELATION ENERGY": -0.14501486187488827,
    "CCSD SAME-SPIN CORRELATION ENERGY": -0.035839287376080414,
    "CCSD TOTAL ENERGY": -107.13951764841055,
    "CURRENT CORRELATION ENERGY": -0.1808541492509687,
    "CURRENT DIPOLE X": 0.0,
    "CURRENT DIPOLE Y": 0.0,
    "CURRENT DIPOLE Z": -6.956250289835693,
    "CURRENT ENERGY": -107.13951764841055,
    "CURRENT REFERENCE ENERGY": -106.95866349915966,
    "HF TOTAL ENERGY": -106.95866349915966,
    "LCCSD (+LMP2) TOTAL ENERGY": -107.14641226293953,
    "MP2 CORRELATION ENERGY": -0.18157844462335063,
    "MP2 OPPOSITE-SPIN CORRELATION ENERGY": -0.13754684027439432,
    "MP2 SAME-SPIN CORRELATION ENERGY": -0.04403160434895631,
    "MP2 TOTAL ENERGY": -107.14024194378294,
    "NUCLEAR REPULSION ENERGY": 8.525544686446509,
    "ONE-ELECTRON ENERGY": -168.47415423295627,
    "PCM POLARIZATION ENERGY": 0.0,
    "PE ENERGY": 0.0,
    "SCF DIPOLE X": 0.0,
    "SCF DIPOLE Y": 0.0,
    "SCF DIPOLE Z": -6.956250289835693,
    "SCF ITERATION ENERGY": -106.95866349915966,
    "SCF ITERATIONS": 10.0,
    "SCF TOTAL ENERGY": -106.95866349915966,
    "TWO-ELECTRON ENERGY": 52.989946047350124
}