{
    "CC D1 DIAGNOSTIC": 0.03595730154796733,
    "CC D2 DIAGNOSTIC": 0.21826078872326762,
    "CC NEW D1 DIAGNOSTIC": 0.03595730154796733,
    "CC T1 DIAGNOSTIC": 0.014755125031631958,
    "CCSD CORRELATION ENERGY": -0.31355196565146093,
    "CCSD OPPOSITE-SPIN CORRELATION ENERGY": -0.2585096216972934,
    "CCSD SAME-SPIN CORRELATION ENERGY": -0.05504234395416746,
    "CCSD TOTAL ENERGY": -109.13044905789327,
    "CURRENT CORRELATION ENERGY": -0.31355196565146093,
    "CURRENT DIPOLE X": 0.0,
    "CURRENT DIPOLE Y": 0.0,
    "CURRENT DIPOLE Z": 0.0,
    "CURRENT ENERGY": -109.13044905789327,
    "CURRENT REFERENCE ENERGY": -108.81689709224219,
    "HF TOTAL ENERGY": -108.81689709224219,
    "LCCSD (+LMP2) TOTAL ENERGY": -109.16025617846263,
    "MP2 CORRELATION ENERGY": -0.34855143818172896,
    "MP2 OPPOSITE-SPIN CORRELATION ENERGY": -0.25664120489281333,
    "MP2 SAME-SPIN CORRELATION ENERGY": -0.09191023328891562,
    "MP2 TOTAL ENERGY": -109.16544853042355,
    "NUCLEAR REPULSION ENERGY": 20.314988115130603,
    "ONE-ELECTRON ENERGY": -187.34709129172467,
    "PCM POLARIZATION ENERGY": 0.0,
    "PE ENERGY": 0.0,
    "SCF DIPOLE X": 0.0,
    "SCF DIPOLE Y": 0.0,
    "SCF DIPOLE Z": 0.0,
    "SCF ITERATION ENERGY": -108.81689709224219,
    "SCF ITERATIONS": 8.0,
    "SCF TOTAL ENERGY": -108.81689709224219,
    "TWO-ELECTRON ENERGY": 58.21520608435187
}