{
    "CC D1 DIAGNOSTIC": 0.010978119719418665,
    "CC D2 DIAGNOSTIC": 0.08091309118257926,
    "CC NEW D1 DIAGNOSTIC": 0.010978119719418665,
    "CC T1 DIAGNOSTIC": 0.0042347097960143375,
    "CCSD CORRELATION ENERGY": -0.10410936334997545,
    "CCSD OPPOSITE-SPIN CORRELATION ENERGY": -0.0854784889667765,
    "CCSD SAME-SPIN CORRELATION ENERGY": -0.0186308743831992,
    "CCSD TOTAL ENERGY": -459.87822043880226,
    "CURRENT CORRELATION ENERGY": -0.10410936334997545,
    "CURRENT DIPOLE X": 0.0,
    "CURRENT DIPOLE Y": 0.0,
    "CURRENT DIPOLE Z": -1.664245860726275,
    "CURRENT ENERGY": -459.87822043880226,
    "CURRENT REFERENCE ENERGY": -459.77411107545197,
    "HF TOTAL ENERGY": -459.77411107545197,
    "LCCSD (+LMP2) TOTAL ENERGY": -459.879185615661,
    "MP2 CORRELATION ENERGY": -0.09593395959269874,
    "MP2 OPPOSITE-SPIN CORRELATION ENERGY": -0.07689551318975675,
    "MP2 SAME-SPIN CORRELATION ENERGY": -0.019038446402941986,
    "MP2 TOTAL ENERGY": -459.870045035045,
    "NUCLEAR REPULSION ENERGY": 10.62437094181964,
    "ONE-ELECTRON ENERGY": -655.8531503909194,
    "PCM POLARIZATION ENERGY": 0.0,
    "PE ENERGY": 0.0,
    "SCF DIPOLE X": 0.0,
    "SCF DIPOLE Y": 0.0,
    "SCF DIPOLE Z": -1.664245860726275,
    "SCF ITERATION ENERGY": -459.77411107545197,
    "SCF ITERATIONS": 8.0,
    "SCF TOTAL ENERGY": -459.77411107545197,
    "TWO-ELECTRON ENERGY": 185.45466837364782
}