{
    "CC D1 DIAGNOSTIC": 0.03567021363763406,
    "CC D2 DIAGNOSTIC": 0.2295225789092125,
    "CC NEW D1 DIAGNOSTIC": 0.03567021363763406,
    "CC T1 DIAGNOSTIC": 0.009440235789863376,
    "CCSD CORRELATION ENERGY": -0.13041262572493975,
    "CCSD OPPOSITE-SPIN CORRELATION ENERGY": -0.10987832968069611,
    "CCSD SAME-SPIN CORRELATION ENERGY": -0.020534296044243255,
    "CCSD TOTAL ENERGY": -460.13752085970987,
    "CURRENT CORRELATION ENERGY": -0.13041262572493975,
    "CURRENT DIPOLE X": 0.0,
    "CURRENT DIPOLE Y": 0.0,
    "CURRENT DIPOLE Z": -2.2070088335246467,
    "CURRENT ENERGY": -460.13752085970987,
    "CURRENT REFERENCE ENERGY": -460.00710823398464,
    "HF TOTAL ENERGY": -460.0071082339847,
    "LCCSD (+LMP2) TOTAL ENERGY": -460.144401371044,
    "MP2 CORRELATION ENERGY": -0.11463404045019815,
    "MP2 OPPOSITE-SPIN CORRELATION ENERGY": -0.09203130369209735,
    "MP2 SAME-SPIN CORRELATION ENERGY": -0.022602736758100803,
    "MP2 TOTAL ENERGY": -460.1217422744351,
    "NUCLEAR REPULSION ENERGY": 5.093048374670299,
    "ONE-ELECTRON ENERGY": -645.8442965654004,
    "PCM POLARIZATION ENERGY": 0.0,
    "PE ENERGY": 0.0,
    "SCF DIPOLE X": 0.0,
    "SCF DIPOLE Y": 0.0,
    "SCF DIPOLE Z": -2.2070088335246467,
    "SCF ITERATION ENERGY": -460.00710823398464,
    "SCF ITERATIONS": 9.0,
    "SCF TOTAL ENERGY": -460.00710823398464,
    "TWO-ELECTRON ENERGY": 180.74413995674547
}