{
    "CC D1 DIAGNOSTIC": 0.12271375716263075,
    "CC D2 DIAGNOSTIC": 0.20191956358775195,
    "CC NEW D1 DIAGNOSTIC": 0.12271375716263075,
    "CC T1 DIAGNOSTIC": 0.048678788540395285,
    "CCSD CORRELATION ENERGY": -0.30133428767066806,
    "CCSD OPPOSITE-SPIN CORRELATION ENERGY": -0.24341048678489258,
    "CCSD SAME-SPIN CORRELATION ENERGY": -0.05792380088577548,
    "CCSD TOTAL ENERGY": -112.85257299411876,
    "CURRENT CORRELATION ENERGY": -0.30133428767066806,
    "CURRENT DIPOLE X": 0.0,
    "CURRENT DIPOLE Y": 0.0,
    "CURRENT DIPOLE Z": -2.2238629245594055,
    "CURRENT ENERGY": -112.85257299411876,
    "CURRENT REFERENCE ENERGY": -112.55123870644839,
    "HF TOTAL ENERGY": -112.55123870644837,
    "LCCSD (+LMP2) TOTAL ENERGY": -112.85258079680601,
    "MP2 CORRELATION ENERGY": -0.32357735401770105,
    "MP2 OPPOSITE-SPIN CORRELATION ENERGY": -0.23911918016832548,
    "MP2 SAME-SPIN CORRELATION ENERGY": -0.08445817384937557,
    "MP2 TOTAL ENERGY": -112.87481606046579,
    "NUCLEAR REPULSION ENERGY": 17.163669664923056,
    "ONE-ELECTRON ENERGY": -187.63301292100846,
    "PCM POLARIZATION ENERGY": 0.0,
    "PE ENERGY": 0.0,
    "SCF DIPOLE X": 0.0,
    "SCF DIPOLE Y": 0.0,
    "SCF DIPOLE Z": -2.2238629245594055,
    "SCF ITERATION ENERGY": -112.55123870644839,
    "SCF ITERATIONS": 11.0,
    "SCF TOTAL ENERGY": -112.55123870644839,
    "TWO-ELECTRON ENERGY": 57.91810454963703
}