{
    "CURRENT CORRELATION ENERGY": -0.020210953627058492,
    "CURRENT DIPOLE X": 0.0,
    "CURRENT DIPOLE Y": 0.0,
    "CURRENT DIPOLE Z": -8.941912842888438e-15,
    "CURRENT ENERGY": -1.1242537339817897,
    "CURRENT REFERENCE ENERGY": -1.1040427803547312,
    "CUSTOM SCS-MP2 CORRELATION ENERGY": -0.024253144352470165,
    "CUSTOM SCS-MP2 TOTAL ENERGY": -1.1282959247072013,
    "HF TOTAL ENERGY": -1.1040427803547312,
    "MP2 CORRELATION ENERGY": -0.020210953627058492,
    "MP2 OPPOSITE-SPIN CORRELATION ENERGY": -0.02021095362705847,
    "MP2 SAME-SPIN CORRELATION ENERGY": 0.0,
    "MP2 TOTAL ENERGY": -1.1242537339817897,
    "NUCLEAR REPULSION ENERGY": 0.5516953898474468,
    "ONE-ELECTRON ENERGY": -2.2370495089645264,
    "PCM POLARIZATION ENERGY": 0.0,
    "PE ENERGY": 0.0,
    "SCF DIPOLE X": 0.0,
    "SCF DIPOLE Y": 0.0,
    "SCF DIPOLE Z": -8.941912842888438e-15,
    "SCF ITERATION ENERGY": -1.1040427803547312,
    "SCF ITERATIONS": 5.0,
    "SCF TOTAL ENERGY": -1.1040427803547312,
    "SCS-MP2 CORRELATION ENERGY": -0.024253144352470165,
    "SCS-MP2 TOTAL ENERGY": -1.1282959247072013,
    "SCS-MP2-VDW CORRELATION ENERGY": -0.025870020642634772,
    "SCS-MP2-VDW TOTAL ENERGY": -1.129912800997366,
    "SCSN-MP2 CORRELATION ENERGY": 0.0,
    "SCSN-MP2 TOTAL ENERGY": -1.1040427803547312,
    "SOS-MP2 CORRELATION ENERGY": 0.0,
    "SOS-MP2 TOTAL ENERGY": -1.1040427803547312,
    "SOS-PI-MP2 CORRELATION ENERGY": -0.028295335077881845,
    "SOS-PI-MP2 TOTAL ENERGY": -1.132338115432613,
    "TWO-ELECTRON ENERGY": 0.5813113387623482
}