{
    "CC D1 DIAGNOSTIC": 0.013532351772629656,
    "CC D2 DIAGNOSTIC": 0.11690375936152562,
    "CC NEW D1 DIAGNOSTIC": 0.013532351772629656,
    "CC T1 DIAGNOSTIC": 0.006648718630157663,
    "CCSD CORRELATION ENERGY": -0.16195773632133437,
    "CCSD OPPOSITE-SPIN CORRELATION ENERGY": -0.13371394021819644,
    "CCSD SAME-SPIN CORRELATION ENERGY": -0.028243796103137986,
    "CCSD TOTAL ENERGY": -76.17196202372736,
    "CURRENT CORRELATION ENERGY": -0.16195773632133437,
    "CURRENT DIPOLE X": 0.0,
    "CURRENT DIPOLE Y": 0.0,
    "CURRENT DIPOLE Z": -2.4115985148850285,
    "CURRENT ENERGY": -76.17196202372736,
    "CURRENT REFERENCE ENERGY": -76.01000428740609,
    "HF TOTAL ENERGY": -76.01000428740609,
    "LCCSD (+LMP2) TOTAL ENERGY": -76.16986170647378,
    "MP2 CORRELATION ENERGY": -0.1560118308061664,
    "MP2 OPPOSITE-SPIN CORRELATION ENERGY": -0.12143234066025968,
    "MP2 SAME-SPIN CORRELATION ENERGY": -0.03457949014590672,
    "MP2 TOTAL ENERGY": -76.16601611821218,
    "NUCLEAR REPULSION ENERGY": 9.145125378710434,
    "ONE-ELECTRON ENERGY": -122.99182457339501,
    "PCM POLARIZATION ENERGY": 0.0,
    "PE ENERGY": 0.0,
    "SCF DIPOLE X": 0.0,
    "SCF DIPOLE Y": 0.0,
    "SCF DIPOLE Z": -2.4115985148850285,
    "SCF ITERATION ENERGY": -76.01000428740609,
    "SCF ITERATIONS": 10.0,
    "SCF TOTAL ENERGY": -76.01000428740609,
    "TWO-ELECTRON ENERGY": 37.836694907278485
}