{
    "CC D1 DIAGNOSTIC": 0.05069475771250021,
    "CC D2 DIAGNOSTIC": 0.29861074337141946,
    "CC NEW D1 DIAGNOSTIC": 0.05069475771250021,
    "CC T1 DIAGNOSTIC": 0.021005150594775854,
    "CCSD CORRELATION ENERGY": -0.3736031391461919,
    "CCSD OPPOSITE-SPIN CORRELATION ENERGY": -0.3220916345568599,
    "CCSD SAME-SPIN CORRELATION ENERGY": -0.0515115045893319,
    "CCSD TOTAL ENERGY": -109.01808511778651,
    "CURRENT CORRELATION ENERGY": -0.3736031391461919,
    "CURRENT DIPOLE X": 0.0,
    "CURRENT DIPOLE Y": 0.0,
    "CURRENT DIPOLE Z": 5.643810867306312e-16,
    "CURRENT ENERGY": -109.01808511778651,
    "CURRENT REFERENCE ENERGY": -108.64448197864029,
    "HF TOTAL ENERGY": -108.64448197864029,
    "LCCSD (+LMP2) TOTAL ENERGY": -108.98682511628732,
    "MP2 CORRELATION ENERGY": -0.46384027959089585,
    "MP2 OPPOSITE-SPIN CORRELATION ENERGY": -0.3341180675591477,
    "MP2 SAME-SPIN CORRELATION ENERGY": -0.12972221203174816,
    "MP2 TOTAL ENERGY": -109.10832225823121,
    "NUCLEAR REPULSION ENERGY": 17.171404263704385,
    "ONE-ELECTRON ENERGY": -181.01622482416482,
    "PCM POLARIZATION ENERGY": 0.0,
    "PE ENERGY": 0.0,
    "SCF DIPOLE X": 0.0,
    "SCF DIPOLE Y": 0.0,
    "SCF DIPOLE Z": 5.643810867306312e-16,
    "SCF ITERATION ENERGY": -108.64448197864029,
    "SCF ITERATIONS": 9.0,
    "SCF TOTAL ENERGY": -108.64448197864029,
    "TWO-ELECTRON ENERGY": 55.20033858182016
}