{
    "CC D1 DIAGNOSTIC": 0.0377083768146434,
    "CC D2 DIAGNOSTIC": 0.14889153929134785,
    "CC NEW D1 DIAGNOSTIC": 0.0377083768146434,
    "CC T1 DIAGNOSTIC": 0.015244229333957533,
    "CCSD CORRELATION ENERGY": -0.24837250917489584,
    "CCSD OPPOSITE-SPIN CORRELATION ENERGY": -0.19982309152301791,
    "CCSD SAME-SPIN CORRELATION ENERGY": -0.048549417651877924,
    "CCSD TOTAL ENERGY": -112.93849652138663,
    "CURRENT CORRELATION ENERGY": -0.24837250917489584,
    "CURRENT DIPOLE X": 0.0,
    "CURRENT DIPOLE Y": 0.0,
    "CURRENT DIPOLE Z": -0.20074882693988758,
    "CURRENT ENERGY": -112.93849652138663,
    "CURRENT REFERENCE ENERGY": -112.69012401221168,
    "HF TOTAL ENERGY": -112.69012401221168,
    "LCCSD (+LMP2) TOTAL ENERGY": -112.9385298038279,
    "MP2 CORRELATION ENERGY": -0.24919634203542892,
    "MP2 OPPOSITE-SPIN CORRELATION ENERGY": -0.18854019541342676,
    "MP2 SAME-SPIN CORRELATION ENERGY": -0.060656146622002166,
    "MP2 TOTAL ENERGY": -112.93932035424716,
    "NUCLEAR REPULSION ENERGY": 23.842927907169063,
    "ONE-ELECTRON ENERGY": -200.3320099482151,
    "PCM POLARIZATION ENERGY": 0.0,
    "PE ENERGY": 0.0,
    "SCF DIPOLE X": 0.0,
    "SCF DIPOLE Y": 0.0,
    "SCF DIPOLE Z": -0.20074882693988758,
    "SCF ITERATION ENERGY": -112.69012401221168,
    "SCF ITERATIONS": 10.0,
    "SCF TOTAL ENERGY": -112.69012401221168,
    "TWO-ELECTRON ENERGY": 63.79895802883435
}