{
    "CC D1 DIAGNOSTIC": 0.036198468337738314,
    "CC D2 DIAGNOSTIC": 0.14133158864195516,
    "CC NEW D1 DIAGNOSTIC": 0.036198468337738314,
    "CC T1 DIAGNOSTIC": 0.012361670102879791,
    "CCSD CORRELATION ENERGY": -0.3812756698465676,
    "CCSD OPPOSITE-SPIN CORRELATION ENERGY": -0.30003786010141786,
    "CCSD SAME-SPIN CORRELATION ENERGY": -0.08123780974514977,
    "CCSD TOTAL ENERGY": -187.87245917010546,
    "CURRENT CORRELATION ENERGY": -0.3812756698465676,
    "CURRENT DIPOLE X": 0.0,
    "CURRENT DIPOLE Y": 0.0,
    "CURRENT DIPOLE Z": 0.0,
    "CURRENT ENERGY": -187.87245917010546,
    "CURRENT REFERENCE ENERGY": -187.49118350025776,
    "HF TOTAL ENERGY": -187.49118350025776,
    "LCCSD (+LMP2) TOTAL ENERGY": -187.88808075913073,
    "MP2 CORRELATION ENERGY": -0.38930536720888775,
    "MP2 OPPOSITE-SPIN CORRELATION ENERGY": -0.29030848527555647,
    "MP2 SAME-SPIN CORRELATION ENERGY": -0.09899688193333128,
    "MP2 TOTAL ENERGY": -187.8804888674678,
    "NUCLEAR REPULSION ENERGY": 64.96000920571682,
    "ONE-ELECTRON ENERGY": -384.54109193571367,
    "PCM POLARIZATION ENERGY": 0.0,
    "PE ENERGY": 0.0,
    "SCF DIPOLE X": 0.0,
    "SCF DIPOLE Y": 0.0,
    "SCF DIPOLE Z": 0.0,
    "SCF ITERATION ENERGY": -187.49118350025776,
    "SCF ITERATIONS": 9.0,
    "SCF TOTAL ENERGY": -187.49118350025776,
    "TWO-ELECTRON ENERGY": 132.0898992297391
}