{
    "CC D1 DIAGNOSTIC": 0.08479740361547417,
    "CC D2 DIAGNOSTIC": 0.6489699380043693,
    "CC NEW D1 DIAGNOSTIC": 0.08479740361547417,
    "CC T1 DIAGNOSTIC": 0.02782629767739614,
    "CCSD CORRELATION ENERGY": -0.49901387009360887,
    "CCSD OPPOSITE-SPIN CORRELATION ENERGY": -0.478612555787408,
    "CCSD SAME-SPIN CORRELATION ENERGY": -0.02040131430620068,
    "CCSD TOTAL ENERGY": -149.75187512137387,
    "CURRENT CORRELATION ENERGY": -0.49901387009360887,
    "CURRENT DIPOLE X": 0.0,
    "CURRENT DIPOLE Y": 0.0,
    "CURRENT DIPOLE Z": 0.0,
    "CURRENT ENERGY": -149.75187512137387,
    "CURRENT REFERENCE ENERGY": -149.25286125128014,
    "HF TOTAL ENERGY": -149.25286125128014,
    "LCCSD (+LMP2) TOTAL ENERGY": -149.79686325942404,
    "MP2 CORRELATION ENERGY": -0.6173170155909009,
    "MP2 OPPOSITE-SPIN CORRELATION ENERGY": -0.4549402370370492,
    "MP2 SAME-SPIN CORRELATION ENERGY": -0.1623767785538517,
    "MP2 TOTAL ENERGY": -149.87017826687116,
    "NUCLEAR REPULSION ENERGY": 17.73579198708716,
    "ONE-ELECTRON ENERGY": -240.9759420247206,
    "PCM POLARIZATION ENERGY": 0.0,
    "PE ENERGY": 0.0,
    "SCF DIPOLE X": 0.0,
    "SCF DIPOLE Y": 0.0,
    "SCF DIPOLE Z": 0.0,
    "SCF ITERATION ENERGY": -149.25286125128014,
    "SCF ITERATIONS": 9.0,
    "SCF TOTAL ENERGY": -149.25286125128014,
    "TWO-ELECTRON ENERGY": 73.98728878635332
}