{
    "CC D1 DIAGNOSTIC": 0.07739588395562898,
    "CC D2 DIAGNOSTIC": 0.6035749901925302,
    "CC NEW D1 DIAGNOSTIC": 0.07739588395562898,
    "CC T1 DIAGNOSTIC": 0.032596467649705314,
    "CCSD CORRELATION ENERGY": -0.5111666819380036,
    "CCSD OPPOSITE-SPIN CORRELATION ENERGY": -0.5266550626078946,
    "CCSD SAME-SPIN CORRELATION ENERGY": 0.015488380669890889,
    "CCSD TOTAL ENERGY": -108.91195311950095,
    "CURRENT CORRELATION ENERGY": -0.5111666819380036,
    "CURRENT DIPOLE X": 0.0,
    "CURRENT DIPOLE Y": 0.0,
    "CURRENT DIPOLE Z": 0.0,
    "CURRENT ENERGY": -108.91195311950095,
    "CURRENT REFERENCE ENERGY": -108.40078643756267,
    "HF TOTAL ENERGY": -108.40078643756269,
    "LCCSD (+LMP2) TOTAL ENERGY": -108.91773039258165,
    "MP2 CORRELATION ENERGY": -0.7165209327692552,
    "MP2 OPPOSITE-SPIN CORRELATION ENERGY": -0.502533550360328,
    "MP2 SAME-SPIN CORRELATION ENERGY": -0.21398738240892723,
    "MP2 TOTAL ENERGY": -109.1173073703322,
    "NUCLEAR REPULSION ENERGY": 13.79681011027586,
    "ONE-ELECTRON ENERGY": -174.18622458972584,
    "PCM POLARIZATION ENERGY": 0.0,
    "PE ENERGY": 0.0,
    "SCF DIPOLE X": 0.0,
    "SCF DIPOLE Y": 0.0,
    "SCF DIPOLE Z": 0.0,
    "SCF ITERATION ENERGY": -108.40078643756267,
    "SCF ITERATIONS": 8.0,
    "SCF TOTAL ENERGY": -108.40078643756267,
    "TWO-ELECTRON ENERGY": 51.9886280418873
}