{
    "CC D1 DIAGNOSTIC": 0.10054451092218301,
    "CC D2 DIAGNOSTIC": 0.1852931684210202,
    "CC NEW D1 DIAGNOSTIC": 0.10054451092218301,
    "CC T1 DIAGNOSTIC": 0.032021422779784134,
    "CCSD CORRELATION ENERGY": -0.4531163602410118,
    "CCSD OPPOSITE-SPIN CORRELATION ENERGY": -0.3584932431887045,
    "CCSD SAME-SPIN CORRELATION ENERGY": -0.0946231170523073,
    "CCSD TOTAL ENERGY": -187.91151376129474,
    "CURRENT CORRELATION ENERGY": -0.4531163602410118,
    "CURRENT DIPOLE X": 0.0,
    "CURRENT DIPOLE Y": 0.0,
    "CURRENT DIPOLE Z": 0.0,
    "CURRENT ENERGY": -187.91151376129474,
    "CURRENT REFERENCE ENERGY": -187.4583974010523,
    "HF TOTAL ENERGY": -187.4583974010523,
    "LCCSD (+LMP2) TOTAL ENERGY": -187.91149135280892,
    "MP2 CORRELATION ENERGY": -0.48029278094892275,
    "MP2 OPPOSITE-SPIN CORRELATION ENERGY": -0.35343309368101417,
    "MP2 SAME-SPIN CORRELATION ENERGY": -0.12685968726790858,
    "MP2 TOTAL ENERGY": -187.93869018200266,
    "NUCLEAR REPULSION ENERGY": 49.8306909803558,
    "ONE-ELECTRON ENERGY": -355.15761645495905,
    "PCM POLARIZATION ENERGY": 0.0,
    "PE ENERGY": 0.0,
    "SCF DIPOLE X": 0.0,
    "SCF DIPOLE Y": 0.0,
    "SCF DIPOLE Z": 0.0,
    "SCF ITERATION ENERGY": -187.4583974010523,
    "SCF ITERATIONS": 10.0,
    "SCF TOTAL ENERGY": -187.4583974010523,
    "TWO-ELECTRON ENERGY": 117.86852807355096
}