{
    "CC D1 DIAGNOSTIC": 0.4340244556232509,
    "CC D2 DIAGNOSTIC": 0.3885919820690652,
    "CC NEW D1 DIAGNOSTIC": 0.4340244556232509,
    "CC T1 DIAGNOSTIC": 0.14348894915925273,
    "CCSD CORRELATION ENERGY": -0.470247365230639,
    "CCSD OPPOSITE-SPIN CORRELATION ENERGY": -0.3622196866440722,
    "CCSD SAME-SPIN CORRELATION ENERGY": -0.10802767858656381,
    "CCSD TOTAL ENERGY": -187.56008791959238,
    "CURRENT CORRELATION ENERGY": -0.470247365230639,
    "CURRENT DIPOLE X": 0.0,
    "CURRENT DIPOLE Y": 0.0,
    "CURRENT DIPOLE Z": 0.0,
    "CURRENT ENERGY": -187.56008791959238,
    "CURRENT REFERENCE ENERGY": -187.08984055436053,
    "HF TOTAL ENERGY": -187.08984055436053,
    "LCCSD (+LMP2) TOTAL ENERGY": -187.56008403968613,
    "MP2 CORRELATION ENERGY": -0.35383802406427145,
    "MP2 OPPOSITE-SPIN CORRELATION ENERGY": -0.2761784477737788,
    "MP2 SAME-SPIN CORRELATION ENERGY": -0.07765957629049264,
    "MP2 TOTAL ENERGY": -187.443678578426,
    "NUCLEAR REPULSION ENERGY": 35.33211509878438,
    "ONE-ELECTRON ENERGY": -327.11963409675946,
    "PCM POLARIZATION ENERGY": 0.0,
    "PE ENERGY": 0.0,
    "SCF DIPOLE X": 0.0,
    "SCF DIPOLE Y": 0.0,
    "SCF DIPOLE Z": 0.0,
    "SCF ITERATION ENERGY": -187.08984055436053,
    "SCF ITERATIONS": 13.0,
    "SCF TOTAL ENERGY": -187.08984055436053,
    "TWO-ELECTRON ENERGY": 104.69767844361455
}