{
    "CC D1 DIAGNOSTIC": 0.038607711344989123,
    "CC D2 DIAGNOSTIC": 0.2565971481815984,
    "CC NEW D1 DIAGNOSTIC": 0.038607711344989123,
    "CC T1 DIAGNOSTIC": 0.012090343052579312,
    "CCSD CORRELATION ENERGY": -0.3146083518938111,
    "CCSD OPPOSITE-SPIN CORRELATION ENERGY": -0.25626289244277956,
    "CCSD SAME-SPIN CORRELATION ENERGY": -0.058345459451031534,
    "CCSD TOTAL ENERGY": -149.82631929803637,
    "CURRENT CORRELATION ENERGY": -0.3146083518938111,
    "CURRENT DIPOLE X": 0.0,
    "CURRENT DIPOLE Y": 0.0,
    "CURRENT DIPOLE Z": 0.0,
    "CURRENT ENERGY": -149.82631929803637,
    "CURRENT REFERENCE ENERGY": -149.5117109461429,
    "HF TOTAL ENERGY": -149.5117109461429,
    "LCCSD (+LMP2) TOTAL ENERGY": -149.8710985467083,
    "MP2 CORRELATION ENERGY": -0.32192713740908513,
    "MP2 OPPOSITE-SPIN CORRELATION ENERGY": -0.2427769218641497,
    "MP2 SAME-SPIN CORRELATION ENERGY": -0.07915021554493543,
    "MP2 TOTAL ENERGY": -149.83363808355165,
    "NUCLEAR REPULSION ENERGY": 28.023288794565996,
    "ONE-ELECTRON ENERGY": -261.1789403919028,
    "PCM POLARIZATION ENERGY": 0.0,
    "PE ENERGY": 0.0,
    "SCF DIPOLE X": 0.0,
    "SCF DIPOLE Y": 0.0,
    "SCF DIPOLE Z": 0.0,
    "SCF ITERATION ENERGY": -149.5117109461429,
    "SCF ITERATIONS": 9.0,
    "SCF TOTAL ENERGY": -149.5117109461429,
    "TWO-ELECTRON ENERGY": 83.64394065119393
}