{
    "CC D1 DIAGNOSTIC": 0.06070529308274073,
    "CC D2 DIAGNOSTIC": 0.08986820166778317,
    "CC NEW D1 DIAGNOSTIC": 0.06070529308274073,
    "CC T1 DIAGNOSTIC": 0.016320638188461252,
    "CCSD CORRELATION ENERGY": -0.28564376952985826,
    "CCSD OPPOSITE-SPIN CORRELATION ENERGY": -0.22131172116363435,
    "CCSD SAME-SPIN CORRELATION ENERGY": -0.06433204836622408,
    "CCSD TOTAL ENERGY": -261.3323793421541,
    "CURRENT CORRELATION ENERGY": -0.28564376952985826,
    "CURRENT DIPOLE X": 0.0,
    "CURRENT DIPOLE Y": 0.0,
    "CURRENT DIPOLE Z": -6.149773122719709,
    "CURRENT ENERGY": -261.3323793421541,
    "CURRENT REFERENCE ENERGY": -261.04673557262447,
    "HF TOTAL ENERGY": -261.04673557262447,
    "LCCSD (+LMP2) TOTAL ENERGY": -261.33239806690347,
    "MP2 CORRELATION ENERGY": -0.2862247282435657,
    "MP2 OPPOSITE-SPIN CORRELATION ENERGY": -0.2124663166762577,
    "MP2 SAME-SPIN CORRELATION ENERGY": -0.073758411567308,
    "MP2 TOTAL ENERGY": -261.3329603008678,
    "NUCLEAR REPULSION ENERGY": 40.0973854900372,
    "ONE-ELECTRON ENERGY": -449.90748352797624,
    "PCM POLARIZATION ENERGY": 0.0,
    "PE ENERGY": 0.0,
    "SCF DIPOLE X": 0.0,
    "SCF DIPOLE Y": 0.0,
    "SCF DIPOLE Z": -6.149773122719709,
    "SCF ITERATION ENERGY": -261.04673557262447,
    "SCF ITERATIONS": 11.0,
    "SCF TOTAL ENERGY": -261.04673557262447,
    "TWO-ELECTRON ENERGY": 148.76336246531457
}