{
    "CC D1 DIAGNOSTIC": 0.021095078694925,
    "CC D2 DIAGNOSTIC": 0.17022829320709554,
    "CC NEW D1 DIAGNOSTIC": 0.021095078694925,
    "CC T1 DIAGNOSTIC": 0.006529011481362301,
    "CCSD CORRELATION ENERGY": -0.12021675789830207,
    "CCSD OPPOSITE-SPIN CORRELATION ENERGY": -0.09997180605542498,
    "CCSD SAME-SPIN CORRELATION ENERGY": -0.02024495184287735,
    "CCSD TOTAL ENERGY": -460.16693860454046,
    "CURRENT CORRELATION ENERGY": -0.12021675789830207,
    "CURRENT DIPOLE X": 0.0,
    "CURRENT DIPOLE Y": 0.0,
    "CURRENT DIPOLE Z": -2.023586193157581,
    "CURRENT ENERGY": -460.16693860454046,
    "CURRENT REFERENCE ENERGY": -460.04672184664196,
    "HF TOTAL ENERGY": -460.04672184664196,
    "LCCSD (+LMP2) TOTAL ENERGY": -460.1952889824005,
    "MP2 CORRELATION ENERGY": -0.10799727734560993,
    "MP2 OPPOSITE-SPIN CORRELATION ENERGY": -0.0863541673855708,
    "MP2 SAME-SPIN CORRELATION ENERGY": -0.02164310996003914,
    "MP2 TOTAL ENERGY": -460.1547191239878,
    "NUCLEAR REPULSION ENERGY": 5.869529520316754,
    "ONE-ELECTRON ENERGY": -647.3605506708848,
    "PCM POLARIZATION ENERGY": 0.0,
    "PE ENERGY": 0.0,
    "SCF DIPOLE X": 0.0,
    "SCF DIPOLE Y": 0.0,
    "SCF DIPOLE Z": -2.023586193157581,
    "SCF ITERATION ENERGY": -460.04672184664196,
    "SCF ITERATIONS": 9.0,
    "SCF TOTAL ENERGY": -460.04672184664196,
    "TWO-ELECTRON ENERGY": 181.44429930392607
}