{
    "CC D1 DIAGNOSTIC": 0.042307524706849044,
    "CC D2 DIAGNOSTIC": 0.349602028116883,
    "CC NEW D1 DIAGNOSTIC": 0.042307524706849044,
    "CC T1 DIAGNOSTIC": 0.010379053437286725,
    "CCSD CORRELATION ENERGY": -0.26087823158216605,
    "CCSD OPPOSITE-SPIN CORRELATION ENERGY": -0.20883451133094716,
    "CCSD SAME-SPIN CORRELATION ENERGY": -0.052043720251218784,
    "CCSD TOTAL ENERGY": -253.5321599011766,
    "CURRENT CORRELATION ENERGY": -0.26087823158216605,
    "CURRENT DIPOLE X": 0.0,
    "CURRENT DIPOLE Y": 0.0,
    "CURRENT DIPOLE Z": 3.4104814707667743,
    "CURRENT ENERGY": -253.5321599011766,
    "CURRENT REFERENCE ENERGY": -253.27128166959412,
    "HF TOTAL ENERGY": -253.27128166959412,
    "LCCSD (+LMP2) TOTAL ENERGY": -253.53457018123146,
    "MP2 CORRELATION ENERGY": -0.2400098497845923,
    "MP2 OPPOSITE-SPIN CORRELATION ENERGY": -0.18482517317462194,
    "MP2 SAME-SPIN CORRELATION ENERGY": -0.05518467660997037,
    "MP2 TOTAL ENERGY": -253.51129151937906,
    "NUCLEAR REPULSION ENERGY": 96.08590071345319,
    "ONE-ELECTRON ENERGY": -527.1291921708064,
    "PCM POLARIZATION ENERGY": 0.0,
    "PE ENERGY": 0.0,
    "SCF DIPOLE X": 0.0,
    "SCF DIPOLE Y": 0.0,
    "SCF DIPOLE Z": 3.4104814707667743,
    "SCF ITERATION ENERGY": -253.27128166959412,
    "SCF ITERATIONS": 10.0,
    "SCF TOTAL ENERGY": -253.27128166959412,
    "TWO-ELECTRON ENERGY": 177.77200978775912
}