{
    "CC D1 DIAGNOSTIC": 0.03892873590502001,
    "CC D2 DIAGNOSTIC": 0.14473960492931665,
    "CC NEW D1 DIAGNOSTIC": 0.03892873590502001,
    "CC T1 DIAGNOSTIC": 0.013132094410622991,
    "CCSD CORRELATION ENERGY": -0.38646799636178364,
    "CCSD OPPOSITE-SPIN CORRELATION ENERGY": -0.3043399528785382,
    "CCSD SAME-SPIN CORRELATION ENERGY": -0.08212804348324543,
    "CCSD TOTAL ENERGY": -187.90655073618314,
    "CURRENT CORRELATION ENERGY": -0.38646799636178364,
    "CURRENT DIPOLE X": 0.0,
    "CURRENT DIPOLE Y": 0.0,
    "CURRENT DIPOLE Z": 0.0,
    "CURRENT ENERGY": -187.90655073618314,
    "CURRENT REFERENCE ENERGY": -187.5200827398206,
    "HF TOTAL ENERGY": -187.5200827398206,
    "LCCSD (+LMP2) TOTAL ENERGY": -187.9056385023524,
    "MP2 CORRELATION ENERGY": -0.39593833964144237,
    "MP2 OPPOSITE-SPIN CORRELATION ENERGY": -0.29501942940520726,
    "MP2 SAME-SPIN CORRELATION ENERGY": -0.10091891023623512,
    "MP2 TOTAL ENERGY": -187.9160210794628,
    "NUCLEAR REPULSION ENERGY": 63.581141085784154,
    "ONE-ELECTRON ENERGY": -381.9077040732054,
    "PCM POLARIZATION ENERGY": 0.0,
    "PE ENERGY": 0.0,
    "SCF DIPOLE X": 0.0,
    "SCF DIPOLE Y": 0.0,
    "SCF DIPOLE Z": 0.0,
    "SCF ITERATION ENERGY": -187.5200827398206,
    "SCF ITERATIONS": 9.0,
    "SCF TOTAL ENERGY": -187.5200827398206,
    "TWO-ELECTRON ENERGY": 130.80648024760066
}