{
    "CC D1 DIAGNOSTIC": 0.04225748311844605,
    "CC D2 DIAGNOSTIC": 0.09657023905370389,
    "CC NEW D1 DIAGNOSTIC": 0.04225748311844605,
    "CC T1 DIAGNOSTIC": 0.015524898134666267,
    "CCSD CORRELATION ENERGY": -0.29412409568392733,
    "CCSD OPPOSITE-SPIN CORRELATION ENERGY": -0.22872833263463543,
    "CCSD SAME-SPIN CORRELATION ENERGY": -0.06539576304929184,
    "CCSD TOTAL ENERGY": -261.6268981269182,
    "CURRENT CORRELATION ENERGY": -0.29412409568392733,
    "CURRENT DIPOLE X": 0.0,
    "CURRENT DIPOLE Y": 0.0,
    "CURRENT DIPOLE Z": -8.727830776735388,
    "CURRENT ENERGY": -261.6268981269182,
    "CURRENT REFERENCE ENERGY": -261.33277403123293,
    "HF TOTAL ENERGY": -261.33277403123293,
    "LCCSD (+LMP2) TOTAL ENERGY": -261.6270019320623,
    "MP2 CORRELATION ENERGY": -0.29606169730618825,
    "MP2 OPPOSITE-SPIN CORRELATION ENERGY": -0.21985308554326666,
    "MP2 SAME-SPIN CORRELATION ENERGY": -0.0762086117629216,
    "MP2 TOTAL ENERGY": -261.6288357285405,
    "NUCLEAR REPULSION ENERGY": 26.194271928165,
    "ONE-ELECTRON ENERGY": -422.345347824043,
    "PCM POLARIZATION ENERGY": 0.0,
    "PE ENERGY": 0.0,
    "SCF DIPOLE X": 0.0,
    "SCF DIPOLE Y": 0.0,
    "SCF DIPOLE Z": -8.727830776735388,
    "SCF ITERATION ENERGY": -261.33277403123293,
    "SCF ITERATIONS": 10.0,
    "SCF TOTAL ENERGY": -261.33277403123293,
    "TWO-ELECTRON ENERGY": 134.81830186464506
}