{
    "CC D1 DIAGNOSTIC": 0.00997830558425653,
    "CC D2 DIAGNOSTIC": 0.09296136264424815,
    "CC NEW D1 DIAGNOSTIC": 0.00997830558425653,
    "CC T1 DIAGNOSTIC": 0.00537771545708462,
    "CCSD CORRELATION ENERGY": -0.15330674239484987,
    "CCSD OPPOSITE-SPIN CORRELATION ENERGY": -0.12245646926035272,
    "CCSD SAME-SPIN CORRELATION ENERGY": -0.03085027313449709,
    "CCSD TOTAL ENERGY": -100.14625603448172,
    "CURRENT CORRELATION ENERGY": -0.15330674239484987,
    "CURRENT DIPOLE X": 0.0,
    "CURRENT DIPOLE Y": 0.0,
    "CURRENT DIPOLE Z": -2.153480351929543,
    "CURRENT ENERGY": -100.14625603448172,
    "CURRENT REFERENCE ENERGY": -99.99294929208672,
    "HF TOTAL ENERGY": -99.99294929208673,
    "LCCSD (+LMP2) TOTAL ENERGY": -100.15523896020252,
    "MP2 CORRELATION ENERGY": -0.15176555377502246,
    "MP2 OPPOSITE-SPIN CORRELATION ENERGY": -0.1152971160600615,
    "MP2 SAME-SPIN CORRELATION ENERGY": -0.03646843771496096,
    "MP2 TOTAL ENERGY": -100.1447148458619,
    "NUCLEAR REPULSION ENERGY": 6.11455731812884,
    "ONE-ELECTRON ENERGY": -152.12601756242196,
    "PCM POLARIZATION ENERGY": 0.0,
    "PE ENERGY": 0.0,
    "SCF DIPOLE X": 0.0,
    "SCF DIPOLE Y": 0.0,
    "SCF DIPOLE Z": -2.153480351929543,
    "SCF ITERATION ENERGY": -99.99294929208672,
    "SCF ITERATIONS": 9.0,
    "SCF TOTAL ENERGY": -99.99294929208672,
    "TWO-ELECTRON ENERGY": 46.018510952206384
}