{
    "CC D1 DIAGNOSTIC": 0.026987776074467337,
    "CC D2 DIAGNOSTIC": 0.15558869263022693,
    "CC NEW D1 DIAGNOSTIC": 0.026987776074467337,
    "CC T1 DIAGNOSTIC": 0.009630765430887745,
    "CCSD CORRELATION ENERGY": -0.17310045044169575,
    "CCSD OPPOSITE-SPIN CORRELATION ENERGY": -0.14046403878603106,
    "CCSD SAME-SPIN CORRELATION ENERGY": -0.032636411655664305,
    "CCSD TOTAL ENERGY": -100.15830956433378,
    "CURRENT CORRELATION ENERGY": -0.17310045044169575,
    "CURRENT DIPOLE X": 0.0,
    "CURRENT DIPOLE Y": 0.0,
    "CURRENT DIPOLE Z": -2.6222387303207966,
    "CURRENT ENERGY": -100.15830956433378,
    "CURRENT REFERENCE ENERGY": -99.98520911389214,
    "HF TOTAL ENERGY": -99.98520911389215,
    "LCCSD (+LMP2) TOTAL ENERGY": -100.15760099023518,
    "MP2 CORRELATION ENERGY": -0.17134848425290647,
    "MP2 OPPOSITE-SPIN CORRELATION ENERGY": -0.13040976359258188,
    "MP2 SAME-SPIN CORRELATION ENERGY": -0.040938720660324585,
    "MP2 TOTAL ENERGY": -100.15655759814499,
    "NUCLEAR REPULSION ENERGY": 4.175138256872115,
    "ONE-ELECTRON ENERGY": -148.85368352415813,
    "PCM POLARIZATION ENERGY": 0.0,
    "PE ENERGY": 0.0,
    "SCF DIPOLE X": 0.0,
    "SCF DIPOLE Y": 0.0,
    "SCF DIPOLE Z": -2.6222387303207966,
    "SCF ITERATION ENERGY": -99.98520911389214,
    "SCF ITERATIONS": 10.0,
    "SCF TOTAL ENERGY": -99.98520911389214,
    "TWO-ELECTRON ENERGY": 44.693336153393865
}