{
    "CC D1 DIAGNOSTIC": 0.031331893243405406,
    "CC D2 DIAGNOSTIC": 0.23357644894226828,
    "CC NEW D1 DIAGNOSTIC": 0.031331893243405406,
    "CC T1 DIAGNOSTIC": 0.010063242320218527,
    "CCSD CORRELATION ENERGY": -0.29382601405070324,
    "CCSD OPPOSITE-SPIN CORRELATION ENERGY": -0.23807586735215336,
    "CCSD SAME-SPIN CORRELATION ENERGY": -0.055750146698549996,
    "CCSD TOTAL ENERGY": -149.79099978413757,
    "CURRENT CORRELATION ENERGY": -0.29382601405070324,
    "CURRENT DIPOLE X": 0.0,
    "CURRENT DIPOLE Y": 0.0,
    "CURRENT DIPOLE Z": 0.0,
    "CURRENT ENERGY": -149.79099978413757,
    "CURRENT REFERENCE ENERGY": -149.49717377008722,
    "HF TOTAL ENERGY": -149.49717377008722,
    "LCCSD (+LMP2) TOTAL ENERGY": -149.8352417498661,
    "MP2 CORRELATION ENERGY": -0.29313434251339543,
    "MP2 OPPOSITE-SPIN CORRELATION ENERGY": -0.2224768398096186,
    "MP2 SAME-SPIN CORRELATION ENERGY": -0.07065750270377683,
    "MP2 TOTAL ENERGY": -149.79030811260026,
    "NUCLEAR REPULSION ENERGY": 30.495931923498297,
    "ONE-ELECTRON ENERGY": -265.8662077446415,
    "PCM POLARIZATION ENERGY": 0.0,
    "PE ENERGY": 0.0,
    "SCF DIPOLE X": 0.0,
    "SCF DIPOLE Y": 0.0,
    "SCF DIPOLE Z": 0.0,
    "SCF ITERATION ENERGY": -149.49717377008722,
    "SCF ITERATIONS": 9.0,
    "SCF TOTAL ENERGY": -149.49717377008722,
    "TWO-ELECTRON ENERGY": 85.873102051056
}