{
    "CC D1 DIAGNOSTIC": 0.011671094245241658,
    "CC D2 DIAGNOSTIC": 0.1844526758825206,
    "CC NEW D1 DIAGNOSTIC": 0.011671094245241658,
    "CC T1 DIAGNOSTIC": 0.005231071980229256,
    "CCSD CORRELATION ENERGY": -0.2390417942753884,
    "CCSD OPPOSITE-SPIN CORRELATION ENERGY": -0.19150665503361566,
    "CCSD SAME-SPIN CORRELATION ENERGY": -0.047535139241772634,
    "CCSD TOTAL ENERGY": -148.46031855071143,
    "CURRENT CORRELATION ENERGY": -0.2390417942753884,
    "CURRENT DIPOLE X": 0.0,
    "CURRENT DIPOLE Y": 0.0,
    "CURRENT DIPOLE Z": 0.0,
    "CURRENT ENERGY": -148.46031855071143,
    "CURRENT REFERENCE ENERGY": -148.22127675643605,
    "HF TOTAL ENERGY": -148.22127675643605,
    "LCCSD (+LMP2) TOTAL ENERGY": -148.13912994132363,
    "MP2 CORRELATION ENERGY": -0.2273025105633434,
    "MP2 OPPOSITE-SPIN CORRELATION ENERGY": -0.17502503155631072,
    "MP2 SAME-SPIN CORRELATION ENERGY": -0.052277479007032696,
    "MP2 TOTAL ENERGY": -148.4485792669994,
    "NUCLEAR REPULSION ENERGY": 46.16165037735017,
    "ONE-ELECTRON ENERGY": -292.7038362350554,
    "PCM POLARIZATION ENERGY": 0.0,
    "PE ENERGY": 0.0,
    "SCF DIPOLE X": 0.0,
    "SCF DIPOLE Y": 0.0,
    "SCF DIPOLE Z": 0.0,
    "SCF ITERATION ENERGY": -148.22127675643605,
    "SCF ITERATIONS": 9.0,
    "SCF TOTAL ENERGY": -148.22127675643605,
    "TWO-ELECTRON ENERGY": 98.3209091012692
}