{
    "CC D1 DIAGNOSTIC": 0.026252823252312252,
    "CC D2 DIAGNOSTIC": 0.1946158490869283,
    "CC NEW D1 DIAGNOSTIC": 0.026252823252312252,
    "CC T1 DIAGNOSTIC": 0.010063465801365929,
    "CCSD CORRELATION ENERGY": -0.3217519578964296,
    "CCSD OPPOSITE-SPIN CORRELATION ENERGY": -0.2662107465354607,
    "CCSD SAME-SPIN CORRELATION ENERGY": -0.05554121136096901,
    "CCSD TOTAL ENERGY": -151.07621612962367,
    "CURRENT CORRELATION ENERGY": -0.3217519578964296,
    "CURRENT DIPOLE X": 0.0,
    "CURRENT DIPOLE Y": 1.1287621734612623e-15,
    "CURRENT DIPOLE Z": 0.0,
    "CURRENT ENERGY": -151.07621612962367,
    "CURRENT REFERENCE ENERGY": -150.75446417172674,
    "HF TOTAL ENERGY": -150.75446417172677,
    "LCCSD (+LMP2) TOTAL ENERGY": -151.07672523202237,
    "MP2 CORRELATION ENERGY": -0.3141169859655587,
    "MP2 OPPOSITE-SPIN CORRELATION ENERGY": -0.2432718412357702,
    "MP2 SAME-SPIN CORRELATION ENERGY": -0.0708451447297885,
    "MP2 TOTAL ENERGY": -151.06858115769282,
    "NUCLEAR REPULSION ENERGY": 36.25638076502918,
    "ONE-ELECTRON ENERGY": -280.03119535717343,
    "PCM POLARIZATION ENERGY": 0.0,
    "PE ENERGY": 0.0,
    "SCF DIPOLE X": 0.0,
    "SCF DIPOLE Y": 1.1287621734612623e-15,
    "SCF DIPOLE Z": 0.0,
    "SCF ITERATION ENERGY": -150.75446417172674,
    "SCF ITERATIONS": 10.0,
    "SCF TOTAL ENERGY": -150.75446417172674,
    "TWO-ELECTRON ENERGY": 93.02035042041749
}