{
    "CC D1 DIAGNOSTIC": 0.011611102236102053,
    "CC D2 DIAGNOSTIC": 0.18389524325641265,
    "CC NEW D1 DIAGNOSTIC": 0.011611102236102053,
    "CC T1 DIAGNOSTIC": 0.005182716527092393,
    "CCSD CORRELATION ENERGY": -0.23845783906900495,
    "CCSD OPPOSITE-SPIN CORRELATION ENERGY": -0.19096265852030192,
    "CCSD SAME-SPIN CORRELATION ENERGY": -0.04749518054870308,
    "CCSD TOTAL ENERGY": -148.3853374499033,
    "CURRENT CORRELATION ENERGY": -0.23845783906900495,
    "CURRENT DIPOLE X": 0.0,
    "CURRENT DIPOLE Y": 0.0,
    "CURRENT DIPOLE Z": 0.0,
    "CURRENT ENERGY": -148.3853374499033,
    "CURRENT REFERENCE ENERGY": -148.14687961083422,
    "HF TOTAL ENERGY": -148.14687961083422,
    "LCCSD (+LMP2) TOTAL ENERGY": -148.37969060892272,
    "MP2 CORRELATION ENERGY": -0.22669329396511922,
    "MP2 OPPOSITE-SPIN CORRELATION ENERGY": -0.17453417439087884,
    "MP2 SAME-SPIN CORRELATION ENERGY": -0.05215911957424038,
    "MP2 TOTAL ENERGY": -148.3735729047994,
    "NUCLEAR REPULSION ENERGY": 46.640837059467955,
    "ONE-ELECTRON ENERGY": -293.43783864674884,
    "PCM POLARIZATION ENERGY": 0.0,
    "PE ENERGY": 0.0,
    "SCF DIPOLE X": 0.0,
    "SCF DIPOLE Y": 0.0,
    "SCF DIPOLE Z": 0.0,
    "SCF ITERATION ENERGY": -148.14687961083422,
    "SCF ITERATIONS": 9.0,
    "SCF TOTAL ENERGY": -148.14687961083422,
    "TWO-ELECTRON ENERGY": 98.65012197644666
}