{
    "CC D1 DIAGNOSTIC": 0.013733506264963547,
    "CC D2 DIAGNOSTIC": 0.1162443148589571,
    "CC NEW D1 DIAGNOSTIC": 0.013733506264963547,
    "CC T1 DIAGNOSTIC": 0.006662453543201203,
    "CCSD CORRELATION ENERGY": -0.16181249154347277,
    "CCSD OPPOSITE-SPIN CORRELATION ENERGY": -0.13345414840801276,
    "CCSD SAME-SPIN CORRELATION ENERGY": -0.028358343135460012,
    "CCSD TOTAL ENERGY": -76.1706614704149,
    "CURRENT CORRELATION ENERGY": -0.16181249154347277,
    "CURRENT DIPOLE X": 0.0,
    "CURRENT DIPOLE Y": 0.0,
    "CURRENT DIPOLE Z": -2.3322315840441314,
    "CURRENT ENERGY": -76.1706614704149,
    "CURRENT REFERENCE ENERGY": -76.00884897887147,
    "HF TOTAL ENERGY": -76.00884897887147,
    "LCCSD (+LMP2) TOTAL ENERGY": -76.16902388717091,
    "MP2 CORRELATION ENERGY": -0.15592609633017104,
    "MP2 OPPOSITE-SPIN CORRELATION ENERGY": -0.12125881547792089,
    "MP2 SAME-SPIN CORRELATION ENERGY": -0.034667280852250154,
    "MP2 TOTAL ENERGY": -76.1647750752016,
    "NUCLEAR REPULSION ENERGY": 9.138860117026876,
    "ONE-ELECTRON ENERGY": -122.99806664883104,
    "PCM POLARIZATION ENERGY": 0.0,
    "PE ENERGY": 0.0,
    "SCF DIPOLE X": 0.0,
    "SCF DIPOLE Y": 0.0,
    "SCF DIPOLE Z": -2.3322315840441314,
    "SCF ITERATION ENERGY": -76.00884897887147,
    "SCF ITERATIONS": 10.0,
    "SCF TOTAL ENERGY": -76.00884897887147,
    "TWO-ELECTRON ENERGY": 37.850357552932685
}