{
    "CC D1 DIAGNOSTIC": 0.009907951171713414,
    "CC D2 DIAGNOSTIC": 0.10283792420578075,
    "CC NEW D1 DIAGNOSTIC": 0.009907951171713414,
    "CC T1 DIAGNOSTIC": 0.004493735293955022,
    "CCSD CORRELATION ENERGY": -0.21042382780638652,
    "CCSD OPPOSITE-SPIN CORRELATION ENERGY": -0.16698892064360848,
    "CCSD SAME-SPIN CORRELATION ENERGY": -0.04343490716277815,
    "CCSD TOTAL ENERGY": -106.48711078959761,
    "CURRENT CORRELATION ENERGY": -0.21042382780638652,
    "CURRENT DIPOLE X": 0.0,
    "CURRENT DIPOLE Y": 0.0,
    "CURRENT DIPOLE Z": 0.0,
    "CURRENT ENERGY": -106.48711078959761,
    "CURRENT REFERENCE ENERGY": -106.27668696179127,
    "HF TOTAL ENERGY": -106.27668696179127,
    "LCCSD (+LMP2) TOTAL ENERGY": -105.51315158057133,
    "MP2 CORRELATION ENERGY": -0.2014214864629021,
    "MP2 OPPOSITE-SPIN CORRELATION ENERGY": -0.15446059598872267,
    "MP2 SAME-SPIN CORRELATION ENERGY": -0.04696089047417942,
    "MP2 TOTAL ENERGY": -106.47810844825413,
    "NUCLEAR REPULSION ENERGY": 42.82163469911347,
    "ONE-ELECTRON ENERGY": -225.77582542573703,
    "PCM POLARIZATION ENERGY": 0.0,
    "PE ENERGY": 0.0,
    "SCF DIPOLE X": 0.0,
    "SCF DIPOLE Y": 0.0,
    "SCF DIPOLE Z": 0.0,
    "SCF ITERATION ENERGY": -106.27668696179127,
    "SCF ITERATIONS": 9.0,
    "SCF TOTAL ENERGY": -106.27668696179127,
    "TWO-ELECTRON ENERGY": 76.67750376483228
}