{
    "CC D1 DIAGNOSTIC": 0.037938869435804656,
    "CC D2 DIAGNOSTIC": 0.09207454834752817,
    "CC NEW D1 DIAGNOSTIC": 0.037938869435804656,
    "CC T1 DIAGNOSTIC": 0.014348417289596568,
    "CCSD CORRELATION ENERGY": -0.2921014075603295,
    "CCSD OPPOSITE-SPIN CORRELATION ENERGY": -0.22702398867777096,
    "CCSD SAME-SPIN CORRELATION ENERGY": -0.06507741888255858,
    "CCSD TOTAL ENERGY": -261.62141486231786,
    "CURRENT CORRELATION ENERGY": -0.2921014075603295,
    "CURRENT DIPOLE X": 0.0,
    "CURRENT DIPOLE Y": 0.0,
    "CURRENT DIPOLE Z": -7.928603677451757,
    "CURRENT ENERGY": -261.62141486231786,
    "CURRENT REFERENCE ENERGY": -261.3293134547565,
    "HF TOTAL ENERGY": -261.3293134547565,
    "LCCSD (+LMP2) TOTAL ENERGY": -261.62160401651454,
    "MP2 CORRELATION ENERGY": -0.2937877270391712,
    "MP2 OPPOSITE-SPIN CORRELATION ENERGY": -0.21820167636893031,
    "MP2 SAME-SPIN CORRELATION ENERGY": -0.0755860506702409,
    "MP2 TOTAL ENERGY": -261.6231011817967,
    "NUCLEAR REPULSION ENERGY": 29.161734901845232,
    "ONE-ELECTRON ENERGY": -428.3348747805409,
    "PCM POLARIZATION ENERGY": 0.0,
    "PE ENERGY": 0.0,
    "SCF DIPOLE X": 0.0,
    "SCF DIPOLE Y": 0.0,
    "SCF DIPOLE Z": -7.928603677451757,
    "SCF ITERATION ENERGY": -261.3293134547565,
    "SCF ITERATIONS": 10.0,
    "SCF TOTAL ENERGY": -261.3293134547565,
    "TWO-ELECTRON ENERGY": 137.8438264239391
}