{
    "CC D1 DIAGNOSTIC": 0.009773952332319022,
    "CC D2 DIAGNOSTIC": 0.10296314184910528,
    "CC NEW D1 DIAGNOSTIC": 0.009773952332319022,
    "CC T1 DIAGNOSTIC": 0.004447882471377195,
    "CCSD CORRELATION ENERGY": -0.21097520297102107,
    "CCSD OPPOSITE-SPIN CORRELATION ENERGY": -0.16754202558147194,
    "CCSD SAME-SPIN CORRELATION ENERGY": -0.043433177389548966,
    "CCSD TOTAL ENERGY": -106.76495820221864,
    "CURRENT CORRELATION ENERGY": -0.21097520297102107,
    "CURRENT DIPOLE X": 0.0,
    "CURRENT DIPOLE Y": 0.0,
    "CURRENT DIPOLE Z": -2.821905433653156e-16,
    "CURRENT ENERGY": -106.76495820221864,
    "CURRENT REFERENCE ENERGY": -106.55398299924762,
    "HF TOTAL ENERGY": -106.55398299924762,
    "LCCSD (+LMP2) TOTAL ENERGY": -106.78192191457056,
    "MP2 CORRELATION ENERGY": -0.20209951704072251,
    "MP2 OPPOSITE-SPIN CORRELATION ENERGY": -0.154992996511913,
    "MP2 SAME-SPIN CORRELATION ENERGY": -0.04710652052880951,
    "MP2 TOTAL ENERGY": -106.75608251628833,
    "NUCLEAR REPULSION ENERGY": 41.7814330465034,
    "ONE-ELECTRON ENERGY": -224.33218097723312,
    "PCM POLARIZATION ENERGY": 0.0,
    "PE ENERGY": 0.0,
    "SCF DIPOLE X": 0.0,
    "SCF DIPOLE Y": 0.0,
    "SCF DIPOLE Z": -2.821905433653156e-16,
    "SCF ITERATION ENERGY": -106.55398299924762,
    "SCF ITERATIONS": 8.0,
    "SCF TOTAL ENERGY": -106.55398299924762,
    "TWO-ELECTRON ENERGY": 75.9967649314821
}