{
    "CC D1 DIAGNOSTIC": 0.018788597721531013,
    "CC D2 DIAGNOSTIC": 0.1164559808600847,
    "CC NEW D1 DIAGNOSTIC": 0.018788597721531013,
    "CC T1 DIAGNOSTIC": 0.006215509277569174,
    "CCSD CORRELATION ENERGY": -0.2069451585643582,
    "CCSD OPPOSITE-SPIN CORRELATION ENERGY": -0.16355707807436487,
    "CCSD SAME-SPIN CORRELATION ENERGY": -0.0433880804899936,
    "CCSD TOTAL ENERGY": -109.22408489372049,
    "CURRENT CORRELATION ENERGY": -0.2069451585643582,
    "CURRENT DIPOLE X": 0.0,
    "CURRENT DIPOLE Y": 0.0,
    "CURRENT DIPOLE Z": 1.4181041489311588,
    "CURRENT ENERGY": -109.22408489372049,
    "CURRENT REFERENCE ENERGY": -109.01713973515622,
    "HF TOTAL ENERGY": -109.01713973515622,
    "LCCSD (+LMP2) TOTAL ENERGY": -109.22185804540153,
    "MP2 CORRELATION ENERGY": -0.19786222716346075,
    "MP2 OPPOSITE-SPIN CORRELATION ENERGY": -0.15126746751433695,
    "MP2 SAME-SPIN CORRELATION ENERGY": -0.046594759649123796,
    "MP2 TOTAL ENERGY": -109.21500196231959,
    "NUCLEAR REPULSION ENERGY": 45.3336387113887,
    "ONE-ELECTRON ENERGY": -234.03979304997966,
    "PCM POLARIZATION ENERGY": 0.0,
    "PE ENERGY": 0.0,
    "SCF DIPOLE X": 0.0,
    "SCF DIPOLE Y": 0.0,
    "SCF DIPOLE Z": 1.4181041489311588,
    "SCF ITERATION ENERGY": -109.01713973515622,
    "SCF ITERATIONS": 10.0,
    "SCF TOTAL ENERGY": -109.01713973515622,
    "TWO-ELECTRON ENERGY": 79.68901460343476
}