{
    "CC D1 DIAGNOSTIC": 0.10268993840333546,
    "CC D2 DIAGNOSTIC": 0.3408294449251236,
    "CC NEW D1 DIAGNOSTIC": 0.10268993840333546,
    "CC T1 DIAGNOSTIC": 0.03263371964464016,
    "CCSD CORRELATION ENERGY": -0.21164688000496837,
    "CCSD OPPOSITE-SPIN CORRELATION ENERGY": -0.1800074211095567,
    "CCSD SAME-SPIN CORRELATION ENERGY": -0.0316394588954127,
    "CCSD TOTAL ENERGY": -100.05477785305366,
    "CURRENT CORRELATION ENERGY": -0.21164688000496837,
    "CURRENT DIPOLE X": 0.0,
    "CURRENT DIPOLE Y": 0.0,
    "CURRENT DIPOLE Z": -3.4146696911277563,
    "CURRENT ENERGY": -100.05477785305366,
    "CURRENT REFERENCE ENERGY": -99.84313097304876,
    "HF TOTAL ENERGY": -99.84313097304874,
    "LCCSD (+LMP2) TOTAL ENERGY": -100.05438120246617,
    "MP2 CORRELATION ENERGY": -0.20153001392527695,
    "MP2 OPPOSITE-SPIN CORRELATION ENERGY": -0.15629777894271504,
    "MP2 SAME-SPIN CORRELATION ENERGY": -0.0452322349825619,
    "MP2 TOTAL ENERGY": -100.04466098697398,
    "NUCLEAR REPULSION ENERGY": 2.8040129713312725,
    "ONE-ELECTRON ENERGY": -146.37349475920723,
    "PCM POLARIZATION ENERGY": 0.0,
    "PE ENERGY": 0.0,
    "SCF DIPOLE X": 0.0,
    "SCF DIPOLE Y": 0.0,
    "SCF DIPOLE Z": -3.4146696911277563,
    "SCF ITERATION ENERGY": -99.84313097304876,
    "SCF ITERATIONS": 10.0,
    "SCF TOTAL ENERGY": -99.84313097304876,
    "TWO-ELECTRON ENERGY": 43.726350814827214
}