{
    "CC D1 DIAGNOSTIC": 0.0735189551946327,
    "CC D2 DIAGNOSTIC": 0.49372324316901783,
    "CC NEW D1 DIAGNOSTIC": 0.0735189551946327,
    "CC T1 DIAGNOSTIC": 0.023460555209465342,
    "CCSD CORRELATION ENERGY": -0.43803745141205314,
    "CCSD OPPOSITE-SPIN CORRELATION ENERGY": -0.3936415692270611,
    "CCSD SAME-SPIN CORRELATION ENERGY": -0.04439588218499202,
    "CCSD TOTAL ENERGY": -149.76982881733196,
    "CURRENT CORRELATION ENERGY": -0.43803745141205314,
    "CURRENT DIPOLE X": 0.0,
    "CURRENT DIPOLE Y": 0.0,
    "CURRENT DIPOLE Z": 0.0,
    "CURRENT ENERGY": -149.76982881733196,
    "CURRENT REFERENCE ENERGY": -149.33179136591957,
    "HF TOTAL ENERGY": -149.33179136591957,
    "LCCSD (+LMP2) TOTAL ENERGY": -149.76065949345332,
    "MP2 CORRELATION ENERGY": -0.5220913321692711,
    "MP2 OPPOSITE-SPIN CORRELATION ENERGY": -0.38599704530221823,
    "MP2 SAME-SPIN CORRELATION ENERGY": -0.13609428686705283,
    "MP2 TOTAL ENERGY": -149.8538826980892,
    "NUCLEAR REPULSION ENERGY": 19.76422567475988,
    "ONE-ELECTRON ENERGY": -245.0106838186147,
    "PCM POLARIZATION ENERGY": 0.0,
    "PE ENERGY": 0.0,
    "SCF DIPOLE X": 0.0,
    "SCF DIPOLE Y": 0.0,
    "SCF DIPOLE Z": 0.0,
    "SCF ITERATION ENERGY": -149.33179136591957,
    "SCF ITERATIONS": 9.0,
    "SCF TOTAL ENERGY": -149.33179136591957,
    "TWO-ELECTRON ENERGY": 75.91466677793524
}