{
    "CC D1 DIAGNOSTIC": 0.26773069680111167,
    "CC D2 DIAGNOSTIC": 0.24277449043513677,
    "CC NEW D1 DIAGNOSTIC": 0.26773069680111167,
    "CC T1 DIAGNOSTIC": 0.11092886939748628,
    "CCSD CORRELATION ENERGY": -0.32660940462407606,
    "CCSD OPPOSITE-SPIN CORRELATION ENERGY": -0.25865909841770907,
    "CCSD SAME-SPIN CORRELATION ENERGY": -0.067950306206367,
    "CCSD TOTAL ENERGY": -112.75323636375965,
    "CURRENT CORRELATION ENERGY": -0.32660940462407606,
    "CURRENT DIPOLE X": 0.0,
    "CURRENT DIPOLE Y": 0.0,
    "CURRENT DIPOLE Z": -3.0707344078752885,
    "CURRENT ENERGY": -112.75323636375965,
    "CURRENT REFERENCE ENERGY": -112.42662695913562,
    "HF TOTAL ENERGY": -112.4266269591356,
    "LCCSD (+LMP2) TOTAL ENERGY": -112.75324039465528,
    "MP2 CORRELATION ENERGY": -0.3143143883384445,
    "MP2 OPPOSITE-SPIN CORRELATION ENERGY": -0.2346995374141325,
    "MP2 SAME-SPIN CORRELATION ENERGY": -0.079614850924312,
    "MP2 TOTAL ENERGY": -112.74094134747402,
    "NUCLEAR REPULSION ENERGY": 14.758250266627272,
    "ONE-ELECTRON ENERGY": -183.05706427593236,
    "PCM POLARIZATION ENERGY": 0.0,
    "PE ENERGY": 0.0,
    "SCF DIPOLE X": 0.0,
    "SCF DIPOLE Y": 0.0,
    "SCF DIPOLE Z": -3.0707344078752885,
    "SCF ITERATION ENERGY": -112.42662695913562,
    "SCF ITERATIONS": 13.0,
    "SCF TOTAL ENERGY": -112.42662695913562,
    "TWO-ELECTRON ENERGY": 55.87218705016948
}