{
    "CC D1 DIAGNOSTIC": 0.131893625040489,
    "CC D2 DIAGNOSTIC": 0.40624474534686666,
    "CC NEW D1 DIAGNOSTIC": 0.131893625040489,
    "CC T1 DIAGNOSTIC": 0.04180849450944129,
    "CCSD CORRELATION ENERGY": -0.22360870209703074,
    "CCSD OPPOSITE-SPIN CORRELATION ENERGY": -0.19274072214913507,
    "CCSD SAME-SPIN CORRELATION ENERGY": -0.030867979947896723,
    "CCSD TOTAL ENERGY": -100.03752917330175,
    "CURRENT CORRELATION ENERGY": -0.22360870209703074,
    "CURRENT DIPOLE X": 0.0,
    "CURRENT DIPOLE Y": 0.0,
    "CURRENT DIPOLE Z": -3.612834789463022,
    "CURRENT ENERGY": -100.03752917330175,
    "CURRENT REFERENCE ENERGY": -99.8139204712046,
    "HF TOTAL ENERGY": -99.8139204712046,
    "LCCSD (+LMP2) TOTAL ENERGY": -100.03785445269023,
    "MP2 CORRELATION ENERGY": -0.20964687427893497,
    "MP2 OPPOSITE-SPIN CORRELATION ENERGY": -0.16368107747031904,
    "MP2 SAME-SPIN CORRELATION ENERGY": -0.04596579680861593,
    "MP2 TOTAL ENERGY": -100.02356734548366,
    "NUCLEAR REPULSION ENERGY": 2.596592833725946,
    "ONE-ELECTRON ENERGY": -145.98826258177405,
    "PCM POLARIZATION ENERGY": 0.0,
    "PE ENERGY": 0.0,
    "SCF DIPOLE X": 0.0,
    "SCF DIPOLE Y": 0.0,
    "SCF DIPOLE Z": -3.612834789463022,
    "SCF ITERATION ENERGY": -99.8139204712046,
    "SCF ITERATIONS": 10.0,
    "SCF TOTAL ENERGY": -99.8139204712046,
    "TWO-ELECTRON ENERGY": 43.57774927684352
}