{
    "CC D1 DIAGNOSTIC": 0.015609950220618188,
    "CC D2 DIAGNOSTIC": 0.11215190607063437,
    "CC NEW D1 DIAGNOSTIC": 0.015609950220618188,
    "CC T1 DIAGNOSTIC": 0.006974139210844818,
    "CCSD CORRELATION ENERGY": -0.15964502511122328,
    "CCSD OPPOSITE-SPIN CORRELATION ENERGY": -0.1307059108164404,
    "CCSD SAME-SPIN CORRELATION ENERGY": -0.028939114294782825,
    "CCSD TOTAL ENERGY": -76.14026330994682,
    "CURRENT CORRELATION ENERGY": -0.15964502511122328,
    "CURRENT DIPOLE X": 0.0,
    "CURRENT DIPOLE Y": 0.0,
    "CURRENT DIPOLE Z": -1.2749190994427235,
    "CURRENT ENERGY": -76.14026330994682,
    "CURRENT REFERENCE ENERGY": -75.98061828483561,
    "HF TOTAL ENERGY": -75.98061828483561,
    "LCCSD (+LMP2) TOTAL ENERGY": -76.14640520814616,
    "MP2 CORRELATION ENERGY": -0.15453498079446484,
    "MP2 OPPOSITE-SPIN CORRELATION ENERGY": -0.11938579026583546,
    "MP2 SAME-SPIN CORRELATION ENERGY": -0.03514919052862939,
    "MP2 TOTAL ENERGY": -76.13515326563007,
    "NUCLEAR REPULSION ENERGY": 9.102321213585295,
    "ONE-ELECTRON ENERGY": -123.08523195204401,
    "PCM POLARIZATION ENERGY": 0.0,
    "PE ENERGY": 0.0,
    "SCF DIPOLE X": 0.0,
    "SCF DIPOLE Y": 0.0,
    "SCF DIPOLE Z": -1.2749190994427235,
    "SCF ITERATION ENERGY": -75.98061828483561,
    "SCF ITERATIONS": 10.0,
    "SCF TOTAL ENERGY": -75.98061828483561,
    "TWO-ELECTRON ENERGY": 38.0022924536231
}