{
    "CC D1 DIAGNOSTIC": 0.021719828818701447,
    "CC D2 DIAGNOSTIC": 0.16226642418893114,
    "CC NEW D1 DIAGNOSTIC": 0.021719828818701447,
    "CC T1 DIAGNOSTIC": 0.00923877619868003,
    "CCSD CORRELATION ENERGY": -0.26365566541300456,
    "CCSD OPPOSITE-SPIN CORRELATION ENERGY": -0.21311639211644862,
    "CCSD SAME-SPIN CORRELATION ENERGY": -0.05053927329655594,
    "CCSD TOTAL ENERGY": -109.15168850437037,
    "CURRENT CORRELATION ENERGY": -0.26365566541300456,
    "CURRENT DIPOLE X": 0.0,
    "CURRENT DIPOLE Y": 0.0,
    "CURRENT DIPOLE Z": 0.0,
    "CURRENT ENERGY": -109.15168850437037,
    "CURRENT REFERENCE ENERGY": -108.88803283895737,
    "HF TOTAL ENERGY": -108.88803283895737,
    "LCCSD (+LMP2) TOTAL ENERGY": -109.1813440958106,
    "MP2 CORRELATION ENERGY": -0.26993495519701904,
    "MP2 OPPOSITE-SPIN CORRELATION ENERGY": -0.20300621623157758,
    "MP2 SAME-SPIN CORRELATION ENERGY": -0.06692873896544146,
    "MP2 TOTAL ENERGY": -109.15796779415439,
    "NUCLEAR REPULSION ENERGY": 24.867503524063466,
    "ONE-ELECTRON ENERGY": -196.24822343321966,
    "PCM POLARIZATION ENERGY": 0.0,
    "PE ENERGY": 0.0,
    "SCF DIPOLE X": 0.0,
    "SCF DIPOLE Y": 0.0,
    "SCF DIPOLE Z": 0.0,
    "SCF ITERATION ENERGY": -108.88803283895737,
    "SCF ITERATIONS": 8.0,
    "SCF TOTAL ENERGY": -108.88803283895737,
    "TWO-ELECTRON ENERGY": 62.492687070198826
}