{
    "CC D1 DIAGNOSTIC": 0.03884439279107798,
    "CC D2 DIAGNOSTIC": 0.09271845246579202,
    "CC NEW D1 DIAGNOSTIC": 0.03884439279107798,
    "CC T1 DIAGNOSTIC": 0.014663816453333747,
    "CCSD CORRELATION ENERGY": -0.29277701814937285,
    "CCSD OPPOSITE-SPIN CORRELATION ENERGY": -0.22759103411088294,
    "CCSD SAME-SPIN CORRELATION ENERGY": -0.06518598403849002,
    "CCSD TOTAL ENERGY": -261.6254803334342,
    "CURRENT CORRELATION ENERGY": -0.29277701814937285,
    "CURRENT DIPOLE X": 0.0,
    "CURRENT DIPOLE Y": 0.0,
    "CURRENT DIPOLE Z": -8.16047120910616,
    "CURRENT ENERGY": -261.6254803334342,
    "CURRENT REFERENCE ENERGY": -261.33270331528416,
    "HF TOTAL ENERGY": -261.33270331528416,
    "LCCSD (+LMP2) TOTAL ENERGY": -261.6148483682725,
    "MP2 CORRELATION ENERGY": -0.29455044221114274,
    "MP2 OPPOSITE-SPIN CORRELATION ENERGY": -0.21875460180517228,
    "MP2 SAME-SPIN CORRELATION ENERGY": -0.07579584040597045,
    "MP2 TOTAL ENERGY": -261.62725375749596,
    "NUCLEAR REPULSION ENERGY": 28.214669086359052,
    "ONE-ELECTRON ENERGY": -426.4269288234497,
    "PCM POLARIZATION ENERGY": 0.0,
    "PE ENERGY": 0.0,
    "SCF DIPOLE X": 0.0,
    "SCF DIPOLE Y": 0.0,
    "SCF DIPOLE Z": -8.16047120910616,
    "SCF ITERATION ENERGY": -261.33270331528416,
    "SCF ITERATIONS": 10.0,
    "SCF TOTAL ENERGY": -261.33270331528416,
    "TWO-ELECTRON ENERGY": 136.8795564218065
}