{
    "CC D1 DIAGNOSTIC": 0.03742257787680579,
    "CC D2 DIAGNOSTIC": 0.32878943002421707,
    "CC NEW D1 DIAGNOSTIC": 0.03742257787680579,
    "CC T1 DIAGNOSTIC": 0.009175140633970975,
    "CCSD CORRELATION ENERGY": -0.26248586000442076,
    "CCSD OPPOSITE-SPIN CORRELATION ENERGY": -0.21016236704770977,
    "CCSD SAME-SPIN CORRELATION ENERGY": -0.05232349295671099,
    "CCSD TOTAL ENERGY": -257.2059844131677,
    "CURRENT CORRELATION ENERGY": -0.26248586000442076,
    "CURRENT DIPOLE X": 0.0,
    "CURRENT DIPOLE Y": 0.0,
    "CURRENT DIPOLE Z": 3.5233534020600836,
    "CURRENT ENERGY": -257.2059844131677,
    "CURRENT REFERENCE ENERGY": -256.9434985531632,
    "HF TOTAL ENERGY": -256.9434985531632,
    "LCCSD (+LMP2) TOTAL ENERGY": -257.20797939720313,
    "MP2 CORRELATION ENERGY": -0.24258601374001548,
    "MP2 OPPOSITE-SPIN CORRELATION ENERGY": -0.18713857655646388,
    "MP2 SAME-SPIN CORRELATION ENERGY": -0.05544743718355161,
    "MP2 TOTAL ENERGY": -257.18608456690333,
    "NUCLEAR REPULSION ENERGY": 78.68166209365789,
    "ONE-ELECTRON ENERGY": -502.7772541561251,
    "PCM POLARIZATION ENERGY": 0.0,
    "PE ENERGY": 0.0,
    "SCF DIPOLE X": 0.0,
    "SCF DIPOLE Y": 0.0,
    "SCF DIPOLE Z": 3.5233534020600836,
    "SCF ITERATION ENERGY": -256.9434985531632,
    "SCF ITERATIONS": 10.0,
    "SCF TOTAL ENERGY": -256.9434985531632,
    "TWO-ELECTRON ENERGY": 167.15209350930397
}