{
    "CC D1 DIAGNOSTIC": 0.032637232015151445,
    "CC D2 DIAGNOSTIC": 0.20420074234249153,
    "CC NEW D1 DIAGNOSTIC": 0.032637232015151445,
    "CC T1 DIAGNOSTIC": 0.013416854021695655,
    "CCSD CORRELATION ENERGY": -0.30129928013314944,
    "CCSD OPPOSITE-SPIN CORRELATION ENERGY": -0.24693111968710052,
    "CCSD SAME-SPIN CORRELATION ENERGY": -0.05436816044604892,
    "CCSD TOTAL ENERGY": -109.15078557937679,
    "CURRENT CORRELATION ENERGY": -0.30129928013314944,
    "CURRENT DIPOLE X": 0.0,
    "CURRENT DIPOLE Y": 0.0,
    "CURRENT DIPOLE Z": -2.2575243469225247e-15,
    "CURRENT ENERGY": -109.15078557937679,
    "CURRENT REFERENCE ENERGY": -108.8494862992435,
    "HF TOTAL ENERGY": -108.8494862992435,
    "LCCSD (+LMP2) TOTAL ENERGY": -109.168412725713,
    "MP2 CORRELATION ENERGY": -0.3277331305595912,
    "MP2 OPPOSITE-SPIN CORRELATION ENERGY": -0.2425338026941576,
    "MP2 SAME-SPIN CORRELATION ENERGY": -0.08519932786543358,
    "MP2 TOTAL ENERGY": -109.17721942980323,
    "NUCLEAR REPULSION ENERGY": 21.190993762805626,
    "ONE-ELECTRON ENERGY": -189.0909150148272,
    "PCM POLARIZATION ENERGY": 0.0,
    "PE ENERGY": 0.0,
    "SCF DIPOLE X": 0.0,
    "SCF DIPOLE Y": 0.0,
    "SCF DIPOLE Z": -2.2575243469225247e-15,
    "SCF ITERATION ENERGY": -108.8494862992435,
    "SCF ITERATIONS": 8.0,
    "SCF TOTAL ENERGY": -108.8494862992435,
    "TWO-ELECTRON ENERGY": 59.05043495277809
}