{
    "CC D1 DIAGNOSTIC": 0.04027632580568546,
    "CC D2 DIAGNOSTIC": 0.09543009651412246,
    "CC NEW D1 DIAGNOSTIC": 0.04027632580568546,
    "CC T1 DIAGNOSTIC": 0.017942213935708957,
    "CCSD CORRELATION ENERGY": -0.18073837096258252,
    "CCSD OPPOSITE-SPIN CORRELATION ENERGY": -0.1449139706167054,
    "CCSD SAME-SPIN CORRELATION ENERGY": -0.035824400345877194,
    "CCSD TOTAL ENERGY": -107.14017660057593,
    "CURRENT CORRELATION ENERGY": -0.18073837096258252,
    "CURRENT DIPOLE X": 0.0,
    "CURRENT DIPOLE Y": 0.0,
    "CURRENT DIPOLE Z": -6.891667137328617,
    "CURRENT ENERGY": -107.14017660057593,
    "CURRENT REFERENCE ENERGY": -106.95943822961335,
    "HF TOTAL ENERGY": -106.95943822961335,
    "LCCSD (+LMP2) TOTAL ENERGY": -107.13905073130465,
    "MP2 CORRELATION ENERGY": -0.18144776400623747,
    "MP2 OPPOSITE-SPIN CORRELATION ENERGY": -0.13745173875803735,
    "MP2 SAME-SPIN CORRELATION ENERGY": -0.04399602524820012,
    "MP2 TOTAL ENERGY": -107.14088599361958,
    "NUCLEAR REPULSION ENERGY": 8.602932384054192,
    "ONE-ELECTRON ENERGY": -168.61620072243247,
    "PCM POLARIZATION ENERGY": 0.0,
    "PE ENERGY": 0.0,
    "SCF DIPOLE X": 0.0,
    "SCF DIPOLE Y": 0.0,
    "SCF DIPOLE Z": -6.891667137328617,
    "SCF ITERATION ENERGY": -106.95943822961335,
    "SCF ITERATIONS": 10.0,
    "SCF TOTAL ENERGY": -106.95943822961335,
    "TWO-ELECTRON ENERGY": 53.05383010876493
}