{
    "CC D1 DIAGNOSTIC": 0.22283467044698277,
    "CC D2 DIAGNOSTIC": 0.1601407287683685,
    "CC NEW D1 DIAGNOSTIC": 0.22283467044698277,
    "CC T1 DIAGNOSTIC": 0.050239088665995316,
    "CCSD CORRELATION ENERGY": -0.2948217271054529,
    "CCSD OPPOSITE-SPIN CORRELATION ENERGY": -0.22771243570318678,
    "CCSD SAME-SPIN CORRELATION ENERGY": -0.06710929140226674,
    "CCSD TOTAL ENERGY": -260.8821332912237,
    "CURRENT CORRELATION ENERGY": -0.2948217271054529,
    "CURRENT DIPOLE X": 0.0,
    "CURRENT DIPOLE Y": 0.0,
    "CURRENT DIPOLE Z": -5.063701223376712,
    "CURRENT ENERGY": -260.8821332912237,
    "CURRENT REFERENCE ENERGY": -260.5873115641186,
    "HF TOTAL ENERGY": -260.5873115641186,
    "LCCSD (+LMP2) TOTAL ENERGY": -260.8825998390053,
    "MP2 CORRELATION ENERGY": -0.29344861972061653,
    "MP2 OPPOSITE-SPIN CORRELATION ENERGY": -0.21710395997621362,
    "MP2 SAME-SPIN CORRELATION ENERGY": -0.07634465974440291,
    "MP2 TOTAL ENERGY": -260.88076018383885,
    "NUCLEAR REPULSION ENERGY": 46.54160815807889,
    "ONE-ELECTRON ENERGY": -461.59688280762106,
    "PCM POLARIZATION ENERGY": 0.0,
    "PE ENERGY": 0.0,
    "SCF DIPOLE X": 0.0,
    "SCF DIPOLE Y": 0.0,
    "SCF DIPOLE Z": -5.063701223376712,
    "SCF ITERATION ENERGY": -260.5873115641186,
    "SCF ITERATIONS": 12.0,
    "SCF TOTAL ENERGY": -260.5873115641186,
    "TWO-ELECTRON ENERGY": 154.4679630854236
}