{
    "CC D1 DIAGNOSTIC": 0.03993275748040395,
    "CC D2 DIAGNOSTIC": 0.24522788677275956,
    "CC NEW D1 DIAGNOSTIC": 0.03993275748040395,
    "CC T1 DIAGNOSTIC": 0.010340733946704156,
    "CCSD CORRELATION ENERGY": -0.13299234176467742,
    "CCSD OPPOSITE-SPIN CORRELATION ENERGY": -0.11243986021563142,
    "CCSD SAME-SPIN CORRELATION ENERGY": -0.020552481549046417,
    "CCSD TOTAL ENERGY": -460.13057975694204,
    "CURRENT CORRELATION ENERGY": -0.13299234176467742,
    "CURRENT DIPOLE X": 0.0,
    "CURRENT DIPOLE Y": 0.0,
    "CURRENT DIPOLE Z": -2.255371188806286,
    "CURRENT ENERGY": -460.13057975694204,
    "CURRENT REFERENCE ENERGY": -459.9975874151771,
    "HF TOTAL ENERGY": -459.9975874151771,
    "LCCSD (+LMP2) TOTAL ENERGY": -460.1308572459106,
    "MP2 CORRELATION ENERGY": -0.11621191089706216,
    "MP2 OPPOSITE-SPIN CORRELATION ENERGY": -0.09341300810968058,
    "MP2 SAME-SPIN CORRELATION ENERGY": -0.022798902787381586,
    "MP2 TOTAL ENERGY": -460.1137993260744,
    "NUCLEAR REPULSION ENERGY": 4.94532183341605,
    "ONE-ELECTRON ENERGY": -645.5545591819018,
    "PCM POLARIZATION ENERGY": 0.0,
    "PE ENERGY": 0.0,
    "SCF DIPOLE X": 0.0,
    "SCF DIPOLE Y": 0.0,
    "SCF DIPOLE Z": -2.255371188806286,
    "SCF ITERATION ENERGY": -459.9975874151771,
    "SCF ITERATIONS": 9.0,
    "SCF TOTAL ENERGY": -459.9975874151771,
    "TWO-ELECTRON ENERGY": 180.61164993330863
}