{
    "CC D1 DIAGNOSTIC": 0.022242743202025704,
    "CC D2 DIAGNOSTIC": 0.21143014110447306,
    "CC NEW D1 DIAGNOSTIC": 0.022242743202025704,
    "CC T1 DIAGNOSTIC": 0.00781834991138559,
    "CCSD CORRELATION ENERGY": -0.2699653338411744,
    "CCSD OPPOSITE-SPIN CORRELATION ENERGY": -0.21791652400773862,
    "CCSD SAME-SPIN CORRELATION ENERGY": -0.052048809833435766,
    "CCSD TOTAL ENERGY": -149.6480559421104,
    "CURRENT CORRELATION ENERGY": -0.2699653338411744,
    "CURRENT DIPOLE X": 0.0,
    "CURRENT DIPOLE Y": 0.0,
    "CURRENT DIPOLE Z": 0.0,
    "CURRENT ENERGY": -149.6480559421104,
    "CURRENT REFERENCE ENERGY": -149.37809060826922,
    "HF TOTAL ENERGY": -149.37809060826922,
    "LCCSD (+LMP2) TOTAL ENERGY": -149.74860352195302,
    "MP2 CORRELATION ENERGY": -0.2626386199277245,
    "MP2 OPPOSITE-SPIN CORRELATION ENERGY": -0.20092038864599887,
    "MP2 SAME-SPIN CORRELATION ENERGY": -0.061718231281725655,
    "MP2 TOTAL ENERGY": -149.64072922819693,
    "NUCLEAR REPULSION ENERGY": 34.473662174389375,
    "ONE-ELECTRON ENERGY": -273.1811621783212,
    "PCM POLARIZATION ENERGY": 0.0,
    "PE ENERGY": 0.0,
    "SCF DIPOLE X": 0.0,
    "SCF DIPOLE Y": 0.0,
    "SCF DIPOLE Z": 0.0,
    "SCF ITERATION ENERGY": -149.37809060826922,
    "SCF ITERATIONS": 9.0,
    "SCF TOTAL ENERGY": -149.37809060826922,
    "TWO-ELECTRON ENERGY": 89.3294093956626
}