{
    "CC D1 DIAGNOSTIC": 0.03992389691908812,
    "CC D2 DIAGNOSTIC": 0.09547771957968215,
    "CC NEW D1 DIAGNOSTIC": 0.03992389691908812,
    "CC T1 DIAGNOSTIC": 0.01773186774293828,
    "CCSD CORRELATION ENERGY": -0.18055975254690715,
    "CCSD OPPOSITE-SPIN CORRELATION ENERGY": -0.1447583535626344,
    "CCSD SAME-SPIN CORRELATION ENERGY": -0.03580139898427265,
    "CCSD TOTAL ENERGY": -107.14099220707479,
    "CURRENT CORRELATION ENERGY": -0.18055975254690715,
    "CURRENT DIPOLE X": 0.0,
    "CURRENT DIPOLE Y": 0.0,
    "CURRENT DIPOLE Z": -6.7948915059243955,
    "CURRENT ENERGY": -107.14099220707479,
    "CURRENT REFERENCE ENERGY": -106.96043245452796,
    "HF TOTAL ENERGY": -106.96043245452796,
    "LCCSD (+LMP2) TOTAL ENERGY": -107.13987539011295,
    "MP2 CORRELATION ENERGY": -0.18124652807813807,
    "MP2 OPPOSITE-SPIN CORRELATION ENERGY": -0.1373051997472692,
    "MP2 SAME-SPIN CORRELATION ENERGY": -0.04394132833086886,
    "MP2 TOTAL ENERGY": -107.14167898260601,
    "NUCLEAR REPULSION ENERGY": 8.72168451818991,
    "ONE-ELECTRON ENERGY": -168.83401750007528,
    "PCM POLARIZATION ENERGY": 0.0,
    "PE ENERGY": 0.0,
    "SCF DIPOLE X": 0.0,
    "SCF DIPOLE Y": 0.0,
    "SCF DIPOLE Z": -6.7948915059243955,
    "SCF ITERATION ENERGY": -106.96043245452796,
    "SCF ITERATIONS": 10.0,
    "SCF TOTAL ENERGY": -106.96043245452796,
    "TWO-ELECTRON ENERGY": 53.15190052735742
}