{
    "CC D1 DIAGNOSTIC": 0.01683921401205555,
    "CC D2 DIAGNOSTIC": 0.14417633850925066,
    "CC NEW D1 DIAGNOSTIC": 0.01683921401205555,
    "CC T1 DIAGNOSTIC": 0.007500751284889108,
    "CCSD CORRELATION ENERGY": -0.24773316784830557,
    "CCSD OPPOSITE-SPIN CORRELATION ENERGY": -0.1993607202523669,
    "CCSD SAME-SPIN CORRELATION ENERGY": -0.04837244759593867,
    "CCSD TOTAL ENERGY": -109.06515643512404,
    "CURRENT CORRELATION ENERGY": -0.24773316784830557,
    "CURRENT DIPOLE X": 0.0,
    "CURRENT DIPOLE Y": 0.0,
    "CURRENT DIPOLE Z": 5.643810867306312e-16,
    "CURRENT ENERGY": -109.06515643512404,
    "CURRENT REFERENCE ENERGY": -108.8174232672757,
    "HF TOTAL ENERGY": -108.8174232672757,
    "LCCSD (+LMP2) TOTAL ENERGY": -109.06632961681822,
    "MP2 CORRELATION ENERGY": -0.2480522838815536,
    "MP2 OPPOSITE-SPIN CORRELATION ENERGY": -0.18783989681842525,
    "MP2 SAME-SPIN CORRELATION ENERGY": -0.06021238706312834,
    "MP2 TOTAL ENERGY": -109.06547555115728,
    "NUCLEAR REPULSION ENERGY": 27.229588291520688,
    "ONE-ELECTRON ENERGY": -200.67542417083615,
    "PCM POLARIZATION ENERGY": 0.0,
    "PE ENERGY": 0.0,
    "SCF DIPOLE X": 0.0,
    "SCF DIPOLE Y": 0.0,
    "SCF DIPOLE Z": 5.643810867306312e-16,
    "SCF ITERATION ENERGY": -108.8174232672757,
    "SCF ITERATIONS": 8.0,
    "SCF TOTAL ENERGY": -108.8174232672757,
    "TWO-ELECTRON ENERGY": 64.62841261203977
}