{
    "CC D1 DIAGNOSTIC": 0.11305473081739914,
    "CC D2 DIAGNOSTIC": 0.10450860720305687,
    "CC NEW D1 DIAGNOSTIC": 0.11305473081739914,
    "CC T1 DIAGNOSTIC": 0.026511838628345108,
    "CCSD CORRELATION ENERGY": -0.2874238098910688,
    "CCSD OPPOSITE-SPIN CORRELATION ENERGY": -0.22222859494163552,
    "CCSD SAME-SPIN CORRELATION ENERGY": -0.06519521494943356,
    "CCSD TOTAL ENERGY": -261.09311570595213,
    "CURRENT CORRELATION ENERGY": -0.2874238098910688,
    "CURRENT DIPOLE X": 0.0,
    "CURRENT DIPOLE Y": 0.0,
    "CURRENT DIPOLE Z": -5.648946795166945,
    "CURRENT ENERGY": -261.09311570595213,
    "CURRENT REFERENCE ENERGY": -260.80569189606047,
    "HF TOTAL ENERGY": -260.80569189606047,
    "LCCSD (+LMP2) TOTAL ENERGY": -261.09288621187966,
    "MP2 CORRELATION ENERGY": -0.287418100505747,
    "MP2 OPPOSITE-SPIN CORRELATION ENERGY": -0.21300708391440565,
    "MP2 SAME-SPIN CORRELATION ENERGY": -0.07441101659134136,
    "MP2 TOTAL ENERGY": -261.0931099965668,
    "NUCLEAR REPULSION ENERGY": 43.89608516804073,
    "ONE-ELECTRON ENERGY": -456.9931560700311,
    "PCM POLARIZATION ENERGY": 0.0,
    "PE ENERGY": 0.0,
    "SCF DIPOLE X": 0.0,
    "SCF DIPOLE Y": 0.0,
    "SCF DIPOLE Z": -5.648946795166945,
    "SCF ITERATION ENERGY": -260.80569189606047,
    "SCF ITERATIONS": 11.0,
    "SCF TOTAL ENERGY": -260.80569189606047,
    "TWO-ELECTRON ENERGY": 152.29137900592994
}