{
    "CC D1 DIAGNOSTIC": 0.0343186991848202,
    "CC D2 DIAGNOSTIC": 0.0955147309342275,
    "CC NEW D1 DIAGNOSTIC": 0.0343186991848202,
    "CC T1 DIAGNOSTIC": 0.015007477334500526,
    "CCSD CORRELATION ENERGY": -0.17773133678395941,
    "CCSD OPPOSITE-SPIN CORRELATION ENERGY": -0.1422527639526276,
    "CCSD SAME-SPIN CORRELATION ENERGY": -0.035478572831331934,
    "CCSD TOTAL ENERGY": -107.11607162942435,
    "CURRENT CORRELATION ENERGY": -0.17773133678395941,
    "CURRENT DIPOLE X": 0.0,
    "CURRENT DIPOLE Y": 0.0,
    "CURRENT DIPOLE Z": -5.534840383723179,
    "CURRENT ENERGY": -107.11607162942435,
    "CURRENT REFERENCE ENERGY": -106.93834029264035,
    "HF TOTAL ENERGY": -106.93834029264035,
    "LCCSD (+LMP2) TOTAL ENERGY": -107.11533441151408,
    "MP2 CORRELATION ENERGY": -0.178134403323378,
    "MP2 OPPOSITE-SPIN CORRELATION ENERGY": -0.1349915757062568,
    "MP2 SAME-SPIN CORRELATION ENERGY": -0.04314282761712118,
    "MP2 TOTAL ENERGY": -107.11647469596377,
    "NUCLEAR REPULSION ENERGY": 10.629043562354802,
    "ONE-ELECTRON ENERGY": -172.29244092525778,
    "PCM POLARIZATION ENERGY": 0.0,
    "PE ENERGY": 0.0,
    "SCF DIPOLE X": 0.0,
    "SCF DIPOLE Y": 0.0,
    "SCF DIPOLE Z": -5.534840383723179,
    "SCF ITERATION ENERGY": -106.93834029264035,
    "SCF ITERATIONS": 10.0,
    "SCF TOTAL ENERGY": -106.93834029264035,
    "TWO-ELECTRON ENERGY": 54.72505707026262
}