{
    "CC D1 DIAGNOSTIC": 0.017976837523406227,
    "CC D2 DIAGNOSTIC": 0.11689280074835294,
    "CC NEW D1 DIAGNOSTIC": 0.017976837523406227,
    "CC T1 DIAGNOSTIC": 0.006078482678674488,
    "CCSD CORRELATION ENERGY": -0.2068701694150086,
    "CCSD OPPOSITE-SPIN CORRELATION ENERGY": -0.16367212532917993,
    "CCSD SAME-SPIN CORRELATION ENERGY": -0.04319804408582856,
    "CCSD TOTAL ENERGY": -109.76394038351013,
    "CURRENT CORRELATION ENERGY": -0.2068701694150086,
    "CURRENT DIPOLE X": 0.0,
    "CURRENT DIPOLE Y": 0.0,
    "CURRENT DIPOLE Z": 1.3824590866943272,
    "CURRENT ENERGY": -109.76394038351013,
    "CURRENT REFERENCE ENERGY": -109.55707021409518,
    "HF TOTAL ENERGY": -109.55707021409518,
    "LCCSD (+LMP2) TOTAL ENERGY": -109.76264104214937,
    "MP2 CORRELATION ENERGY": -0.19782216046492457,
    "MP2 OPPOSITE-SPIN CORRELATION ENERGY": -0.15132964594884943,
    "MP2 SAME-SPIN CORRELATION ENERGY": -0.04649251451607514,
    "MP2 TOTAL ENERGY": -109.75489237456004,
    "NUCLEAR REPULSION ENERGY": 43.57500617517104,
    "ONE-ELECTRON ENERGY": -231.80699251108607,
    "PCM POLARIZATION ENERGY": 0.0,
    "PE ENERGY": 0.0,
    "SCF DIPOLE X": 0.0,
    "SCF DIPOLE Y": 0.0,
    "SCF DIPOLE Z": 1.3824590866943272,
    "SCF ITERATION ENERGY": -109.55707021409518,
    "SCF ITERATIONS": 10.0,
    "SCF TOTAL ENERGY": -109.55707021409518,
    "TWO-ELECTRON ENERGY": 78.67491612181985
}