{
    "CC D1 DIAGNOSTIC": 0.04118891972801699,
    "CC D2 DIAGNOSTIC": 0.09097745218418536,
    "CC NEW D1 DIAGNOSTIC": 0.04118891972801699,
    "CC T1 DIAGNOSTIC": 0.013667574001060247,
    "CCSD CORRELATION ENERGY": -0.2877528690010973,
    "CCSD OPPOSITE-SPIN CORRELATION ENERGY": -0.22333312329309768,
    "CCSD SAME-SPIN CORRELATION ENERGY": -0.06441974570799963,
    "CCSD TOTAL ENERGY": -261.5259177696355,
    "CURRENT CORRELATION ENERGY": -0.2877528690010973,
    "CURRENT DIPOLE X": 0.0,
    "CURRENT DIPOLE Y": 0.0,
    "CURRENT DIPOLE Z": -6.796080659420529,
    "CURRENT ENERGY": -261.5259177696355,
    "CURRENT REFERENCE ENERGY": -261.23816490063376,
    "HF TOTAL ENERGY": -261.2381649006337,
    "LCCSD (+LMP2) TOTAL ENERGY": -261.5262560351017,
    "MP2 CORRELATION ENERGY": -0.28882750238940263,
    "MP2 OPPOSITE-SPIN CORRELATION ENERGY": -0.2145530300124322,
    "MP2 SAME-SPIN CORRELATION ENERGY": -0.07427447237697044,
    "MP2 TOTAL ENERGY": -261.52699240302377,
    "NUCLEAR REPULSION ENERGY": 35.22067644395159,
    "ONE-ELECTRON ENERGY": -440.42523022219683,
    "PCM POLARIZATION ENERGY": 0.0,
    "PE ENERGY": 0.0,
    "SCF DIPOLE X": 0.0,
    "SCF DIPOLE Y": 0.0,
    "SCF DIPOLE Z": -6.796080659420529,
    "SCF ITERATION ENERGY": -261.23816490063376,
    "SCF ITERATIONS": 11.0,
    "SCF TOTAL ENERGY": -261.23816490063376,
    "TWO-ELECTRON ENERGY": 143.96638887761148
}