{
    "CC D1 DIAGNOSTIC": 0.03285639014723884,
    "CC D2 DIAGNOSTIC": 0.13675916657526663,
    "CC NEW D1 DIAGNOSTIC": 0.03285639014723884,
    "CC T1 DIAGNOSTIC": 0.01143455948214019,
    "CCSD CORRELATION ENERGY": -0.37452544443149394,
    "CCSD OPPOSITE-SPIN CORRELATION ENERGY": -0.2944203313103033,
    "CCSD SAME-SPIN CORRELATION ENERGY": -0.08010511312119056,
    "CCSD TOTAL ENERGY": -187.81278590483174,
    "CURRENT CORRELATION ENERGY": -0.37452544443149394,
    "CURRENT DIPOLE X": 0.0,
    "CURRENT DIPOLE Y": 0.0,
    "CURRENT DIPOLE Z": 0.0,
    "CURRENT ENERGY": -187.81278590483174,
    "CURRENT REFERENCE ENERGY": -187.43826046039965,
    "HF TOTAL ENERGY": -187.43826046039965,
    "LCCSD (+LMP2) TOTAL ENERGY": -187.81112589765868,
    "MP2 CORRELATION ENERGY": -0.3807704877000778,
    "MP2 OPPOSITE-SPIN CORRELATION ENERGY": -0.28420996467687437,
    "MP2 SAME-SPIN CORRELATION ENERGY": -0.09656052302320345,
    "MP2 TOTAL ENERGY": -187.81903094810033,
    "NUCLEAR REPULSION ENERGY": 66.89430228380269,
    "ONE-ELECTRON ENERGY": -388.2140571508064,
    "PCM POLARIZATION ENERGY": 0.0,
    "PE ENERGY": 0.0,
    "SCF DIPOLE X": 0.0,
    "SCF DIPOLE Y": 0.0,
    "SCF DIPOLE Z": 0.0,
    "SCF ITERATION ENERGY": -187.43826046039965,
    "SCF ITERATIONS": 10.0,
    "SCF TOTAL ENERGY": -187.43826046039965,
    "TWO-ELECTRON ENERGY": 133.88149440660408
}