{
    "CC D1 DIAGNOSTIC": 0.010871016085035332,
    "CC D2 DIAGNOSTIC": 0.07749657879749314,
    "CC NEW D1 DIAGNOSTIC": 0.010871016085035332,
    "CC T1 DIAGNOSTIC": 0.0042629626923615955,
    "CCSD CORRELATION ENERGY": -0.10393828735555477,
    "CCSD OPPOSITE-SPIN CORRELATION ENERGY": -0.08536273843847869,
    "CCSD SAME-SPIN CORRELATION ENERGY": -0.01857554891707583,
    "CCSD TOTAL ENERGY": -459.5032111003456,
    "CURRENT CORRELATION ENERGY": -0.10393828735555477,
    "CURRENT DIPOLE X": 0.0,
    "CURRENT DIPOLE Y": 0.0,
    "CURRENT DIPOLE Z": -1.5654360336750315,
    "CURRENT ENERGY": -459.5032111003456,
    "CURRENT REFERENCE ENERGY": -459.3992728129897,
    "HF TOTAL ENERGY": -459.3992728129897,
    "LCCSD (+LMP2) TOTAL ENERGY": -459.5040793875534,
    "MP2 CORRELATION ENERGY": -0.09565470456910656,
    "MP2 OPPOSITE-SPIN CORRELATION ENERGY": -0.07675474868803833,
    "MP2 SAME-SPIN CORRELATION ENERGY": -0.01889995588106823,
    "MP2 TOTAL ENERGY": -459.4949275175591,
    "NUCLEAR REPULSION ENERGY": 12.518926599276998,
    "ONE-ELECTRON ENERGY": -658.6784903736352,
    "PCM POLARIZATION ENERGY": 0.0,
    "PE ENERGY": 0.0,
    "SCF DIPOLE X": 0.0,
    "SCF DIPOLE Y": 0.0,
    "SCF DIPOLE Z": -1.5654360336750315,
    "SCF ITERATION ENERGY": -459.3992728129897,
    "SCF ITERATIONS": 8.0,
    "SCF TOTAL ENERGY": -459.3992728129897,
    "TWO-ELECTRON ENERGY": 186.76029096136847
}