{
    "CC D1 DIAGNOSTIC": 0.036615090119230226,
    "CC D2 DIAGNOSTIC": 0.09184119553483919,
    "CC NEW D1 DIAGNOSTIC": 0.036615090119230226,
    "CC T1 DIAGNOSTIC": 0.014679408539507872,
    "CCSD CORRELATION ENERGY": -0.1746667547705653,
    "CCSD OPPOSITE-SPIN CORRELATION ENERGY": -0.138775517626083,
    "CCSD SAME-SPIN CORRELATION ENERGY": -0.035891237144482224,
    "CCSD TOTAL ENERGY": -106.70975563061086,
    "CURRENT CORRELATION ENERGY": -0.1746667547705653,
    "CURRENT DIPOLE X": 0.0,
    "CURRENT DIPOLE Y": 0.0,
    "CURRENT DIPOLE Z": -3.671643135175139,
    "CURRENT ENERGY": -106.70975563061086,
    "CURRENT REFERENCE ENERGY": -106.53508887584032,
    "HF TOTAL ENERGY": -106.5350888758403,
    "LCCSD (+LMP2) TOTAL ENERGY": -106.70928998916399,
    "MP2 CORRELATION ENERGY": -0.17508602273543264,
    "MP2 OPPOSITE-SPIN CORRELATION ENERGY": -0.13221728936888888,
    "MP2 SAME-SPIN CORRELATION ENERGY": -0.04286873336654376,
    "MP2 TOTAL ENERGY": -106.71017489857572,
    "NUCLEAR REPULSION ENERGY": 15.004058854511399,
    "ONE-ELECTRON ENERGY": -179.6614706361682,
    "PCM POLARIZATION ENERGY": 0.0,
    "PE ENERGY": 0.0,
    "SCF DIPOLE X": 0.0,
    "SCF DIPOLE Y": 0.0,
    "SCF DIPOLE Z": -3.671643135175139,
    "SCF ITERATION ENERGY": -106.53508887584032,
    "SCF ITERATIONS": 10.0,
    "SCF TOTAL ENERGY": -106.53508887584032,
    "TWO-ELECTRON ENERGY": 58.12232290581647
}