{
    "CC D1 DIAGNOSTIC": 0.028110714100310068,
    "CC D2 DIAGNOSTIC": 0.1590214266639078,
    "CC NEW D1 DIAGNOSTIC": 0.028110714100310068,
    "CC T1 DIAGNOSTIC": 0.00994412737651938,
    "CCSD CORRELATION ENERGY": -0.17397313720960503,
    "CCSD OPPOSITE-SPIN CORRELATION ENERGY": -0.14130685525695852,
    "CCSD SAME-SPIN CORRELATION ENERGY": -0.032666281952646176,
    "CCSD TOTAL ENERGY": -100.15547439766044,
    "CURRENT CORRELATION ENERGY": -0.17397313720960503,
    "CURRENT DIPOLE X": 0.0,
    "CURRENT DIPOLE Y": 0.0,
    "CURRENT DIPOLE Z": -2.6421811796496257,
    "CURRENT ENERGY": -100.15547439766044,
    "CURRENT REFERENCE ENERGY": -99.98150126045084,
    "HF TOTAL ENERGY": -99.98150126045084,
    "LCCSD (+LMP2) TOTAL ENERGY": -100.12650066141433,
    "MP2 CORRELATION ENERGY": -0.17213783447322217,
    "MP2 OPPOSITE-SPIN CORRELATION ENERGY": -0.13104773571556866,
    "MP2 SAME-SPIN CORRELATION ENERGY": -0.041090098757653515,
    "MP2 TOTAL ENERGY": -100.15363909492406,
    "NUCLEAR REPULSION ENERGY": 4.120679931782479,
    "ONE-ELECTRON ENERGY": -148.75726037193274,
    "PCM POLARIZATION ENERGY": 0.0,
    "PE ENERGY": 0.0,
    "SCF DIPOLE X": 0.0,
    "SCF DIPOLE Y": 0.0,
    "SCF DIPOLE Z": -2.6421811796496257,
    "SCF ITERATION ENERGY": -99.98150126045084,
    "SCF ITERATIONS": 10.0,
    "SCF TOTAL ENERGY": -99.98150126045084,
    "TWO-ELECTRON ENERGY": 44.655079179699406
}