{
    "CC D1 DIAGNOSTIC": 0.06512503633485137,
    "CC D2 DIAGNOSTIC": 0.43370092823749007,
    "CC NEW D1 DIAGNOSTIC": 0.06512503633485137,
    "CC T1 DIAGNOSTIC": 0.027308841008745713,
    "CCSD CORRELATION ENERGY": -0.44255047460169733,
    "CCSD OPPOSITE-SPIN CORRELATION ENERGY": -0.41560905930942543,
    "CCSD SAME-SPIN CORRELATION ENERGY": -0.026941415292271953,
    "CCSD TOTAL ENERGY": -108.9343119494051,
    "CURRENT CORRELATION ENERGY": -0.44255047460169733,
    "CURRENT DIPOLE X": 0.0,
    "CURRENT DIPOLE Y": 0.0,
    "CURRENT DIPOLE Z": 0.0,
    "CURRENT ENERGY": -108.9343119494051,
    "CURRENT REFERENCE ENERGY": -108.49176147480264,
    "HF TOTAL ENERGY": -108.49176147480264,
    "LCCSD (+LMP2) TOTAL ENERGY": -109.25259212757919,
    "MP2 CORRELATION ENERGY": -0.6039323639939563,
    "MP2 OPPOSITE-SPIN CORRELATION ENERGY": -0.4276192709971397,
    "MP2 SAME-SPIN CORRELATION ENERGY": -0.17631309299681663,
    "MP2 TOTAL ENERGY": -109.09569383879736,
    "NUCLEAR REPULSION ENERGY": 15.000020294311543,
    "ONE-ELECTRON ENERGY": -176.6180832828093,
    "PCM POLARIZATION ENERGY": 0.0,
    "PE ENERGY": 0.0,
    "SCF DIPOLE X": 0.0,
    "SCF DIPOLE Y": 0.0,
    "SCF DIPOLE Z": 0.0,
    "SCF ITERATION ENERGY": -108.49176147480264,
    "SCF ITERATIONS": 8.0,
    "SCF TOTAL ENERGY": -108.49176147480264,
    "TWO-ELECTRON ENERGY": 53.12630151369509
}