{
    "CC D1 DIAGNOSTIC": 0.03568135335677185,
    "CC D2 DIAGNOSTIC": 0.3043359218256355,
    "CC NEW D1 DIAGNOSTIC": 0.03568135335677185,
    "CC T1 DIAGNOSTIC": 0.009026652762537632,
    "CCSD CORRELATION ENERGY": -0.27071633288682373,
    "CCSD OPPOSITE-SPIN CORRELATION ENERGY": -0.21630650310262756,
    "CCSD SAME-SPIN CORRELATION ENERGY": -0.05440982978419617,
    "CCSD TOTAL ENERGY": -259.1200708301313,
    "CURRENT CORRELATION ENERGY": -0.27071633288682373,
    "CURRENT DIPOLE X": 0.0,
    "CURRENT DIPOLE Y": 0.0,
    "CURRENT DIPOLE Z": 3.6382858393869815,
    "CURRENT ENERGY": -259.1200708301313,
    "CURRENT REFERENCE ENERGY": -258.8493544972443,
    "HF TOTAL ENERGY": -258.84935449724435,
    "LCCSD (+LMP2) TOTAL ENERGY": -259.1200708301313,
    "MP2 CORRELATION ENERGY": -0.2520470232026134,
    "MP2 OPPOSITE-SPIN CORRELATION ENERGY": -0.19409461293648803,
    "MP2 SAME-SPIN CORRELATION ENERGY": -0.05795241026612538,
    "MP2 TOTAL ENERGY": -259.1014015204471,
    "NUCLEAR REPULSION ENERGY": 64.75354178515323,
    "ONE-ELECTRON ENERGY": -481.3738197400534,
    "PCM POLARIZATION ENERGY": 0.0,
    "PE ENERGY": 0.0,
    "SCF DIPOLE X": 0.0,
    "SCF DIPOLE Y": 0.0,
    "SCF DIPOLE Z": 3.6382858393869815,
    "SCF ITERATION ENERGY": -258.8493544972443,
    "SCF ITERATIONS": 11.0,
    "SCF TOTAL ENERGY": -258.8493544972443,
    "TWO-ELECTRON ENERGY": 157.77092345765587
}