{
    "CC D1 DIAGNOSTIC": 0.12063297473719377,
    "CC D2 DIAGNOSTIC": 0.13891482697062396,
    "CC NEW D1 DIAGNOSTIC": 0.12063297473719377,
    "CC T1 DIAGNOSTIC": 0.035493419553240105,
    "CCSD CORRELATION ENERGY": -0.18780251404332965,
    "CCSD OPPOSITE-SPIN CORRELATION ENERGY": -0.14920661150916614,
    "CCSD SAME-SPIN CORRELATION ENERGY": -0.03859590253416345,
    "CCSD TOTAL ENERGY": -105.9816825163685,
    "CURRENT CORRELATION ENERGY": -0.18780251404332965,
    "CURRENT DIPOLE X": 0.0,
    "CURRENT DIPOLE Y": 0.0,
    "CURRENT DIPOLE Z": -1.9361781499191504,
    "CURRENT ENERGY": -105.9816825163685,
    "CURRENT REFERENCE ENERGY": -105.79388000232527,
    "HF TOTAL ENERGY": -105.79388000232527,
    "LCCSD (+LMP2) TOTAL ENERGY": -105.98300220739738,
    "MP2 CORRELATION ENERGY": -0.18904747421262671,
    "MP2 OPPOSITE-SPIN CORRELATION ENERGY": -0.1422595296176587,
    "MP2 SAME-SPIN CORRELATION ENERGY": -0.04678794459496802,
    "MP2 TOTAL ENERGY": -105.9829274765378,
    "NUCLEAR REPULSION ENERGY": 18.70571811138099,
    "ONE-ELECTRON ENERGY": -184.58994877175547,
    "PCM POLARIZATION ENERGY": 0.0,
    "PE ENERGY": 0.0,
    "SCF DIPOLE X": 0.0,
    "SCF DIPOLE Y": 0.0,
    "SCF DIPOLE Z": -1.9361781499191504,
    "SCF ITERATION ENERGY": -105.79388000232527,
    "SCF ITERATIONS": 11.0,
    "SCF TOTAL ENERGY": -105.79388000232527,
    "TWO-ELECTRON ENERGY": 60.090350658049225
}