{
    "CC D1 DIAGNOSTIC": 0.044117784555788804,
    "CC D2 DIAGNOSTIC": 0.1050356865327882,
    "CC NEW D1 DIAGNOSTIC": 0.044117784555788804,
    "CC T1 DIAGNOSTIC": 0.0211568630170202,
    "CCSD CORRELATION ENERGY": -0.18272425648369525,
    "CCSD OPPOSITE-SPIN CORRELATION ENERGY": -0.14666874032312904,
    "CCSD SAME-SPIN CORRELATION ENERGY": -0.03605551616056624,
    "CCSD TOTAL ENERGY": -107.1130549328011,
    "CURRENT CORRELATION ENERGY": -0.18272425648369525,
    "CURRENT DIPOLE X": 0.0,
    "CURRENT DIPOLE Y": 0.0,
    "CURRENT DIPOLE Z": -8.364412295344623,
    "CURRENT ENERGY": -107.1130549328011,
    "CURRENT REFERENCE ENERGY": -106.93033067631735,
    "HF TOTAL ENERGY": -106.93033067631735,
    "LCCSD (+LMP2) TOTAL ENERGY": -107.11321026248041,
    "MP2 CORRELATION ENERGY": -0.18369791619865827,
    "MP2 OPPOSITE-SPIN CORRELATION ENERGY": -0.13909827394426183,
    "MP2 SAME-SPIN CORRELATION ENERGY": -0.04459964225439644,
    "MP2 TOTAL ENERGY": -107.11402859251606,
    "NUCLEAR REPULSION ENERGY": 7.143892344045001,
    "ONE-ELECTRON ENERGY": -165.93167661252227,
    "PCM POLARIZATION ENERGY": 0.0,
    "PE ENERGY": 0.0,
    "SCF DIPOLE X": 0.0,
    "SCF DIPOLE Y": 0.0,
    "SCF DIPOLE Z": -8.364412295344623,
    "SCF ITERATION ENERGY": -106.93033067631735,
    "SCF ITERATIONS": 10.0,
    "SCF TOTAL ENERGY": -106.93033067631735,
    "TWO-ELECTRON ENERGY": 51.8574535921599
}