{
    "CC D1 DIAGNOSTIC": 0.5136741625855334,
    "CC D2 DIAGNOSTIC": 0.391057743187501,
    "CC NEW D1 DIAGNOSTIC": 0.5136741625855334,
    "CC T1 DIAGNOSTIC": 0.21503879904625295,
    "CCSD CORRELATION ENERGY": -0.3371788854076566,
    "CCSD OPPOSITE-SPIN CORRELATION ENERGY": -0.2554919218057442,
    "CCSD SAME-SPIN CORRELATION ENERGY": -0.0816869636019133,
    "CCSD TOTAL ENERGY": -112.69748335477048,
    "CURRENT CORRELATION ENERGY": -0.3371788854076566,
    "CURRENT DIPOLE X": 0.0,
    "CURRENT DIPOLE Y": 0.0,
    "CURRENT DIPOLE Z": -2.925181094950488,
    "CURRENT ENERGY": -112.69748335477048,
    "CURRENT REFERENCE ENERGY": -112.36030446936248,
    "HF TOTAL ENERGY": -112.36030446936248,
    "LCCSD (+LMP2) TOTAL ENERGY": -112.69748290725997,
    "MP2 CORRELATION ENERGY": -0.23235575795023042,
    "MP2 OPPOSITE-SPIN CORRELATION ENERGY": -0.18362681340179351,
    "MP2 SAME-SPIN CORRELATION ENERGY": -0.0487289445484369,
    "MP2 TOTAL ENERGY": -112.59266022731306,
    "NUCLEAR REPULSION ENERGY": 13.19765200083509,
    "ONE-ELECTRON ENERGY": -180.11741709912604,
    "PCM POLARIZATION ENERGY": 0.0,
    "PE ENERGY": 0.0,
    "SCF DIPOLE X": 0.0,
    "SCF DIPOLE Y": 0.0,
    "SCF DIPOLE Z": -2.925181094950488,
    "SCF ITERATION ENERGY": -112.36030446936248,
    "SCF ITERATIONS": 15.0,
    "SCF TOTAL ENERGY": -112.36030446936248,
    "TWO-ELECTRON ENERGY": 54.55946062892848
}