{
    "CC D1 DIAGNOSTIC": 0.028254690252269732,
    "CC D2 DIAGNOSTIC": 0.20071247012512075,
    "CC NEW D1 DIAGNOSTIC": 0.028254690252269732,
    "CC T1 DIAGNOSTIC": 0.007918879008941818,
    "CCSD CORRELATION ENERGY": -0.12556128704179342,
    "CCSD OPPOSITE-SPIN CORRELATION ENERGY": -0.10511587269331335,
    "CCSD SAME-SPIN CORRELATION ENERGY": -0.020445414348480878,
    "CCSD TOTAL ENERGY": -460.1514486812723,
    "CURRENT CORRELATION ENERGY": -0.12556128704179342,
    "CURRENT DIPOLE X": 0.0,
    "CURRENT DIPOLE Y": 0.0,
    "CURRENT DIPOLE Z": -2.117960667758559,
    "CURRENT ENERGY": -460.1514486812723,
    "CURRENT REFERENCE ENERGY": -460.02588739423004,
    "HF TOTAL ENERGY": -460.02588739423004,
    "LCCSD (+LMP2) TOTAL ENERGY": -460.15334609458915,
    "MP2 CORRELATION ENERGY": -0.111559534644017,
    "MP2 OPPOSITE-SPIN CORRELATION ENERGY": -0.08937282335886837,
    "MP2 SAME-SPIN CORRELATION ENERGY": -0.022186711285148625,
    "MP2 TOTAL ENERGY": -460.1374469288745,
    "NUCLEAR REPULSION ENERGY": 5.416661130700788,
    "ONE-ELECTRON ENERGY": -646.4783163637029,
    "PCM POLARIZATION ENERGY": 0.0,
    "PE ENERGY": 0.0,
    "SCF DIPOLE X": 0.0,
    "SCF DIPOLE Y": 0.0,
    "SCF DIPOLE Z": -2.117960667758559,
    "SCF ITERATION ENERGY": -460.02588739423004,
    "SCF ITERATIONS": 9.0,
    "SCF TOTAL ENERGY": -460.02588739423004,
    "TWO-ELECTRON ENERGY": 181.03576783877202
}