{
    "CC D1 DIAGNOSTIC": 0.11028556250809737,
    "CC D2 DIAGNOSTIC": 0.19699925144617697,
    "CC NEW D1 DIAGNOSTIC": 0.11028556250809737,
    "CC T1 DIAGNOSTIC": 0.043598002214876024,
    "CCSD CORRELATION ENERGY": -0.296664504610516,
    "CCSD OPPOSITE-SPIN CORRELATION ENERGY": -0.23967134430021636,
    "CCSD SAME-SPIN CORRELATION ENERGY": -0.05699316031029972,
    "CCSD TOTAL ENERGY": -112.86911741994237,
    "CURRENT CORRELATION ENERGY": -0.296664504610516,
    "CURRENT DIPOLE X": 0.0,
    "CURRENT DIPOLE Y": 0.0,
    "CURRENT DIPOLE Z": -2.048035552961721,
    "CURRENT ENERGY": -112.86911741994237,
    "CURRENT REFERENCE ENERGY": -112.57245291533215,
    "HF TOTAL ENERGY": -112.57245291533215,
    "LCCSD (+LMP2) TOTAL ENERGY": -112.86887237223057,
    "MP2 CORRELATION ENERGY": -0.31754832592590815,
    "MP2 OPPOSITE-SPIN CORRELATION ENERGY": -0.2350283318437636,
    "MP2 SAME-SPIN CORRELATION ENERGY": -0.08251999408214455,
    "MP2 TOTAL ENERGY": -112.89000124125776,
    "NUCLEAR REPULSION ENERGY": 17.61219761783916,
    "ONE-ELECTRON ENERGY": -188.4950912239234,
    "PCM POLARIZATION ENERGY": 0.0,
    "PE ENERGY": 0.0,
    "SCF DIPOLE X": 0.0,
    "SCF DIPOLE Y": 0.0,
    "SCF DIPOLE Z": -2.048035552961721,
    "SCF ITERATION ENERGY": -112.57245291533215,
    "SCF ITERATIONS": 11.0,
    "SCF TOTAL ENERGY": -112.57245291533215,
    "TWO-ELECTRON ENERGY": 58.31044069075208
}