{
    "CC D1 DIAGNOSTIC": 0.1545855916116164,
    "CC D2 DIAGNOSTIC": 0.4575666542865149,
    "CC NEW D1 DIAGNOSTIC": 0.1545855916116164,
    "CC T1 DIAGNOSTIC": 0.04896575793508541,
    "CCSD CORRELATION ENERGY": -0.23284161630784772,
    "CCSD OPPOSITE-SPIN CORRELATION ENERGY": -0.2026006920488014,
    "CCSD SAME-SPIN CORRELATION ENERGY": -0.030240924259046925,
    "CCSD TOTAL ENERGY": -100.02756851612769,
    "CURRENT CORRELATION ENERGY": -0.23284161630784772,
    "CURRENT DIPOLE X": 0.0,
    "CURRENT DIPOLE Y": 0.0,
    "CURRENT DIPOLE Z": -3.7553031833229906,
    "CURRENT ENERGY": -100.02756851612769,
    "CURRENT REFERENCE ENERGY": -99.7947268998198,
    "HF TOTAL ENERGY": -99.7947268998198,
    "LCCSD (+LMP2) TOTAL ENERGY": -100.02438461696983,
    "MP2 CORRELATION ENERGY": -0.21579670349043684,
    "MP2 OPPOSITE-SPIN CORRELATION ENERGY": -0.16935755398858904,
    "MP2 SAME-SPIN CORRELATION ENERGY": -0.0464391495018478,
    "MP2 TOTAL ENERGY": -100.01052360331028,
    "NUCLEAR REPULSION ENERGY": 2.46490607102723,
    "ONE-ELECTRON ENERGY": -145.743170697705,
    "PCM POLARIZATION ENERGY": 0.0,
    "PE ENERGY": 0.0,
    "SCF DIPOLE X": 0.0,
    "SCF DIPOLE Y": 0.0,
    "SCF DIPOLE Z": -3.7553031833229906,
    "SCF ITERATION ENERGY": -99.7947268998198,
    "SCF ITERATIONS": 10.0,
    "SCF TOTAL ENERGY": -99.7947268998198,
    "TWO-ELECTRON ENERGY": 43.483537726857975
}