{
    "CC D1 DIAGNOSTIC": 0.032834484488175705,
    "CC D2 DIAGNOSTIC": 0.212983529693008,
    "CC NEW D1 DIAGNOSTIC": 0.032834484488175705,
    "CC T1 DIAGNOSTIC": 0.011619133400225868,
    "CCSD CORRELATION ENERGY": -0.290432797043507,
    "CCSD OPPOSITE-SPIN CORRELATION ENERGY": -0.2427571050390816,
    "CCSD SAME-SPIN CORRELATION ENERGY": -0.047675692004425285,
    "CCSD TOTAL ENERGY": -110.23245808046705,
    "CURRENT CORRELATION ENERGY": -0.290432797043507,
    "CURRENT DIPOLE X": -1.1287621734612623e-15,
    "CURRENT DIPOLE Y": 0.0,
    "CURRENT DIPOLE Z": -3.7222425953218776,
    "CURRENT ENERGY": -110.23245808046705,
    "CURRENT REFERENCE ENERGY": -109.9420252834235,
    "HF TOTAL ENERGY": -109.9420252834235,
    "LCCSD (+LMP2) TOTAL ENERGY": -110.23348679533285,
    "MP2 CORRELATION ENERGY": -0.2760914378263509,
    "MP2 OPPOSITE-SPIN CORRELATION ENERGY": -0.2158773747104361,
    "MP2 SAME-SPIN CORRELATION ENERGY": -0.06021406311591482,
    "MP2 TOTAL ENERGY": -110.2181167212499,
    "NUCLEAR REPULSION ENERGY": 32.180968536369974,
    "ONE-ELECTRON ENERGY": -212.45208627006832,
    "PCM POLARIZATION ENERGY": 0.0,
    "PE ENERGY": 0.0,
    "SCF DIPOLE X": -1.1287621734612623e-15,
    "SCF DIPOLE Y": 0.0,
    "SCF DIPOLE Z": -3.7222425953218776,
    "SCF ITERATION ENERGY": -109.9420252834235,
    "SCF ITERATIONS": 10.0,
    "SCF TOTAL ENERGY": -109.9420252834235,
    "TWO-ELECTRON ENERGY": 70.32909245027486
}