{
    "CC D1 DIAGNOSTIC": 0.020414285272446014,
    "CC D2 DIAGNOSTIC": 0.08677777382934446,
    "CC NEW D1 DIAGNOSTIC": 0.020414285272446014,
    "CC T1 DIAGNOSTIC": 0.006803636127684184,
    "CCSD CORRELATION ENERGY": -0.3297508032798826,
    "CCSD OPPOSITE-SPIN CORRELATION ENERGY": -0.24909129789443504,
    "CCSD SAME-SPIN CORRELATION ENERGY": -0.08065950538544761,
    "CCSD TOTAL ENERGY": -180.1424287695787,
    "CURRENT CORRELATION ENERGY": -0.3297508032798826,
    "CURRENT DIPOLE X": 0.0,
    "CURRENT DIPOLE Y": 0.0,
    "CURRENT DIPOLE Z": 0.0,
    "CURRENT ENERGY": -180.1424287695787,
    "CURRENT REFERENCE ENERGY": -179.81267796629936,
    "HF TOTAL ENERGY": -179.81267796629936,
    "LCCSD (+LMP2) TOTAL ENERGY": -180.14348221208616,
    "MP2 CORRELATION ENERGY": -0.3291368031632392,
    "MP2 OPPOSITE-SPIN CORRELATION ENERGY": -0.24031172665157485,
    "MP2 SAME-SPIN CORRELATION ENERGY": -0.08882507651166432,
    "MP2 TOTAL ENERGY": -180.14181476946203,
    "NUCLEAR REPULSION ENERGY": 120.88970323036985,
    "ONE-ELECTRON ENERGY": -477.64483849356463,
    "PCM POLARIZATION ENERGY": 0.0,
    "PE ENERGY": 0.0,
    "SCF DIPOLE X": 0.0,
    "SCF DIPOLE Y": 0.0,
    "SCF DIPOLE Z": 0.0,
    "SCF ITERATION ENERGY": -179.81267796629936,
    "SCF ITERATIONS": 10.0,
    "SCF TOTAL ENERGY": -179.81267796629936,
    "TWO-ELECTRON ENERGY": 176.94245729689544
}