{
    "CC D1 DIAGNOSTIC": 0.009270966858600387,
    "CC D2 DIAGNOSTIC": 0.19522856744667372,
    "CC NEW D1 DIAGNOSTIC": 0.009270966858600387,
    "CC T1 DIAGNOSTIC": 0.0043677093335956,
    "CCSD CORRELATION ENERGY": -0.23109546859850555,
    "CCSD OPPOSITE-SPIN CORRELATION ENERGY": -0.18283659308598832,
    "CCSD SAME-SPIN CORRELATION ENERGY": -0.048258875512517146,
    "CCSD TOTAL ENERGY": -145.9718929781649,
    "CURRENT CORRELATION ENERGY": -0.23109546859850555,
    "CURRENT DIPOLE X": 0.0,
    "CURRENT DIPOLE Y": 0.0,
    "CURRENT DIPOLE Z": 0.0,
    "CURRENT ENERGY": -145.9718929781649,
    "CURRENT REFERENCE ENERGY": -145.74079750956648,
    "HF TOTAL ENERGY": -145.74079750956648,
    "LCCSD (+LMP2) TOTAL ENERGY": -145.95920964044652,
    "MP2 CORRELATION ENERGY": -0.21924349489267303,
    "MP2 OPPOSITE-SPIN CORRELATION ENERGY": -0.16739488735464295,
    "MP2 SAME-SPIN CORRELATION ENERGY": -0.051848607538030084,
    "MP2 TOTAL ENERGY": -145.96004100445907,
    "NUCLEAR REPULSION ENERGY": 58.10000823356138,
    "ONE-ELECTRON ENERGY": -309.52588690227475,
    "PCM POLARIZATION ENERGY": 0.0,
    "PE ENERGY": 0.0,
    "SCF DIPOLE X": 0.0,
    "SCF DIPOLE Y": 0.0,
    "SCF DIPOLE Z": 0.0,
    "SCF ITERATION ENERGY": -145.74079750956648,
    "SCF ITERATIONS": 9.0,
    "SCF TOTAL ENERGY": -145.74079750956648,
    "TWO-ELECTRON ENERGY": 105.6850811591469
}