{
    "CC D1 DIAGNOSTIC": 0.058908100553376225,
    "CC D2 DIAGNOSTIC": 0.36641305522653317,
    "CC NEW D1 DIAGNOSTIC": 0.058908100553376225,
    "CC T1 DIAGNOSTIC": 0.024604194950226144,
    "CCSD CORRELATION ENERGY": -0.41152064204061306,
    "CCSD OPPOSITE-SPIN CORRELATION ENERGY": -0.3705422863984439,
    "CCSD SAME-SPIN CORRELATION ENERGY": -0.04097835564216923,
    "CCSD TOTAL ENERGY": -108.96365027528613,
    "CURRENT CORRELATION ENERGY": -0.41152064204061306,
    "CURRENT DIPOLE X": 0.0,
    "CURRENT DIPOLE Y": 0.0,
    "CURRENT DIPOLE Z": -6.772573040767574e-15,
    "CURRENT ENERGY": -108.96365027528613,
    "CURRENT REFERENCE ENERGY": -108.55212963324509,
    "HF TOTAL ENERGY": -108.55212963324509,
    "LCCSD (+LMP2) TOTAL ENERGY": -109.01375812685086,
    "MP2 CORRELATION ENERGY": -0.5424630866048179,
    "MP2 OPPOSITE-SPIN CORRELATION ENERGY": -0.3866413844324953,
    "MP2 SAME-SPIN CORRELATION ENERGY": -0.1558217021723226,
    "MP2 TOTAL ENERGY": -109.09459271985033,
    "NUCLEAR REPULSION ENERGY": 15.828242273752055,
    "ONE-ELECTRON ENERGY": -178.29520587018544,
    "PCM POLARIZATION ENERGY": 0.0,
    "PE ENERGY": 0.0,
    "SCF DIPOLE X": 0.0,
    "SCF DIPOLE Y": 0.0,
    "SCF DIPOLE Z": -6.772573040767574e-15,
    "SCF ITERATION ENERGY": -108.55212963324509,
    "SCF ITERATIONS": 8.0,
    "SCF TOTAL ENERGY": -108.55212963324509,
    "TWO-ELECTRON ENERGY": 53.914833963188286
}