{
    "CC D1 DIAGNOSTIC": 0.014188123060858013,
    "CC D2 DIAGNOSTIC": 0.11152467543899823,
    "CC NEW D1 DIAGNOSTIC": 0.014188123060858013,
    "CC T1 DIAGNOSTIC": 0.006712903331428745,
    "CCSD CORRELATION ENERGY": -0.1585011352919953,
    "CCSD OPPOSITE-SPIN CORRELATION ENERGY": -0.1297300730138519,
    "CCSD SAME-SPIN CORRELATION ENERGY": -0.028771062278143383,
    "CCSD TOTAL ENERGY": -76.13118404217235,
    "CURRENT CORRELATION ENERGY": -0.1585011352919953,
    "CURRENT DIPOLE X": 0.0,
    "CURRENT DIPOLE Y": -5.643810867306312e-16,
    "CURRENT DIPOLE Z": -0.7757852799150874,
    "CURRENT ENERGY": -76.13118404217235,
    "CURRENT REFERENCE ENERGY": -75.97268290688032,
    "HF TOTAL ENERGY": -75.97268290688032,
    "LCCSD (+LMP2) TOTAL ENERGY": -76.13423828276183,
    "MP2 CORRELATION ENERGY": -0.1536390109316649,
    "MP2 OPPOSITE-SPIN CORRELATION ENERGY": -0.11865038690066004,
    "MP2 SAME-SPIN CORRELATION ENERGY": -0.03498862403100486,
    "MP2 TOTAL ENERGY": -76.12632191781202,
    "NUCLEAR REPULSION ENERGY": 9.09751481955778,
    "ONE-ELECTRON ENERGY": -123.11162472250747,
    "PCM POLARIZATION ENERGY": 0.0,
    "PE ENERGY": 0.0,
    "SCF DIPOLE X": 0.0,
    "SCF DIPOLE Y": -5.643810867306312e-16,
    "SCF DIPOLE Z": -0.7757852799150874,
    "SCF ITERATION ENERGY": -75.97268290688032,
    "SCF ITERATIONS": 10.0,
    "SCF TOTAL ENERGY": -75.97268290688032,
    "TWO-ELECTRON ENERGY": 38.041426996069355
}