{
    "CC D1 DIAGNOSTIC": 0.18993195087857262,
    "CC D2 DIAGNOSTIC": 0.22251234009889356,
    "CC NEW D1 DIAGNOSTIC": 0.18993195087857262,
    "CC T1 DIAGNOSTIC": 0.07705828951373472,
    "CCSD CORRELATION ENERGY": -0.31756353472010823,
    "CCSD OPPOSITE-SPIN CORRELATION ENERGY": -0.2551142855214329,
    "CCSD SAME-SPIN CORRELATION ENERGY": -0.06244924919867523,
    "CCSD TOTAL ENERGY": -112.79085844044756,
    "CURRENT CORRELATION ENERGY": -0.31756353472010823,
    "CURRENT DIPOLE X": 0.0,
    "CURRENT DIPOLE Y": 0.0,
    "CURRENT DIPOLE Z": -2.815364215524635,
    "CURRENT ENERGY": -112.79085844044756,
    "CURRENT REFERENCE ENERGY": -112.47329490572739,
    "HF TOTAL ENERGY": -112.47329490572739,
    "LCCSD (+LMP2) TOTAL ENERGY": -112.7908647482794,
    "MP2 CORRELATION ENERGY": -0.33357803401073516,
    "MP2 OPPOSITE-SPIN CORRELATION ENERGY": -0.24637544693165275,
    "MP2 SAME-SPIN CORRELATION ENERGY": -0.0872025870790824,
    "MP2 TOTAL ENERGY": -112.8068729397382,
    "NUCLEAR REPULSION ENERGY": 15.649228223900439,
    "ONE-ELECTRON ENERGY": -184.73500239530983,
    "PCM POLARIZATION ENERGY": 0.0,
    "PE ENERGY": 0.0,
    "SCF DIPOLE X": 0.0,
    "SCF DIPOLE Y": 0.0,
    "SCF DIPOLE Z": -2.815364215524635,
    "SCF ITERATION ENERGY": -112.47329490572739,
    "SCF ITERATIONS": 12.0,
    "SCF TOTAL ENERGY": -112.47329490572739,
    "TWO-ELECTRON ENERGY": 56.612479265682005
}