{
    "CC D1 DIAGNOSTIC": 0.07694977983296443,
    "CC D2 DIAGNOSTIC": 0.17469326505395036,
    "CC NEW D1 DIAGNOSTIC": 0.07694977983296443,
    "CC T1 DIAGNOSTIC": 0.024518742926978462,
    "CCSD CORRELATION ENERGY": -0.43602010900201704,
    "CCSD OPPOSITE-SPIN CORRELATION ENERGY": -0.344834112186377,
    "CCSD SAME-SPIN CORRELATION ENERGY": -0.09118599681564032,
    "CCSD TOTAL ENERGY": -187.9576739302909,
    "CURRENT CORRELATION ENERGY": -0.43602010900201704,
    "CURRENT DIPOLE X": 0.0,
    "CURRENT DIPOLE Y": 0.0,
    "CURRENT DIPOLE Z": 0.0,
    "CURRENT ENERGY": -187.9576739302909,
    "CURRENT REFERENCE ENERGY": -187.5216538212886,
    "HF TOTAL ENERGY": -187.5216538212886,
    "LCCSD (+LMP2) TOTAL ENERGY": -187.959528653067,
    "MP2 CORRELATION ENERGY": -0.4604480714118543,
    "MP2 OPPOSITE-SPIN CORRELATION ENERGY": -0.33988282925750035,
    "MP2 SAME-SPIN CORRELATION ENERGY": -0.12056524215435394,
    "MP2 TOTAL ENERGY": -187.98210189270074,
    "NUCLEAR REPULSION ENERGY": 53.067724055851365,
    "ONE-ELECTRON ENERGY": -361.5031584560661,
    "PCM POLARIZATION ENERGY": 0.0,
    "PE ENERGY": 0.0,
    "SCF DIPOLE X": 0.0,
    "SCF DIPOLE Y": 0.0,
    "SCF DIPOLE Z": 0.0,
    "SCF ITERATION ENERGY": -187.5216538212886,
    "SCF ITERATIONS": 10.0,
    "SCF TOTAL ENERGY": -187.5216538212886,
    "TWO-ELECTRON ENERGY": 120.91378057892612
}