{
    "CC D1 DIAGNOSTIC": 0.05320781426134247,
    "CC D2 DIAGNOSTIC": 0.32862611733421465,
    "CC NEW D1 DIAGNOSTIC": 0.05320781426134247,
    "CC T1 DIAGNOSTIC": 0.020012689593168032,
    "CCSD CORRELATION ENERGY": -0.30036591730733914,
    "CCSD OPPOSITE-SPIN CORRELATION ENERGY": -0.2531294339309109,
    "CCSD SAME-SPIN CORRELATION ENERGY": -0.04723648337642833,
    "CCSD TOTAL ENERGY": -110.13691620114865,
    "CURRENT CORRELATION ENERGY": -0.30036591730733914,
    "CURRENT DIPOLE X": -5.643810867306312e-16,
    "CURRENT DIPOLE Y": -5.643810867306312e-16,
    "CURRENT DIPOLE Z": 3.3135840225995725,
    "CURRENT ENERGY": -110.13691620114865,
    "CURRENT REFERENCE ENERGY": -109.83655028384122,
    "HF TOTAL ENERGY": -109.83655028384122,
    "LCCSD (+LMP2) TOTAL ENERGY": -110.19485326076645,
    "MP2 CORRELATION ENERGY": -0.2802588246102993,
    "MP2 OPPOSITE-SPIN CORRELATION ENERGY": -0.21948665202032874,
    "MP2 SAME-SPIN CORRELATION ENERGY": -0.06077217258997053,
    "MP2 TOTAL ENERGY": -110.1168091084516,
    "NUCLEAR REPULSION ENERGY": 32.13819060467672,
    "ONE-ELECTRON ENERGY": -212.4524508140549,
    "PCM POLARIZATION ENERGY": 0.0,
    "PE ENERGY": 0.0,
    "SCF DIPOLE X": -5.643810867306312e-16,
    "SCF DIPOLE Y": -5.643810867306312e-16,
    "SCF DIPOLE Z": 3.3135840225995725,
    "SCF ITERATION ENERGY": -109.83655028384122,
    "SCF ITERATIONS": 12.0,
    "SCF TOTAL ENERGY": -109.83655028384122,
    "TWO-ELECTRON ENERGY": 70.47770992553696
}