{
    "CURRENT CORRELATION ENERGY": -0.2775371263444981,
    "CURRENT DIPOLE X": -1.1287621734612623e-15,
    "CURRENT DIPOLE Y": 0.0,
    "CURRENT DIPOLE Z": -3.676467913783898,
    "CURRENT ENERGY": -110.20056351986756,
    "CURRENT REFERENCE ENERGY": -109.92302639352306,
    "CUSTOM SCS-MP2 CORRELATION ENERGY": -0.2805518443603958,
    "CUSTOM SCS-MP2 TOTAL ENERGY": -110.20357823788345,
    "HF TOTAL ENERGY": -109.92302639352306,
    "MP2 CORRELATION ENERGY": -0.2775371263444981,
    "MP2 OPPOSITE-SPIN CORRELATION ENERGY": -0.21696861797565145,
    "MP2 SAME-SPIN CORRELATION ENERGY": -0.06056850836884221,
    "MP2 TOTAL ENERGY": -110.20056351986756,
    "NUCLEAR REPULSION ENERGY": 32.1704081383658,
    "ONE-ELECTRON ENERGY": -212.44171881789987,
    "PCM POLARIZATION ENERGY": 0.0,
    "PE ENERGY": 0.0,
    "SCF DIPOLE X": -1.1287621734612623e-15,
    "SCF DIPOLE Y": 0.0,
    "SCF DIPOLE Z": -3.676467913783898,
    "SCF ITERATION ENERGY": -109.92302639352306,
    "SCF ITERATIONS": 11.0,
    "SCF TOTAL ENERGY": -109.92302639352306,
    "SCS-MP2 CORRELATION ENERGY": -0.2805518443603958,
    "SCS-MP2 TOTAL ENERGY": -110.20357823788345,
    "SCS-MP2-VDW CORRELATION ENERGY": -0.3080040851932466,
    "SCS-MP2-VDW TOTAL ENERGY": -110.2310304787163,
    "SCSN-MP2 CORRELATION ENERGY": -0.10660057472915696,
    "SCSN-MP2 TOTAL ENERGY": -110.02962696825222,
    "SOS-MP2 CORRELATION ENERGY": -0.2820592033683482,
    "SOS-MP2 TOTAL ENERGY": -110.20508559689141,
    "SOS-PI-MP2 CORRELATION ENERGY": -0.30375606516591347,
    "SOS-PI-MP2 TOTAL ENERGY": -110.22678245868897,
    "TWO-ELECTRON ENERGY": 70.348284286011
}