{
    "CC D1 DIAGNOSTIC": 0.03804725629149151,
    "CC D2 DIAGNOSTIC": 0.3008609835972693,
    "CC NEW D1 DIAGNOSTIC": 0.03804725629149151,
    "CC T1 DIAGNOSTIC": 0.00955706085949148,
    "CCSD CORRELATION ENERGY": -0.2720470763428286,
    "CCSD OPPOSITE-SPIN CORRELATION ENERGY": -0.2172284017096664,
    "CCSD SAME-SPIN CORRELATION ENERGY": -0.054818674633162257,
    "CCSD TOTAL ENERGY": -259.24378447140623,
    "CURRENT CORRELATION ENERGY": -0.2720470763428286,
    "CURRENT DIPOLE X": 0.0,
    "CURRENT DIPOLE Y": 0.0,
    "CURRENT DIPOLE Z": 3.6763178517973505,
    "CURRENT ENERGY": -259.24378447140623,
    "CURRENT REFERENCE ENERGY": -258.97173739506354,
    "HF TOTAL ENERGY": -258.97173739506354,
    "LCCSD (+LMP2) TOTAL ENERGY": -259.2455410237681,
    "MP2 CORRELATION ENERGY": -0.2535055273880098,
    "MP2 OPPOSITE-SPIN CORRELATION ENERGY": -0.19511470376891157,
    "MP2 SAME-SPIN CORRELATION ENERGY": -0.058390823619098225,
    "MP2 TOTAL ENERGY": -259.22524292245146,
    "NUCLEAR REPULSION ENERGY": 63.56902577688824,
    "ONE-ELECTRON ENERGY": -479.51156574194533,
    "PCM POLARIZATION ENERGY": 0.0,
    "PE ENERGY": 0.0,
    "SCF DIPOLE X": 0.0,
    "SCF DIPOLE Y": 0.0,
    "SCF DIPOLE Z": 3.6763178517973505,
    "SCF ITERATION ENERGY": -258.97173739506354,
    "SCF ITERATIONS": 11.0,
    "SCF TOTAL ENERGY": -258.97173739506354,
    "TWO-ELECTRON ENERGY": 156.97080256999354
}