{
    "CC D1 DIAGNOSTIC": 0.10422245718622584,
    "CC D2 DIAGNOSTIC": 0.34426279335664883,
    "CC NEW D1 DIAGNOSTIC": 0.10422245718622584,
    "CC T1 DIAGNOSTIC": 0.03311372793151172,
    "CCSD CORRELATION ENERGY": -0.21228336502321232,
    "CCSD OPPOSITE-SPIN CORRELATION ENERGY": -0.18068287987981285,
    "CCSD SAME-SPIN CORRELATION ENERGY": -0.03160048514339983,
    "CCSD TOTAL ENERGY": -100.05371151978032,
    "CURRENT CORRELATION ENERGY": -0.21228336502321232,
    "CURRENT DIPOLE X": 0.0,
    "CURRENT DIPOLE Y": 0.0,
    "CURRENT DIPOLE Z": -3.4257045890537925,
    "CURRENT ENERGY": -100.05371151978032,
    "CURRENT REFERENCE ENERGY": -99.84142815475724,
    "HF TOTAL ENERGY": -99.84142815475724,
    "LCCSD (+LMP2) TOTAL ENERGY": -100.10896445849022,
    "MP2 CORRELATION ENERGY": -0.20196976672390304,
    "MP2 OPPOSITE-SPIN CORRELATION ENERGY": -0.1566942031990097,
    "MP2 SAME-SPIN CORRELATION ENERGY": -0.04527556352489334,
    "MP2 TOTAL ENERGY": -100.04339792148102,
    "NUCLEAR REPULSION ENERGY": 2.7916241069513115,
    "ONE-ELECTRON ENERGY": -146.35053621125317,
    "PCM POLARIZATION ENERGY": 0.0,
    "PE ENERGY": 0.0,
    "SCF DIPOLE X": 0.0,
    "SCF DIPOLE Y": 0.0,
    "SCF DIPOLE Z": -3.4257045890537925,
    "SCF ITERATION ENERGY": -99.84142815475724,
    "SCF ITERATIONS": 10.0,
    "SCF TOTAL ENERGY": -99.84142815475724,
    "TWO-ELECTRON ENERGY": 43.717483949544636
}