{
    "CC D1 DIAGNOSTIC": 0.034057066638276234,
    "CC D2 DIAGNOSTIC": 0.21010314499348265,
    "CC NEW D1 DIAGNOSTIC": 0.034057066638276234,
    "CC T1 DIAGNOSTIC": 0.013985538352960021,
    "CCSD CORRELATION ENERGY": -0.30648686956551835,
    "CCSD OPPOSITE-SPIN CORRELATION ENERGY": -0.25179102577799983,
    "CCSD SAME-SPIN CORRELATION ENERGY": -0.05469584378751846,
    "CCSD TOTAL ENERGY": -109.14265145799969,
    "CURRENT CORRELATION ENERGY": -0.30648686956551835,
    "CURRENT DIPOLE X": 0.0,
    "CURRENT DIPOLE Y": 0.0,
    "CURRENT DIPOLE Z": 1.6931432601918935e-15,
    "CURRENT ENERGY": -109.14265145799969,
    "CURRENT REFERENCE ENERGY": -108.8361645884342,
    "HF TOTAL ENERGY": -108.8361645884342,
    "LCCSD (+LMP2) TOTAL ENERGY": -109.13415468033193,
    "MP2 CORRELATION ENERGY": -0.33642390927756577,
    "MP2 OPPOSITE-SPIN CORRELATION ENERGY": -0.24842961083580598,
    "MP2 SAME-SPIN CORRELATION ENERGY": -0.0879942984417598,
    "MP2 TOTAL ENERGY": -109.17258849771174,
    "NUCLEAR REPULSION ENERGY": 20.8064797630773,
    "ONE-ELECTRON ENERGY": -188.32695637734668,
    "PCM POLARIZATION ENERGY": 0.0,
    "PE ENERGY": 0.0,
    "SCF DIPOLE X": 0.0,
    "SCF DIPOLE Y": 0.0,
    "SCF DIPOLE Z": 1.6931432601918935e-15,
    "SCF ITERATION ENERGY": -108.8361645884342,
    "SCF ITERATIONS": 8.0,
    "SCF TOTAL ENERGY": -108.8361645884342,
    "TWO-ELECTRON ENERGY": 58.684312025835176
}