{
    "CC D1 DIAGNOSTIC": 0.08945646404999529,
    "CC D2 DIAGNOSTIC": 0.31107595104371716,
    "CC NEW D1 DIAGNOSTIC": 0.08945646404999529,
    "CC T1 DIAGNOSTIC": 0.028498268118498468,
    "CCSD CORRELATION ENERGY": -0.2060736556674379,
    "CCSD OPPOSITE-SPIN CORRELATION ENERGY": -0.1741079681484812,
    "CCSD SAME-SPIN CORRELATION ENERGY": -0.03196568751895626,
    "CCSD TOTAL ENERGY": -100.0649415582543,
    "CURRENT CORRELATION ENERGY": -0.2060736556674379,
    "CURRENT DIPOLE X": 0.0,
    "CURRENT DIPOLE Y": 0.0,
    "CURRENT DIPOLE Z": -3.315285594121416,
    "CURRENT ENERGY": -100.0649415582543,
    "CURRENT REFERENCE ENERGY": -99.85886790258691,
    "HF TOTAL ENERGY": -99.8588679025869,
    "LCCSD (+LMP2) TOTAL ENERGY": -100.06088523210055,
    "MP2 CORRELATION ENERGY": -0.19762622248479758,
    "MP2 OPPOSITE-SPIN CORRELATION ENERGY": -0.15279858659561113,
    "MP2 SAME-SPIN CORRELATION ENERGY": -0.04482763588918645,
    "MP2 TOTAL ENERGY": -100.05649412507167,
    "NUCLEAR REPULSION ENERGY": 2.9206668237595395,
    "ONE-ELECTRON ENERGY": -146.58925180692384,
    "PCM POLARIZATION ENERGY": 0.0,
    "PE ENERGY": 0.0,
    "SCF DIPOLE X": 0.0,
    "SCF DIPOLE Y": 0.0,
    "SCF DIPOLE Z": -3.315285594121416,
    "SCF ITERATION ENERGY": -99.85886790258691,
    "SCF ITERATIONS": 10.0,
    "SCF TOTAL ENERGY": -99.85886790258691,
    "TWO-ELECTRON ENERGY": 43.80971708057739
}