{
    "CC D1 DIAGNOSTIC": 0.04015691476597089,
    "CC D2 DIAGNOSTIC": 0.3408166807094545,
    "CC NEW D1 DIAGNOSTIC": 0.04015691476597089,
    "CC T1 DIAGNOSTIC": 0.009797808269767215,
    "CCSD CORRELATION ENERGY": -0.2609768107870926,
    "CCSD OPPOSITE-SPIN CORRELATION ENERGY": -0.20901657795343473,
    "CCSD SAME-SPIN CORRELATION ENERGY": -0.05196023283365811,
    "CCSD TOTAL ENERGY": -255.50325787421684,
    "CURRENT CORRELATION ENERGY": -0.2609768107870926,
    "CURRENT DIPOLE X": 0.0,
    "CURRENT DIPOLE Y": 0.0,
    "CURRENT DIPOLE Z": 3.4831279904334234,
    "CURRENT ENERGY": -255.50325787421684,
    "CURRENT REFERENCE ENERGY": -255.2422810634297,
    "HF TOTAL ENERGY": -255.2422810634297,
    "LCCSD (+LMP2) TOTAL ENERGY": -255.50325787421684,
    "MP2 CORRELATION ENERGY": -0.24047737950249262,
    "MP2 OPPOSITE-SPIN CORRELATION ENERGY": -0.18544685134455155,
    "MP2 SAME-SPIN CORRELATION ENERGY": -0.05503052815794107,
    "MP2 TOTAL ENERGY": -255.48275844293224,
    "NUCLEAR REPULSION ENERGY": 87.60773300344259,
    "ONE-ELECTRON ENERGY": -515.6352972070633,
    "PCM POLARIZATION ENERGY": 0.0,
    "PE ENERGY": 0.0,
    "SCF DIPOLE X": 0.0,
    "SCF DIPOLE Y": 0.0,
    "SCF DIPOLE Z": 3.4831279904334234,
    "SCF ITERATION ENERGY": -255.2422810634297,
    "SCF ITERATIONS": 10.0,
    "SCF TOTAL ENERGY": -255.2422810634297,
    "TWO-ELECTRON ENERGY": 172.78528314019104
}