{
    "CC D1 DIAGNOSTIC": 0.05709473440572769,
    "CC D2 DIAGNOSTIC": 0.24822959388015667,
    "CC NEW D1 DIAGNOSTIC": 0.05709473440572769,
    "CC T1 DIAGNOSTIC": 0.018164101820403004,
    "CCSD CORRELATION ENERGY": -0.2077803255242248,
    "CCSD OPPOSITE-SPIN CORRELATION ENERGY": -0.1701593755302292,
    "CCSD SAME-SPIN CORRELATION ENERGY": -0.03762094999399551,
    "CCSD TOTAL ENERGY": -105.3296408997777,
    "CURRENT CORRELATION ENERGY": -0.2077803255242248,
    "CURRENT DIPOLE X": 0.0,
    "CURRENT DIPOLE Y": 0.0,
    "CURRENT DIPOLE Z": 0.9626812111678964,
    "CURRENT ENERGY": -105.3296408997777,
    "CURRENT REFERENCE ENERGY": -105.12186057425343,
    "HF TOTAL ENERGY": -105.12186057425343,
    "LCCSD (+LMP2) TOTAL ENERGY": -105.33158225115727,
    "MP2 CORRELATION ENERGY": -0.2056862018740136,
    "MP2 OPPOSITE-SPIN CORRELATION ENERGY": -0.15717136041335447,
    "MP2 SAME-SPIN CORRELATION ENERGY": -0.048514841460659125,
    "MP2 TOTAL ENERGY": -105.32754677612749,
    "NUCLEAR REPULSION ENERGY": 21.458635116452154,
    "ONE-ELECTRON ENERGY": -186.19083479765496,
    "PCM POLARIZATION ENERGY": 0.0,
    "PE ENERGY": 0.0,
    "SCF DIPOLE X": 0.0,
    "SCF DIPOLE Y": 0.0,
    "SCF DIPOLE Z": 0.9626812111678964,
    "SCF ITERATION ENERGY": -105.12186057425343,
    "SCF ITERATIONS": 12.0,
    "SCF TOTAL ENERGY": -105.12186057425343,
    "TWO-ELECTRON ENERGY": 59.61033910694938
}