{
    "CC D1 DIAGNOSTIC": 0.0553248225659219,
    "CC D2 DIAGNOSTIC": 0.20193925364741666,
    "CC NEW D1 DIAGNOSTIC": 0.0553248225659219,
    "CC T1 DIAGNOSTIC": 0.017252267048527503,
    "CCSD CORRELATION ENERGY": -0.1737654246633947,
    "CCSD OPPOSITE-SPIN CORRELATION ENERGY": -0.1414218831080254,
    "CCSD SAME-SPIN CORRELATION ENERGY": -0.032343541555369476,
    "CCSD TOTAL ENERGY": -104.4619959302932,
    "CURRENT CORRELATION ENERGY": -0.1737654246633947,
    "CURRENT DIPOLE X": 0.0,
    "CURRENT DIPOLE Y": 0.0,
    "CURRENT DIPOLE Z": 4.096872158214828,
    "CURRENT ENERGY": -104.4619959302932,
    "CURRENT REFERENCE ENERGY": -104.28823050562976,
    "HF TOTAL ENERGY": -104.28823050562976,
    "LCCSD (+LMP2) TOTAL ENERGY": -104.46200004410258,
    "MP2 CORRELATION ENERGY": -0.15858322826968535,
    "MP2 OPPOSITE-SPIN CORRELATION ENERGY": -0.12465165628235203,
    "MP2 SAME-SPIN CORRELATION ENERGY": -0.03393157198733332,
    "MP2 TOTAL ENERGY": -104.44681373389949,
    "NUCLEAR REPULSION ENERGY": 25.161673919733715,
    "ONE-ELECTRON ENERGY": -187.84374349625543,
    "PCM POLARIZATION ENERGY": 0.0,
    "PE ENERGY": 0.0,
    "SCF DIPOLE X": 0.0,
    "SCF DIPOLE Y": 0.0,
    "SCF DIPOLE Z": 4.096872158214828,
    "SCF ITERATION ENERGY": -104.28823050562976,
    "SCF ITERATIONS": 11.0,
    "SCF TOTAL ENERGY": -104.28823050562976,
    "TWO-ELECTRON ENERGY": 58.39383907089196
}