{
    "CC D1 DIAGNOSTIC": 0.12539395682477258,
    "CC D2 DIAGNOSTIC": 0.20291631117220746,
    "CC NEW D1 DIAGNOSTIC": 0.12539395682477258,
    "CC T1 DIAGNOSTIC": 0.04978201408322795,
    "CCSD CORRELATION ENERGY": -0.30225306037531224,
    "CCSD OPPOSITE-SPIN CORRELATION ENERGY": -0.2441370640486648,
    "CCSD SAME-SPIN CORRELATION ENERGY": -0.05811599632664727,
    "CCSD TOTAL ENERGY": -112.8492528294046,
    "CURRENT CORRELATION ENERGY": -0.30225306037531224,
    "CURRENT DIPOLE X": 0.0,
    "CURRENT DIPOLE Y": 0.0,
    "CURRENT DIPOLE Z": -2.2583288990869432,
    "CURRENT ENERGY": -112.8492528294046,
    "CURRENT REFERENCE ENERGY": -112.54699976902948,
    "HF TOTAL ENERGY": -112.54699976902947,
    "LCCSD (+LMP2) TOTAL ENERGY": -112.8492605039,
    "MP2 CORRELATION ENERGY": -0.3246867365614904,
    "MP2 OPPOSITE-SPIN CORRELATION ENERGY": -0.23987497722707493,
    "MP2 SAME-SPIN CORRELATION ENERGY": -0.08481175933441545,
    "MP2 TOTAL ENERGY": -112.87168650559079,
    "NUCLEAR REPULSION ENERGY": 17.07669160918865,
    "ONE-ELECTRON ENERGY": -187.46590574991984,
    "PCM POLARIZATION ENERGY": 0.0,
    "PE ENERGY": 0.0,
    "SCF DIPOLE X": 0.0,
    "SCF DIPOLE Y": 0.0,
    "SCF DIPOLE Z": -2.2583288990869432,
    "SCF ITERATION ENERGY": -112.54699976902948,
    "SCF ITERATIONS": 11.0,
    "SCF TOTAL ENERGY": -112.54699976902948,
    "TWO-ELECTRON ENERGY": 57.84221437170171
}