{
    "CC D1 DIAGNOSTIC": 0.40286900639112466,
    "CC D2 DIAGNOSTIC": 0.35651575174554767,
    "CC NEW D1 DIAGNOSTIC": 0.40286900639112466,
    "CC T1 DIAGNOSTIC": 0.13340234588225738,
    "CCSD CORRELATION ENERGY": -0.47304392766697934,
    "CCSD OPPOSITE-SPIN CORRELATION ENERGY": -0.36482741382014733,
    "CCSD SAME-SPIN CORRELATION ENERGY": -0.10821651384683234,
    "CCSD TOTAL ENERGY": -187.57616945180663,
    "CURRENT CORRELATION ENERGY": -0.47304392766697934,
    "CURRENT DIPOLE X": 0.0,
    "CURRENT DIPOLE Y": 0.0,
    "CURRENT DIPOLE Z": 0.0,
    "CURRENT ENERGY": -187.57616945180663,
    "CURRENT REFERENCE ENERGY": -187.10312552413765,
    "HF TOTAL ENERGY": -187.10312552413765,
    "LCCSD (+LMP2) TOTAL ENERGY": -187.567474224676,
    "MP2 CORRELATION ENERGY": -0.3670793334395064,
    "MP2 OPPOSITE-SPIN CORRELATION ENERGY": -0.28422912624067687,
    "MP2 SAME-SPIN CORRELATION ENERGY": -0.08285020719882952,
    "MP2 TOTAL ENERGY": -187.47020485757915,
    "NUCLEAR REPULSION ENERGY": 36.0406468186798,
    "ONE-ELECTRON ENERGY": -328.4799749787234,
    "PCM POLARIZATION ENERGY": 0.0,
    "PE ENERGY": 0.0,
    "SCF DIPOLE X": 0.0,
    "SCF DIPOLE Y": 0.0,
    "SCF DIPOLE Z": 0.0,
    "SCF ITERATION ENERGY": -187.10312552413765,
    "SCF ITERATIONS": 13.0,
    "SCF TOTAL ENERGY": -187.10312552413765,
    "TWO-ELECTRON ENERGY": 105.33620263590595
}