{
    "CC D1 DIAGNOSTIC": 0.12031588583468815,
    "CC D2 DIAGNOSTIC": 0.10710944156233361,
    "CC NEW D1 DIAGNOSTIC": 0.12031588583468815,
    "CC T1 DIAGNOSTIC": 0.028030924880358927,
    "CCSD CORRELATION ENERGY": -0.28783504178633,
    "CCSD OPPOSITE-SPIN CORRELATION ENERGY": -0.22250701986607224,
    "CCSD SAME-SPIN CORRELATION ENERGY": -0.06532802192025783,
    "CCSD TOTAL ENERGY": -261.0724335789414,
    "CURRENT CORRELATION ENERGY": -0.28783504178633,
    "CURRENT DIPOLE X": 0.0,
    "CURRENT DIPOLE Y": 0.0,
    "CURRENT DIPOLE Z": -5.603554759849659,
    "CURRENT ENERGY": -261.0724335789414,
    "CURRENT REFERENCE ENERGY": -260.7845985371541,
    "HF TOTAL ENERGY": -260.7845985371541,
    "LCCSD (+LMP2) TOTAL ENERGY": -261.0728310560519,
    "MP2 CORRELATION ENERGY": -0.2877512258289874,
    "MP2 OPPOSITE-SPIN CORRELATION ENERGY": -0.21321760079046967,
    "MP2 SAME-SPIN CORRELATION ENERGY": -0.07453362503851771,
    "MP2 TOTAL ENERGY": -261.07234976298406,
    "NUCLEAR REPULSION ENERGY": 44.175085709363024,
    "ONE-ELECTRON ENERGY": -457.4962769638254,
    "PCM POLARIZATION ENERGY": 0.0,
    "PE ENERGY": 0.0,
    "SCF DIPOLE X": 0.0,
    "SCF DIPOLE Y": 0.0,
    "SCF DIPOLE Z": -5.603554759849659,
    "SCF ITERATION ENERGY": -260.7845985371541,
    "SCF ITERATIONS": 11.0,
    "SCF TOTAL ENERGY": -260.7845985371541,
    "TWO-ELECTRON ENERGY": 152.53659271730822
}