{
    "CC D1 DIAGNOSTIC": 0.03608150609387476,
    "CC D2 DIAGNOSTIC": 0.09564143170574256,
    "CC NEW D1 DIAGNOSTIC": 0.03608150609387476,
    "CC T1 DIAGNOSTIC": 0.015763981800580317,
    "CCSD CORRELATION ENERGY": -0.17861636713666362,
    "CCSD OPPOSITE-SPIN CORRELATION ENERGY": -0.14305122961268674,
    "CCSD SAME-SPIN CORRELATION ENERGY": -0.0355651375239768,
    "CCSD TOTAL ENERGY": -107.13270286438957,
    "CURRENT CORRELATION ENERGY": -0.17861636713666362,
    "CURRENT DIPOLE X": 0.0,
    "CURRENT DIPOLE Y": 0.0,
    "CURRENT DIPOLE Z": -5.89276290687753,
    "CURRENT ENERGY": -107.13270286438957,
    "CURRENT REFERENCE ENERGY": -106.95408649725297,
    "HF TOTAL ENERGY": -106.95408649725297,
    "LCCSD (+LMP2) TOTAL ENERGY": -107.13283426839382,
    "MP2 CORRELATION ENERGY": -0.17909238219575252,
    "MP2 OPPOSITE-SPIN CORRELATION ENERGY": -0.13571771945809885,
    "MP2 SAME-SPIN CORRELATION ENERGY": -0.04337466273765367,
    "MP2 TOTAL ENERGY": -107.13317887944865,
    "NUCLEAR REPULSION ENERGY": 10.011511101865882,
    "ONE-ELECTRON ENERGY": -171.18284676335279,
    "PCM POLARIZATION ENERGY": 0.0,
    "PE ENERGY": 0.0,
    "SCF DIPOLE X": 0.0,
    "SCF DIPOLE Y": 0.0,
    "SCF DIPOLE Z": -5.89276290687753,
    "SCF ITERATION ENERGY": -106.95408649725297,
    "SCF ITERATIONS": 10.0,
    "SCF TOTAL ENERGY": -106.95408649725297,
    "TWO-ELECTRON ENERGY": 54.21724916423392
}