{
    "CC D1 DIAGNOSTIC": 0.0345314945006281,
    "CC D2 DIAGNOSTIC": 0.21211057887243862,
    "CC NEW D1 DIAGNOSTIC": 0.0345314945006281,
    "CC T1 DIAGNOSTIC": 0.014176777788146354,
    "CCSD CORRELATION ENERGY": -0.30823750081748263,
    "CCSD OPPOSITE-SPIN CORRELATION ENERGY": -0.25344471066661944,
    "CCSD SAME-SPIN CORRELATION ENERGY": -0.054792790150863135,
    "CCSD TOTAL ENERGY": -109.13973208856065,
    "CURRENT CORRELATION ENERGY": -0.30823750081748263,
    "CURRENT DIPOLE X": 0.0,
    "CURRENT DIPOLE Y": 0.0,
    "CURRENT DIPOLE Z": 2.2575243469225247e-15,
    "CURRENT ENERGY": -109.13973208856065,
    "CURRENT REFERENCE ENERGY": -108.83149458774308,
    "HF TOTAL ENERGY": -108.83149458774307,
    "LCCSD (+LMP2) TOTAL ENERGY": -109.14924389103,
    "MP2 CORRELATION ENERGY": -0.33939763068041695,
    "MP2 OPPOSITE-SPIN CORRELATION ENERGY": -0.2504447519173973,
    "MP2 SAME-SPIN CORRELATION ENERGY": -0.08895287876301966,
    "MP2 TOTAL ENERGY": -109.17089221842359,
    "NUCLEAR REPULSION ENERGY": 20.681390706385447,
    "ONE-ELECTRON ENERGY": -188.0779175524721,
    "PCM POLARIZATION ENERGY": 0.0,
    "PE ENERGY": 0.0,
    "SCF DIPOLE X": 0.0,
    "SCF DIPOLE Y": 0.0,
    "SCF DIPOLE Z": 2.2575243469225247e-15,
    "SCF ITERATION ENERGY": -108.83149458774308,
    "SCF ITERATIONS": 8.0,
    "SCF TOTAL ENERGY": -108.83149458774308,
    "TWO-ELECTRON ENERGY": 58.56503225834356
}