{
    "CC D1 DIAGNOSTIC": 0.05246854450279306,
    "CC D2 DIAGNOSTIC": 0.22466075038823377,
    "CC NEW D1 DIAGNOSTIC": 0.05246854450279306,
    "CC T1 DIAGNOSTIC": 0.017099671188595605,
    "CCSD CORRELATION ENERGY": -0.1889465628482131,
    "CCSD OPPOSITE-SPIN CORRELATION ENERGY": -0.15625783765944634,
    "CCSD SAME-SPIN CORRELATION ENERGY": -0.03268872518876689,
    "CCSD TOTAL ENERGY": -100.10691875467685,
    "CURRENT CORRELATION ENERGY": -0.1889465628482131,
    "CURRENT DIPOLE X": 0.0,
    "CURRENT DIPOLE Y": 0.0,
    "CURRENT DIPOLE Z": -2.975441316266265,
    "CURRENT ENERGY": -100.10691875467685,
    "CURRENT REFERENCE ENERGY": -99.91797219182862,
    "HF TOTAL ENERGY": -99.91797219182862,
    "LCCSD (+LMP2) TOTAL ENERGY": -100.12071652346877,
    "MP2 CORRELATION ENERGY": -0.18479924629174316,
    "MP2 OPPOSITE-SPIN CORRELATION ENERGY": -0.14159005929039592,
    "MP2 SAME-SPIN CORRELATION ENERGY": -0.04320918700134724,
    "MP2 TOTAL ENERGY": -100.10277143812039,
    "NUCLEAR REPULSION ENERGY": 3.4091956270142805,
    "ONE-ELECTRON ENERGY": -147.48282569205753,
    "PCM POLARIZATION ENERGY": 0.0,
    "PE ENERGY": 0.0,
    "SCF DIPOLE X": 0.0,
    "SCF DIPOLE Y": 0.0,
    "SCF DIPOLE Z": -2.975441316266265,
    "SCF ITERATION ENERGY": -99.91797219182862,
    "SCF ITERATIONS": 10.0,
    "SCF TOTAL ENERGY": -99.91797219182862,
    "TWO-ELECTRON ENERGY": 44.155657873214636
}