{
    "CURRENT CORRELATION ENERGY": -0.28017000272950554,
    "CURRENT DIPOLE X": 0.0,
    "CURRENT DIPOLE Y": 0.0,
    "CURRENT DIPOLE Z": -3.4073209073978363,
    "CURRENT ENERGY": -110.13198085416265,
    "CURRENT REFERENCE ENERGY": -109.85181085143314,
    "CUSTOM SCS-MP2 CORRELATION ENERGY": -0.28345613607608916,
    "CUSTOM SCS-MP2 TOTAL ENERGY": -110.13526698750923,
    "HF TOTAL ENERGY": -109.85181085143314,
    "MP2 CORRELATION ENERGY": -0.28017000272950554,
    "MP2 OPPOSITE-SPIN CORRELATION ENERGY": -0.21930707903798402,
    "MP2 SAME-SPIN CORRELATION ENERGY": -0.06086292369152506,
    "MP2 TOTAL ENERGY": -110.13198085416265,
    "NUCLEAR REPULSION ENERGY": 32.142640684694996,
    "ONE-ELECTRON ENERGY": -212.44418389065316,
    "PCM POLARIZATION ENERGY": 0.0,
    "PE ENERGY": 0.0,
    "SCF DIPOLE X": 0.0,
    "SCF DIPOLE Y": 0.0,
    "SCF DIPOLE Z": -3.4073209073978363,
    "SCF ITERATION ENERGY": -109.85181085143314,
    "SCF ITERATIONS": 12.0,
    "SCF TOTAL ENERGY": -109.85181085143314,
    "SCS-MP2 CORRELATION ENERGY": -0.28345613607608916,
    "SCS-MP2 TOTAL ENERGY": -110.13526698750923,
    "SCS-MP2-VDW CORRELATION ENERGY": -0.31114452301437723,
    "SCS-MP2-VDW TOTAL ENERGY": -110.16295537444752,
    "SCSN-MP2 CORRELATION ENERGY": -0.10711874569707902,
    "SCSN-MP2 TOTAL ENERGY": -109.95892959713022,
    "SOS-MP2 CORRELATION ENERGY": -0.28509920274937883,
    "SOS-MP2 TOTAL ENERGY": -110.13691005418252,
    "SOS-PI-MP2 CORRELATION ENERGY": -0.30702991065317065,
    "SOS-PI-MP2 TOTAL ENERGY": -110.15884076208631,
    "TWO-ELECTRON ENERGY": 70.44973235452504
}