{
    "CC D1 DIAGNOSTIC": 0.09128786940356716,
    "CC D2 DIAGNOSTIC": 0.18831482994584686,
    "CC NEW D1 DIAGNOSTIC": 0.09128786940356716,
    "CC T1 DIAGNOSTIC": 0.03594356663182506,
    "CCSD CORRELATION ENERGY": -0.2880166469992539,
    "CCSD OPPOSITE-SPIN CORRELATION ENERGY": -0.2326260097466869,
    "CCSD SAME-SPIN CORRELATION ENERGY": -0.05539063725256704,
    "CCSD TOTAL ENERGY": -112.89804877958848,
    "CURRENT CORRELATION ENERGY": -0.2880166469992539,
    "CURRENT DIPOLE X": 0.0,
    "CURRENT DIPOLE Y": 0.0,
    "CURRENT DIPOLE Z": -1.720209426878751,
    "CURRENT ENERGY": -112.89804877958848,
    "CURRENT REFERENCE ENERGY": -112.6100321325891,
    "HF TOTAL ENERGY": -112.6100321325891,
    "LCCSD (+LMP2) TOTAL ENERGY": -112.89805908867987,
    "MP2 CORRELATION ENERGY": -0.3054038274766468,
    "MP2 OPPOSITE-SPIN CORRELATION ENERGY": -0.22682180521520479,
    "MP2 SAME-SPIN CORRELATION ENERGY": -0.07858202226144201,
    "MP2 TOTAL ENERGY": -112.91543596006588,
    "NUCLEAR REPULSION ENERGY": 18.481538268079852,
    "ONE-ELECTRON ENERGY": -190.1658607128669,
    "PCM POLARIZATION ENERGY": 0.0,
    "PE ENERGY": 0.0,
    "SCF DIPOLE X": 0.0,
    "SCF DIPOLE Y": 0.0,
    "SCF DIPOLE Z": -1.720209426878751,
    "SCF ITERATION ENERGY": -112.6100321325891,
    "SCF ITERATIONS": 10.0,
    "SCF TOTAL ENERGY": -112.6100321325891,
    "TWO-ELECTRON ENERGY": 59.07429031219796
}