{
    "CC D1 DIAGNOSTIC": 0.03437155812987151,
    "CC D2 DIAGNOSTIC": 0.17729076473943509,
    "CC NEW D1 DIAGNOSTIC": 0.03437155812987151,
    "CC T1 DIAGNOSTIC": 0.011727563742410109,
    "CCSD CORRELATION ENERGY": -0.17842961012968084,
    "CCSD OPPOSITE-SPIN CORRELATION ENERGY": -0.14566566339820852,
    "CCSD SAME-SPIN CORRELATION ENERGY": -0.03276394673147179,
    "CCSD TOTAL ENERGY": -100.14058684728188,
    "CURRENT CORRELATION ENERGY": -0.17842961012968084,
    "CURRENT DIPOLE X": 0.0,
    "CURRENT DIPOLE Y": 0.0,
    "CURRENT DIPOLE Z": -2.743471992152833,
    "CURRENT ENERGY": -100.14058684728188,
    "CURRENT REFERENCE ENERGY": -99.96215723715214,
    "HF TOTAL ENERGY": -99.96215723715214,
    "LCCSD (+LMP2) TOTAL ENERGY": -100.15139704574617,
    "MP2 CORRELATION ENERGY": -0.17607485822219288,
    "MP2 OPPOSITE-SPIN CORRELATION ENERGY": -0.13426443796793752,
    "MP2 SAME-SPIN CORRELATION ENERGY": -0.041810420254255354,
    "MP2 TOTAL ENERGY": -100.13823209537439,
    "NUCLEAR REPULSION ENERGY": 3.8683934053468176,
    "ONE-ELECTRON ENERGY": -148.30851135379095,
    "PCM POLARIZATION ENERGY": 0.0,
    "PE ENERGY": 0.0,
    "SCF DIPOLE X": 0.0,
    "SCF DIPOLE Y": 0.0,
    "SCF DIPOLE Z": -2.743471992152833,
    "SCF ITERATION ENERGY": -99.96215723715214,
    "SCF ITERATIONS": 10.0,
    "SCF TOTAL ENERGY": -99.96215723715214,
    "TWO-ELECTRON ENERGY": 44.477960711292
}