{
    "CC D1 DIAGNOSTIC": 0.0170308940249027,
    "CC D2 DIAGNOSTIC": 0.12094800665125345,
    "CC NEW D1 DIAGNOSTIC": 0.0170308940249027,
    "CC T1 DIAGNOSTIC": 0.006616367216985081,
    "CCSD CORRELATION ENERGY": -0.2123920768530264,
    "CCSD OPPOSITE-SPIN CORRELATION ENERGY": -0.1691194407568812,
    "CCSD SAME-SPIN CORRELATION ENERGY": -0.043272636096145234,
    "CCSD TOTAL ENERGY": -111.70006022616204,
    "CURRENT CORRELATION ENERGY": -0.2123920768530264,
    "CURRENT DIPOLE X": 0.0,
    "CURRENT DIPOLE Y": 0.0,
    "CURRENT DIPOLE Z": 1.1038597612280656,
    "CURRENT ENERGY": -111.70006022616204,
    "CURRENT REFERENCE ENERGY": -111.48766814930896,
    "HF TOTAL ENERGY": -111.48766814930896,
    "LCCSD (+LMP2) TOTAL ENERGY": -111.70032818036373,
    "MP2 CORRELATION ENERGY": -0.20419022466598838,
    "MP2 OPPOSITE-SPIN CORRELATION ENERGY": -0.15643564744855287,
    "MP2 SAME-SPIN CORRELATION ENERGY": -0.04775457721743551,
    "MP2 TOTAL ENERGY": -111.69185837397501,
    "NUCLEAR REPULSION ENERGY": 35.722266546429964,
    "ONE-ELECTRON ENERGY": -220.65196394161615,
    "PCM POLARIZATION ENERGY": 0.0,
    "PE ENERGY": 0.0,
    "SCF DIPOLE X": 0.0,
    "SCF DIPOLE Y": 0.0,
    "SCF DIPOLE Z": 1.1038597612280656,
    "SCF ITERATION ENERGY": -111.48766814930896,
    "SCF ITERATIONS": 10.0,
    "SCF TOTAL ENERGY": -111.48766814930896,
    "TWO-ELECTRON ENERGY": 73.44202924587721
}