{
    "CC D1 DIAGNOSTIC": 0.03727756483031074,
    "CC D2 DIAGNOSTIC": 0.09565598880213061,
    "CC NEW D1 DIAGNOSTIC": 0.03727756483031074,
    "CC T1 DIAGNOSTIC": 0.016325057818487587,
    "CCSD CORRELATION ENERGY": -0.17922039018482114,
    "CCSD OPPOSITE-SPIN CORRELATION ENERGY": -0.14358664688161815,
    "CCSD SAME-SPIN CORRELATION ENERGY": -0.03563374330320304,
    "CCSD TOTAL ENERGY": -107.13894227191089,
    "CURRENT CORRELATION ENERGY": -0.17922039018482114,
    "CURRENT DIPOLE X": 0.0,
    "CURRENT DIPOLE Y": 0.0,
    "CURRENT DIPOLE Z": -6.151035749369375,
    "CURRENT ENERGY": -107.13894227191089,
    "CURRENT REFERENCE ENERGY": -106.95972188172608,
    "HF TOTAL ENERGY": -106.95972188172608,
    "LCCSD (+LMP2) TOTAL ENERGY": -107.13901201499449,
    "MP2 CORRELATION ENERGY": -0.17975450395403733,
    "MP2 OPPOSITE-SPIN CORRELATION ENERGY": -0.1362108691205809,
    "MP2 SAME-SPIN CORRELATION ENERGY": -0.04354363483345644,
    "MP2 TOTAL ENERGY": -107.13947638568011,
    "NUCLEAR REPULSION ENERGY": 9.605639030168616,
    "ONE-ELECTRON ENERGY": -170.4477100491735,
    "PCM POLARIZATION ENERGY": 0.0,
    "PE ENERGY": 0.0,
    "SCF DIPOLE X": 0.0,
    "SCF DIPOLE Y": 0.0,
    "SCF DIPOLE Z": -6.151035749369375,
    "SCF ITERATION ENERGY": -106.95972188172608,
    "SCF ITERATIONS": 10.0,
    "SCF TOTAL ENERGY": -106.95972188172608,
    "TWO-ELECTRON ENERGY": 53.88234913727881
}