{
    "CC D1 DIAGNOSTIC": 0.04282501572401285,
    "CC D2 DIAGNOSTIC": 0.100216335885713,
    "CC NEW D1 DIAGNOSTIC": 0.04282501572401285,
    "CC T1 DIAGNOSTIC": 0.019770809153247113,
    "CCSD CORRELATION ENERGY": -0.18203917306210948,
    "CCSD OPPOSITE-SPIN CORRELATION ENERGY": -0.1460538892733118,
    "CCSD SAME-SPIN CORRELATION ENERGY": -0.03598528378879767,
    "CCSD TOTAL ENERGY": -107.12666331131759,
    "CURRENT CORRELATION ENERGY": -0.18203917306210948,
    "CURRENT DIPOLE X": 0.0,
    "CURRENT DIPOLE Y": 0.0,
    "CURRENT DIPOLE Z": -7.737001551645408,
    "CURRENT ENERGY": -107.12666331131759,
    "CURRENT REFERENCE ENERGY": -106.94462413825553,
    "HF TOTAL ENERGY": -106.94462413825553,
    "LCCSD (+LMP2) TOTAL ENERGY": -107.12557655412483,
    "MP2 CORRELATION ENERGY": -0.18292328932252033,
    "MP2 OPPOSITE-SPIN CORRELATION ENERGY": -0.13852662194288312,
    "MP2 SAME-SPIN CORRELATION ENERGY": -0.04439666737963721,
    "MP2 TOTAL ENERGY": -107.127547427578,
    "NUCLEAR REPULSION ENERGY": 7.694909750825197,
    "ONE-ELECTRON ENERGY": -166.9461163071276,
    "PCM POLARIZATION ENERGY": 0.0,
    "PE ENERGY": 0.0,
    "SCF DIPOLE X": 0.0,
    "SCF DIPOLE Y": 0.0,
    "SCF DIPOLE Z": -7.737001551645408,
    "SCF ITERATION ENERGY": -106.94462413825553,
    "SCF ITERATIONS": 10.0,
    "SCF TOTAL ENERGY": -106.94462413825553,
    "TWO-ELECTRON ENERGY": 52.30658241804687
}