{
    "CC D1 DIAGNOSTIC": 0.0344865598608249,
    "CC D2 DIAGNOSTIC": 0.13904871062612795,
    "CC NEW D1 DIAGNOSTIC": 0.0344865598608249,
    "CC T1 DIAGNOSTIC": 0.01188432221242734,
    "CCSD CORRELATION ENERGY": -0.37787344993823885,
    "CCSD OPPOSITE-SPIN CORRELATION ENERGY": -0.2972103339502657,
    "CCSD SAME-SPIN CORRELATION ENERGY": -0.08066311598797321,
    "CCSD TOTAL ENERGY": -187.84481003169182,
    "CURRENT CORRELATION ENERGY": -0.37787344993823885,
    "CURRENT DIPOLE X": 0.0,
    "CURRENT DIPOLE Y": 0.0,
    "CURRENT DIPOLE Z": 0.0,
    "CURRENT ENERGY": -187.84481003169182,
    "CURRENT REFERENCE ENERGY": -187.46693658175326,
    "HF TOTAL ENERGY": -187.46693658175326,
    "LCCSD (+LMP2) TOTAL ENERGY": -187.84486624689634,
    "MP2 CORRELATION ENERGY": -0.38499084969486813,
    "MP2 OPPOSITE-SPIN CORRELATION ENERGY": -0.2872310718075644,
    "MP2 SAME-SPIN CORRELATION ENERGY": -0.09775977788730372,
    "MP2 TOTAL ENERGY": -187.85192743144844,
    "NUCLEAR REPULSION ENERGY": 65.91296777597185,
    "ONE-ELECTRON ENERGY": -386.35380322829815,
    "PCM POLARIZATION ENERGY": 0.0,
    "PE ENERGY": 0.0,
    "SCF DIPOLE X": 0.0,
    "SCF DIPOLE Y": 0.0,
    "SCF DIPOLE Z": 0.0,
    "SCF ITERATION ENERGY": -187.46693658175326,
    "SCF ITERATIONS": 9.0,
    "SCF TOTAL ENERGY": -187.46693658175326,
    "TWO-ELECTRON ENERGY": 132.973898870573
}