{
    "CC D1 DIAGNOSTIC": 0.01721153756544935,
    "CC D2 DIAGNOSTIC": 0.11810281169305346,
    "CC NEW D1 DIAGNOSTIC": 0.01721153756544935,
    "CC T1 DIAGNOSTIC": 0.006066585129970103,
    "CCSD CORRELATION ENERGY": -0.20788571785541105,
    "CCSD OPPOSITE-SPIN CORRELATION ENERGY": -0.16486129862886856,
    "CCSD SAME-SPIN CORRELATION ENERGY": -0.04302441922654249,
    "CCSD TOTAL ENERGY": -110.635859907222,
    "CURRENT CORRELATION ENERGY": -0.20788571785541105,
    "CURRENT DIPOLE X": 0.0,
    "CURRENT DIPOLE Y": 0.0,
    "CURRENT DIPOLE Z": 1.2968658961906665,
    "CURRENT ENERGY": -110.635859907222,
    "CURRENT REFERENCE ENERGY": -110.4279741893666,
    "HF TOTAL ENERGY": -110.4279741893666,
    "LCCSD (+LMP2) TOTAL ENERGY": -110.6354995762039,
    "MP2 CORRELATION ENERGY": -0.19900577258195745,
    "MP2 OPPOSITE-SPIN CORRELATION ENERGY": -0.15238568539727945,
    "MP2 SAME-SPIN CORRELATION ENERGY": -0.046620087184678,
    "MP2 TOTAL ENERGY": -110.62697996194855,
    "NUCLEAR REPULSION ENERGY": 40.43760573055873,
    "ONE-ELECTRON ENERGY": -227.58044890251097,
    "PCM POLARIZATION ENERGY": 0.0,
    "PE ENERGY": 0.0,
    "SCF DIPOLE X": 0.0,
    "SCF DIPOLE Y": 0.0,
    "SCF DIPOLE Z": 1.2968658961906665,
    "SCF ITERATION ENERGY": -110.4279741893666,
    "SCF ITERATIONS": 10.0,
    "SCF TOTAL ENERGY": -110.4279741893666,
    "TWO-ELECTRON ENERGY": 76.71486898258563
}