{
    "CC D1 DIAGNOSTIC": 0.0431006932082265,
    "CC D2 DIAGNOSTIC": 0.2525268622053526,
    "CC NEW D1 DIAGNOSTIC": 0.0431006932082265,
    "CC T1 DIAGNOSTIC": 0.01772945053562423,
    "CCSD CORRELATION ENERGY": -0.3414479882046402,
    "CCSD OPPOSITE-SPIN CORRELATION ENERGY": -0.28639868507510263,
    "CCSD SAME-SPIN CORRELATION ENERGY": -0.05504930312953743,
    "CCSD TOTAL ENERGY": -109.07702271750287,
    "CURRENT CORRELATION ENERGY": -0.3414479882046402,
    "CURRENT DIPOLE X": 0.0,
    "CURRENT DIPOLE Y": 0.0,
    "CURRENT DIPOLE Z": -5.643810867306312e-16,
    "CURRENT ENERGY": -109.07702271750287,
    "CURRENT REFERENCE ENERGY": -108.73557472929795,
    "HF TOTAL ENERGY": -108.73557472929795,
    "LCCSD (+LMP2) TOTAL ENERGY": -109.25487527189121,
    "MP2 CORRELATION ENERGY": -0.39963391003599313,
    "MP2 OPPOSITE-SPIN CORRELATION ENERGY": -0.29107260610546865,
    "MP2 SAME-SPIN CORRELATION ENERGY": -0.10856130393052449,
    "MP2 TOTAL ENERGY": -109.13520863933422,
    "NUCLEAR REPULSION ENERGY": 18.661869733248356,
    "ONE-ELECTRON ENERGY": -184.02854872021217,
    "PCM POLARIZATION ENERGY": 0.0,
    "PE ENERGY": 0.0,
    "SCF DIPOLE X": 0.0,
    "SCF DIPOLE Y": 0.0,
    "SCF DIPOLE Z": -5.643810867306312e-16,
    "SCF ITERATION ENERGY": -108.73557472929795,
    "SCF ITERATIONS": 8.0,
    "SCF TOTAL ENERGY": -108.73557472929795,
    "TWO-ELECTRON ENERGY": 56.63110425766587
}