{
    "CC D1 DIAGNOSTIC": 0.19979650235157698,
    "CC D2 DIAGNOSTIC": 0.22067139123530105,
    "CC NEW D1 DIAGNOSTIC": 0.19979650235157698,
    "CC T1 DIAGNOSTIC": 0.06538809323587857,
    "CCSD CORRELATION ENERGY": -0.4806652043417146,
    "CCSD OPPOSITE-SPIN CORRELATION ENERGY": -0.37787758285699996,
    "CCSD SAME-SPIN CORRELATION ENERGY": -0.1027876214847151,
    "CCSD TOTAL ENERGY": -187.748630309731,
    "CURRENT CORRELATION ENERGY": -0.4806652043417146,
    "CURRENT DIPOLE X": 0.0,
    "CURRENT DIPOLE Y": 0.0,
    "CURRENT DIPOLE Z": 0.0,
    "CURRENT ENERGY": -187.748630309731,
    "CURRENT REFERENCE ENERGY": -187.26796510538952,
    "HF TOTAL ENERGY": -187.26796510538952,
    "LCCSD (+LMP2) TOTAL ENERGY": -187.75075398987954,
    "MP2 CORRELATION ENERGY": -0.47715973274964546,
    "MP2 OPPOSITE-SPIN CORRELATION ENERGY": -0.35231826258148013,
    "MP2 SAME-SPIN CORRELATION ENERGY": -0.12484147016816532,
    "MP2 TOTAL ENERGY": -187.74512483813893,
    "NUCLEAR REPULSION ENERGY": 42.72330240946509,
    "ONE-ELECTRON ENERGY": -341.3053028495105,
    "PCM POLARIZATION ENERGY": 0.0,
    "PE ENERGY": 0.0,
    "SCF DIPOLE X": 0.0,
    "SCF DIPOLE Y": 0.0,
    "SCF DIPOLE Z": 0.0,
    "SCF ITERATION ENERGY": -187.26796510538952,
    "SCF ITERATIONS": 12.0,
    "SCF TOTAL ENERGY": -187.26796510538952,
    "TWO-ELECTRON ENERGY": 111.3140353346559
}