{
    "CURRENT CORRELATION ENERGY": -0.03264482571955152,
    "CURRENT DIPOLE X": 0.0,
    "CURRENT DIPOLE Y": 0.0,
    "CURRENT DIPOLE Z": 3.1305513404589696e-15,
    "CURRENT ENERGY": -1.0147747942768082,
    "CURRENT REFERENCE ENERGY": -0.9821299685572566,
    "CUSTOM SCS-MP2 CORRELATION ENERGY": -0.03917379086346171,
    "CUSTOM SCS-MP2 TOTAL ENERGY": -1.0213037594207184,
    "HF TOTAL ENERGY": -0.9821299685572566,
    "MP2 CORRELATION ENERGY": -0.03264482571955152,
    "MP2 OPPOSITE-SPIN CORRELATION ENERGY": -0.03264482571955143,
    "MP2 SAME-SPIN CORRELATION ENERGY": 0.0,
    "MP2 TOTAL ENERGY": -1.0147747942768082,
    "NUCLEAR REPULSION ENERGY": 0.33031443723350323,
    "ONE-ELECTRON ENERGY": -1.7641155469153595,
    "PCM POLARIZATION ENERGY": 0.0,
    "PE ENERGY": 0.0,
    "SCF DIPOLE X": 0.0,
    "SCF DIPOLE Y": 0.0,
    "SCF DIPOLE Z": 3.1305513404589696e-15,
    "SCF ITERATION ENERGY": -0.9821299685572566,
    "SCF ITERATIONS": 5.0,
    "SCF TOTAL ENERGY": -0.9821299685572566,
    "SCS-MP2 CORRELATION ENERGY": -0.03917379086346171,
    "SCS-MP2 TOTAL ENERGY": -1.0213037594207184,
    "SCS-MP2-VDW CORRELATION ENERGY": -0.04178537692102591,
    "SCS-MP2-VDW TOTAL ENERGY": -1.0239153454782826,
    "SCSN-MP2 CORRELATION ENERGY": 0.0,
    "SCSN-MP2 TOTAL ENERGY": -0.9821299685572566,
    "SOS-MP2 CORRELATION ENERGY": 0.0,
    "SOS-MP2 TOTAL ENERGY": -0.9821299685572566,
    "SOS-PI-MP2 CORRELATION ENERGY": -0.04570275600737195,
    "SOS-PI-MP2 TOTAL ENERGY": -1.0278327245646286,
    "TWO-ELECTRON ENERGY": 0.4516711411245997
}