{
    "CC D1 DIAGNOSTIC": 0.032250048601630235,
    "CC D2 DIAGNOSTIC": 0.09519714597917642,
    "CC NEW D1 DIAGNOSTIC": 0.032250048601630235,
    "CC T1 DIAGNOSTIC": 0.01423605511338874,
    "CCSD CORRELATION ENERGY": -0.1767150218658892,
    "CCSD OPPOSITE-SPIN CORRELATION ENERGY": -0.1413062815451626,
    "CCSD SAME-SPIN CORRELATION ENERGY": -0.035408740320726634,
    "CCSD TOTAL ENERGY": -107.08246933122368,
    "CURRENT CORRELATION ENERGY": -0.1767150218658892,
    "CURRENT DIPOLE X": 0.0,
    "CURRENT DIPOLE Y": 0.0,
    "CURRENT DIPOLE Z": -5.137808789282977,
    "CURRENT ENERGY": -107.08246933122368,
    "CURRENT REFERENCE ENERGY": -106.90575430935772,
    "HF TOTAL ENERGY": -106.90575430935772,
    "LCCSD (+LMP2) TOTAL ENERGY": -107.08194357720382,
    "MP2 CORRELATION ENERGY": -0.1770512599097508,
    "MP2 OPPOSITE-SPIN CORRELATION ENERGY": -0.13414628170494358,
    "MP2 SAME-SPIN CORRELATION ENERGY": -0.04290497820480721,
    "MP2 TOTAL ENERGY": -107.08280556926753,
    "NUCLEAR REPULSION ENERGY": 11.395868348416474,
    "ONE-ELECTRON ENERGY": -173.65247997105553,
    "PCM POLARIZATION ENERGY": 0.0,
    "PE ENERGY": 0.0,
    "SCF DIPOLE X": 0.0,
    "SCF DIPOLE Y": 0.0,
    "SCF DIPOLE Z": -5.137808789282977,
    "SCF ITERATION ENERGY": -106.90575430935772,
    "SCF ITERATIONS": 9.0,
    "SCF TOTAL ENERGY": -106.90575430935772,
    "TWO-ELECTRON ENERGY": 55.350857313281324
}