{
    "CC D1 DIAGNOSTIC": 0.07398603775280246,
    "CC D2 DIAGNOSTIC": 0.49918897149203895,
    "CC NEW D1 DIAGNOSTIC": 0.07398603775280246,
    "CC T1 DIAGNOSTIC": 0.02362793667849218,
    "CCSD CORRELATION ENERGY": -0.4401765518591034,
    "CCSD OPPOSITE-SPIN CORRELATION ENERGY": -0.3965323962776635,
    "CCSD SAME-SPIN CORRELATION ENERGY": -0.043644155581440025,
    "CCSD TOTAL ENERGY": -149.76879454283147,
    "CURRENT CORRELATION ENERGY": -0.4401765518591034,
    "CURRENT DIPOLE X": 0.0,
    "CURRENT DIPOLE Y": 0.0,
    "CURRENT DIPOLE Z": 0.0,
    "CURRENT ENERGY": -149.76879454283147,
    "CURRENT REFERENCE ENERGY": -149.32861799097196,
    "HF TOTAL ENERGY": -149.32861799097196,
    "LCCSD (+LMP2) TOTAL ENERGY": -149.80421427750855,
    "MP2 CORRELATION ENERGY": -0.5255749578467817,
    "MP2 OPPOSITE-SPIN CORRELATION ENERGY": -0.3885150242436994,
    "MP2 SAME-SPIN CORRELATION ENERGY": -0.13705993360308227,
    "MP2 TOTAL ENERGY": -149.85419294881913,
    "NUCLEAR REPULSION ENERGY": 19.6776670221697,
    "ONE-ELECTRON ENERGY": -244.83883851780763,
    "PCM POLARIZATION ENERGY": 0.0,
    "PE ENERGY": 0.0,
    "SCF DIPOLE X": 0.0,
    "SCF DIPOLE Y": 0.0,
    "SCF DIPOLE Z": 0.0,
    "SCF ITERATION ENERGY": -149.32861799097196,
    "SCF ITERATIONS": 9.0,
    "SCF TOTAL ENERGY": -149.32861799097196,
    "TWO-ELECTRON ENERGY": 75.83255350466595
}