{
    "CC D1 DIAGNOSTIC": 0.03426476859003003,
    "CC D2 DIAGNOSTIC": 0.22077015548554954,
    "CC NEW D1 DIAGNOSTIC": 0.03426476859003003,
    "CC T1 DIAGNOSTIC": 0.011098499276507509,
    "CCSD CORRELATION ENERGY": -0.2911912719517675,
    "CCSD OPPOSITE-SPIN CORRELATION ENERGY": -0.24367997099430486,
    "CCSD SAME-SPIN CORRELATION ENERGY": -0.04751130095746278,
    "CCSD TOTAL ENERGY": -110.22338316221483,
    "CURRENT CORRELATION ENERGY": -0.2911912719517675,
    "CURRENT DIPOLE X": 0.0,
    "CURRENT DIPOLE Y": -1.6931432601918935e-15,
    "CURRENT DIPOLE Z": 0.7935511012320925,
    "CURRENT ENERGY": -110.22338316221483,
    "CURRENT REFERENCE ENERGY": -109.93219189026298,
    "HF TOTAL ENERGY": -109.93219189026298,
    "LCCSD (+LMP2) TOTAL ENERGY": -110.22229037786133,
    "MP2 CORRELATION ENERGY": -0.2764110741835092,
    "MP2 OPPOSITE-SPIN CORRELATION ENERGY": -0.21603706422841698,
    "MP2 SAME-SPIN CORRELATION ENERGY": -0.060374009955092206,
    "MP2 TOTAL ENERGY": -110.20860296444657,
    "NUCLEAR REPULSION ENERGY": 32.115919966891205,
    "ONE-ELECTRON ENERGY": -212.47358222106268,
    "PCM POLARIZATION ENERGY": 0.0,
    "PE ENERGY": 0.0,
    "SCF DIPOLE X": 0.0,
    "SCF DIPOLE Y": -1.6931432601918935e-15,
    "SCF DIPOLE Z": 0.7935511012320925,
    "SCF ITERATION ENERGY": -109.93219189026298,
    "SCF ITERATIONS": 10.0,
    "SCF TOTAL ENERGY": -109.93219189026298,
    "TWO-ELECTRON ENERGY": 70.4254703639085
}