{
    "CC D1 DIAGNOSTIC": 0.03739708682763243,
    "CC D2 DIAGNOSTIC": 0.09172258593568336,
    "CC NEW D1 DIAGNOSTIC": 0.03739708682763243,
    "CC T1 DIAGNOSTIC": 0.013763042714403555,
    "CCSD CORRELATION ENERGY": -0.29023896431779517,
    "CCSD OPPOSITE-SPIN CORRELATION ENERGY": -0.22546003812096538,
    "CCSD SAME-SPIN CORRELATION ENERGY": -0.0647789261968299,
    "CCSD TOTAL ENERGY": -261.59771310019977,
    "CURRENT CORRELATION ENERGY": -0.29023896431779517,
    "CURRENT DIPOLE X": 0.0,
    "CURRENT DIPOLE Y": 0.0,
    "CURRENT DIPOLE Z": -7.393418013585573,
    "CURRENT ENERGY": -261.59771310019977,
    "CURRENT REFERENCE ENERGY": -261.3074741358816,
    "HF TOTAL ENERGY": -261.3074741358816,
    "LCCSD (+LMP2) TOTAL ENERGY": -261.34097323443586,
    "MP2 CORRELATION ENERGY": -0.2916751590146576,
    "MP2 OPPOSITE-SPIN CORRELATION ENERGY": -0.21666499085027943,
    "MP2 SAME-SPIN CORRELATION ENERGY": -0.0750101681643782,
    "MP2 TOTAL ENERGY": -261.5991492948966,
    "NUCLEAR REPULSION ENERGY": 31.68790342677712,
    "ONE-ELECTRON ENERGY": -433.4037827020823,
    "PCM POLARIZATION ENERGY": 0.0,
    "PE ENERGY": 0.0,
    "SCF DIPOLE X": 0.0,
    "SCF DIPOLE Y": 0.0,
    "SCF DIPOLE Z": -7.393418013585573,
    "SCF ITERATION ENERGY": -261.3074741358816,
    "SCF ITERATIONS": 10.0,
    "SCF TOTAL ENERGY": -261.3074741358816,
    "TWO-ELECTRON ENERGY": 140.40840513942362
}