{
    "CC D1 DIAGNOSTIC": 0.03868594141364426,
    "CC D2 DIAGNOSTIC": 0.18918449538028093,
    "CC NEW D1 DIAGNOSTIC": 0.03868594141364426,
    "CC T1 DIAGNOSTIC": 0.012984663073131876,
    "CCSD CORRELATION ENERGY": -0.1811900152134908,
    "CCSD OPPOSITE-SPIN CORRELATION ENERGY": -0.14840782468945943,
    "CCSD SAME-SPIN CORRELATION ENERGY": -0.03278219052403131,
    "CCSD TOTAL ENERGY": -100.13136123680886,
    "CURRENT CORRELATION ENERGY": -0.1811900152134908,
    "CURRENT DIPOLE X": 0.0,
    "CURRENT DIPOLE Y": 0.0,
    "CURRENT DIPOLE Z": -2.8055510897859803,
    "CURRENT ENERGY": -100.13136123680886,
    "CURRENT REFERENCE ENERGY": -99.95017122159538,
    "HF TOTAL ENERGY": -99.95017122159538,
    "LCCSD (+LMP2) TOTAL ENERGY": -100.1401968753121,
    "MP2 CORRELATION ENERGY": -0.17843850306997092,
    "MP2 OPPOSITE-SPIN CORRELATION ENERGY": -0.13622287384786586,
    "MP2 SAME-SPIN CORRELATION ENERGY": -0.04221562922210506,
    "MP2 TOTAL ENERGY": -100.12860972466534,
    "NUCLEAR REPULSION ENERGY": 3.7313243476770457,
    "ONE-ELECTRON ENERGY": -148.063304159393,
    "PCM POLARIZATION ENERGY": 0.0,
    "PE ENERGY": 0.0,
    "SCF DIPOLE X": 0.0,
    "SCF DIPOLE Y": 0.0,
    "SCF DIPOLE Z": -2.8055510897859803,
    "SCF ITERATION ENERGY": -99.95017122159538,
    "SCF ITERATIONS": 10.0,
    "SCF TOTAL ENERGY": -99.95017122159538,
    "TWO-ELECTRON ENERGY": 44.381808590120556
}