{
    "CC D1 DIAGNOSTIC": 0.011046938970435162,
    "CC D2 DIAGNOSTIC": 0.0839102211182808,
    "CC NEW D1 DIAGNOSTIC": 0.011046938970435162,
    "CC T1 DIAGNOSTIC": 0.004249191236650761,
    "CCSD CORRELATION ENERGY": -0.10448367946532515,
    "CCSD OPPOSITE-SPIN CORRELATION ENERGY": -0.08577954000182873,
    "CCSD SAME-SPIN CORRELATION ENERGY": -0.01870413946349629,
    "CCSD TOTAL ENERGY": -459.9799114075726,
    "CURRENT CORRELATION ENERGY": -0.10448367946532515,
    "CURRENT DIPOLE X": 0.0,
    "CURRENT DIPOLE Y": 0.0,
    "CURRENT DIPOLE Z": -1.7021639463046003,
    "CURRENT ENERGY": -459.9799114075726,
    "CURRENT REFERENCE ENERGY": -459.87542772810775,
    "HF TOTAL ENERGY": -459.87542772810775,
    "LCCSD (+LMP2) TOTAL ENERGY": -459.99642721947356,
    "MP2 CORRELATION ENERGY": -0.09628745788105991,
    "MP2 OPPOSITE-SPIN CORRELATION ENERGY": -0.07712679459031857,
    "MP2 SAME-SPIN CORRELATION ENERGY": -0.019160663290741342,
    "MP2 TOTAL ENERGY": -459.97171518598833,
    "NUCLEAR REPULSION ENERGY": 9.91804157172637,
    "ONE-ELECTRON ENERGY": -654.7072302570718,
    "PCM POLARIZATION ENERGY": 0.0,
    "PE ENERGY": 0.0,
    "SCF DIPOLE X": 0.0,
    "SCF DIPOLE Y": 0.0,
    "SCF DIPOLE Z": -1.7021639463046003,
    "SCF ITERATION ENERGY": -459.87542772810775,
    "SCF ITERATIONS": 8.0,
    "SCF TOTAL ENERGY": -459.87542772810775,
    "TWO-ELECTRON ENERGY": 184.9137609572377
}