{
    "CC D1 DIAGNOSTIC": 0.14348396125471646,
    "CC D2 DIAGNOSTIC": 0.1993371154759536,
    "CC NEW D1 DIAGNOSTIC": 0.14348396125471646,
    "CC T1 DIAGNOSTIC": 0.04624356059764247,
    "CCSD CORRELATION ENERGY": -0.4709374906825474,
    "CCSD OPPOSITE-SPIN CORRELATION ENERGY": -0.37201577256254936,
    "CCSD SAME-SPIN CORRELATION ENERGY": -0.09892171811999756,
    "CCSD TOTAL ENERGY": -187.83139664565252,
    "CURRENT CORRELATION ENERGY": -0.4709374906825474,
    "CURRENT DIPOLE X": 0.0,
    "CURRENT DIPOLE Y": 0.0,
    "CURRENT DIPOLE Z": 0.0,
    "CURRENT ENERGY": -187.83139664565252,
    "CURRENT REFERENCE ENERGY": -187.3604591549695,
    "HF TOTAL ENERGY": -187.3604591549695,
    "LCCSD (+LMP2) TOTAL ENERGY": -187.8319119780126,
    "MP2 CORRELATION ENERGY": -0.4914027491572846,
    "MP2 OPPOSITE-SPIN CORRELATION ENERGY": -0.36114273591093,
    "MP2 SAME-SPIN CORRELATION ENERGY": -0.1302600132463546,
    "MP2 TOTAL ENERGY": -187.85186190412725,
    "NUCLEAR REPULSION ENERGY": 46.00410208254689,
    "ONE-ELECTRON ENERGY": -347.6739464425445,
    "PCM POLARIZATION ENERGY": 0.0,
    "PE ENERGY": 0.0,
    "SCF DIPOLE X": 0.0,
    "SCF DIPOLE Y": 0.0,
    "SCF DIPOLE Z": 0.0,
    "SCF ITERATION ENERGY": -187.3604591549695,
    "SCF ITERATIONS": 11.0,
    "SCF TOTAL ENERGY": -187.3604591549695,
    "TWO-ELECTRON ENERGY": 114.30938520502806
}