{
    "CC D1 DIAGNOSTIC": 0.010896827364538317,
    "CC D2 DIAGNOSTIC": 0.07811086589844296,
    "CC NEW D1 DIAGNOSTIC": 0.010896827364538317,
    "CC T1 DIAGNOSTIC": 0.004247031154087491,
    "CCSD CORRELATION ENERGY": -0.10390666429060057,
    "CCSD OPPOSITE-SPIN CORRELATION ENERGY": -0.08532910812132928,
    "CCSD SAME-SPIN CORRELATION ENERGY": -0.01857755616927162,
    "CCSD TOTAL ENERGY": -459.6425234429267,
    "CURRENT CORRELATION ENERGY": -0.10390666429060057,
    "CURRENT DIPOLE X": 0.0,
    "CURRENT DIPOLE Y": 0.0,
    "CURRENT DIPOLE Z": -1.5975093626691892,
    "CURRENT ENERGY": -459.6425234429267,
    "CURRENT REFERENCE ENERGY": -459.53861677863614,
    "HF TOTAL ENERGY": -459.53861677863614,
    "LCCSD (+LMP2) TOTAL ENERGY": -459.6653883092202,
    "MP2 CORRELATION ENERGY": -0.09567338106501626,
    "MP2 OPPOSITE-SPIN CORRELATION ENERGY": -0.07675026452198087,
    "MP2 SAME-SPIN CORRELATION ENERGY": -0.018923116543035384,
    "MP2 TOTAL ENERGY": -459.6342901597011,
    "NUCLEAR REPULSION ENERGY": 11.895059825226648,
    "ONE-ELECTRON ENERGY": -657.7882794907634,
    "PCM POLARIZATION ENERGY": 0.0,
    "PE ENERGY": 0.0,
    "SCF DIPOLE X": 0.0,
    "SCF DIPOLE Y": 0.0,
    "SCF DIPOLE Z": -1.5975093626691892,
    "SCF ITERATION ENERGY": -459.53861677863614,
    "SCF ITERATIONS": 8.0,
    "SCF TOTAL ENERGY": -459.53861677863614,
    "TWO-ELECTRON ENERGY": 186.35460288690064
}