{
    "CC D1 DIAGNOSTIC": 0.018006865701790744,
    "CC D2 DIAGNOSTIC": 0.14853824639879057,
    "CC NEW D1 DIAGNOSTIC": 0.018006865701790744,
    "CC T1 DIAGNOSTIC": 0.007907506777079768,
    "CCSD CORRELATION ENERGY": -0.2515164342283018,
    "CCSD OPPOSITE-SPIN CORRELATION ENERGY": -0.20260934132663622,
    "CCSD SAME-SPIN CORRELATION ENERGY": -0.048907092901665505,
    "CCSD TOTAL ENERGY": -109.09561235056836,
    "CURRENT CORRELATION ENERGY": -0.2515164342283018,
    "CURRENT DIPOLE X": 0.0,
    "CURRENT DIPOLE Y": 0.0,
    "CURRENT DIPOLE Z": 0.0,
    "CURRENT ENERGY": -109.09561235056836,
    "CURRENT REFERENCE ENERGY": -108.84409591634012,
    "HF TOTAL ENERGY": -108.84409591634012,
    "LCCSD (+LMP2) TOTAL ENERGY": -109.09668067384956,
    "MP2 CORRELATION ENERGY": -0.2531273957698841,
    "MP2 OPPOSITE-SPIN CORRELATION ENERGY": -0.19137080200433093,
    "MP2 SAME-SPIN CORRELATION ENERGY": -0.06175659376555315,
    "MP2 TOTAL ENERGY": -109.09722331210993,
    "NUCLEAR REPULSION ENERGY": 26.597974130119432,
    "ONE-ELECTRON ENERGY": -199.50617795906857,
    "PCM POLARIZATION ENERGY": 0.0,
    "PE ENERGY": 0.0,
    "SCF DIPOLE X": 0.0,
    "SCF DIPOLE Y": 0.0,
    "SCF DIPOLE Z": 0.0,
    "SCF ITERATION ENERGY": -108.84409591634012,
    "SCF ITERATIONS": 8.0,
    "SCF TOTAL ENERGY": -108.84409591634012,
    "TWO-ELECTRON ENERGY": 64.064107912609
}