{
    "CC D1 DIAGNOSTIC": 0.04814237589970687,
    "CC D2 DIAGNOSTIC": 0.2741963162380931,
    "CC NEW D1 DIAGNOSTIC": 0.04814237589970687,
    "CC T1 DIAGNOSTIC": 0.012112988780085676,
    "CCSD CORRELATION ENERGY": -0.13765767919581545,
    "CCSD OPPOSITE-SPIN CORRELATION ENERGY": -0.11711339917406108,
    "CCSD SAME-SPIN CORRELATION ENERGY": -0.020544280021753875,
    "CCSD TOTAL ENERGY": -460.119078630945,
    "CURRENT CORRELATION ENERGY": -0.13765767919581545,
    "CURRENT DIPOLE X": 0.0,
    "CURRENT DIPOLE Y": 0.0,
    "CURRENT DIPOLE Z": -2.3440612612562832,
    "CURRENT ENERGY": -460.119078630945,
    "CURRENT REFERENCE ENERGY": -459.98142095174876,
    "HF TOTAL ENERGY": -459.98142095174876,
    "LCCSD (+LMP2) TOTAL ENERGY": -460.0790886596191,
    "MP2 CORRELATION ENERGY": -0.1189762261620136,
    "MP2 OPPOSITE-SPIN CORRELATION ENERGY": -0.0958594520704253,
    "MP2 SAME-SPIN CORRELATION ENERGY": -0.0231167740915883,
    "MP2 TOTAL ENERGY": -460.10039717791125,
    "NUCLEAR REPULSION ENERGY": 4.711069746570026,
    "ONE-ELECTRON ENERGY": -645.0956430786024,
    "PCM POLARIZATION ENERGY": 0.0,
    "PE ENERGY": 0.0,
    "SCF DIPOLE X": 0.0,
    "SCF DIPOLE Y": 0.0,
    "SCF DIPOLE Z": -2.3440612612562832,
    "SCF ITERATION ENERGY": -459.98142095174876,
    "SCF ITERATIONS": 9.0,
    "SCF TOTAL ENERGY": -459.98142095174876,
    "TWO-ELECTRON ENERGY": 180.40315238028356
}