{
    "CC D1 DIAGNOSTIC": 0.031733320238972684,
    "CC D2 DIAGNOSTIC": 0.1697568554195531,
    "CC NEW D1 DIAGNOSTIC": 0.031733320238972684,
    "CC T1 DIAGNOSTIC": 0.01096929552001622,
    "CCSD CORRELATION ENERGY": -0.1766270815991222,
    "CCSD OPPOSITE-SPIN CORRELATION ENERGY": -0.14389197832397013,
    "CCSD SAME-SPIN CORRELATION ENERGY": -0.032735103275151584,
    "CCSD TOTAL ENERGY": -100.1466497044945,
    "CURRENT CORRELATION ENERGY": -0.1766270815991222,
    "CURRENT DIPOLE X": 0.0,
    "CURRENT DIPOLE Y": 0.0,
    "CURRENT DIPOLE Z": -2.7026310606871666,
    "CURRENT ENERGY": -100.1466497044945,
    "CURRENT REFERENCE ENERGY": -99.97002262289544,
    "HF TOTAL ENERGY": -99.97002262289544,
    "LCCSD (+LMP2) TOTAL ENERGY": -100.16012485272257,
    "MP2 CORRELATION ENERGY": -0.1745009456058257,
    "MP2 OPPOSITE-SPIN CORRELATION ENERGY": -0.13297160511931735,
    "MP2 SAME-SPIN CORRELATION ENERGY": -0.04152934048650836,
    "MP2 TOTAL ENERGY": -100.1445235685012,
    "NUCLEAR REPULSION ENERGY": 3.965507884142133,
    "ONE-ELECTRON ENERGY": -148.48164504133717,
    "PCM POLARIZATION ENERGY": 0.0,
    "PE ENERGY": 0.0,
    "SCF DIPOLE X": 0.0,
    "SCF DIPOLE Y": 0.0,
    "SCF DIPOLE Z": -2.7026310606871666,
    "SCF ITERATION ENERGY": -99.97002262289544,
    "SCF ITERATIONS": 10.0,
    "SCF TOTAL ENERGY": -99.97002262289544,
    "TWO-ELECTRON ENERGY": 44.54611453429959
}