{
    "CC D1 DIAGNOSTIC": 0.011209840757877832,
    "CC D2 DIAGNOSTIC": 0.1213766375975397,
    "CC NEW D1 DIAGNOSTIC": 0.011209840757877832,
    "CC T1 DIAGNOSTIC": 0.005609023284732815,
    "CCSD CORRELATION ENERGY": -0.22899662594423015,
    "CCSD OPPOSITE-SPIN CORRELATION ENERGY": -0.1833653770625603,
    "CCSD SAME-SPIN CORRELATION ENERGY": -0.04563124888166986,
    "CCSD TOTAL ENERGY": -108.71463790470833,
    "CURRENT CORRELATION ENERGY": -0.22899662594423015,
    "CURRENT DIPOLE X": 0.0,
    "CURRENT DIPOLE Y": 0.0,
    "CURRENT DIPOLE Z": -2.821905433653156e-16,
    "CURRENT ENERGY": -108.71463790470833,
    "CURRENT REFERENCE ENERGY": -108.48564127876405,
    "HF TOTAL ENERGY": -108.48564127876405,
    "LCCSD (+LMP2) TOTAL ENERGY": -108.71921744043834,
    "MP2 CORRELATION ENERGY": -0.2239499194644833,
    "MP2 OPPOSITE-SPIN CORRELATION ENERGY": -0.17091096448320892,
    "MP2 SAME-SPIN CORRELATION ENERGY": -0.053038954981274394,
    "MP2 TOTAL ENERGY": -108.70959119822858,
    "NUCLEAR REPULSION ENERGY": 31.463457202702273,
    "ONE-ELECTRON ENERGY": -208.21917774557124,
    "PCM POLARIZATION ENERGY": 0.0,
    "PE ENERGY": 0.0,
    "SCF DIPOLE X": 0.0,
    "SCF DIPOLE Y": 0.0,
    "SCF DIPOLE Z": -2.821905433653156e-16,
    "SCF ITERATION ENERGY": -108.48564127876405,
    "SCF ITERATIONS": 8.0,
    "SCF TOTAL ENERGY": -108.48564127876405,
    "TWO-ELECTRON ENERGY": 68.27007926410492
}