{
    "CC D1 DIAGNOSTIC": 0.028081257756216355,
    "CC D2 DIAGNOSTIC": 0.09390825739015374,
    "CC NEW D1 DIAGNOSTIC": 0.028081257756216355,
    "CC T1 DIAGNOSTIC": 0.013334358348698063,
    "CCSD CORRELATION ENERGY": -0.17496168408388374,
    "CCSD OPPOSITE-SPIN CORRELATION ENERGY": -0.1395178898694346,
    "CCSD SAME-SPIN CORRELATION ENERGY": -0.0354437942144491,
    "CCSD TOTAL ENERGY": -106.94848659683626,
    "CURRENT CORRELATION ENERGY": -0.17496168408388374,
    "CURRENT DIPOLE X": 0.0,
    "CURRENT DIPOLE Y": 0.0,
    "CURRENT DIPOLE Z": -4.375653181274953,
    "CURRENT ENERGY": -106.94848659683626,
    "CURRENT REFERENCE ENERGY": -106.77352491275244,
    "HF TOTAL ENERGY": -106.77352491275244,
    "LCCSD (+LMP2) TOTAL ENERGY": -106.94851587936522,
    "MP2 CORRELATION ENERGY": -0.17523886542628478,
    "MP2 OPPOSITE-SPIN CORRELATION ENERGY": -0.13262244211419388,
    "MP2 SAME-SPIN CORRELATION ENERGY": -0.042616423312090895,
    "MP2 TOTAL ENERGY": -106.94876377817866,
    "NUCLEAR REPULSION ENERGY": 13.13288292346379,
    "ONE-ELECTRON ENERGY": -176.63966751275214,
    "PCM POLARIZATION ENERGY": 0.0,
    "PE ENERGY": 0.0,
    "SCF DIPOLE X": 0.0,
    "SCF DIPOLE Y": 0.0,
    "SCF DIPOLE Z": -4.375653181274953,
    "SCF ITERATION ENERGY": -106.77352491275244,
    "SCF ITERATIONS": 10.0,
    "SCF TOTAL ENERGY": -106.77352491275244,
    "TWO-ELECTRON ENERGY": 56.733259676535916
}