{
    "CC D1 DIAGNOSTIC": 0.009184100503659776,
    "CC D2 DIAGNOSTIC": 0.08854326922739952,
    "CC NEW D1 DIAGNOSTIC": 0.009184100503659776,
    "CC T1 DIAGNOSTIC": 0.005215262260070817,
    "CCSD CORRELATION ENERGY": -0.1513609212289763,
    "CCSD OPPOSITE-SPIN CORRELATION ENERGY": -0.12079646357209739,
    "CCSD SAME-SPIN CORRELATION ENERGY": -0.03056445765687893,
    "CCSD TOTAL ENERGY": -100.120022234086,
    "CURRENT CORRELATION ENERGY": -0.1513609212289763,
    "CURRENT DIPOLE X": 0.0,
    "CURRENT DIPOLE Y": 0.0,
    "CURRENT DIPOLE Z": -2.1028771457232045,
    "CURRENT ENERGY": -100.120022234086,
    "CURRENT REFERENCE ENERGY": -99.96866131285694,
    "HF TOTAL ENERGY": -99.96866131285694,
    "LCCSD (+LMP2) TOTAL ENERGY": -100.11308602197289,
    "MP2 CORRELATION ENERGY": -0.14970203268986537,
    "MP2 OPPOSITE-SPIN CORRELATION ENERGY": -0.11376912870259664,
    "MP2 SAME-SPIN CORRELATION ENERGY": -0.03593290398726873,
    "MP2 TOTAL ENERGY": -100.11836334554688,
    "NUCLEAR REPULSION ENERGY": 6.425467012270989,
    "ONE-ELECTRON ENERGY": -152.61201853172756,
    "PCM POLARIZATION ENERGY": 0.0,
    "PE ENERGY": 0.0,
    "SCF DIPOLE X": 0.0,
    "SCF DIPOLE Y": 0.0,
    "SCF DIPOLE Z": -2.1028771457232045,
    "SCF ITERATION ENERGY": -99.96866131285694,
    "SCF ITERATIONS": 9.0,
    "SCF TOTAL ENERGY": -99.96866131285694,
    "TWO-ELECTRON ENERGY": 46.217890206599634
}