{
    "CC D1 DIAGNOSTIC": 0.4339856607800204,
    "CC D2 DIAGNOSTIC": 0.32857965499989755,
    "CC NEW D1 DIAGNOSTIC": 0.4339856607800204,
    "CC T1 DIAGNOSTIC": 0.18214828091743085,
    "CCSD CORRELATION ENERGY": -0.3353103808071476,
    "CCSD OPPOSITE-SPIN CORRELATION ENERGY": -0.2568788603817861,
    "CCSD SAME-SPIN CORRELATION ENERGY": -0.07843152042536117,
    "CCSD TOTAL ENERGY": -112.71089148361568,
    "CURRENT CORRELATION ENERGY": -0.3353103808071476,
    "CURRENT DIPOLE X": 0.0,
    "CURRENT DIPOLE Y": 0.0,
    "CURRENT DIPOLE Z": -3.044188069444405,
    "CURRENT ENERGY": -112.71089148361568,
    "CURRENT REFERENCE ENERGY": -112.37558110280855,
    "HF TOTAL ENERGY": -112.37558110280855,
    "LCCSD (+LMP2) TOTAL ENERGY": -112.7160644911493,
    "MP2 CORRELATION ENERGY": -0.25376865331072984,
    "MP2 OPPOSITE-SPIN CORRELATION ENERGY": -0.1969991430503049,
    "MP2 SAME-SPIN CORRELATION ENERGY": -0.056769510260424955,
    "MP2 TOTAL ENERGY": -112.62934975611927,
    "NUCLEAR REPULSION ENERGY": 13.624530232668036,
    "ONE-ELECTRON ENERGY": -180.93399106703316,
    "PCM POLARIZATION ENERGY": 0.0,
    "PE ENERGY": 0.0,
    "SCF DIPOLE X": 0.0,
    "SCF DIPOLE Y": 0.0,
    "SCF DIPOLE Z": -3.044188069444405,
    "SCF ITERATION ENERGY": -112.37558110280855,
    "SCF ITERATIONS": 14.0,
    "SCF TOTAL ENERGY": -112.37558110280855,
    "TWO-ELECTRON ENERGY": 54.93387973155657
}