{
    "CURRENT CORRELATION ENERGY": -0.017693272259750703,
    "CURRENT DIPOLE X": 0.0,
    "CURRENT DIPOLE Y": 0.0,
    "CURRENT DIPOLE Z": -1.0582145376199334e-14,
    "CURRENT ENERGY": -1.145509373814643,
    "CURRENT REFERENCE ENERGY": -1.1278161015548922,
    "CUSTOM SCS-MP2 CORRELATION ENERGY": -0.021231926711700815,
    "CUSTOM SCS-MP2 TOTAL ENERGY": -1.149048028266593,
    "HF TOTAL ENERGY": -1.1278161015548922,
    "MP2 CORRELATION ENERGY": -0.017693272259750703,
    "MP2 OPPOSITE-SPIN CORRELATION ENERGY": -0.01769327225975068,
    "MP2 SAME-SPIN CORRELATION ENERGY": 0.0,
    "MP2 TOTAL ENERGY": -1.145509373814643,
    "NUCLEAR REPULSION ENERGY": 0.740848094938,
    "ONE-ELECTRON ENERGY": -2.529452480726324,
    "PCM POLARIZATION ENERGY": 0.0,
    "PE ENERGY": 0.0,
    "SCF DIPOLE X": 0.0,
    "SCF DIPOLE Y": 0.0,
    "SCF DIPOLE Z": -1.0582145376199334e-14,
    "SCF ITERATION ENERGY": -1.1278161015548922,
    "SCF ITERATIONS": 5.0,
    "SCF TOTAL ENERGY": -1.1278161015548922,
    "SCS-MP2 CORRELATION ENERGY": -0.021231926711700815,
    "SCS-MP2 TOTAL ENERGY": -1.149048028266593,
    "SCS-MP2-VDW CORRELATION ENERGY": -0.022647388492480935,
    "SCS-MP2-VDW TOTAL ENERGY": -1.1504634900473731,
    "SCSN-MP2 CORRELATION ENERGY": 0.0,
    "SCSN-MP2 TOTAL ENERGY": -1.1278161015548922,
    "SOS-MP2 CORRELATION ENERGY": 0.0,
    "SOS-MP2 TOTAL ENERGY": -1.1278161015548922,
    "SOS-PI-MP2 CORRELATION ENERGY": -0.02477058116365094,
    "SOS-PI-MP2 TOTAL ENERGY": -1.1525866827185431,
    "TWO-ELECTRON ENERGY": 0.660788284233432
}