{
    "CC D1 DIAGNOSTIC": 0.010948028174236544,
    "CC D2 DIAGNOSTIC": 0.0797605651292634,
    "CC NEW D1 DIAGNOSTIC": 0.010948028174236544,
    "CC T1 DIAGNOSTIC": 0.0042345422830031496,
    "CCSD CORRELATION ENERGY": -0.10399584700103721,
    "CCSD OPPOSITE-SPIN CORRELATION ENERGY": -0.08539041659765666,
    "CCSD SAME-SPIN CORRELATION ENERGY": -0.01860543040338064,
    "CCSD TOTAL ENERGY": -459.8125746735961,
    "CURRENT CORRELATION ENERGY": -0.10399584700103721,
    "CURRENT DIPOLE X": 0.0,
    "CURRENT DIPOLE Y": 0.0,
    "CURRENT DIPOLE Z": -1.6434301526141677,
    "CURRENT ENERGY": -459.8125746735961,
    "CURRENT REFERENCE ENERGY": -459.708578826595,
    "HF TOTAL ENERGY": -459.708578826595,
    "LCCSD (+LMP2) TOTAL ENERGY": -459.81285865336633,
    "MP2 CORRELATION ENERGY": -0.09581207628184307,
    "MP2 OPPOSITE-SPIN CORRELATION ENERGY": -0.07682135281273852,
    "MP2 SAME-SPIN CORRELATION ENERGY": -0.018990723469104548,
    "MP2 TOTAL ENERGY": -459.8043909028769,
    "NUCLEAR REPULSION ENERGY": 11.016655407363753,
    "ONE-ELECTRON ENERGY": -656.468065294651,
    "PCM POLARIZATION ENERGY": 0.0,
    "PE ENERGY": 0.0,
    "SCF DIPOLE X": 0.0,
    "SCF DIPOLE Y": 0.0,
    "SCF DIPOLE Z": -1.6434301526141677,
    "SCF ITERATION ENERGY": -459.708578826595,
    "SCF ITERATIONS": 8.0,
    "SCF TOTAL ENERGY": -459.708578826595,
    "TWO-ELECTRON ENERGY": 185.74283106069225
}