{
    "CC D1 DIAGNOSTIC": 0.023403810118364676,
    "CC D2 DIAGNOSTIC": 0.18044057182916146,
    "CC NEW D1 DIAGNOSTIC": 0.023403810118364676,
    "CC T1 DIAGNOSTIC": 0.006966428154916061,
    "CCSD CORRELATION ENERGY": -0.12203458972808473,
    "CCSD OPPOSITE-SPIN CORRELATION ENERGY": -0.10170774757798696,
    "CCSD SAME-SPIN CORRELATION ENERGY": -0.020326842150097765,
    "CCSD TOTAL ENERGY": -460.16180989493796,
    "CURRENT CORRELATION ENERGY": -0.12203458972808473,
    "CURRENT DIPOLE X": 0.0,
    "CURRENT DIPOLE Y": 0.0,
    "CURRENT DIPOLE Z": -2.0551924374578645,
    "CURRENT ENERGY": -460.16180989493796,
    "CURRENT REFERENCE ENERGY": -460.03977530520973,
    "HF TOTAL ENERGY": -460.03977530520973,
    "LCCSD (+LMP2) TOTAL ENERGY": -460.1906092461185,
    "MP2 CORRELATION ENERGY": -0.10923014818308703,
    "MP2 OPPOSITE-SPIN CORRELATION ENERGY": -0.08739094037040139,
    "MP2 SAME-SPIN CORRELATION ENERGY": -0.02183920781268564,
    "MP2 TOTAL ENERGY": -460.149005453393,
    "NUCLEAR REPULSION ENERGY": 5.701294597759904,
    "ONE-ELECTRON ENERGY": -647.0337324344785,
    "PCM POLARIZATION ENERGY": 0.0,
    "PE ENERGY": 0.0,
    "SCF DIPOLE X": 0.0,
    "SCF DIPOLE Y": 0.0,
    "SCF DIPOLE Z": -2.0551924374578645,
    "SCF ITERATION ENERGY": -460.03977530520973,
    "SCF ITERATIONS": 9.0,
    "SCF TOTAL ENERGY": -460.03977530520973,
    "TWO-ELECTRON ENERGY": 181.29266253150882
}