{
    "CC D1 DIAGNOSTIC": 0.01934311722495089,
    "CC D2 DIAGNOSTIC": 0.1621598741747529,
    "CC NEW D1 DIAGNOSTIC": 0.01934311722495089,
    "CC T1 DIAGNOSTIC": 0.006205311695354686,
    "CCSD CORRELATION ENERGY": -0.11875964706100121,
    "CCSD OPPOSITE-SPIN CORRELATION ENERGY": -0.09859158815660934,
    "CCSD SAME-SPIN CORRELATION ENERGY": -0.02016805890439112,
    "CCSD TOTAL ENERGY": -460.17077495158287,
    "CURRENT CORRELATION ENERGY": -0.11875964706100121,
    "CURRENT DIPOLE X": 0.0,
    "CURRENT DIPOLE Y": 0.0,
    "CURRENT DIPOLE Z": -1.9986393162185068,
    "CURRENT ENERGY": -460.17077495158287,
    "CURRENT REFERENCE ENERGY": -460.05201530452166,
    "HF TOTAL ENERGY": -460.05201530452166,
    "LCCSD (+LMP2) TOTAL ENERGY": -460.16928355859864,
    "MP2 CORRELATION ENERGY": -0.10699313028081296,
    "MP2 OPPOSITE-SPIN CORRELATION ENERGY": -0.0855163285789732,
    "MP2 SAME-SPIN CORRELATION ENERGY": -0.021476801701839757,
    "MP2 TOTAL ENERGY": -460.15900843480273,
    "NUCLEAR REPULSION ENERGY": 6.017500852761713,
    "ONE-ELECTRON ENERGY": -647.6469479705726,
    "PCM POLARIZATION ENERGY": 0.0,
    "PE ENERGY": 0.0,
    "SCF DIPOLE X": 0.0,
    "SCF DIPOLE Y": 0.0,
    "SCF DIPOLE Z": -1.9986393162185068,
    "SCF ITERATION ENERGY": -460.05201530452166,
    "SCF ITERATIONS": 9.0,
    "SCF TOTAL ENERGY": -460.05201530452166,
    "TWO-ELECTRON ENERGY": 181.57743181328917
}