{
    "CC D1 DIAGNOSTIC": 0.010920914903884827,
    "CC D2 DIAGNOSTIC": 0.07882943204717013,
    "CC NEW D1 DIAGNOSTIC": 0.010920914903884827,
    "CC T1 DIAGNOSTIC": 0.0042387233379777844,
    "CCSD CORRELATION ENERGY": -0.10392894635192214,
    "CCSD OPPOSITE-SPIN CORRELATION ENERGY": -0.08534129060732384,
    "CCSD SAME-SPIN CORRELATION ENERGY": -0.01858765574459828,
    "CCSD TOTAL ENERGY": -459.73472329076714,
    "CURRENT CORRELATION ENERGY": -0.10392894635192214,
    "CURRENT DIPOLE X": 0.0,
    "CURRENT DIPOLE Y": 0.0,
    "CURRENT DIPOLE Z": -1.621232150113019,
    "CURRENT ENERGY": -459.73472329076714,
    "CURRENT REFERENCE ENERGY": -459.6307943444152,
    "HF TOTAL ENERGY": -459.6307943444152,
    "LCCSD (+LMP2) TOTAL ENERGY": -459.76033760163205,
    "MP2 CORRELATION ENERGY": -0.0957255642306497,
    "MP2 OPPOSITE-SPIN CORRELATION ENERGY": -0.07677332434271865,
    "MP2 SAME-SPIN CORRELATION ENERGY": -0.018952239887931058,
    "MP2 TOTAL ENERGY": -459.72651990864586,
    "NUCLEAR REPULSION ENERGY": 11.439019192949585,
    "ONE-ELECTRON ENERGY": -657.1126653735574,
    "PCM POLARIZATION ENERGY": 0.0,
    "PE ENERGY": 0.0,
    "SCF DIPOLE X": 0.0,
    "SCF DIPOLE Y": 0.0,
    "SCF DIPOLE Z": -1.621232150113019,
    "SCF ITERATION ENERGY": -459.6307943444152,
    "SCF ITERATIONS": 8.0,
    "SCF TOTAL ENERGY": -459.6307943444152,
    "TWO-ELECTRON ENERGY": 186.04285183619263
}