{
    "CURRENT CORRELATION ENERGY": -0.03935473054861882,
    "CURRENT DIPOLE X": 0.0,
    "CURRENT DIPOLE Y": 0.0,
    "CURRENT DIPOLE Z": 3.6772955182292684e-15,
    "CURRENT ENERGY": -0.9829545203975163,
    "CURRENT REFERENCE ENERGY": -0.9435997898488975,
    "CUSTOM SCS-MP2 CORRELATION ENERGY": -0.047225676658342576,
    "CUSTOM SCS-MP2 TOTAL ENERGY": -0.99082546650724,
    "HF TOTAL ENERGY": -0.9435997898488975,
    "MP2 CORRELATION ENERGY": -0.03935473054861882,
    "MP2 OPPOSITE-SPIN CORRELATION ENERGY": -0.039354730548618815,
    "MP2 SAME-SPIN CORRELATION ENERGY": 0.0,
    "MP2 TOTAL ENERGY": -0.9829545203975163,
    "NUCLEAR REPULSION ENERGY": 0.28651583782132595,
    "ONE-ELECTRON ENERGY": -1.6515661765945655,
    "PCM POLARIZATION ENERGY": 0.0,
    "PE ENERGY": 0.0,
    "SCF DIPOLE X": 0.0,
    "SCF DIPOLE Y": 0.0,
    "SCF DIPOLE Z": 3.6772955182292684e-15,
    "SCF ITERATION ENERGY": -0.9435997898488975,
    "SCF ITERATIONS": 5.0,
    "SCF TOTAL ENERGY": -0.9435997898488975,
    "SCS-MP2 CORRELATION ENERGY": -0.047225676658342576,
    "SCS-MP2 TOTAL ENERGY": -0.99082546650724,
    "SCS-MP2-VDW CORRELATION ENERGY": -0.05037405510223203,
    "SCS-MP2-VDW TOTAL ENERGY": -0.9939738449511295,
    "SCSN-MP2 CORRELATION ENERGY": 0.0,
    "SCSN-MP2 TOTAL ENERGY": -0.9435997898488975,
    "SOS-MP2 CORRELATION ENERGY": 0.0,
    "SOS-MP2 TOTAL ENERGY": -0.9435997898488975,
    "SOS-PI-MP2 CORRELATION ENERGY": -0.05509662276806637,
    "SOS-PI-MP2 TOTAL ENERGY": -0.9986964126169638,
    "TWO-ELECTRON ENERGY": 0.4214505489243421
}