{
    "CC D1 DIAGNOSTIC": 0.054966477530418306,
    "CC D2 DIAGNOSTIC": 0.09005295400914531,
    "CC NEW D1 DIAGNOSTIC": 0.054966477530418306,
    "CC T1 DIAGNOSTIC": 0.015385432678633326,
    "CCSD CORRELATION ENERGY": -0.28581899353864143,
    "CCSD OPPOSITE-SPIN CORRELATION ENERGY": -0.2215326950451897,
    "CCSD SAME-SPIN CORRELATION ENERGY": -0.06428629849345147,
    "CCSD TOTAL ENERGY": -261.37758360939074,
    "CURRENT CORRELATION ENERGY": -0.28581899353864143,
    "CURRENT DIPOLE X": 0.0,
    "CURRENT DIPOLE Y": 0.0,
    "CURRENT DIPOLE Z": -6.260719456265134,
    "CURRENT ENERGY": -261.37758360939074,
    "CURRENT REFERENCE ENERGY": -261.0917646158523,
    "HF TOTAL ENERGY": -261.0917646158523,
    "LCCSD (+LMP2) TOTAL ENERGY": -261.3780375269042,
    "MP2 CORRELATION ENERGY": -0.2864942137508108,
    "MP2 OPPOSITE-SPIN CORRELATION ENERGY": -0.2127138084716746,
    "MP2 SAME-SPIN CORRELATION ENERGY": -0.07378040527913621,
    "MP2 TOTAL ENERGY": -261.3782588296029,
    "NUCLEAR REPULSION ENERGY": 39.19293318575063,
    "ONE-ELECTRON ENERGY": -448.1739504185756,
    "PCM POLARIZATION ENERGY": 0.0,
    "PE ENERGY": 0.0,
    "SCF DIPOLE X": 0.0,
    "SCF DIPOLE Y": 0.0,
    "SCF DIPOLE Z": -6.260719456265134,
    "SCF ITERATION ENERGY": -261.0917646158523,
    "SCF ITERATIONS": 11.0,
    "SCF TOTAL ENERGY": -261.0917646158523,
    "TWO-ELECTRON ENERGY": 147.88925261697267
}