{
    "CC D1 DIAGNOSTIC": 0.2049406611527366,
    "CC D2 DIAGNOSTIC": 0.22640712263077975,
    "CC NEW D1 DIAGNOSTIC": 0.2049406611527366,
    "CC T1 DIAGNOSTIC": 0.0835503218814741,
    "CCSD CORRELATION ENERGY": -0.3198274869300053,
    "CCSD OPPOSITE-SPIN CORRELATION ENERGY": -0.2563536443961401,
    "CCSD SAME-SPIN CORRELATION ENERGY": -0.0634738425338649,
    "CCSD TOTAL ENERGY": -112.78168850728717,
    "CURRENT CORRELATION ENERGY": -0.3198274869300053,
    "CURRENT DIPOLE X": 0.0,
    "CURRENT DIPOLE Y": 0.0,
    "CURRENT DIPOLE Z": -2.890060466248314,
    "CURRENT ENERGY": -112.78168850728717,
    "CURRENT REFERENCE ENERGY": -112.46186102035719,
    "HF TOTAL ENERGY": -112.46186102035719,
    "LCCSD (+LMP2) TOTAL ENERGY": -112.78169472138276,
    "MP2 CORRELATION ENERGY": -0.33166507273287893,
    "MP2 OPPOSITE-SPIN CORRELATION ENERGY": -0.24529146502062912,
    "MP2 SAME-SPIN CORRELATION ENERGY": -0.0863736077122498,
    "MP2 TOTAL ENERGY": -112.79352609309004,
    "NUCLEAR REPULSION ENERGY": 15.434200660518599,
    "ONE-ELECTRON ENERGY": -184.32742776801382,
    "PCM POLARIZATION ENERGY": 0.0,
    "PE ENERGY": 0.0,
    "SCF DIPOLE X": 0.0,
    "SCF DIPOLE Y": 0.0,
    "SCF DIPOLE Z": -2.890060466248314,
    "SCF ITERATION ENERGY": -112.46186102035719,
    "SCF ITERATIONS": 12.0,
    "SCF TOTAL ENERGY": -112.46186102035719,
    "TWO-ELECTRON ENERGY": 56.43136608713803
}