{
    "CC D1 DIAGNOSTIC": 0.0375582537243571,
    "CC D2 DIAGNOSTIC": 0.09200669983405436,
    "CC NEW D1 DIAGNOSTIC": 0.0375582537243571,
    "CC T1 DIAGNOSTIC": 0.014168927978574311,
    "CCSD CORRELATION ENERGY": -0.29164579884363306,
    "CCSD OPPOSITE-SPIN CORRELATION ENERGY": -0.22664196376630136,
    "CCSD SAME-SPIN CORRELATION ENERGY": -0.06500383507733165,
    "CCSD TOTAL ENERGY": -261.61738237830133,
    "CURRENT CORRELATION ENERGY": -0.29164579884363306,
    "CURRENT DIPOLE X": 0.0,
    "CURRENT DIPOLE Y": 0.0,
    "CURRENT DIPOLE Z": -7.785728469190924,
    "CURRENT ENERGY": -261.61738237830133,
    "CURRENT REFERENCE ENERGY": -261.3257365794571,
    "HF TOTAL ENERGY": -261.3257365794571,
    "LCCSD (+LMP2) TOTAL ENERGY": -261.61738237830133,
    "MP2 CORRELATION ENERGY": -0.2932721587906884,
    "MP2 OPPOSITE-SPIN CORRELATION ENERGY": -0.21782772401240239,
    "MP2 SAME-SPIN CORRELATION ENERGY": -0.07544443477828602,
    "MP2 TOTAL ENERGY": -261.61900873824834,
    "NUCLEAR REPULSION ENERGY": 29.786629221170493,
    "ONE-ELECTRON ENERGY": -429.59167812384175,
    "PCM POLARIZATION ENERGY": 0.0,
    "PE ENERGY": 0.0,
    "SCF DIPOLE X": 0.0,
    "SCF DIPOLE Y": 0.0,
    "SCF DIPOLE Z": -7.785728469190924,
    "SCF ITERATION ENERGY": -261.3257365794571,
    "SCF ITERATIONS": 10.0,
    "SCF TOTAL ENERGY": -261.3257365794571,
    "TWO-ELECTRON ENERGY": 138.47931232321417
}