{
    "CC D1 DIAGNOSTIC": 0.051893514139269216,
    "CC D2 DIAGNOSTIC": 0.3157783290822099,
    "CC NEW D1 DIAGNOSTIC": 0.051893514139269216,
    "CC T1 DIAGNOSTIC": 0.01617148516139987,
    "CCSD CORRELATION ENERGY": -0.35606537438409125,
    "CCSD OPPOSITE-SPIN CORRELATION ENERGY": -0.29580461342668724,
    "CCSD SAME-SPIN CORRELATION ENERGY": -0.0602607609574044,
    "CCSD TOTAL ENERGY": -149.82332360732883,
    "CURRENT CORRELATION ENERGY": -0.35606537438409125,
    "CURRENT DIPOLE X": 0.0,
    "CURRENT DIPOLE Y": 0.0,
    "CURRENT DIPOLE Z": 0.0,
    "CURRENT ENERGY": -149.82332360732883,
    "CURRENT REFERENCE ENERGY": -149.46725823294483,
    "HF TOTAL ENERGY": -149.4672582329448,
    "LCCSD (+LMP2) TOTAL ENERGY": -149.8689871905042,
    "MP2 CORRELATION ENERGY": -0.38533740982215176,
    "MP2 OPPOSITE-SPIN CORRELATION ENERGY": -0.2877374508592891,
    "MP2 SAME-SPIN CORRELATION ENERGY": -0.09759995896286267,
    "MP2 TOTAL ENERGY": -149.8525956427669,
    "NUCLEAR REPULSION ENERGY": 24.374686998528464,
    "ONE-ELECTRON ENERGY": -254.10935142748963,
    "PCM POLARIZATION ENERGY": 0.0,
    "PE ENERGY": 0.0,
    "SCF DIPOLE X": 0.0,
    "SCF DIPOLE Y": 0.0,
    "SCF DIPOLE Z": 0.0,
    "SCF ITERATION ENERGY": -149.46725823294483,
    "SCF ITERATIONS": 9.0,
    "SCF TOTAL ENERGY": -149.46725823294483,
    "TWO-ELECTRON ENERGY": 80.26740619601637
}