{
    "CC D1 DIAGNOSTIC": 0.01198270671928984,
    "CC D2 DIAGNOSTIC": 0.19106861598659858,
    "CC NEW D1 DIAGNOSTIC": 0.01198270671928984,
    "CC T1 DIAGNOSTIC": 0.005781498065953229,
    "CCSD CORRELATION ENERGY": -0.24603213926757234,
    "CCSD OPPOSITE-SPIN CORRELATION ENERGY": -0.19773015866890828,
    "CCSD SAME-SPIN CORRELATION ENERGY": -0.048301980598664,
    "CCSD TOTAL ENERGY": -149.03917252684172,
    "CURRENT CORRELATION ENERGY": -0.24603213926757234,
    "CURRENT DIPOLE X": 0.0,
    "CURRENT DIPOLE Y": 0.0,
    "CURRENT DIPOLE Z": 0.0,
    "CURRENT ENERGY": -149.03917252684172,
    "CURRENT REFERENCE ENERGY": -148.79314038757425,
    "HF TOTAL ENERGY": -148.79314038757425,
    "LCCSD (+LMP2) TOTAL ENERGY": -149.0405831560535,
    "MP2 CORRELATION ENERGY": -0.23481220749126172,
    "MP2 OPPOSITE-SPIN CORRELATION ENERGY": -0.18080004028705474,
    "MP2 SAME-SPIN CORRELATION ENERGY": -0.054012167204206984,
    "MP2 TOTAL ENERGY": -149.02795259506541,
    "NUCLEAR REPULSION ENERGY": 41.86087549747279,
    "ONE-ELECTRON ENERGY": -285.88149797098316,
    "PCM POLARIZATION ENERGY": 0.0,
    "PE ENERGY": 0.0,
    "SCF DIPOLE X": 0.0,
    "SCF DIPOLE Y": 0.0,
    "SCF DIPOLE Z": 0.0,
    "SCF ITERATION ENERGY": -148.79314038757425,
    "SCF ITERATIONS": 9.0,
    "SCF TOTAL ENERGY": -148.79314038757425,
    "TWO-ELECTRON ENERGY": 95.22748208593612
}