{
    "CC D1 DIAGNOSTIC": 0.025171337603927306,
    "CC D2 DIAGNOSTIC": 0.13215351229948186,
    "CC NEW D1 DIAGNOSTIC": 0.025171337603927306,
    "CC T1 DIAGNOSTIC": 0.010813841138100563,
    "CCSD CORRELATION ENERGY": -0.23344210320815273,
    "CCSD OPPOSITE-SPIN CORRELATION ENERGY": -0.18730112460668988,
    "CCSD SAME-SPIN CORRELATION ENERGY": -0.04614097860146285,
    "CCSD TOTAL ENERGY": -112.80176529073806,
    "CURRENT CORRELATION ENERGY": -0.23344210320815273,
    "CURRENT DIPOLE X": 0.0,
    "CURRENT DIPOLE Y": 0.0,
    "CURRENT DIPOLE Z": 0.35549327795290214,
    "CURRENT ENERGY": -112.80176529073806,
    "CURRENT REFERENCE ENERGY": -112.56832318753001,
    "HF TOTAL ENERGY": -112.56832318753001,
    "LCCSD (+LMP2) TOTAL ENERGY": -112.80185129961208,
    "MP2 CORRELATION ENERGY": -0.22974719837992533,
    "MP2 OPPOSITE-SPIN CORRELATION ENERGY": -0.17495438059296753,
    "MP2 SAME-SPIN CORRELATION ENERGY": -0.0547928177869578,
    "MP2 TOTAL ENERGY": -112.79807038590984,
    "NUCLEAR REPULSION ENERGY": 27.102952902519252,
    "ONE-ELECTRON ENERGY": -206.27712501946596,
    "PCM POLARIZATION ENERGY": 0.0,
    "PE ENERGY": 0.0,
    "SCF DIPOLE X": 0.0,
    "SCF DIPOLE Y": 0.0,
    "SCF DIPOLE Z": 0.35549327795290214,
    "SCF ITERATION ENERGY": -112.56832318753001,
    "SCF ITERATIONS": 9.0,
    "SCF TOTAL ENERGY": -112.56832318753001,
    "TWO-ELECTRON ENERGY": 66.60584892941668
}