{
    "CC D1 DIAGNOSTIC": 0.025800135079787012,
    "CC D2 DIAGNOSTIC": 0.1331406384389944,
    "CC NEW D1 DIAGNOSTIC": 0.025800135079787012,
    "CC T1 DIAGNOSTIC": 0.011027128128673685,
    "CCSD CORRELATION ENERGY": -0.23427668352040856,
    "CCSD OPPOSITE-SPIN CORRELATION ENERGY": -0.18800556460321338,
    "CCSD SAME-SPIN CORRELATION ENERGY": -0.046271118917195264,
    "CCSD TOTAL ENERGY": -112.81530521208776,
    "CURRENT CORRELATION ENERGY": -0.23427668352040856,
    "CURRENT DIPOLE X": 0.0,
    "CURRENT DIPOLE Y": 0.0,
    "CURRENT DIPOLE Z": 0.32508097407046077,
    "CURRENT ENERGY": -112.81530521208776,
    "CURRENT REFERENCE ENERGY": -112.58102852856727,
    "HF TOTAL ENERGY": -112.58102852856727,
    "LCCSD (+LMP2) TOTAL ENERGY": -112.81538591895624,
    "MP2 CORRELATION ENERGY": -0.2308053008480568,
    "MP2 OPPOSITE-SPIN CORRELATION ENERGY": -0.17570119139157814,
    "MP2 SAME-SPIN CORRELATION ENERGY": -0.05510410945647867,
    "MP2 TOTAL ENERGY": -112.81183382941542,
    "NUCLEAR REPULSION ENERGY": 26.886705937871493,
    "ONE-ELECTRON ENERGY": -205.89031338039865,
    "PCM POLARIZATION ENERGY": 0.0,
    "PE ENERGY": 0.0,
    "SCF DIPOLE X": 0.0,
    "SCF DIPOLE Y": 0.0,
    "SCF DIPOLE Z": 0.32508097407046077,
    "SCF ITERATION ENERGY": -112.58102852856727,
    "SCF ITERATIONS": 9.0,
    "SCF TOTAL ENERGY": -112.58102852856727,
    "TWO-ELECTRON ENERGY": 66.4225789139599
}