{
    "CURRENT CORRELATION ENERGY": -0.04219238234158207,
    "CURRENT DIPOLE X": 0.0,
    "CURRENT DIPOLE Y": 0.0,
    "CURRENT DIPOLE Z": 1.5820307337418005e-14,
    "CURRENT ENERGY": -0.9729459888407493,
    "CURRENT REFERENCE ENERGY": -0.9307536064991673,
    "CUSTOM SCS-MP2 CORRELATION ENERGY": -0.050630858809898524,
    "CUSTOM SCS-MP2 TOTAL ENERGY": -0.9813844653090658,
    "HF TOTAL ENERGY": -0.9307536064991673,
    "MP2 CORRELATION ENERGY": -0.04219238234158207,
    "MP2 OPPOSITE-SPIN CORRELATION ENERGY": -0.0421923823415821,
    "MP2 SAME-SPIN CORRELATION ENERGY": 0.0,
    "MP2 TOTAL ENERGY": -0.9729459888407493,
    "NUCLEAR REPULSION ENERGY": 0.2729440349771579,
    "ONE-ELECTRON ENERGY": -1.6157463267686385,
    "PCM POLARIZATION ENERGY": 0.0,
    "PE ENERGY": 0.0,
    "SCF DIPOLE X": 0.0,
    "SCF DIPOLE Y": 0.0,
    "SCF DIPOLE Z": 1.5820307337418005e-14,
    "SCF ITERATION ENERGY": -0.9307536064991673,
    "SCF ITERATIONS": 5.0,
    "SCF TOTAL ENERGY": -0.9307536064991673,
    "SCS-MP2 CORRELATION ENERGY": -0.050630858809898524,
    "SCS-MP2 TOTAL ENERGY": -0.9813844653090658,
    "SCS-MP2-VDW CORRELATION ENERGY": -0.05400624939722509,
    "SCS-MP2-VDW TOTAL ENERGY": -0.9847598558963924,
    "SCSN-MP2 CORRELATION ENERGY": 0.0,
    "SCSN-MP2 TOTAL ENERGY": -0.9307536064991673,
    "SOS-MP2 CORRELATION ENERGY": 0.0,
    "SOS-MP2 TOTAL ENERGY": -0.9307536064991673,
    "SOS-PI-MP2 CORRELATION ENERGY": -0.059069335278214896,
    "SOS-PI-MP2 TOTAL ENERGY": -0.9898229417773822,
    "TWO-ELECTRON ENERGY": 0.4120486852923133
}