{
    "CC D1 DIAGNOSTIC": 0.44039101026182786,
    "CC D2 DIAGNOSTIC": 0.3956286604993302,
    "CC NEW D1 DIAGNOSTIC": 0.44039101026182786,
    "CC T1 DIAGNOSTIC": 0.14553855957337683,
    "CCSD CORRELATION ENERGY": -0.46968205407900426,
    "CCSD OPPOSITE-SPIN CORRELATION ENERGY": -0.36171847606985097,
    "CCSD SAME-SPIN CORRELATION ENERGY": -0.10796357800915468,
    "CCSD TOTAL ENERGY": -187.5570388496337,
    "CURRENT CORRELATION ENERGY": -0.46968205407900426,
    "CURRENT DIPOLE X": 0.0,
    "CURRENT DIPOLE Y": 0.0,
    "CURRENT DIPOLE Z": 0.0,
    "CURRENT ENERGY": -187.5570388496337,
    "CURRENT REFERENCE ENERGY": -187.08735679555338,
    "HF TOTAL ENERGY": -187.08735679555338,
    "LCCSD (+LMP2) TOTAL ENERGY": -187.55735734241603,
    "MP2 CORRELATION ENERGY": -0.3513395131739283,
    "MP2 OPPOSITE-SPIN CORRELATION ENERGY": -0.2746624483740045,
    "MP2 SAME-SPIN CORRELATION ENERGY": -0.07667706479992381,
    "MP2 TOTAL ENERGY": -187.43869630872862,
    "NUCLEAR REPULSION ENERGY": 35.19373866889357,
    "ONE-ELECTRON ENERGY": -326.85359074820843,
    "PCM POLARIZATION ENERGY": 0.0,
    "PE ENERGY": 0.0,
    "SCF DIPOLE X": 0.0,
    "SCF DIPOLE Y": 0.0,
    "SCF DIPOLE Z": 0.0,
    "SCF ITERATION ENERGY": -187.08735679555338,
    "SCF ITERATIONS": 13.0,
    "SCF TOTAL ENERGY": -187.08735679555338,
    "TWO-ELECTRON ENERGY": 104.57249528376148
}