{
    "CC D1 DIAGNOSTIC": 0.014373450405539535,
    "CC D2 DIAGNOSTIC": 0.11215906810344269,
    "CC NEW D1 DIAGNOSTIC": 0.014373450405539535,
    "CC T1 DIAGNOSTIC": 0.006343952126625564,
    "CCSD CORRELATION ENERGY": -0.1605169432270964,
    "CCSD OPPOSITE-SPIN CORRELATION ENERGY": -0.12876346842087624,
    "CCSD SAME-SPIN CORRELATION ENERGY": -0.03175347480622012,
    "CCSD TOTAL ENERGY": -100.18212818424902,
    "CURRENT CORRELATION ENERGY": -0.1605169432270964,
    "CURRENT DIPOLE X": 0.0,
    "CURRENT DIPOLE Y": 0.0,
    "CURRENT DIPOLE Z": -2.330482729239534,
    "CURRENT ENERGY": -100.18212818424902,
    "CURRENT REFERENCE ENERGY": -100.02161124102203,
    "HF TOTAL ENERGY": -100.02161124102203,
    "LCCSD (+LMP2) TOTAL ENERGY": -100.16416465836568,
    "MP2 CORRELATION ENERGY": -0.1592480035874791,
    "MP2 OPPOSITE-SPIN CORRELATION ENERGY": -0.12092148825749376,
    "MP2 SAME-SPIN CORRELATION ENERGY": -0.038326515329985336,
    "MP2 TOTAL ENERGY": -100.18085924460941,
    "NUCLEAR REPULSION ENERGY": 5.207452661043793,
    "ONE-ELECTRON ENERGY": -150.64204601029968,
    "PCM POLARIZATION ENERGY": 0.0,
    "PE ENERGY": 0.0,
    "SCF DIPOLE X": 0.0,
    "SCF DIPOLE Y": 0.0,
    "SCF DIPOLE Z": -2.330482729239534,
    "SCF ITERATION ENERGY": -100.02161124102203,
    "SCF ITERATIONS": 9.0,
    "SCF TOTAL ENERGY": -100.02161124102203,
    "TWO-ELECTRON ENERGY": 45.41298210823386
}