{
    "CC D1 DIAGNOSTIC": 0.14682223453750806,
    "CC D2 DIAGNOSTIC": 0.20029561739050478,
    "CC NEW D1 DIAGNOSTIC": 0.14682223453750806,
    "CC T1 DIAGNOSTIC": 0.04736903588369491,
    "CCSD CORRELATION ENERGY": -0.4718496104700424,
    "CCSD OPPOSITE-SPIN CORRELATION ENERGY": -0.3726565985114449,
    "CCSD SAME-SPIN CORRELATION ENERGY": -0.09919301195859814,
    "CCSD TOTAL ENERGY": -187.82581278929428,
    "CURRENT CORRELATION ENERGY": -0.4718496104700424,
    "CURRENT DIPOLE X": 0.0,
    "CURRENT DIPOLE Y": 0.0,
    "CURRENT DIPOLE Z": 0.0,
    "CURRENT ENERGY": -187.82581278929428,
    "CURRENT REFERENCE ENERGY": -187.35396317882467,
    "HF TOTAL ENERGY": -187.3539631788247,
    "LCCSD (+LMP2) TOTAL ENERGY": -187.8262923456602,
    "MP2 CORRELATION ENERGY": -0.49128086636885576,
    "MP2 OPPOSITE-SPIN CORRELATION ENERGY": -0.36108751305572984,
    "MP2 SAME-SPIN CORRELATION ENERGY": -0.13019335331312593,
    "MP2 TOTAL ENERGY": -187.8452440451931,
    "NUCLEAR REPULSION ENERGY": 45.76978577312814,
    "ONE-ELECTRON ENERGY": -347.21730340525573,
    "PCM POLARIZATION ENERGY": 0.0,
    "PE ENERGY": 0.0,
    "SCF DIPOLE X": 0.0,
    "SCF DIPOLE Y": 0.0,
    "SCF DIPOLE Z": 0.0,
    "SCF ITERATION ENERGY": -187.35396317882467,
    "SCF ITERATIONS": 11.0,
    "SCF TOTAL ENERGY": -187.35396317882467,
    "TWO-ELECTRON ENERGY": 114.0935544533029
}