{
    "CC D1 DIAGNOSTIC": 0.010843018712673883,
    "CC D2 DIAGNOSTIC": 0.07713035383618672,
    "CC NEW D1 DIAGNOSTIC": 0.010843018712673883,
    "CC T1 DIAGNOSTIC": 0.004295258561406884,
    "CCSD CORRELATION ENERGY": -0.10408554850695685,
    "CCSD OPPOSITE-SPIN CORRELATION ENERGY": -0.08549353359060977,
    "CCSD SAME-SPIN CORRELATION ENERGY": -0.018592014916347266,
    "CCSD TOTAL ENERGY": -459.2522627419909,
    "CURRENT CORRELATION ENERGY": -0.10408554850695685,
    "CURRENT DIPOLE X": 0.0,
    "CURRENT DIPOLE Y": 0.0,
    "CURRENT DIPOLE Z": -1.5152247530357703,
    "CURRENT ENERGY": -459.2522627419909,
    "CURRENT REFERENCE ENERGY": -459.1481771934837,
    "HF TOTAL ENERGY": -459.14817719348366,
    "LCCSD (+LMP2) TOTAL ENERGY": -459.2525702887852,
    "MP2 CORRELATION ENERGY": -0.09571186068718616,
    "MP2 OPPOSITE-SPIN CORRELATION ENERGY": -0.07681919197281807,
    "MP2 SAME-SPIN CORRELATION ENERGY": -0.018892668714368094,
    "MP2 TOTAL ENERGY": -459.2438890541711,
    "NUCLEAR REPULSION ENERGY": 13.510992480729133,
    "ONE-ELECTRON ENERGY": -660.01501158772,
    "PCM POLARIZATION ENERGY": 0.0,
    "PE ENERGY": 0.0,
    "SCF DIPOLE X": 0.0,
    "SCF DIPOLE Y": 0.0,
    "SCF DIPOLE Z": -1.5152247530357703,
    "SCF ITERATION ENERGY": -459.1481771934837,
    "SCF ITERATIONS": 8.0,
    "SCF TOTAL ENERGY": -459.1481771934837,
    "TWO-ELECTRON ENERGY": 187.3558419135072
}