{
    "CC D1 DIAGNOSTIC": 0.011136173733695161,
    "CC D2 DIAGNOSTIC": 0.10263965427656903,
    "CC NEW D1 DIAGNOSTIC": 0.011136173733695161,
    "CC T1 DIAGNOSTIC": 0.004756247547917066,
    "CCSD CORRELATION ENERGY": -0.2097508716917102,
    "CCSD OPPOSITE-SPIN CORRELATION ENERGY": -0.16618285630536153,
    "CCSD SAME-SPIN CORRELATION ENERGY": -0.04356801538634855,
    "CCSD TOTAL ENERGY": -105.66130450832499,
    "CURRENT CORRELATION ENERGY": -0.2097508716917102,
    "CURRENT DIPOLE X": 0.0,
    "CURRENT DIPOLE Y": 0.0,
    "CURRENT DIPOLE Z": 0.0,
    "CURRENT ENERGY": -105.66130450832499,
    "CURRENT REFERENCE ENERGY": -105.45155363663329,
    "HF TOTAL ENERGY": -105.45155363663329,
    "LCCSD (+LMP2) TOTAL ENERGY": -105.691074412155,
    "MP2 CORRELATION ENERGY": -0.20050428688763003,
    "MP2 OPPOSITE-SPIN CORRELATION ENERGY": -0.15369524056271877,
    "MP2 SAME-SPIN CORRELATION ENERGY": -0.04680904632491126,
    "MP2 TOTAL ENERGY": -105.65205792352091,
    "NUCLEAR REPULSION ENERGY": 45.663778595072316,
    "ONE-ELECTRON ENERGY": -229.55090034020134,
    "PCM POLARIZATION ENERGY": 0.0,
    "PE ENERGY": 0.0,
    "SCF DIPOLE X": 0.0,
    "SCF DIPOLE Y": 0.0,
    "SCF DIPOLE Z": 0.0,
    "SCF ITERATION ENERGY": -105.45155363663329,
    "SCF ITERATIONS": 9.0,
    "SCF TOTAL ENERGY": -105.45155363663329,
    "TWO-ELECTRON ENERGY": 78.43556810849574
}