{
    "CC D1 DIAGNOSTIC": 0.013404356561943255,
    "CC D2 DIAGNOSTIC": 0.11138807646815062,
    "CC NEW D1 DIAGNOSTIC": 0.013404356561943255,
    "CC T1 DIAGNOSTIC": 0.006584627835612941,
    "CCSD CORRELATION ENERGY": -0.15817525296144377,
    "CCSD OPPOSITE-SPIN CORRELATION ENERGY": -0.12947508207509004,
    "CCSD SAME-SPIN CORRELATION ENERGY": -0.02870017088635371,
    "CCSD TOTAL ENERGY": -76.12903993345311,
    "CURRENT CORRELATION ENERGY": -0.15817525296144377,
    "CURRENT DIPOLE X": 0.0,
    "CURRENT DIPOLE Y": 0.0,
    "CURRENT DIPOLE Z": -0.5906162239701318,
    "CURRENT ENERGY": -76.12903993345311,
    "CURRENT REFERENCE ENERGY": -75.9708646804917,
    "HF TOTAL ENERGY": -75.9708646804917,
    "LCCSD (+LMP2) TOTAL ENERGY": -76.14378783571645,
    "MP2 CORRELATION ENERGY": -0.15337730572382913,
    "MP2 OPPOSITE-SPIN CORRELATION ENERGY": -0.11845507341907764,
    "MP2 SAME-SPIN CORRELATION ENERGY": -0.034922232304751485,
    "MP2 TOTAL ENERGY": -76.1242419862155,
    "NUCLEAR REPULSION ENERGY": 9.096512797913213,
    "ONE-ELECTRON ENERGY": -123.11802011115317,
    "PCM POLARIZATION ENERGY": 0.0,
    "PE ENERGY": 0.0,
    "SCF DIPOLE X": 0.0,
    "SCF DIPOLE Y": 0.0,
    "SCF DIPOLE Z": -0.5906162239701318,
    "SCF ITERATION ENERGY": -75.9708646804917,
    "SCF ITERATIONS": 10.0,
    "SCF TOTAL ENERGY": -75.9708646804917,
    "TWO-ELECTRON ENERGY": 38.050642632748264
}