{
    "CC D1 DIAGNOSTIC": 0.16914827191091839,
    "CC D2 DIAGNOSTIC": 0.4689543833156297,
    "CC NEW D1 DIAGNOSTIC": 0.16914827191091839,
    "CC T1 DIAGNOSTIC": 0.03811654343014324,
    "CCSD CORRELATION ENERGY": -0.3520273562557077,
    "CCSD OPPOSITE-SPIN CORRELATION ENERGY": -0.2876969212646642,
    "CCSD SAME-SPIN CORRELATION ENERGY": -0.06433043499104435,
    "CCSD TOTAL ENERGY": -260.33795773201535,
    "CURRENT CORRELATION ENERGY": -0.3520273562557077,
    "CURRENT DIPOLE X": 0.0,
    "CURRENT DIPOLE Y": 0.0,
    "CURRENT DIPOLE Z": 0.39620567332109285,
    "CURRENT ENERGY": -260.33795773201535,
    "CURRENT REFERENCE ENERGY": -259.9859303757598,
    "HF TOTAL ENERGY": -259.9859303757598,
    "LCCSD (+LMP2) TOTAL ENERGY": -260.33518820225373,
    "MP2 CORRELATION ENERGY": -0.3491875696362303,
    "MP2 OPPOSITE-SPIN CORRELATION ENERGY": -0.26341148451238044,
    "MP2 SAME-SPIN CORRELATION ENERGY": -0.08577608512384988,
    "MP2 TOTAL ENERGY": -260.3351179453959,
    "NUCLEAR REPULSION ENERGY": 52.52050492397818,
    "ONE-ELECTRON ENERGY": -468.6474700070987,
    "PCM POLARIZATION ENERGY": 0.0,
    "PE ENERGY": 0.0,
    "SCF DIPOLE X": 0.0,
    "SCF DIPOLE Y": 0.0,
    "SCF DIPOLE Z": 0.39620567332109285,
    "SCF ITERATION ENERGY": -259.9859303757598,
    "SCF ITERATIONS": 13.0,
    "SCF TOTAL ENERGY": -259.9859303757598,
    "TWO-ELECTRON ENERGY": 156.14103470736075
}