{
    "CURRENT CORRELATION ENERGY": -0.15784101383928828,
    "CURRENT DIPOLE X": 0.0,
    "CURRENT DIPOLE Y": 0.0,
    "CURRENT DIPOLE Z": -2.836458714315163,
    "CURRENT ENERGY": -76.15499879145322,
    "CURRENT REFERENCE ENERGY": -75.99715777761394,
    "CUSTOM SCS-MP2 CORRELATION ENERGY": -0.15959593201568664,
    "CUSTOM SCS-MP2 TOTAL ENERGY": -76.15675370962963,
    "HF TOTAL ENERGY": -75.99715777761394,
    "MP2 CORRELATION ENERGY": -0.15784101383928828,
    "MP2 OPPOSITE-SPIN CORRELATION ENERGY": -0.12344107007991409,
    "MP2 SAME-SPIN CORRELATION ENERGY": -0.03439994375936924,
    "MP2 TOTAL ENERGY": -76.15499879145322,
    "NUCLEAR REPULSION ENERGY": 9.209396005035572,
    "ONE-ELECTRON ENERGY": -122.96769103243865,
    "PCM POLARIZATION ENERGY": 0.0,
    "PE ENERGY": 0.0,
    "SCF DIPOLE X": 0.0,
    "SCF DIPOLE Y": 0.0,
    "SCF DIPOLE Z": -2.836458714315163,
    "SCF ITERATION ENERGY": -75.99715777761394,
    "SCF ITERATIONS": 10.0,
    "SCF TOTAL ENERGY": -75.99715777761394,
    "SCS-MP2 CORRELATION ENERGY": -0.15959593201568664,
    "SCS-MP2 TOTAL ENERGY": -76.15675370962963,
    "SCS-MP2-VDW CORRELATION ENERGY": -0.1752045415819623,
    "SCS-MP2-VDW TOTAL ENERGY": -76.1723623191959,
    "SCSN-MP2 CORRELATION ENERGY": -0.06054390101650142,
    "SCSN-MP2 TOTAL ENERGY": -76.05770167863044,
    "SOS-MP2 CORRELATION ENERGY": -0.16047339110389203,
    "SOS-MP2 TOTAL ENERGY": -76.15763116871783,
    "SOS-PI-MP2 CORRELATION ENERGY": -0.17281749811188263,
    "SOS-PI-MP2 TOTAL ENERGY": -76.16997527572582,
    "TWO-ELECTRON ENERGY": 37.761137249789144
}