{
    "CC D1 DIAGNOSTIC": 0.07328578773966564,
    "CC D2 DIAGNOSTIC": 0.1726979613385581,
    "CC NEW D1 DIAGNOSTIC": 0.07328578773966564,
    "CC T1 DIAGNOSTIC": 0.023380563013054197,
    "CCSD CORRELATION ENERGY": -0.43265397295912206,
    "CCSD OPPOSITE-SPIN CORRELATION ENERGY": -0.34211510675947315,
    "CCSD SAME-SPIN CORRELATION ENERGY": -0.09053886619964885,
    "CCSD TOTAL ENERGY": -187.96384966737898,
    "CURRENT CORRELATION ENERGY": -0.43265397295912206,
    "CURRENT DIPOLE X": 0.0,
    "CURRENT DIPOLE Y": 0.0,
    "CURRENT DIPOLE Z": 0.0,
    "CURRENT ENERGY": -187.96384966737898,
    "CURRENT REFERENCE ENERGY": -187.5311956944188,
    "HF TOTAL ENERGY": -187.53119569441878,
    "LCCSD (+LMP2) TOTAL ENERGY": -187.96583623091246,
    "MP2 CORRELATION ENERGY": -0.45618579481554966,
    "MP2 OPPOSITE-SPIN CORRELATION ENERGY": -0.3369612626315382,
    "MP2 SAME-SPIN CORRELATION ENERGY": -0.11922453218401147,
    "MP2 TOTAL ENERGY": -187.98738148923542,
    "NUCLEAR REPULSION ENERGY": 53.70199964217626,
    "ONE-ELECTRON ENERGY": -362.74551059806174,
    "PCM POLARIZATION ENERGY": 0.0,
    "PE ENERGY": 0.0,
    "SCF DIPOLE X": 0.0,
    "SCF DIPOLE Y": 0.0,
    "SCF DIPOLE Z": 0.0,
    "SCF ITERATION ENERGY": -187.5311956944188,
    "SCF ITERATIONS": 10.0,
    "SCF TOTAL ENERGY": -187.5311956944188,
    "TWO-ELECTRON ENERGY": 121.5123152614667
}