{
    "CC D1 DIAGNOSTIC": 0.00853584844650377,
    "CC D2 DIAGNOSTIC": 0.0838084282843139,
    "CC NEW D1 DIAGNOSTIC": 0.00853584844650377,
    "CC T1 DIAGNOSTIC": 0.005073392963837199,
    "CCSD CORRELATION ENERGY": -0.14907694351445064,
    "CCSD OPPOSITE-SPIN CORRELATION ENERGY": -0.11886511351021847,
    "CCSD SAME-SPIN CORRELATION ENERGY": -0.030211830004232165,
    "CCSD TOTAL ENERGY": -100.07318430867312,
    "CURRENT CORRELATION ENERGY": -0.14907694351445064,
    "CURRENT DIPOLE X": 0.0,
    "CURRENT DIPOLE Y": 0.0,
    "CURRENT DIPOLE Z": -2.0409189404729835,
    "CURRENT ENERGY": -100.07318430867312,
    "CURRENT REFERENCE ENERGY": -99.92410736515859,
    "HF TOTAL ENERGY": -99.92410736515859,
    "LCCSD (+LMP2) TOTAL ENERGY": -100.08435565282146,
    "MP2 CORRELATION ENERGY": -0.14726539594420784,
    "MP2 OPPOSITE-SPIN CORRELATION ENERGY": -0.11197349765720212,
    "MP2 SAME-SPIN CORRELATION ENERGY": -0.03529189828700573,
    "MP2 TOTAL ENERGY": -100.07137276110288,
    "NUCLEAR REPULSION ENERGY": 6.84300638490953,
    "ONE-ELECTRON ENERGY": -153.24581636491678,
    "PCM POLARIZATION ENERGY": 0.0,
    "PE ENERGY": 0.0,
    "SCF DIPOLE X": 0.0,
    "SCF DIPOLE Y": 0.0,
    "SCF DIPOLE Z": -2.0409189404729835,
    "SCF ITERATION ENERGY": -99.92410736515859,
    "SCF ITERATIONS": 9.0,
    "SCF TOTAL ENERGY": -99.92410736515859,
    "TWO-ELECTRON ENERGY": 46.47870261484865
}