{
    "CC D1 DIAGNOSTIC": 0.03879589647083231,
    "CC D2 DIAGNOSTIC": 0.0955907190142579,
    "CC NEW D1 DIAGNOSTIC": 0.03879589647083231,
    "CC T1 DIAGNOSTIC": 0.017099563864847296,
    "CCSD CORRELATION ENERGY": -0.17998853938501203,
    "CCSD OPPOSITE-SPIN CORRELATION ENERGY": -0.14426026358238103,
    "CCSD SAME-SPIN CORRELATION ENERGY": -0.035728275802631104,
    "CCSD TOTAL ENERGY": -107.14193577986363,
    "CURRENT CORRELATION ENERGY": -0.17998853938501203,
    "CURRENT DIPOLE X": 0.0,
    "CURRENT DIPOLE Y": 0.0,
    "CURRENT DIPOLE Z": -6.505074674630302,
    "CURRENT ENERGY": -107.14193577986363,
    "CURRENT REFERENCE ENERGY": -106.96194724047865,
    "HF TOTAL ENERGY": -106.96194724047865,
    "LCCSD (+LMP2) TOTAL ENERGY": -107.14194673535764,
    "MP2 CORRELATION ENERGY": -0.18060635851804877,
    "MP2 OPPOSITE-SPIN CORRELATION ENERGY": -0.13683778498350382,
    "MP2 SAME-SPIN CORRELATION ENERGY": -0.04376857353454494,
    "MP2 TOTAL ENERGY": -107.14255359899667,
    "NUCLEAR REPULSION ENERGY": 9.098461289375713,
    "ONE-ELECTRON ENERGY": -169.52366126293788,
    "PCM POLARIZATION ENERGY": 0.0,
    "PE ENERGY": 0.0,
    "SCF DIPOLE X": 0.0,
    "SCF DIPOLE Y": 0.0,
    "SCF DIPOLE Z": -6.505074674630302,
    "SCF ITERATION ENERGY": -106.96194724047865,
    "SCF ITERATIONS": 10.0,
    "SCF TOTAL ENERGY": -106.96194724047865,
    "TWO-ELECTRON ENERGY": 53.46325273308352
}