{
    "CC D1 DIAGNOSTIC": 0.08053145550013326,
    "CC D2 DIAGNOSTIC": 0.18258538712719352,
    "CC NEW D1 DIAGNOSTIC": 0.08053145550013326,
    "CC T1 DIAGNOSTIC": 0.03167048721172044,
    "CCSD CORRELATION ENERGY": -0.2821459714410568,
    "CCSD OPPOSITE-SPIN CORRELATION ENERGY": -0.2278007116196782,
    "CCSD SAME-SPIN CORRELATION ENERGY": -0.0543452598213785,
    "CCSD TOTAL ENERGY": -112.91598836391245,
    "CURRENT CORRELATION ENERGY": -0.2821459714410568,
    "CURRENT DIPOLE X": 0.0,
    "CURRENT DIPOLE Y": 0.0,
    "CURRENT DIPOLE Z": -1.4962996761791456,
    "CURRENT ENERGY": -112.91598836391245,
    "CURRENT REFERENCE ENERGY": -112.63384239247095,
    "HF TOTAL ENERGY": -112.63384239247095,
    "LCCSD (+LMP2) TOTAL ENERGY": -112.90744961796287,
    "MP2 CORRELATION ENERGY": -0.296878911396801,
    "MP2 OPPOSITE-SPIN CORRELATION ENERGY": -0.22106373255013156,
    "MP2 SAME-SPIN CORRELATION ENERGY": -0.07581517884666944,
    "MP2 TOTAL ENERGY": -112.9307213038682,
    "NUCLEAR REPULSION ENERGY": 19.110399683628888,
    "ONE-ELECTRON ENERGY": -191.3729182364539,
    "PCM POLARIZATION ENERGY": 0.0,
    "PE ENERGY": 0.0,
    "SCF DIPOLE X": 0.0,
    "SCF DIPOLE Y": 0.0,
    "SCF DIPOLE Z": -1.4962996761791456,
    "SCF ITERATION ENERGY": -112.63384239247095,
    "SCF ITERATIONS": 10.0,
    "SCF TOTAL ENERGY": -112.63384239247095,
    "TWO-ELECTRON ENERGY": 59.62867616035406
}