{
    "CC D1 DIAGNOSTIC": 0.01608283849348581,
    "CC D2 DIAGNOSTIC": 0.14132627065802328,
    "CC NEW D1 DIAGNOSTIC": 0.01608283849348581,
    "CC T1 DIAGNOSTIC": 0.007240784968909731,
    "CCSD CORRELATION ENERGY": -0.24528678335002962,
    "CCSD OPPOSITE-SPIN CORRELATION ENERGY": -0.19726523966940082,
    "CCSD SAME-SPIN CORRELATION ENERGY": -0.048021543680628775,
    "CCSD TOTAL ENERGY": -109.0408006263244,
    "CURRENT CORRELATION ENERGY": -0.24528678335002962,
    "CURRENT DIPOLE X": 0.0,
    "CURRENT DIPOLE Y": 0.0,
    "CURRENT DIPOLE Z": 2.821905433653156e-16,
    "CURRENT ENERGY": -109.0408006263244,
    "CURRENT REFERENCE ENERGY": -108.79551384297439,
    "HF TOTAL ENERGY": -108.79551384297439,
    "LCCSD (+LMP2) TOTAL ENERGY": -109.03524839604516,
    "MP2 CORRELATION ENERGY": -0.24480974830569013,
    "MP2 OPPOSITE-SPIN CORRELATION ENERGY": -0.18557897842505727,
    "MP2 SAME-SPIN CORRELATION ENERGY": -0.05923076988063286,
    "MP2 TOTAL ENERGY": -109.04032359128006,
    "NUCLEAR REPULSION ENERGY": 27.66759775465507,
    "ONE-ELECTRON ENERGY": -201.47979874190654,
    "PCM POLARIZATION ENERGY": 0.0,
    "PE ENERGY": 0.0,
    "SCF DIPOLE X": 0.0,
    "SCF DIPOLE Y": 0.0,
    "SCF DIPOLE Z": 2.821905433653156e-16,
    "SCF ITERATION ENERGY": -108.79551384297439,
    "SCF ITERATIONS": 8.0,
    "SCF TOTAL ENERGY": -108.79551384297439,
    "TWO-ELECTRON ENERGY": 65.01668714427707
}