{
    "CC D1 DIAGNOSTIC": 0.13686366095930155,
    "CC D2 DIAGNOSTIC": 0.20696027110646312,
    "CC NEW D1 DIAGNOSTIC": 0.13686366095930155,
    "CC T1 DIAGNOSTIC": 0.05453276636281491,
    "CCSD CORRELATION ENERGY": -0.3058689310267114,
    "CCSD OPPOSITE-SPIN CORRELATION ENERGY": -0.24695476043840803,
    "CCSD SAME-SPIN CORRELATION ENERGY": -0.05891417058830306,
    "CCSD TOTAL ENERGY": -112.83598786362961,
    "CURRENT CORRELATION ENERGY": -0.3058689310267114,
    "CURRENT DIPOLE X": 0.0,
    "CURRENT DIPOLE Y": 0.0,
    "CURRENT DIPOLE Z": -2.393422362728321,
    "CURRENT ENERGY": -112.83598786362961,
    "CURRENT REFERENCE ENERGY": -112.53011893260333,
    "HF TOTAL ENERGY": -112.53011893260333,
    "LCCSD (+LMP2) TOTAL ENERGY": -112.83599508719026,
    "MP2 CORRELATION ENERGY": -0.3286968712527777,
    "MP2 OPPOSITE-SPIN CORRELATION ENERGY": -0.24262277572393254,
    "MP2 SAME-SPIN CORRELATION ENERGY": -0.08607409552884515,
    "MP2 TOTAL ENERGY": -112.85881580385568,
    "NUCLEAR REPULSION ENERGY": 16.737419590463045,
    "ONE-ELECTRON ENERGY": -186.81447547636944,
    "PCM POLARIZATION ENERGY": 0.0,
    "PE ENERGY": 0.0,
    "SCF DIPOLE X": 0.0,
    "SCF DIPOLE Y": 0.0,
    "SCF DIPOLE Z": -2.393422362728321,
    "SCF ITERATION ENERGY": -112.53011893260333,
    "SCF ITERATIONS": 11.0,
    "SCF TOTAL ENERGY": -112.53011893260333,
    "TWO-ELECTRON ENERGY": 57.54693695330306
}