{
    "CC D1 DIAGNOSTIC": 0.03364549529927963,
    "CC D2 DIAGNOSTIC": 0.09543218385259182,
    "CC NEW D1 DIAGNOSTIC": 0.03364549529927963,
    "CC T1 DIAGNOSTIC": 0.014741371075238164,
    "CCSD CORRELATION ENERGY": -0.17739674434289784,
    "CCSD OPPOSITE-SPIN CORRELATION ENERGY": -0.14194526208747352,
    "CCSD SAME-SPIN CORRELATION ENERGY": -0.0354514822554243,
    "CCSD TOTAL ENERGY": -107.10699007311688,
    "CURRENT CORRELATION ENERGY": -0.17739674434289784,
    "CURRENT DIPOLE X": 0.0,
    "CURRENT DIPOLE Y": 0.0,
    "CURRENT DIPOLE Z": -5.403438248699671,
    "CURRENT ENERGY": -107.10699007311688,
    "CURRENT REFERENCE ENERGY": -106.92959332877389,
    "HF TOTAL ENERGY": -106.9295933287739,
    "LCCSD (+LMP2) TOTAL ENERGY": -107.1072972997131,
    "MP2 CORRELATION ENERGY": -0.1777758548090116,
    "MP2 OPPOSITE-SPIN CORRELATION ENERGY": -0.1347150260571592,
    "MP2 SAME-SPIN CORRELATION ENERGY": -0.04306082875185238,
    "MP2 TOTAL ENERGY": -107.10736918358299,
    "NUCLEAR REPULSION ENERGY": 10.872922190936558,
    "ONE-ELECTRON ENERGY": -172.7272850370231,
    "PCM POLARIZATION ENERGY": 0.0,
    "PE ENERGY": 0.0,
    "SCF DIPOLE X": 0.0,
    "SCF DIPOLE Y": 0.0,
    "SCF DIPOLE Z": -5.403438248699671,
    "SCF ITERATION ENERGY": -106.92959332877389,
    "SCF ITERATIONS": 10.0,
    "SCF TOTAL ENERGY": -106.92959332877389,
    "TWO-ELECTRON ENERGY": 54.92476951731266
}