{
    "CC D1 DIAGNOSTIC": 0.04328430379615256,
    "CC D2 DIAGNOSTIC": 0.101759756572077,
    "CC NEW D1 DIAGNOSTIC": 0.04328430379615256,
    "CC T1 DIAGNOSTIC": 0.020200651626188733,
    "CCSD CORRELATION ENERGY": -0.1822783537433593,
    "CCSD OPPOSITE-SPIN CORRELATION ENERGY": -0.14626663028710643,
    "CCSD SAME-SPIN CORRELATION ENERGY": -0.03601172345625275,
    "CCSD TOTAL ENERGY": -107.12254987515519,
    "CURRENT CORRELATION ENERGY": -0.1822783537433593,
    "CURRENT DIPOLE X": 0.0,
    "CURRENT DIPOLE Y": 0.0,
    "CURRENT DIPOLE Z": -7.934180417052637,
    "CURRENT ENERGY": -107.12254987515519,
    "CURRENT REFERENCE ENERGY": -106.94027152141184,
    "HF TOTAL ENERGY": -106.94027152141183,
    "LCCSD (+LMP2) TOTAL ENERGY": -107.12248433930756,
    "MP2 CORRELATION ENERGY": -0.18319487941335075,
    "MP2 OPPOSITE-SPIN CORRELATION ENERGY": -0.13872587842447706,
    "MP2 SAME-SPIN CORRELATION ENERGY": -0.044469000988873686,
    "MP2 TOTAL ENERGY": -107.12346640082518,
    "NUCLEAR REPULSION ENERGY": 7.5119396378597365,
    "ONE-ELECTRON ENERGY": -166.60915465340918,
    "PCM POLARIZATION ENERGY": 0.0,
    "PE ENERGY": 0.0,
    "SCF DIPOLE X": 0.0,
    "SCF DIPOLE Y": 0.0,
    "SCF DIPOLE Z": -7.934180417052637,
    "SCF ITERATION ENERGY": -106.94027152141184,
    "SCF ITERATIONS": 10.0,
    "SCF TOTAL ENERGY": -106.94027152141184,
    "TWO-ELECTRON ENERGY": 52.1569434941376
}