{
    "CURRENT CORRELATION ENERGY": -0.1564418672155199,
    "CURRENT DIPOLE X": 0.0,
    "CURRENT DIPOLE Y": 0.0,
    "CURRENT DIPOLE Z": -2.6232661535848187,
    "CURRENT ENERGY": -76.16580596218087,
    "CURRENT REFERENCE ENERGY": -76.00936409496535,
    "CUSTOM SCS-MP2 CORRELATION ENERGY": -0.15794610137236625,
    "CUSTOM SCS-MP2 TOTAL ENERGY": -76.16731019633771,
    "HF TOTAL ENERGY": -76.00936409496535,
    "MP2 CORRELATION ENERGY": -0.1564418672155199,
    "MP2 OPPOSITE-SPIN CORRELATION ENERGY": -0.12207555265445613,
    "MP2 SAME-SPIN CORRELATION ENERGY": -0.034366314561056696,
    "MP2 TOTAL ENERGY": -76.16580596218087,
    "NUCLEAR REPULSION ENERGY": 9.16773775752882,
    "ONE-ELECTRON ENERGY": -122.9770435233099,
    "PCM POLARIZATION ENERGY": 0.0,
    "PE ENERGY": 0.0,
    "SCF DIPOLE X": 0.0,
    "SCF DIPOLE Y": 0.0,
    "SCF DIPOLE Z": -2.6232661535848187,
    "SCF ITERATION ENERGY": -76.00936409496535,
    "SCF ITERATIONS": 10.0,
    "SCF TOTAL ENERGY": -76.00936409496535,
    "SCS-MP2 CORRELATION ENERGY": -0.15794610137236625,
    "SCS-MP2 TOTAL ENERGY": -76.16731019633771,
    "SCS-MP2-VDW CORRELATION ENERGY": -0.17343986467822958,
    "SCS-MP2-VDW TOTAL ENERGY": -76.18280395964358,
    "SCSN-MP2 CORRELATION ENERGY": -0.060484713627459996,
    "SCSN-MP2 TOTAL ENERGY": -76.06984880859281,
    "SOS-MP2 CORRELATION ENERGY": 0.0,
    "SOS-MP2 TOTAL ENERGY": -76.00936409496535,
    "SOS-PI-MP2 CORRELATION ENERGY": -0.1709057737162425,
    "SOS-PI-MP2 TOTAL ENERGY": -76.18026986868159,
    "TWO-ELECTRON ENERGY": 37.79994167081572
}