{
    "CC D1 DIAGNOSTIC": 0.031224098344463394,
    "CC D2 DIAGNOSTIC": 0.1984675732410971,
    "CC NEW D1 DIAGNOSTIC": 0.031224098344463394,
    "CC T1 DIAGNOSTIC": 0.012856358323839134,
    "CCSD CORRELATION ENERGY": -0.29621084444667006,
    "CCSD OPPOSITE-SPIN CORRELATION ENERGY": -0.24221939767286674,
    "CCSD SAME-SPIN CORRELATION ENERGY": -0.053991446773803325,
    "CCSD TOTAL ENERGY": -109.15781820743989,
    "CURRENT CORRELATION ENERGY": -0.29621084444667006,
    "CURRENT DIPOLE X": 0.0,
    "CURRENT DIPOLE Y": 0.0,
    "CURRENT DIPOLE Z": -5.643810867306312e-16,
    "CURRENT ENERGY": -109.15781820743989,
    "CURRENT REFERENCE ENERGY": -108.8616073629932,
    "HF TOTAL ENERGY": -108.8616073629932,
    "LCCSD (+LMP2) TOTAL ENERGY": -109.14541959400836,
    "MP2 CORRELATION ENERGY": -0.3193839424781755,
    "MP2 OPPOSITE-SPIN CORRELATION ENERGY": -0.23685993650232223,
    "MP2 SAME-SPIN CORRELATION ENERGY": -0.08252400597585324,
    "MP2 TOTAL ENERGY": -109.18099130547138,
    "NUCLEAR REPULSION ENERGY": 21.589987369218292,
    "ONE-ELECTRON ENERGY": -189.8809990247237,
    "PCM POLARIZATION ENERGY": 0.0,
    "PE ENERGY": 0.0,
    "SCF DIPOLE X": 0.0,
    "SCF DIPOLE Y": 0.0,
    "SCF DIPOLE Z": -5.643810867306312e-16,
    "SCF ITERATION ENERGY": -108.8616073629932,
    "SCF ITERATIONS": 8.0,
    "SCF TOTAL ENERGY": -108.8616073629932,
    "TWO-ELECTRON ENERGY": 59.42940429251224
}