{
    "CURRENT CORRELATION ENERGY": -0.1550487606695583,
    "CURRENT DIPOLE X": 0.0,
    "CURRENT DIPOLE Y": 0.0,
    "CURRENT DIPOLE Z": -1.5570966199637015,
    "CURRENT ENERGY": -76.14233447610188,
    "CURRENT REFERENCE ENERGY": -75.98728571543232,
    "CUSTOM SCS-MP2 CORRELATION ENERGY": -0.15558144777382182,
    "CUSTOM SCS-MP2 TOTAL ENERGY": -76.14286716320615,
    "HF TOTAL ENERGY": -75.98728571543232,
    "MP2 CORRELATION ENERGY": -0.1550487606695583,
    "MP2 OPPOSITE-SPIN CORRELATION ENERGY": -0.11988291640458097,
    "MP2 SAME-SPIN CORRELATION ENERGY": -0.035165844264973954,
    "MP2 TOTAL ENERGY": -76.14233447610188,
    "NUCLEAR REPULSION ENERGY": 9.107116133480814,
    "ONE-ELECTRON ENERGY": -123.0646064684505,
    "PCM POLARIZATION ENERGY": 0.0,
    "PE ENERGY": 0.0,
    "SCF DIPOLE X": 0.0,
    "SCF DIPOLE Y": 0.0,
    "SCF DIPOLE Z": -1.5570966199637015,
    "SCF ITERATION ENERGY": -75.98728571543232,
    "SCF ITERATIONS": 10.0,
    "SCF TOTAL ENERGY": -75.98728571543232,
    "SCS-MP2 CORRELATION ENERGY": -0.15558144777382182,
    "SCS-MP2 TOTAL ENERGY": -76.14286716320615,
    "SCS-MP2-VDW CORRELATION ENERGY": -0.17103305513033717,
    "SCS-MP2-VDW TOTAL ENERGY": -76.15831877056266,
    "SCSN-MP2 CORRELATION ENERGY": -0.06189188590636263,
    "SCSN-MP2 TOTAL ENERGY": -76.04917760133868,
    "SOS-MP2 CORRELATION ENERGY": 0.0,
    "SOS-MP2 TOTAL ENERGY": -75.98728571543232,
    "SOS-PI-MP2 CORRELATION ENERGY": -0.16783608296641717,
    "SOS-PI-MP2 TOTAL ENERGY": -76.15512179839874,
    "TWO-ELECTRON ENERGY": 37.97020461953737
}