{
    "CC D1 DIAGNOSTIC": 0.008497774153226728,
    "CC D2 DIAGNOSTIC": 0.07578682378551967,
    "CC NEW D1 DIAGNOSTIC": 0.008497774153226728,
    "CC T1 DIAGNOSTIC": 0.004942719413659597,
    "CCSD CORRELATION ENERGY": -0.14281255087310518,
    "CCSD OPPOSITE-SPIN CORRELATION ENERGY": -0.11361949096697246,
    "CCSD SAME-SPIN CORRELATION ENERGY": -0.029193059906132884,
    "CCSD TOTAL ENERGY": -99.75765440526047,
    "CURRENT CORRELATION ENERGY": -0.14281255087310518,
    "CURRENT DIPOLE X": 0.0,
    "CURRENT DIPOLE Y": 0.0,
    "CURRENT DIPOLE Z": -1.8423331311050395,
    "CURRENT ENERGY": -99.75765440526047,
    "CURRENT REFERENCE ENERGY": -99.6148418543873,
    "HF TOTAL ENERGY": -99.6148418543873,
    "LCCSD (+LMP2) TOTAL ENERGY": -99.75568321586843,
    "MP2 CORRELATION ENERGY": -0.14053531157563356,
    "MP2 OPPOSITE-SPIN CORRELATION ENERGY": -0.10703642166737976,
    "MP2 SAME-SPIN CORRELATION ENERGY": -0.03349888990825381,
    "MP2 TOTAL ENERGY": -99.755377165963,
    "NUCLEAR REPULSION ENERGY": 8.50005725838538,
    "ONE-ELECTRON ENERGY": -155.54913206737027,
    "PCM POLARIZATION ENERGY": 0.0,
    "PE ENERGY": 0.0,
    "SCF DIPOLE X": 0.0,
    "SCF DIPOLE Y": 0.0,
    "SCF DIPOLE Z": -1.8423331311050395,
    "SCF ITERATION ENERGY": -99.6148418543873,
    "SCF ITERATIONS": 9.0,
    "SCF TOTAL ENERGY": -99.6148418543873,
    "TWO-ELECTRON ENERGY": 47.434232954597604
}