{
    "CC D1 DIAGNOSTIC": 0.03719879904711636,
    "CC D2 DIAGNOSTIC": 0.18513894963701275,
    "CC NEW D1 DIAGNOSTIC": 0.03719879904711636,
    "CC T1 DIAGNOSTIC": 0.012549199428570702,
    "CCSD CORRELATION ENERGY": -0.18026188037154184,
    "CCSD OPPOSITE-SPIN CORRELATION ENERGY": -0.14748246866309184,
    "CCSD SAME-SPIN CORRELATION ENERGY": -0.032779411708449946,
    "CCSD TOTAL ENERGY": -100.13444617927367,
    "CURRENT CORRELATION ENERGY": -0.18026188037154184,
    "CURRENT DIPOLE X": 0.0,
    "CURRENT DIPOLE Y": 0.0,
    "CURRENT DIPOLE Z": -2.7847504279764257,
    "CURRENT ENERGY": -100.13444617927367,
    "CURRENT REFERENCE ENERGY": -99.9541842989021,
    "HF TOTAL ENERGY": -99.9541842989021,
    "LCCSD (+LMP2) TOTAL ENERGY": -100.14490251880167,
    "MP2 CORRELATION ENERGY": -0.17764993417074448,
    "MP2 OPPOSITE-SPIN CORRELATION ENERGY": -0.1355672603593186,
    "MP2 SAME-SPIN CORRELATION ENERGY": -0.042082673811425886,
    "MP2 TOTAL ENERGY": -100.13183423307287,
    "NUCLEAR REPULSION ENERGY": 3.7759218498405174,
    "ONE-ELECTRON ENERGY": -148.14319621061406,
    "PCM POLARIZATION ENERGY": 0.0,
    "PE ENERGY": 0.0,
    "SCF DIPOLE X": 0.0,
    "SCF DIPOLE Y": 0.0,
    "SCF DIPOLE Z": -2.7847504279764257,
    "SCF ITERATION ENERGY": -99.9541842989021,
    "SCF ITERATIONS": 10.0,
    "SCF TOTAL ENERGY": -99.9541842989021,
    "TWO-ELECTRON ENERGY": 44.41309006187143
}