{
    "CC D1 DIAGNOSTIC": 0.03545589959025325,
    "CC D2 DIAGNOSTIC": 0.09561097777751068,
    "CC NEW D1 DIAGNOSTIC": 0.03545589959025325,
    "CC T1 DIAGNOSTIC": 0.015485952756691061,
    "CCSD CORRELATION ENERGY": -0.17830126353667125,
    "CCSD OPPOSITE-SPIN CORRELATION ENERGY": -0.14276912947058215,
    "CCSD SAME-SPIN CORRELATION ENERGY": -0.0355321340660891,
    "CCSD TOTAL ENERGY": -107.12789335784822,
    "CURRENT CORRELATION ENERGY": -0.17830126353667125,
    "CURRENT DIPOLE X": 0.0,
    "CURRENT DIPOLE Y": 0.0,
    "CURRENT DIPOLE Z": -5.763086976816885,
    "CURRENT ENERGY": -107.12789335784822,
    "CURRENT REFERENCE ENERGY": -106.94959209431168,
    "HF TOTAL ENERGY": -106.94959209431168,
    "LCCSD (+LMP2) TOTAL ENERGY": -107.12789335784822,
    "MP2 CORRELATION ENERGY": -0.17874967144113796,
    "MP2 OPPOSITE-SPIN CORRELATION ENERGY": -0.13545986561922566,
    "MP2 SAME-SPIN CORRELATION ENERGY": -0.0432898058219123,
    "MP2 TOTAL ENERGY": -107.1283417657527,
    "NUCLEAR REPULSION ENERGY": 10.227586881042841,
    "ONE-ELECTRON ENERGY": -171.57240094615767,
    "PCM POLARIZATION ENERGY": 0.0,
    "PE ENERGY": 0.0,
    "SCF DIPOLE X": 0.0,
    "SCF DIPOLE Y": 0.0,
    "SCF DIPOLE Z": -5.763086976816885,
    "SCF ITERATION ENERGY": -106.94959209431168,
    "SCF ITERATIONS": 10.0,
    "SCF TOTAL ENERGY": -106.94959209431168,
    "TWO-ELECTRON ENERGY": 54.39522197080315
}