{
    "CC D1 DIAGNOSTIC": 0.28672828782226256,
    "CC D2 DIAGNOSTIC": 0.2126626024219624,
    "CC NEW D1 DIAGNOSTIC": 0.28672828782226256,
    "CC T1 DIAGNOSTIC": 0.06436845022892561,
    "CCSD CORRELATION ENERGY": -0.3004556983673609,
    "CCSD OPPOSITE-SPIN CORRELATION ENERGY": -0.23234230370332834,
    "CCSD SAME-SPIN CORRELATION ENERGY": -0.06811339466403146,
    "CCSD TOTAL ENERGY": -260.79945074557963,
    "CURRENT CORRELATION ENERGY": -0.3004556983673609,
    "CURRENT DIPOLE X": 0.0,
    "CURRENT DIPOLE Y": 0.0,
    "CURRENT DIPOLE Z": -4.699365514235827,
    "CURRENT ENERGY": -260.79945074557963,
    "CURRENT REFERENCE ENERGY": -260.49899504721196,
    "HF TOTAL ENERGY": -260.49899504721196,
    "LCCSD (+LMP2) TOTAL ENERGY": NaN,
    "MP2 CORRELATION ENERGY": -0.29810143735782124,
    "MP2 OPPOSITE-SPIN CORRELATION ENERGY": -0.220480211407305,
    "MP2 SAME-SPIN CORRELATION ENERGY": -0.07762122595051624,
    "MP2 TOTAL ENERGY": -260.7970964845701,
    "NUCLEAR REPULSION ENERGY": 47.495764133984835,
    "ONE-ELECTRON ENERGY": -463.1235904369421,
    "PCM POLARIZATION ENERGY": 0.0,
    "PE ENERGY": 0.0,
    "SCF DIPOLE X": 0.0,
    "SCF DIPOLE Y": 0.0,
    "SCF DIPOLE Z": -4.699365514235827,
    "SCF ITERATION ENERGY": -260.49899504721196,
    "SCF ITERATIONS": 12.0,
    "SCF TOTAL ENERGY": -260.49899504721196,
    "TWO-ELECTRON ENERGY": 155.1288312557453
}