{
    "CC D1 DIAGNOSTIC": 0.05615009449061376,
    "CC D2 DIAGNOSTIC": 0.34105873162114736,
    "CC NEW D1 DIAGNOSTIC": 0.05615009449061376,
    "CC T1 DIAGNOSTIC": 0.017552462283347992,
    "CCSD CORRELATION ENERGY": -0.37039759281371315,
    "CCSD OPPOSITE-SPIN CORRELATION ENERGY": -0.31087168357973594,
    "CCSD SAME-SPIN CORRELATION ENERGY": -0.059525909233977214,
    "CCSD TOTAL ENERGY": -149.81425167986447,
    "CURRENT CORRELATION ENERGY": -0.37039759281371315,
    "CURRENT DIPOLE X": 0.0,
    "CURRENT DIPOLE Y": 0.0,
    "CURRENT DIPOLE Z": 0.0,
    "CURRENT ENERGY": -149.81425167986447,
    "CURRENT REFERENCE ENERGY": -149.4438540870503,
    "HF TOTAL ENERGY": -149.4438540870503,
    "LCCSD (+LMP2) TOTAL ENERGY": -149.82110839900628,
    "MP2 CORRELATION ENERGY": -0.40879759675296556,
    "MP2 OPPOSITE-SPIN CORRELATION ENERGY": -0.30448477994860845,
    "MP2 SAME-SPIN CORRELATION ENERGY": -0.10431281680435711,
    "MP2 TOTAL ENERGY": -149.85265168380374,
    "NUCLEAR REPULSION ENERGY": 23.36083519962953,
    "ONE-ELECTRON ENERGY": -252.12017442964415,
    "PCM POLARIZATION ENERGY": 0.0,
    "PE ENERGY": 0.0,
    "SCF DIPOLE X": 0.0,
    "SCF DIPOLE Y": 0.0,
    "SCF DIPOLE Z": 0.0,
    "SCF ITERATION ENERGY": -149.4438540870503,
    "SCF ITERATIONS": 9.0,
    "SCF TOTAL ENERGY": -149.4438540870503,
    "TWO-ELECTRON ENERGY": 79.31548514296432
}