{
    "CC D1 DIAGNOSTIC": 0.08940019017635358,
    "CC D2 DIAGNOSTIC": 0.18735794782852883,
    "CC NEW D1 DIAGNOSTIC": 0.08940019017635358,
    "CC T1 DIAGNOSTIC": 0.03519044135846189,
    "CCSD CORRELATION ENERGY": -0.28704228929134307,
    "CCSD OPPOSITE-SPIN CORRELATION ENERGY": -0.23182671046116407,
    "CCSD SAME-SPIN CORRELATION ENERGY": -0.055215578830178996,
    "CCSD TOTAL ENERGY": -112.90113798285097,
    "CURRENT CORRELATION ENERGY": -0.28704228929134307,
    "CURRENT DIPOLE X": 0.0,
    "CURRENT DIPOLE Y": 0.0,
    "CURRENT DIPOLE Z": -1.6831184808476938,
    "CURRENT ENERGY": -112.90113798285097,
    "CURRENT REFERENCE ENERGY": -112.61409569355936,
    "HF TOTAL ENERGY": -112.61409569355936,
    "LCCSD (+LMP2) TOTAL ENERGY": -112.90114852440088,
    "MP2 CORRELATION ENERGY": -0.3039962946933175,
    "MP2 OPPOSITE-SPIN CORRELATION ENERGY": -0.22587137039360183,
    "MP2 SAME-SPIN CORRELATION ENERGY": -0.07812492429971568,
    "MP2 TOTAL ENERGY": -112.91809198825294,
    "NUCLEAR REPULSION ENERGY": 18.583458515881766,
    "ONE-ELECTRON ENERGY": -190.36161140520704,
    "PCM POLARIZATION ENERGY": 0.0,
    "PE ENERGY": 0.0,
    "SCF DIPOLE X": 0.0,
    "SCF DIPOLE Y": 0.0,
    "SCF DIPOLE Z": -1.6831184808476938,
    "SCF ITERATION ENERGY": -112.61409569355936,
    "SCF ITERATIONS": 10.0,
    "SCF TOTAL ENERGY": -112.61409569355936,
    "TWO-ELECTRON ENERGY": 59.164057195765906
}