{
    "CC D1 DIAGNOSTIC": 0.309267565938423,
    "CC D2 DIAGNOSTIC": 0.23646028569617428,
    "CC NEW D1 DIAGNOSTIC": 0.309267565938423,
    "CC T1 DIAGNOSTIC": 0.06937440714844315,
    "CCSD CORRELATION ENERGY": -0.3029116993183704,
    "CCSD OPPOSITE-SPIN CORRELATION ENERGY": -0.23446835041932818,
    "CCSD SAME-SPIN CORRELATION ENERGY": -0.06844334889904247,
    "CCSD TOTAL ENERGY": -260.77062302550127,
    "CURRENT CORRELATION ENERGY": -0.3029116993183704,
    "CURRENT DIPOLE X": 0.0,
    "CURRENT DIPOLE Y": 0.0,
    "CURRENT DIPOLE Z": -4.541871737852016,
    "CURRENT ENERGY": -260.77062302550127,
    "CURRENT REFERENCE ENERGY": -260.4677113261828,
    "HF TOTAL ENERGY": -260.4677113261828,
    "LCCSD (+LMP2) TOTAL ENERGY": -260.77132997611415,
    "MP2 CORRELATION ENERGY": -0.3001721444393739,
    "MP2 OPPOSITE-SPIN CORRELATION ENERGY": -0.22202301308100403,
    "MP2 SAME-SPIN CORRELATION ENERGY": -0.07814913135836987,
    "MP2 TOTAL ENERGY": -260.7678834706223,
    "NUCLEAR REPULSION ENERGY": 47.822569850503065,
    "ONE-ELECTRON ENERGY": -463.6216986643635,
    "PCM POLARIZATION ENERGY": 0.0,
    "PE ENERGY": 0.0,
    "SCF DIPOLE X": 0.0,
    "SCF DIPOLE Y": 0.0,
    "SCF DIPOLE Z": -4.541871737852016,
    "SCF ITERATION ENERGY": -260.4677113261828,
    "SCF ITERATIONS": 12.0,
    "SCF TOTAL ENERGY": -260.4677113261828,
    "TWO-ELECTRON ENERGY": 155.3314174876777
}