{
    "CC D1 DIAGNOSTIC": 0.10757360889001172,
    "CC D2 DIAGNOSTIC": 0.4567777601852124,
    "CC NEW D1 DIAGNOSTIC": 0.10757360889001172,
    "CC T1 DIAGNOSTIC": 0.025589431911661558,
    "CCSD CORRELATION ENERGY": -0.3509985689779476,
    "CCSD OPPOSITE-SPIN CORRELATION ENERGY": -0.28644838347430096,
    "CCSD SAME-SPIN CORRELATION ENERGY": -0.06455018550364683,
    "CCSD TOTAL ENERGY": -260.17222620288953,
    "CURRENT CORRELATION ENERGY": -0.3509985689779476,
    "CURRENT DIPOLE X": 0.0,
    "CURRENT DIPOLE Y": 0.0,
    "CURRENT DIPOLE Z": 2.6064236125205476,
    "CURRENT ENERGY": -260.17222620288953,
    "CURRENT REFERENCE ENERGY": -259.82122763391135,
    "HF TOTAL ENERGY": -259.82122763391135,
    "LCCSD (+LMP2) TOTAL ENERGY": -260.17222620288953,
    "MP2 CORRELATION ENERGY": -0.34271603532841155,
    "MP2 OPPOSITE-SPIN CORRELATION ENERGY": -0.25965606366426863,
    "MP2 SAME-SPIN CORRELATION ENERGY": -0.08305997166414292,
    "MP2 TOTAL ENERGY": -260.16394366924,
    "NUCLEAR REPULSION ENERGY": 54.15750767485544,
    "ONE-ELECTRON ENERGY": -469.4273513125554,
    "PCM POLARIZATION ENERGY": 0.0,
    "PE ENERGY": 0.0,
    "SCF DIPOLE X": 0.0,
    "SCF DIPOLE Y": 0.0,
    "SCF DIPOLE Z": 2.6064236125205476,
    "SCF ITERATION ENERGY": -259.82122763391135,
    "SCF ITERATIONS": 13.0,
    "SCF TOTAL ENERGY": -259.82122763391135,
    "TWO-ELECTRON ENERGY": 155.4486160037886
}