{
    "CC D1 DIAGNOSTIC": 0.11046820445517445,
    "CC D2 DIAGNOSTIC": 0.35824342230301526,
    "CC NEW D1 DIAGNOSTIC": 0.11046820445517445,
    "CC T1 DIAGNOSTIC": 0.03507194772831067,
    "CCSD CORRELATION ENERGY": -0.21486331211493276,
    "CCSD OPPOSITE-SPIN CORRELATION ENERGY": -0.1834237407439349,
    "CCSD SAME-SPIN CORRELATION ENERGY": -0.03143957137099876,
    "CCSD TOTAL ENERGY": -100.04957351985821,
    "CURRENT CORRELATION ENERGY": -0.21486331211493276,
    "CURRENT DIPOLE X": 0.0,
    "CURRENT DIPOLE Y": 0.0,
    "CURRENT DIPOLE Z": -3.4698185295919495,
    "CURRENT ENERGY": -100.04957351985821,
    "CURRENT REFERENCE ENERGY": -99.83471020774323,
    "HF TOTAL ENERGY": -99.83471020774323,
    "LCCSD (+LMP2) TOTAL ENERGY": -100.05052397140169,
    "MP2 CORRELATION ENERGY": -0.20374140013720615,
    "MP2 OPPOSITE-SPIN CORRELATION ENERGY": -0.1582956571382351,
    "MP2 SAME-SPIN CORRELATION ENERGY": -0.045445742998971056,
    "MP2 TOTAL ENERGY": -100.03845160788049,
    "NUCLEAR REPULSION ENERGY": 2.7431443829521562,
    "ONE-ELECTRON ENERGY": -146.2606229875829,
    "PCM POLARIZATION ENERGY": 0.0,
    "PE ENERGY": 0.0,
    "SCF DIPOLE X": 0.0,
    "SCF DIPOLE Y": 0.0,
    "SCF DIPOLE Z": -3.4698185295919495,
    "SCF ITERATION ENERGY": -99.83471020774323,
    "SCF ITERATIONS": 10.0,
    "SCF TOTAL ENERGY": -99.83471020774323,
    "TWO-ELECTRON ENERGY": 43.682768396887525
}