{
    "CC D1 DIAGNOSTIC": 0.03366150923825888,
    "CC D2 DIAGNOSTIC": 0.13790466393344833,
    "CC NEW D1 DIAGNOSTIC": 0.03366150923825888,
    "CC T1 DIAGNOSTIC": 0.011656065577894545,
    "CCSD CORRELATION ENERGY": -0.3761923196665323,
    "CCSD OPPOSITE-SPIN CORRELATION ENERGY": -0.29581037891370715,
    "CCSD SAME-SPIN CORRELATION ENERGY": -0.08038194075282518,
    "CCSD TOTAL ENERGY": -187.82936982179194,
    "CURRENT CORRELATION ENERGY": -0.3761923196665323,
    "CURRENT DIPOLE X": 0.0,
    "CURRENT DIPOLE Y": 0.0,
    "CURRENT DIPOLE Z": 0.0,
    "CURRENT ENERGY": -187.82936982179194,
    "CURRENT REFERENCE ENERGY": -187.45317750212513,
    "HF TOTAL ENERGY": -187.45317750212513,
    "LCCSD (+LMP2) TOTAL ENERGY": -187.84366896405703,
    "MP2 CORRELATION ENERGY": -0.38286849318585764,
    "MP2 OPPOSITE-SPIN CORRELATION ENERGY": -0.28571319455101757,
    "MP2 SAME-SPIN CORRELATION ENERGY": -0.09715529863484007,
    "MP2 TOTAL ENERGY": -187.83604599531128,
    "NUCLEAR REPULSION ENERGY": 66.40000940978443,
    "ONE-ELECTRON ENERGY": -387.2778849107728,
    "PCM POLARIZATION ENERGY": 0.0,
    "PE ENERGY": 0.0,
    "SCF DIPOLE X": 0.0,
    "SCF DIPOLE Y": 0.0,
    "SCF DIPOLE Z": 0.0,
    "SCF ITERATION ENERGY": -187.45317750212513,
    "SCF ITERATIONS": 9.0,
    "SCF TOTAL ENERGY": -187.45317750212513,
    "TWO-ELECTRON ENERGY": 133.42469799886322
}