{
    "CC D1 DIAGNOSTIC": 0.13356017502221357,
    "CC D2 DIAGNOSTIC": 0.17283461407523884,
    "CC NEW D1 DIAGNOSTIC": 0.13356017502221357,
    "CC T1 DIAGNOSTIC": 0.039059363495176976,
    "CCSD CORRELATION ENERGY": -0.1947104580270405,
    "CCSD OPPOSITE-SPIN CORRELATION ENERGY": -0.15577598011983534,
    "CCSD SAME-SPIN CORRELATION ENERGY": -0.038934477907205334,
    "CCSD TOTAL ENERGY": -105.80295517551978,
    "CURRENT CORRELATION ENERGY": -0.1947104580270405,
    "CURRENT DIPOLE X": 0.0,
    "CURRENT DIPOLE Y": 0.0,
    "CURRENT DIPOLE Z": -1.3081491254843864,
    "CURRENT ENERGY": -105.80295517551978,
    "CURRENT REFERENCE ENERGY": -105.60824471749275,
    "HF TOTAL ENERGY": -105.60824471749275,
    "LCCSD (+LMP2) TOTAL ENERGY": -105.80444875139032,
    "MP2 CORRELATION ENERGY": -0.19600544660990069,
    "MP2 OPPOSITE-SPIN CORRELATION ENERGY": -0.14779125608388322,
    "MP2 SAME-SPIN CORRELATION ENERGY": -0.04821419052601747,
    "MP2 TOTAL ENERGY": -105.80425016410264,
    "NUCLEAR REPULSION ENERGY": 19.474446252944606,
    "ONE-ELECTRON ENERGY": -185.2787504382044,
    "PCM POLARIZATION ENERGY": 0.0,
    "PE ENERGY": 0.0,
    "SCF DIPOLE X": 0.0,
    "SCF DIPOLE Y": 0.0,
    "SCF DIPOLE Z": -1.3081491254843864,
    "SCF ITERATION ENERGY": -105.60824471749275,
    "SCF ITERATIONS": 11.0,
    "SCF TOTAL ENERGY": -105.60824471749275,
    "TWO-ELECTRON ENERGY": 60.19605946776706
}