{
    "CURRENT CORRELATION ENERGY": -0.2785436418604519,
    "CURRENT DIPOLE X": 0.0,
    "CURRENT DIPOLE Y": 5.643810867306312e-16,
    "CURRENT DIPOLE Z": 1.3080111930298028,
    "CURRENT ENERGY": -110.17391616942989,
    "CURRENT REFERENCE ENERGY": -109.89537252756944,
    "CUSTOM SCS-MP2 CORRELATION ENERGY": -0.2816997087754963,
    "CUSTOM SCS-MP2 TOTAL ENERGY": -110.17707223634493,
    "HF TOTAL ENERGY": -109.89537252756944,
    "MP2 CORRELATION ENERGY": -0.2785436418604519,
    "MP2 OPPOSITE-SPIN CORRELATION ENERGY": -0.2179059555638623,
    "MP2 SAME-SPIN CORRELATION ENERGY": -0.06063768629658467,
    "MP2 TOTAL ENERGY": -110.17391616942989,
    "NUCLEAR REPULSION ENERGY": 32.12333310214512,
    "ONE-ELECTRON ENERGY": -212.4841418340027,
    "PCM POLARIZATION ENERGY": 0.0,
    "PE ENERGY": 0.0,
    "SCF DIPOLE X": 0.0,
    "SCF DIPOLE Y": 5.643810867306312e-16,
    "SCF DIPOLE Z": 1.3080111930298028,
    "SCF ITERATION ENERGY": -109.89537252756944,
    "SCF ITERATIONS": 10.0,
    "SCF TOTAL ENERGY": -109.89537252756944,
    "SCS-MP2 CORRELATION ENERGY": -0.2816997087754963,
    "SCS-MP2 TOTAL ENERGY": -110.17707223634493,
    "SCS-MP2-VDW CORRELATION ENERGY": -0.30923846627001694,
    "SCS-MP2-VDW TOTAL ENERGY": -110.20461099383945,
    "SCSN-MP2 CORRELATION ENERGY": -0.10672232788198244,
    "SCSN-MP2 TOTAL ENERGY": -110.00209485545142,
    "SOS-MP2 CORRELATION ENERGY": 0.0,
    "SOS-MP2 TOTAL ENERGY": -109.89537252756944,
    "SOS-PI-MP2 CORRELATION ENERGY": -0.30506833778940745,
    "SOS-PI-MP2 TOTAL ENERGY": -110.20044086535884,
    "TWO-ELECTRON ENERGY": 70.46543620428815
}