{
    "CC D1 DIAGNOSTIC": 0.00986681898024484,
    "CC D2 DIAGNOSTIC": 0.10343152910496811,
    "CC NEW D1 DIAGNOSTIC": 0.00986681898024484,
    "CC T1 DIAGNOSTIC": 0.0044543858619786325,
    "CCSD CORRELATION ENERGY": -0.213414175964793,
    "CCSD OPPOSITE-SPIN CORRELATION ENERGY": -0.16982617814618553,
    "CCSD SAME-SPIN CORRELATION ENERGY": -0.043587997818607505,
    "CCSD TOTAL ENERGY": -107.45139464473993,
    "CURRENT CORRELATION ENERGY": -0.213414175964793,
    "CURRENT DIPOLE X": 0.0,
    "CURRENT DIPOLE Y": 0.0,
    "CURRENT DIPOLE Z": 8.465716300959468e-16,
    "CURRENT ENERGY": -107.45139464473993,
    "CURRENT REFERENCE ENERGY": -107.23798046877518,
    "HF TOTAL ENERGY": -107.23798046877518,
    "LCCSD (+LMP2) TOTAL ENERGY": -107.45139464473993,
    "MP2 CORRELATION ENERGY": -0.20502759397238035,
    "MP2 OPPOSITE-SPIN CORRELATION ENERGY": -0.15722009310175297,
    "MP2 SAME-SPIN CORRELATION ENERGY": -0.04780750087062738,
    "MP2 TOTAL ENERGY": -107.44300806274752,
    "NUCLEAR REPULSION ENERGY": 38.943448915042794,
    "ONE-ELECTRON ENERGY": -220.2252999425202,
    "PCM POLARIZATION ENERGY": 0.0,
    "PE ENERGY": 0.0,
    "SCF DIPOLE X": 0.0,
    "SCF DIPOLE Y": 0.0,
    "SCF DIPOLE Z": 8.465716300959468e-16,
    "SCF ITERATION ENERGY": -107.23798046877518,
    "SCF ITERATIONS": 8.0,
    "SCF TOTAL ENERGY": -107.23798046877518,
    "TWO-ELECTRON ENERGY": 74.04387055870221
}