{
    "CC D1 DIAGNOSTIC": 0.03805619689778926,
    "CC D2 DIAGNOSTIC": 0.09149387686563897,
    "CC NEW D1 DIAGNOSTIC": 0.03805619689778926,
    "CC T1 DIAGNOSTIC": 0.013622997559209466,
    "CCSD CORRELATION ENERGY": -0.28935942980948026,
    "CCSD OPPOSITE-SPIN CORRELATION ENERGY": -0.22471582539007828,
    "CCSD SAME-SPIN CORRELATION ENERGY": -0.06464360441940203,
    "CCSD TOTAL ENERGY": -261.57889560667974,
    "CURRENT CORRELATION ENERGY": -0.28935942980948026,
    "CURRENT DIPOLE X": 0.0,
    "CURRENT DIPOLE Y": 0.0,
    "CURRENT DIPOLE Z": -7.17382873176605,
    "CURRENT ENERGY": -261.57889560667974,
    "CURRENT REFERENCE ENERGY": -261.28953617686994,
    "HF TOTAL ENERGY": -261.28953617687,
    "LCCSD (+LMP2) TOTAL ENERGY": -261.57889560667974,
    "MP2 CORRELATION ENERGY": -0.29067273215172285,
    "MP2 OPPOSITE-SPIN CORRELATION ENERGY": -0.21592904702031182,
    "MP2 SAME-SPIN CORRELATION ENERGY": -0.07474368513141103,
    "MP2 TOTAL ENERGY": -261.58020890902196,
    "NUCLEAR REPULSION ENERGY": 32.88744551233335,
    "ONE-ELECTRON ENERGY": -435.7981791392815,
    "PCM POLARIZATION ENERGY": 0.0,
    "PE ENERGY": 0.0,
    "SCF DIPOLE X": 0.0,
    "SCF DIPOLE Y": 0.0,
    "SCF DIPOLE Z": -7.17382873176605,
    "SCF ITERATION ENERGY": -261.28953617686994,
    "SCF ITERATIONS": 10.0,
    "SCF TOTAL ENERGY": -261.28953617686994,
    "TWO-ELECTRON ENERGY": 141.6211974500782
}