{
    "CC D1 DIAGNOSTIC": 0.0571972074041435,
    "CC D2 DIAGNOSTIC": 0.347872502795559,
    "CC NEW D1 DIAGNOSTIC": 0.0571972074041435,
    "CC T1 DIAGNOSTIC": 0.017896231213917355,
    "CCSD CORRELATION ENERGY": -0.37401903965759753,
    "CCSD OPPOSITE-SPIN CORRELATION ENERGY": -0.3148130813692968,
    "CCSD SAME-SPIN CORRELATION ENERGY": -0.059205958288300664,
    "CCSD TOTAL ENERGY": -149.8117344604601,
    "CURRENT CORRELATION ENERGY": -0.37401903965759753,
    "CURRENT DIPOLE X": 0.0,
    "CURRENT DIPOLE Y": 0.0,
    "CURRENT DIPOLE Z": 0.0,
    "CURRENT ENERGY": -149.8117344604601,
    "CURRENT REFERENCE ENERGY": -149.43771542080182,
    "HF TOTAL ENERGY": -149.43771542080182,
    "LCCSD (+LMP2) TOTAL ENERGY": -149.82238367081564,
    "MP2 CORRELATION ENERGY": -0.41481458214866673,
    "MP2 OPPOSITE-SPIN CORRELATION ENERGY": -0.308789134478046,
    "MP2 SAME-SPIN CORRELATION ENERGY": -0.10602544767062072,
    "MP2 TOTAL ENERGY": -149.85253000295114,
    "NUCLEAR REPULSION ENERGY": 23.12041494028515,
    "ONE-ELECTRON ENERGY": -251.64727132926228,
    "PCM POLARIZATION ENERGY": 0.0,
    "PE ENERGY": 0.0,
    "SCF DIPOLE X": 0.0,
    "SCF DIPOLE Y": 0.0,
    "SCF DIPOLE Z": 0.0,
    "SCF ITERATION ENERGY": -149.43771542080182,
    "SCF ITERATIONS": 9.0,
    "SCF TOTAL ENERGY": -149.43771542080182,
    "TWO-ELECTRON ENERGY": 79.08914096817531
}