{
    "CC D1 DIAGNOSTIC": 0.04186725689670385,
    "CC D2 DIAGNOSTIC": 0.14812285533529915,
    "CC NEW D1 DIAGNOSTIC": 0.04186725689670385,
    "CC T1 DIAGNOSTIC": 0.013971817941021775,
    "CCSD CORRELATION ENERGY": -0.3917488900943423,
    "CCSD OPPOSITE-SPIN CORRELATION ENERGY": -0.30870113369959534,
    "CCSD SAME-SPIN CORRELATION ENERGY": -0.08304775639474676,
    "CCSD TOTAL ENERGY": -187.93279757628508,
    "CURRENT CORRELATION ENERGY": -0.3917488900943423,
    "CURRENT DIPOLE X": 0.0,
    "CURRENT DIPOLE Y": 0.0,
    "CURRENT DIPOLE Z": 0.0,
    "CURRENT ENERGY": -187.93279757628508,
    "CURRENT REFERENCE ENERGY": -187.54104868619038,
    "HF TOTAL ENERGY": -187.54104868619038,
    "LCCSD (+LMP2) TOTAL ENERGY": -187.92927359187667,
    "MP2 CORRELATION ENERGY": -0.40274084639480195,
    "MP2 OPPOSITE-SPIN CORRELATION ENERGY": -0.29982752086868486,
    "MP2 SAME-SPIN CORRELATION ENERGY": -0.1029133255261171,
    "MP2 TOTAL ENERGY": -187.94378953258555,
    "NUCLEAR REPULSION ENERGY": 62.259593118643124,
    "ONE-ELECTRON ENERGY": -379.3726390440789,
    "PCM POLARIZATION ENERGY": 0.0,
    "PE ENERGY": 0.0,
    "SCF DIPOLE X": 0.0,
    "SCF DIPOLE Y": 0.0,
    "SCF DIPOLE Z": 0.0,
    "SCF ITERATION ENERGY": -187.54104868619038,
    "SCF ITERATIONS": 10.0,
    "SCF TOTAL ENERGY": -187.54104868619038,
    "TWO-ELECTRON ENERGY": 129.57199723924538
}