{
    "CC D1 DIAGNOSTIC": 0.09518676411295315,
    "CC D2 DIAGNOSTIC": 0.19023214750825826,
    "CC NEW D1 DIAGNOSTIC": 0.09518676411295315,
    "CC T1 DIAGNOSTIC": 0.03750338923870805,
    "CCSD CORRELATION ENERGY": -0.2899588064604137,
    "CCSD OPPOSITE-SPIN CORRELATION ENERGY": -0.23421675697433575,
    "CCSD SAME-SPIN CORRELATION ENERGY": -0.05574204948607803,
    "CCSD TOTAL ENERGY": -112.89177656639575,
    "CURRENT CORRELATION ENERGY": -0.2899588064604137,
    "CURRENT DIPOLE X": 0.0,
    "CURRENT DIPOLE Y": 0.0,
    "CURRENT DIPOLE Z": -1.7940526482293089,
    "CURRENT ENERGY": -112.89177656639575,
    "CURRENT REFERENCE ENERGY": -112.60181775993512,
    "HF TOTAL ENERGY": -112.60181775993512,
    "LCCSD (+LMP2) TOTAL ENERGY": -112.89178643258212,
    "MP2 CORRELATION ENERGY": -0.30819404737506545,
    "MP2 OPPOSITE-SPIN CORRELATION ENERGY": -0.22870591390175962,
    "MP2 SAME-SPIN CORRELATION ENERGY": -0.07948813347330583,
    "MP2 TOTAL ENERGY": -112.9100118073104,
    "NUCLEAR REPULSION ENERGY": 18.281015248896345,
    "ONE-ELECTRON ENERGY": -189.78062396241222,
    "PCM POLARIZATION ENERGY": 0.0,
    "PE ENERGY": 0.0,
    "SCF DIPOLE X": 0.0,
    "SCF DIPOLE Y": 0.0,
    "SCF DIPOLE Z": -1.7940526482293089,
    "SCF ITERATION ENERGY": -112.60181775993512,
    "SCF ITERATIONS": 10.0,
    "SCF TOTAL ENERGY": -112.60181775993512,
    "TWO-ELECTRON ENERGY": 58.89779095358075
}