{
    "CC D1 DIAGNOSTIC": 0.024225119287521843,
    "CC D2 DIAGNOSTIC": 0.18397562513800597,
    "CC NEW D1 DIAGNOSTIC": 0.024225119287521843,
    "CC T1 DIAGNOSTIC": 0.00712471648520786,
    "CCSD CORRELATION ENERGY": -0.12265718162182213,
    "CCSD OPPOSITE-SPIN CORRELATION ENERGY": -0.10230568175707815,
    "CCSD SAME-SPIN CORRELATION ENERGY": -0.020351499864743633,
    "CCSD TOTAL ENERGY": -460.16000164585796,
    "CURRENT CORRELATION ENERGY": -0.12265718162182213,
    "CURRENT DIPOLE X": 0.0,
    "CURRENT DIPOLE Y": 0.0,
    "CURRENT DIPOLE Z": -2.0661377901627973,
    "CURRENT ENERGY": -460.16000164585796,
    "CURRENT REFERENCE ENERGY": -460.0373444642361,
    "HF TOTAL ENERGY": -460.0373444642362,
    "LCCSD (+LMP2) TOTAL ENERGY": -460.1600613242686,
    "MP2 CORRELATION ENERGY": -0.109647334394845,
    "MP2 OPPOSITE-SPIN CORRELATION ENERGY": -0.0877437218938577,
    "MP2 SAME-SPIN CORRELATION ENERGY": -0.021903612500987296,
    "MP2 TOTAL ENERGY": -460.14699179863095,
    "NUCLEAR REPULSION ENERGY": 5.647339128380474,
    "ONE-ELECTRON ENERGY": -646.928668452906,
    "PCM POLARIZATION ENERGY": 0.0,
    "PE ENERGY": 0.0,
    "SCF DIPOLE X": 0.0,
    "SCF DIPOLE Y": 0.0,
    "SCF DIPOLE Z": -2.0661377901627973,
    "SCF ITERATION ENERGY": -460.0373444642361,
    "SCF ITERATIONS": 9.0,
    "SCF TOTAL ENERGY": -460.0373444642361,
    "TWO-ELECTRON ENERGY": 181.24398486028932
}