{
    "CC D1 DIAGNOSTIC": 0.011239641503229477,
    "CC D2 DIAGNOSTIC": 0.09414401222841097,
    "CC NEW D1 DIAGNOSTIC": 0.011239641503229477,
    "CC T1 DIAGNOSTIC": 0.0043632236347487564,
    "CCSD CORRELATION ENERGY": -0.10609936139997692,
    "CCSD OPPOSITE-SPIN CORRELATION ENERGY": -0.08713376150161112,
    "CCSD SAME-SPIN CORRELATION ENERGY": -0.01896559989836602,
    "CCSD TOTAL ENERGY": -460.1105671796636,
    "CURRENT CORRELATION ENERGY": -0.10609936139997692,
    "CURRENT DIPOLE X": 0.0,
    "CURRENT DIPOLE Y": 0.0,
    "CURRENT DIPOLE Z": -1.7728343353657938,
    "CURRENT ENERGY": -460.1105671796636,
    "CURRENT REFERENCE ENERGY": -460.0044678182629,
    "HF TOTAL ENERGY": -460.0044678182629,
    "LCCSD (+LMP2) TOTAL ENERGY": -460.08322303902753,
    "MP2 CORRELATION ENERGY": -0.09764113696007198,
    "MP2 OPPOSITE-SPIN CORRELATION ENERGY": -0.07808881497687506,
    "MP2 SAME-SPIN CORRELATION ENERGY": -0.019552321983196924,
    "MP2 TOTAL ENERGY": -460.1021089552237,
    "NUCLEAR REPULSION ENERGY": 8.627501222634264,
    "ONE-ELECTRON ENERGY": -652.4932874115734,
    "PCM POLARIZATION ENERGY": 0.0,
    "PE ENERGY": 0.0,
    "SCF DIPOLE X": 0.0,
    "SCF DIPOLE Y": 0.0,
    "SCF DIPOLE Z": -1.7728343353657938,
    "SCF ITERATION ENERGY": -460.0044678182629,
    "SCF ITERATIONS": 8.0,
    "SCF TOTAL ENERGY": -460.0044678182629,
    "TWO-ELECTRON ENERGY": 183.86131837067623
}