{
    "CC D1 DIAGNOSTIC": 0.027879382892102244,
    "CC D2 DIAGNOSTIC": 0.09382101769400197,
    "CC NEW D1 DIAGNOSTIC": 0.027879382892102244,
    "CC T1 DIAGNOSTIC": 0.013329446017923404,
    "CCSD CORRELATION ENERGY": -0.1748993835530519,
    "CCSD OPPOSITE-SPIN CORRELATION ENERGY": -0.13944495340597576,
    "CCSD SAME-SPIN CORRELATION ENERGY": -0.03545443014707611,
    "CCSD TOTAL ENERGY": -106.93909205505304,
    "CURRENT CORRELATION ENERGY": -0.1748993835530519,
    "CURRENT DIPOLE X": 0.0,
    "CURRENT DIPOLE Y": 0.0,
    "CURRENT DIPOLE Z": -4.339289473001626,
    "CURRENT ENERGY": -106.93909205505304,
    "CURRENT REFERENCE ENERGY": -106.76419267150006,
    "HF TOTAL ENERGY": -106.76419267150006,
    "LCCSD (+LMP2) TOTAL ENERGY": -107.03833045752248,
    "MP2 CORRELATION ENERGY": -0.17517765272272698,
    "MP2 OPPOSITE-SPIN CORRELATION ENERGY": -0.13256477810695494,
    "MP2 SAME-SPIN CORRELATION ENERGY": -0.04261287461577204,
    "MP2 TOTAL ENERGY": -106.93937032422271,
    "NUCLEAR REPULSION ENERGY": 13.224507688046092,
    "ONE-ELECTRON ENERGY": -176.79292580421318,
    "PCM POLARIZATION ENERGY": 0.0,
    "PE ENERGY": 0.0,
    "SCF DIPOLE X": 0.0,
    "SCF DIPOLE Y": 0.0,
    "SCF DIPOLE Z": -4.339289473001626,
    "SCF ITERATION ENERGY": -106.76419267150006,
    "SCF ITERATIONS": 10.0,
    "SCF TOTAL ENERGY": -106.76419267150006,
    "TWO-ELECTRON ENERGY": 56.80422544466704
}