{
    "CURRENT CORRELATION ENERGY": -0.15309385325546998,
    "CURRENT DIPOLE X": 0.0,
    "CURRENT DIPOLE Y": 0.0,
    "CURRENT DIPOLE Z": -0.29979696227601443,
    "CURRENT ENERGY": -76.12216335167744,
    "CURRENT REFERENCE ENERGY": -75.96906949842197,
    "CUSTOM SCS-MP2 CORRELATION ENERGY": -0.153515675550003,
    "CUSTOM SCS-MP2 TOTAL ENERGY": -76.12258517397197,
    "HF TOTAL ENERGY": -75.96906949842197,
    "MP2 CORRELATION ENERGY": -0.15309385325546998,
    "MP2 OPPOSITE-SPIN CORRELATION ENERGY": -0.11825122053636239,
    "MP2 SAME-SPIN CORRELATION ENERGY": -0.034842632719104455,
    "MP2 TOTAL ENERGY": -76.12216335167744,
    "NUCLEAR REPULSION ENERGY": 9.09555225546557,
    "ONE-ELECTRON ENERGY": -123.12448116499189,
    "PCM POLARIZATION ENERGY": 0.0,
    "PE ENERGY": 0.0,
    "SCF DIPOLE X": 0.0,
    "SCF DIPOLE Y": 0.0,
    "SCF DIPOLE Z": -0.29979696227601443,
    "SCF ITERATION ENERGY": -75.96906949842197,
    "SCF ITERATIONS": 10.0,
    "SCF TOTAL ENERGY": -75.96906949842197,
    "SCS-MP2 CORRELATION ENERGY": -0.153515675550003,
    "SCS-MP2 TOTAL ENERGY": -76.12258517397197,
    "SCS-MP2-VDW CORRELATION ENERGY": -0.1687828786460983,
    "SCS-MP2-VDW TOTAL ENERGY": -76.13785237706807,
    "SCSN-MP2 CORRELATION ENERGY": -0.06132303358563718,
    "SCSN-MP2 TOTAL ENERGY": -76.03039253200761,
    "SOS-MP2 CORRELATION ENERGY": -0.15372658669727457,
    "SOS-MP2 TOTAL ENERGY": -76.12279608511925,
    "SOS-PI-MP2 CORRELATION ENERGY": -0.16555170875091108,
    "SOS-PI-MP2 TOTAL ENERGY": -76.13462120717288,
    "TWO-ELECTRON ENERGY": 38.05985941110434
}