{
    "CC D1 DIAGNOSTIC": 0.05596382172856301,
    "CC D2 DIAGNOSTIC": 0.33951188629720525,
    "CC NEW D1 DIAGNOSTIC": 0.05596382172856301,
    "CC T1 DIAGNOSTIC": 0.02331373280224242,
    "CCSD CORRELATION ENERGY": -0.3975385264772176,
    "CCSD OPPOSITE-SPIN CORRELATION ENERGY": -0.35180799387826905,
    "CCSD SAME-SPIN CORRELATION ENERGY": -0.04573053259894849,
    "CCSD TOTAL ENERGY": -108.9814301791112,
    "CURRENT CORRELATION ENERGY": -0.3975385264772176,
    "CURRENT DIPOLE X": 0.0,
    "CURRENT DIPOLE Y": 0.0,
    "CURRENT DIPOLE Z": -1.1287621734612623e-15,
    "CURRENT ENERGY": -108.9814301791112,
    "CURRENT REFERENCE ENERGY": -108.58389165263395,
    "HF TOTAL ENERGY": -108.58389165263395,
    "LCCSD (+LMP2) TOTAL ENERGY": -109.2255102477834,
    "MP2 CORRELATION ENERGY": -0.5135448133312139,
    "MP2 OPPOSITE-SPIN CORRELATION ENERGY": -0.3673398008504453,
    "MP2 SAME-SPIN CORRELATION ENERGY": -0.14620501248076861,
    "MP2 TOTAL ENERGY": -109.09743646596519,
    "NUCLEAR REPULSION ENERGY": 16.277624546508424,
    "ONE-ELECTRON ENERGY": -179.20569461874547,
    "PCM POLARIZATION ENERGY": 0.0,
    "PE ENERGY": 0.0,
    "SCF DIPOLE X": 0.0,
    "SCF DIPOLE Y": 0.0,
    "SCF DIPOLE Z": -1.1287621734612623e-15,
    "SCF ITERATION ENERGY": -108.58389165263395,
    "SCF ITERATIONS": 8.0,
    "SCF TOTAL ENERGY": -108.58389165263395,
    "TWO-ELECTRON ENERGY": 54.34417841960308
}