{
    "CC D1 DIAGNOSTIC": 0.020736554605860498,
    "CC D2 DIAGNOSTIC": 0.20828315229058902,
    "CC NEW D1 DIAGNOSTIC": 0.020736554605860498,
    "CC T1 DIAGNOSTIC": 0.007483366324457751,
    "CCSD CORRELATION ENERGY": -0.2662540677126142,
    "CCSD OPPOSITE-SPIN CORRELATION ENERGY": -0.21481168273177847,
    "CCSD SAME-SPIN CORRELATION ENERGY": -0.0514423849808357,
    "CCSD TOTAL ENERGY": -149.60392762133685,
    "CURRENT CORRELATION ENERGY": -0.2662540677126142,
    "CURRENT DIPOLE X": 0.0,
    "CURRENT DIPOLE Y": 0.0,
    "CURRENT DIPOLE Z": 0.0,
    "CURRENT ENERGY": -149.60392762133685,
    "CURRENT REFERENCE ENERGY": -149.33767355362426,
    "HF TOTAL ENERGY": -149.33767355362426,
    "LCCSD (+LMP2) TOTAL ENERGY": -149.6116138769696,
    "MP2 CORRELATION ENERGY": -0.25813841319355363,
    "MP2 OPPOSITE-SPIN CORRELATION ENERGY": -0.1977166738973886,
    "MP2 SAME-SPIN CORRELATION ENERGY": -0.06042173929616504,
    "MP2 TOTAL ENERGY": -149.5958119668178,
    "NUCLEAR REPULSION ENERGY": 35.28586887483309,
    "ONE-ELECTRON ENERGY": -274.636230751898,
    "PCM POLARIZATION ENERGY": 0.0,
    "PE ENERGY": 0.0,
    "SCF DIPOLE X": 0.0,
    "SCF DIPOLE Y": 0.0,
    "SCF DIPOLE Z": 0.0,
    "SCF ITERATION ENERGY": -149.33767355362426,
    "SCF ITERATIONS": 9.0,
    "SCF TOTAL ENERGY": -149.33767355362426,
    "TWO-ELECTRON ENERGY": 90.01268832344064
}