{
    "CC D1 DIAGNOSTIC": 0.24012984971732612,
    "CC D2 DIAGNOSTIC": 0.23542204741114894,
    "CC NEW D1 DIAGNOSTIC": 0.24012984971732612,
    "CC T1 DIAGNOSTIC": 0.09887541527474243,
    "CCSD CORRELATION ENERGY": -0.3240473261173904,
    "CCSD OPPOSITE-SPIN CORRELATION ENERGY": -0.25809104577299846,
    "CCSD SAME-SPIN CORRELATION ENERGY": -0.06595628034439116,
    "CCSD TOTAL ENERGY": -112.76417380440667,
    "CURRENT CORRELATION ENERGY": -0.3240473261173904,
    "CURRENT DIPOLE X": 0.0,
    "CURRENT DIPOLE Y": 0.0,
    "CURRENT DIPOLE Z": -3.013111030847235,
    "CURRENT ENERGY": -112.76417380440667,
    "CURRENT REFERENCE ENERGY": -112.44012647828933,
    "HF TOTAL ENERGY": -112.44012647828933,
    "LCCSD (+LMP2) TOTAL ENERGY": -112.77416363977467,
    "MP2 CORRELATION ENERGY": -0.32335324506354785,
    "MP2 OPPOSITE-SPIN CORRELATION ENERGY": -0.2402697792371914,
    "MP2 SAME-SPIN CORRELATION ENERGY": -0.08308346582635645,
    "MP2 TOTAL ENERGY": -112.76347972335282,
    "NUCLEAR REPULSION ENERGY": 15.021398859791503,
    "ONE-ELECTRON ENERGY": -183.54965347853107,
    "PCM POLARIZATION ENERGY": 0.0,
    "PE ENERGY": 0.0,
    "SCF DIPOLE X": 0.0,
    "SCF DIPOLE Y": 0.0,
    "SCF DIPOLE Z": -3.013111030847235,
    "SCF ITERATION ENERGY": -112.44012647828933,
    "SCF ITERATIONS": 13.0,
    "SCF TOTAL ENERGY": -112.44012647828933,
    "TWO-ELECTRON ENERGY": 56.088128140450245
}