{
    "CC D1 DIAGNOSTIC": 0.011181383949771648,
    "CC D2 DIAGNOSTIC": 0.09081463676917538,
    "CC NEW D1 DIAGNOSTIC": 0.011181383949771648,
    "CC T1 DIAGNOSTIC": 0.004318866297050158,
    "CCSD CORRELATION ENERGY": -0.1055392449681442,
    "CCSD OPPOSITE-SPIN CORRELATION ENERGY": -0.08665813086589512,
    "CCSD SAME-SPIN CORRELATION ENERGY": -0.018881114102249283,
    "CCSD TOTAL ENERGY": -460.0844405381173,
    "CURRENT CORRELATION ENERGY": -0.1055392449681442,
    "CURRENT DIPOLE X": 0.0,
    "CURRENT DIPOLE Y": 0.0,
    "CURRENT DIPOLE Z": -1.7548578816934215,
    "CURRENT ENERGY": -460.0844405381173,
    "CURRENT REFERENCE ENERGY": -459.9789012931489,
    "HF TOTAL ENERGY": -459.9789012931489,
    "LCCSD (+LMP2) TOTAL ENERGY": -460.0822143654495,
    "MP2 CORRELATION ENERGY": -0.09718626946153218,
    "MP2 OPPOSITE-SPIN CORRELATION ENERGY": -0.07775737010614558,
    "MP2 SAME-SPIN CORRELATION ENERGY": -0.019428899355386595,
    "MP2 TOTAL ENERGY": -460.07608756261067,
    "NUCLEAR REPULSION ENERGY": 8.951032518483052,
    "ONE-ELECTRON ENERGY": -653.0618604086023,
    "PCM POLARIZATION ENERGY": 0.0,
    "PE ENERGY": 0.0,
    "SCF DIPOLE X": 0.0,
    "SCF DIPOLE Y": 0.0,
    "SCF DIPOLE Z": -1.7548578816934215,
    "SCF ITERATION ENERGY": -459.9789012931489,
    "SCF ITERATIONS": 8.0,
    "SCF TOTAL ENERGY": -459.9789012931489,
    "TWO-ELECTRON ENERGY": 184.13192659697035
}