{
    "CC D1 DIAGNOSTIC": 0.037135704509453804,
    "CC D2 DIAGNOSTIC": 0.32747894832930696,
    "CC NEW D1 DIAGNOSTIC": 0.037135704509453804,
    "CC T1 DIAGNOSTIC": 0.009115380067840418,
    "CCSD CORRELATION ENERGY": -0.2627483990743458,
    "CCSD OPPOSITE-SPIN CORRELATION ENERGY": -0.21036004101306002,
    "CCSD SAME-SPIN CORRELATION ENERGY": -0.052388358061285695,
    "CCSD TOTAL ENERGY": -257.3534122750883,
    "CURRENT CORRELATION ENERGY": -0.2627483990743458,
    "CURRENT DIPOLE X": 0.0,
    "CURRENT DIPOLE Y": 0.0,
    "CURRENT DIPOLE Z": 3.526073031218554,
    "CURRENT ENERGY": -257.3534122750883,
    "CURRENT REFERENCE ENERGY": -257.09066387601416,
    "HF TOTAL ENERGY": -257.0906638760141,
    "LCCSD (+LMP2) TOTAL ENERGY": -257.283662119937,
    "MP2 CORRELATION ENERGY": -0.24291709902898467,
    "MP2 OPPOSITE-SPIN CORRELATION ENERGY": -0.1873905652573774,
    "MP2 SAME-SPIN CORRELATION ENERGY": -0.05552653377160727,
    "MP2 TOTAL ENERGY": -257.333580975043,
    "NUCLEAR REPULSION ENERGY": 77.80089721947516,
    "ONE-ELECTRON ENERGY": -501.46828470886084,
    "PCM POLARIZATION ENERGY": 0.0,
    "PE ENERGY": 0.0,
    "SCF DIPOLE X": 0.0,
    "SCF DIPOLE Y": 0.0,
    "SCF DIPOLE Z": 3.526073031218554,
    "SCF ITERATION ENERGY": -257.09066387601416,
    "SCF ITERATIONS": 10.0,
    "SCF TOTAL ENERGY": -257.09066387601416,
    "TWO-ELECTRON ENERGY": 166.5767236133715
}