{
    "CC D1 DIAGNOSTIC": 0.012132037664947816,
    "CC D2 DIAGNOSTIC": 0.12399453208727099,
    "CC NEW D1 DIAGNOSTIC": 0.012132037664947816,
    "CC T1 DIAGNOSTIC": 0.004965339257045715,
    "CCSD CORRELATION ENERGY": -0.11163285712051439,
    "CCSD OPPOSITE-SPIN CORRELATION ENERGY": -0.0920071355376054,
    "CCSD SAME-SPIN CORRELATION ENERGY": -0.019625721582909178,
    "CCSD TOTAL ENERGY": -460.17792828308467,
    "CURRENT CORRELATION ENERGY": -0.11163285712051439,
    "CURRENT DIPOLE X": 0.0,
    "CURRENT DIPOLE Y": 0.0,
    "CURRENT DIPOLE Z": -1.8807466136816868,
    "CURRENT ENERGY": -460.17792828308467,
    "CURRENT REFERENCE ENERGY": -460.066295425964,
    "HF TOTAL ENERGY": -460.066295425964,
    "LCCSD (+LMP2) TOTAL ENERGY": -460.1671336169813,
    "MP2 CORRELATION ENERGY": -0.10187927400036817,
    "MP2 OPPOSITE-SPIN CORRELATION ENERGY": -0.08135321731039388,
    "MP2 SAME-SPIN CORRELATION ENERGY": -0.020526056689974287,
    "MP2 TOTAL ENERGY": -460.16817469996454,
    "NUCLEAR REPULSION ENERGY": 7.006679075133505,
    "ONE-ELECTRON ENERGY": -649.5320138641342,
    "PCM POLARIZATION ENERGY": 0.0,
    "PE ENERGY": 0.0,
    "SCF DIPOLE X": 0.0,
    "SCF DIPOLE Y": 0.0,
    "SCF DIPOLE Z": -1.8807466136816868,
    "SCF ITERATION ENERGY": -460.066295425964,
    "SCF ITERATIONS": 9.0,
    "SCF TOTAL ENERGY": -460.066295425964,
    "TWO-ELECTRON ENERGY": 182.4590393630367
}