{
    "CC D1 DIAGNOSTIC": 0.024073278095306672,
    "CC D2 DIAGNOSTIC": 0.09058519168947611,
    "CC NEW D1 DIAGNOSTIC": 0.024073278095306672,
    "CC T1 DIAGNOSTIC": 0.007231713254376879,
    "CCSD CORRELATION ENERGY": -0.3370809400491488,
    "CCSD OPPOSITE-SPIN CORRELATION ENERGY": -0.2521211108840082,
    "CCSD SAME-SPIN CORRELATION ENERGY": -0.08495982916514055,
    "CCSD TOTAL ENERGY": -176.8905966431129,
    "CURRENT CORRELATION ENERGY": -0.3370809400491488,
    "CURRENT DIPOLE X": 0.0,
    "CURRENT DIPOLE Y": 0.0,
    "CURRENT DIPOLE Z": 0.0,
    "CURRENT ENERGY": -176.8905966431129,
    "CURRENT REFERENCE ENERGY": -176.5535157030636,
    "HF TOTAL ENERGY": -176.5535157030636,
    "LCCSD (+LMP2) TOTAL ENERGY": -176.89168635153104,
    "MP2 CORRELATION ENERGY": -0.3384373688521698,
    "MP2 OPPOSITE-SPIN CORRELATION ENERGY": -0.24456439261657828,
    "MP2 SAME-SPIN CORRELATION ENERGY": -0.09387297623559152,
    "MP2 TOTAL ENERGY": -176.8919530719159,
    "NUCLEAR REPULSION ENERGY": 133.4574446553093,
    "ONE-ELECTRON ENERGY": -494.640840943586,
    "PCM POLARIZATION ENERGY": 0.0,
    "PE ENERGY": 0.0,
    "SCF DIPOLE X": 0.0,
    "SCF DIPOLE Y": 0.0,
    "SCF DIPOLE Z": 0.0,
    "SCF ITERATION ENERGY": -176.5535157030636,
    "SCF ITERATIONS": 10.0,
    "SCF TOTAL ENERGY": -176.5535157030636,
    "TWO-ELECTRON ENERGY": 184.6298805852131
}