{
    "CC D1 DIAGNOSTIC": 0.03802834830223605,
    "CC D2 DIAGNOSTIC": 0.25883855650164417,
    "CC NEW D1 DIAGNOSTIC": 0.03802834830223605,
    "CC T1 DIAGNOSTIC": 0.012497374050001878,
    "CCSD CORRELATION ENERGY": -0.29655412173861256,
    "CCSD OPPOSITE-SPIN CORRELATION ENERGY": -0.24953055098576338,
    "CCSD SAME-SPIN CORRELATION ENERGY": -0.0470235707528493,
    "CCSD TOTAL ENERGY": -110.17652495082092,
    "CURRENT CORRELATION ENERGY": -0.29655412173861256,
    "CURRENT DIPOLE X": 1.1287621734612623e-15,
    "CURRENT DIPOLE Y": 0.0,
    "CURRENT DIPOLE Z": 1.4857677082488918,
    "CURRENT ENERGY": -110.17652495082092,
    "CURRENT REFERENCE ENERGY": -109.87997082908228,
    "HF TOTAL ENERGY": -109.87997082908228,
    "LCCSD (+LMP2) TOTAL ENERGY": -110.17459896204367,
    "MP2 CORRELATION ENERGY": -0.2794781528772958,
    "MP2 OPPOSITE-SPIN CORRELATION ENERGY": -0.2187148680701576,
    "MP2 SAME-SPIN CORRELATION ENERGY": -0.06076328480713822,
    "MP2 TOTAL ENERGY": -110.1594489819596,
    "NUCLEAR REPULSION ENERGY": 32.12654416460963,
    "ONE-ELECTRON ENERGY": -212.48908604784594,
    "PCM POLARIZATION ENERGY": 0.0,
    "PE ENERGY": 0.0,
    "SCF DIPOLE X": 1.1287621734612623e-15,
    "SCF DIPOLE Y": 0.0,
    "SCF DIPOLE Z": 1.4857677082488918,
    "SCF ITERATION ENERGY": -109.87997082908228,
    "SCF ITERATIONS": 10.0,
    "SCF TOTAL ENERGY": -109.87997082908228,
    "TWO-ELECTRON ENERGY": 70.48257105415402
}