{
    "CC D1 DIAGNOSTIC": 0.034484379716581005,
    "CC D2 DIAGNOSTIC": 0.09553209014630482,
    "CC NEW D1 DIAGNOSTIC": 0.034484379716581005,
    "CC T1 DIAGNOSTIC": 0.015074977220004273,
    "CCSD CORRELATION ENERGY": -0.177814059252825,
    "CCSD OPPOSITE-SPIN CORRELATION ENERGY": -0.14232825906823,
    "CCSD SAME-SPIN CORRELATION ENERGY": -0.03548580018459502,
    "CCSD TOTAL ENERGY": -107.11805887264627,
    "CURRENT CORRELATION ENERGY": -0.177814059252825,
    "CURRENT DIPOLE X": 0.0,
    "CURRENT DIPOLE Y": 0.0,
    "CURRENT DIPOLE Z": -5.5675693702498865,
    "CURRENT ENERGY": -107.11805887264627,
    "CURRENT REFERENCE ENERGY": -106.94024481339346,
    "HF TOTAL ENERGY": -106.94024481339346,
    "LCCSD (+LMP2) TOTAL ENERGY": -107.11730600217594,
    "MP2 CORRELATION ENERGY": -0.17822334836936973,
    "MP2 OPPOSITE-SPIN CORRELATION ENERGY": -0.1350597401232424,
    "MP2 SAME-SPIN CORRELATION ENERGY": -0.04316360824612733,
    "MP2 TOTAL ENERGY": -107.11846816176282,
    "NUCLEAR REPULSION ENERGY": 10.569773802713419,
    "ONE-ELECTRON ENERGY": -172.18645853458804,
    "PCM POLARIZATION ENERGY": 0.0,
    "PE ENERGY": 0.0,
    "SCF DIPOLE X": 0.0,
    "SCF DIPOLE Y": 0.0,
    "SCF DIPOLE Z": -5.5675693702498865,
    "SCF ITERATION ENERGY": -106.94024481339346,
    "SCF ITERATIONS": 10.0,
    "SCF TOTAL ENERGY": -106.94024481339346,
    "TWO-ELECTRON ENERGY": 54.676439918481144
}