{
    "CC D1 DIAGNOSTIC": 0.07602280743432627,
    "CC D2 DIAGNOSTIC": 0.2804923328754147,
    "CC NEW D1 DIAGNOSTIC": 0.07602280743432627,
    "CC T1 DIAGNOSTIC": 0.024323083097575738,
    "CCSD CORRELATION ENERGY": -0.20020839649157393,
    "CCSD OPPOSITE-SPIN CORRELATION ENERGY": -0.16793726790042143,
    "CCSD SAME-SPIN CORRELATION ENERGY": -0.032271128591153136,
    "CCSD TOTAL ENERGY": -100.0773900979523,
    "CURRENT CORRELATION ENERGY": -0.20020839649157393,
    "CURRENT DIPOLE X": 0.0,
    "CURRENT DIPOLE Y": 0.0,
    "CURRENT DIPOLE Z": -3.204914873621448,
    "CURRENT ENERGY": -100.0773900979523,
    "CURRENT REFERENCE ENERGY": -99.87718170146077,
    "HF TOTAL ENERGY": -99.87718170146077,
    "LCCSD (+LMP2) TOTAL ENERGY": -100.0793119477425,
    "MP2 CORRELATION ENERGY": -0.19339367780409653,
    "MP2 OPPOSITE-SPIN CORRELATION ENERGY": -0.14904818201397504,
    "MP2 SAME-SPIN CORRELATION ENERGY": -0.04434549579012148,
    "MP2 TOTAL ENERGY": -100.07057537926482,
    "NUCLEAR REPULSION ENERGY": 3.0622177199029728,
    "ONE-ELECTRON ENERGY": -146.84989496517696,
    "PCM POLARIZATION ENERGY": 0.0,
    "PE ENERGY": 0.0,
    "SCF DIPOLE X": 0.0,
    "SCF DIPOLE Y": 0.0,
    "SCF DIPOLE Z": -3.204914873621448,
    "SCF ITERATION ENERGY": -99.87718170146077,
    "SCF ITERATIONS": 10.0,
    "SCF TOTAL ENERGY": -99.87718170146077,
    "TWO-ELECTRON ENERGY": 43.91049554381321
}