{
    "CC D1 DIAGNOSTIC": 0.08223289347122219,
    "CC D2 DIAGNOSTIC": 0.18353876977452424,
    "CC NEW D1 DIAGNOSTIC": 0.08223289347122219,
    "CC T1 DIAGNOSTIC": 0.03234339506645628,
    "CCSD CORRELATION ENERGY": -0.2831278381166305,
    "CCSD OPPOSITE-SPIN CORRELATION ENERGY": -0.22860909396845433,
    "CCSD SAME-SPIN CORRELATION ENERGY": -0.05451874414817623,
    "CCSD TOTAL ENERGY": -112.91310916913093,
    "CURRENT CORRELATION ENERGY": -0.2831278381166305,
    "CURRENT DIPOLE X": 0.0,
    "CURRENT DIPOLE Y": 0.0,
    "CURRENT DIPOLE Z": -1.5338183085190817,
    "CURRENT ENERGY": -112.91310916913093,
    "CURRENT REFERENCE ENERGY": -112.62998133101404,
    "HF TOTAL ENERGY": -112.62998133101405,
    "LCCSD (+LMP2) TOTAL ENERGY": -112.9131207154537,
    "MP2 CORRELATION ENERGY": -0.29830971716684695,
    "MP2 OPPOSITE-SPIN CORRELATION ENERGY": -0.22203055504924918,
    "MP2 SAME-SPIN CORRELATION ENERGY": -0.07627916211759778,
    "MP2 TOTAL ENERGY": -112.92829104818115,
    "NUCLEAR REPULSION ENERGY": 19.002634271879096,
    "ONE-ELECTRON ENERGY": -191.166210261286,
    "PCM POLARIZATION ENERGY": 0.0,
    "PE ENERGY": 0.0,
    "SCF DIPOLE X": 0.0,
    "SCF DIPOLE Y": 0.0,
    "SCF DIPOLE Z": -1.5338183085190817,
    "SCF ITERATION ENERGY": -112.62998133101404,
    "SCF ITERATIONS": 10.0,
    "SCF TOTAL ENERGY": -112.62998133101404,
    "TWO-ELECTRON ENERGY": 59.53359465839288
}