{
    "CC D1 DIAGNOSTIC": 0.05037661908198424,
    "CC D2 DIAGNOSTIC": 0.2818417027867962,
    "CC NEW D1 DIAGNOSTIC": 0.05037661908198424,
    "CC T1 DIAGNOSTIC": 0.012602145712318377,
    "CCSD CORRELATION ENERGY": -0.13887243470815824,
    "CCSD OPPOSITE-SPIN CORRELATION ENERGY": -0.11833765672470653,
    "CCSD SAME-SPIN CORRELATION ENERGY": -0.020534777983450825,
    "CCSD TOTAL ENERGY": -460.1163154416453,
    "CURRENT CORRELATION ENERGY": -0.13887243470815824,
    "CURRENT DIPOLE X": 0.0,
    "CURRENT DIPOLE Y": 0.0,
    "CURRENT DIPOLE Z": -2.367335952684469,
    "CURRENT ENERGY": -460.1163154416453,
    "CURRENT REFERENCE ENERGY": -459.97744300693694,
    "HF TOTAL ENERGY": -459.97744300693694,
    "LCCSD (+LMP2) TOTAL ENERGY": -460.1154164972313,
    "MP2 CORRELATION ENERGY": -0.1196790597526586,
    "MP2 OPPOSITE-SPIN CORRELATION ENERGY": -0.09648635186299491,
    "MP2 SAME-SPIN CORRELATION ENERGY": -0.023192707889663697,
    "MP2 TOTAL ENERGY": -460.09712206668985,
    "NUCLEAR REPULSION ENERGY": 4.655933689718102,
    "ONE-ELECTRON ENERGY": -644.9878421769995,
    "PCM POLARIZATION ENERGY": 0.0,
    "PE ENERGY": 0.0,
    "SCF DIPOLE X": 0.0,
    "SCF DIPOLE Y": 0.0,
    "SCF DIPOLE Z": -2.367335952684469,
    "SCF ITERATION ENERGY": -459.97744300693694,
    "SCF ITERATIONS": 9.0,
    "SCF TOTAL ENERGY": -459.97744300693694,
    "TWO-ELECTRON ENERGY": 180.3544654803444
}