{
    "CC D1 DIAGNOSTIC": 0.037327244228073084,
    "CC D2 DIAGNOSTIC": 0.0917720795675264,
    "CC NEW D1 DIAGNOSTIC": 0.037327244228073084,
    "CC T1 DIAGNOSTIC": 0.013810290292138695,
    "CCSD CORRELATION ENERGY": -0.2904510641645168,
    "CCSD OPPOSITE-SPIN CORRELATION ENERGY": -0.2256387133377779,
    "CCSD SAME-SPIN CORRELATION ENERGY": -0.06481235082673897,
    "CCSD TOTAL ENERGY": -261.60143826466435,
    "CURRENT CORRELATION ENERGY": -0.2904510641645168,
    "CURRENT DIPOLE X": 0.0,
    "CURRENT DIPOLE Y": 0.0,
    "CURRENT DIPOLE Z": -7.448807707092895,
    "CURRENT ENERGY": -261.60143826466435,
    "CURRENT REFERENCE ENERGY": -261.31098720049977,
    "HF TOTAL ENERGY": -261.31098720049977,
    "LCCSD (+LMP2) TOTAL ENERGY": -261.60143826466435,
    "MP2 CORRELATION ENERGY": -0.2919163967385715,
    "MP2 OPPOSITE-SPIN CORRELATION ENERGY": -0.21684125988741046,
    "MP2 SAME-SPIN CORRELATION ENERGY": -0.07507513685116105,
    "MP2 TOTAL ENERGY": -261.6029035972384,
    "NUCLEAR REPULSION ENERGY": 31.401566950029135,
    "ONE-ELECTRON ENERGY": -432.83091597145403,
    "PCM POLARIZATION ENERGY": 0.0,
    "PE ENERGY": 0.0,
    "SCF DIPOLE X": 0.0,
    "SCF DIPOLE Y": 0.0,
    "SCF DIPOLE Z": -7.448807707092895,
    "SCF ITERATION ENERGY": -261.31098720049977,
    "SCF ITERATIONS": 10.0,
    "SCF TOTAL ENERGY": -261.31098720049977,
    "TWO-ELECTRON ENERGY": 140.11836182092514
}