{
    "CC D1 DIAGNOSTIC": 0.01148313967227984,
    "CC D2 DIAGNOSTIC": 0.11011599447288274,
    "CC NEW D1 DIAGNOSTIC": 0.01148313967227984,
    "CC T1 DIAGNOSTIC": 0.004643065292060772,
    "CCSD CORRELATION ENERGY": -0.10900110151276937,
    "CCSD OPPOSITE-SPIN CORRELATION ENERGY": -0.08965719382936278,
    "CCSD SAME-SPIN CORRELATION ENERGY": -0.019343907683406783,
    "CCSD TOTAL ENERGY": -460.16567609582034,
    "CURRENT CORRELATION ENERGY": -0.10900110151276937,
    "CURRENT DIPOLE X": 0.0,
    "CURRENT DIPOLE Y": 0.0,
    "CURRENT DIPOLE Z": -1.8360213292956866,
    "CURRENT ENERGY": -460.16567609582034,
    "CURRENT REFERENCE ENERGY": -460.05667499430785,
    "HF TOTAL ENERGY": -460.05667499430785,
    "LCCSD (+LMP2) TOTAL ENERGY": -460.1720607165735,
    "MP2 CORRELATION ENERGY": -0.09990251458809588,
    "MP2 OPPOSITE-SPIN CORRELATION ENERGY": -0.07980132520557585,
    "MP2 SAME-SPIN CORRELATION ENERGY": -0.02010118938252002,
    "MP2 TOTAL ENERGY": -460.1565775088957,
    "NUCLEAR REPULSION ENERGY": 7.585620778375467,
    "ONE-ELECTRON ENERGY": -650.6093666251069,
    "PCM POLARIZATION ENERGY": 0.0,
    "PE ENERGY": 0.0,
    "SCF DIPOLE X": 0.0,
    "SCF DIPOLE Y": 0.0,
    "SCF DIPOLE Z": -1.8360213292956866,
    "SCF ITERATION ENERGY": -460.05667499430785,
    "SCF ITERATIONS": 9.0,
    "SCF TOTAL ENERGY": -460.05667499430785,
    "TWO-ELECTRON ENERGY": 182.96707085242363
}