{
    "CC D1 DIAGNOSTIC": 0.08679858353851691,
    "CC D2 DIAGNOSTIC": 0.7559569759148463,
    "CC NEW D1 DIAGNOSTIC": 0.08679858353851691,
    "CC T1 DIAGNOSTIC": 0.03683039125754106,
    "CCSD CORRELATION ENERGY": -0.5741657433902372,
    "CCSD OPPOSITE-SPIN CORRELATION ENERGY": -0.6313090383208867,
    "CCSD SAME-SPIN CORRELATION ENERGY": 0.057143294930649624,
    "CCSD TOTAL ENERGY": -108.92201452788689,
    "CURRENT CORRELATION ENERGY": -0.5741657433902372,
    "CURRENT DIPOLE X": 0.0,
    "CURRENT DIPOLE Y": 0.0,
    "CURRENT DIPOLE Z": 1.1287621734612623e-15,
    "CURRENT ENERGY": -108.92201452788689,
    "CURRENT REFERENCE ENERGY": -108.34784878449652,
    "HF TOTAL ENERGY": -108.34784878449652,
    "LCCSD (+LMP2) TOTAL ENERGY": -108.92867430619008,
    "MP2 CORRELATION ENERGY": -0.7960994616669119,
    "MP2 OPPOSITE-SPIN CORRELATION ENERGY": -0.5553857602863865,
    "MP2 SAME-SPIN CORRELATION ENERGY": -0.2407137013805254,
    "MP2 TOTAL ENERGY": -109.14394824616356,
    "NUCLEAR REPULSION ENERGY": 13.113105416119872,
    "ONE-ELECTRON ENERGY": -172.8074579000604,
    "PCM POLARIZATION ENERGY": 0.0,
    "PE ENERGY": 0.0,
    "SCF DIPOLE X": 0.0,
    "SCF DIPOLE Y": 0.0,
    "SCF DIPOLE Z": 1.1287621734612623e-15,
    "SCF ITERATION ENERGY": -108.34784878449652,
    "SCF ITERATIONS": 8.0,
    "SCF TOTAL ENERGY": -108.34784878449652,
    "TWO-ELECTRON ENERGY": 51.346503699444
}