{
    "CURRENT CORRELATION ENERGY": -0.02248801514394816,
    "CURRENT DIPOLE X": 0.0,
    "CURRENT DIPOLE Y": 0.0,
    "CURRENT DIPOLE Z": 1.1552175369017606e-14,
    "CURRENT ENERGY": -1.097949609335738,
    "CURRENT REFERENCE ENERGY": -1.0754615941917898,
    "CUSTOM SCS-MP2 CORRELATION ENERGY": -0.026985618172737705,
    "CUSTOM SCS-MP2 TOTAL ENERGY": -1.1024472123645275,
    "HF TOTAL ENERGY": -1.0754615941917898,
    "MP2 CORRELATION ENERGY": -0.02248801514394816,
    "MP2 OPPOSITE-SPIN CORRELATION ENERGY": -0.02248801514394809,
    "MP2 SAME-SPIN CORRELATION ENERGY": 0.0,
    "MP2 TOTAL ENERGY": -1.097949609335738,
    "NUCLEAR REPULSION ENERGY": 0.47577400592348623,
    "ONE-ELECTRON ENERGY": -2.093338175924089,
    "PCM POLARIZATION ENERGY": 0.0,
    "PE ENERGY": 0.0,
    "SCF DIPOLE X": 0.0,
    "SCF DIPOLE Y": 0.0,
    "SCF DIPOLE Z": 1.1552175369017606e-14,
    "SCF ITERATION ENERGY": -1.0754615941917898,
    "SCF ITERATIONS": 5.0,
    "SCF TOTAL ENERGY": -1.0754615941917898,
    "SCS-MP2 CORRELATION ENERGY": -0.026985618172737705,
    "SCS-MP2 TOTAL ENERGY": -1.1024472123645275,
    "SCS-MP2-VDW CORRELATION ENERGY": -0.028784659384253564,
    "SCS-MP2-VDW TOTAL ENERGY": -1.1042462535760433,
    "SCSN-MP2 CORRELATION ENERGY": 0.0,
    "SCSN-MP2 TOTAL ENERGY": -1.0754615941917898,
    "SOS-MP2 CORRELATION ENERGY": 0.0,
    "SOS-MP2 TOTAL ENERGY": -1.0754615941917898,
    "SOS-PI-MP2 CORRELATION ENERGY": -0.031483221201527245,
    "SOS-PI-MP2 TOTAL ENERGY": -1.106944815393317,
    "TWO-ELECTRON ENERGY": 0.542102575808813
}