{
    "CC D1 DIAGNOSTIC": 0.042625102572793734,
    "CC D2 DIAGNOSTIC": 0.250024247029894,
    "CC NEW D1 DIAGNOSTIC": 0.042625102572793734,
    "CC T1 DIAGNOSTIC": 0.017527740380788727,
    "CCSD CORRELATION ENERGY": -0.3395222129981914,
    "CCSD OPPOSITE-SPIN CORRELATION ENERGY": -0.2843929329849109,
    "CCSD SAME-SPIN CORRELATION ENERGY": -0.05512928001328027,
    "CCSD TOTAL ENERGY": -109.08076545845927,
    "CURRENT CORRELATION ENERGY": -0.3395222129981914,
    "CURRENT DIPOLE X": 0.0,
    "CURRENT DIPOLE Y": 0.0,
    "CURRENT DIPOLE Z": -1.6931432601918935e-15,
    "CURRENT ENERGY": -109.08076545845927,
    "CURRENT REFERENCE ENERGY": -108.7412432454606,
    "HF TOTAL ENERGY": -108.7412432454606,
    "LCCSD (+LMP2) TOTAL ENERGY": -109.09051077602666,
    "MP2 CORRELATION ENERGY": -0.3959515273450919,
    "MP2 OPPOSITE-SPIN CORRELATION ENERGY": -0.2885973598244467,
    "MP2 SAME-SPIN CORRELATION ENERGY": -0.10735416752064525,
    "MP2 TOTAL ENERGY": -109.13719477280617,
    "NUCLEAR REPULSION ENERGY": 18.763661749975164,
    "ONE-ELECTRON ENERGY": -184.23372238488605,
    "PCM POLARIZATION ENERGY": 0.0,
    "PE ENERGY": 0.0,
    "SCF DIPOLE X": 0.0,
    "SCF DIPOLE Y": 0.0,
    "SCF DIPOLE Z": -1.6931432601918935e-15,
    "SCF ITERATION ENERGY": -108.7412432454606,
    "SCF ITERATIONS": 8.0,
    "SCF TOTAL ENERGY": -108.7412432454606,
    "TWO-ELECTRON ENERGY": 56.728817389450285
}