{
    "CC D1 DIAGNOSTIC": 0.04601433384849642,
    "CC D2 DIAGNOSTIC": 0.2084375612403972,
    "CC NEW D1 DIAGNOSTIC": 0.04601433384849642,
    "CC T1 DIAGNOSTIC": 0.015157395530928399,
    "CCSD CORRELATION ENERGY": -0.185475925859153,
    "CCSD OPPOSITE-SPIN CORRELATION ENERGY": -0.15272135078193244,
    "CCSD SAME-SPIN CORRELATION ENERGY": -0.032754575077220155,
    "CCSD TOTAL ENERGY": -100.11750534003286,
    "CURRENT CORRELATION ENERGY": -0.185475925859153,
    "CURRENT DIPOLE X": 0.0,
    "CURRENT DIPOLE Y": 0.0,
    "CURRENT DIPOLE Z": -2.900407288834538,
    "CURRENT ENERGY": -100.11750534003286,
    "CURRENT REFERENCE ENERGY": -99.93202941417377,
    "HF TOTAL ENERGY": -99.93202941417377,
    "LCCSD (+LMP2) TOTAL ENERGY": -100.12624006855377,
    "MP2 CORRELATION ENERGY": -0.18200224986532726,
    "MP2 OPPOSITE-SPIN CORRELATION ENERGY": -0.1392129977319308,
    "MP2 SAME-SPIN CORRELATION ENERGY": -0.04278925213339646,
    "MP2 TOTAL ENERGY": -100.11403166403903,
    "NUCLEAR REPULSION ENERGY": 3.543014520784934,
    "ONE-ELECTRON ENERGY": -147.72473172977982,
    "PCM POLARIZATION ENERGY": 0.0,
    "PE ENERGY": 0.0,
    "SCF DIPOLE X": 0.0,
    "SCF DIPOLE Y": 0.0,
    "SCF DIPOLE Z": -2.900407288834538,
    "SCF ITERATION ENERGY": -99.93202941417377,
    "SCF ITERATIONS": 10.0,
    "SCF TOTAL ENERGY": -99.93202941417377,
    "TWO-ELECTRON ENERGY": 44.249687794821114
}