{
    "CC D1 DIAGNOSTIC": 0.21262276471113217,
    "CC D2 DIAGNOSTIC": 0.22735468665794928,
    "CC NEW D1 DIAGNOSTIC": 0.21262276471113217,
    "CC T1 DIAGNOSTIC": 0.06976702644220238,
    "CCSD CORRELATION ENERGY": -0.48160075940726804,
    "CCSD OPPOSITE-SPIN CORRELATION ENERGY": -0.3781020340963734,
    "CCSD SAME-SPIN CORRELATION ENERGY": -0.1034987253108941,
    "CCSD TOTAL ENERGY": -187.732733473298,
    "CURRENT CORRELATION ENERGY": -0.48160075940726804,
    "CURRENT DIPOLE X": 0.0,
    "CURRENT DIPOLE Y": 0.0,
    "CURRENT DIPOLE Z": 0.0,
    "CURRENT ENERGY": -187.732733473298,
    "CURRENT REFERENCE ENERGY": -187.2511327138889,
    "HF TOTAL ENERGY": -187.2511327138889,
    "LCCSD (+LMP2) TOTAL ENERGY": -187.73495018685531,
    "MP2 CORRELATION ENERGY": -0.4712848377507744,
    "MP2 OPPOSITE-SPIN CORRELATION ENERGY": -0.34863249447276223,
    "MP2 SAME-SPIN CORRELATION ENERGY": -0.12265234327801217,
    "MP2 TOTAL ENERGY": -187.7224175516415,
    "NUCLEAR REPULSION ENERGY": 42.122505969331996,
    "ONE-ELECTRON ENERGY": -340.1453908404115,
    "PCM POLARIZATION ENERGY": 0.0,
    "PE ENERGY": 0.0,
    "SCF DIPOLE X": 0.0,
    "SCF DIPOLE Y": 0.0,
    "SCF DIPOLE Z": 0.0,
    "SCF ITERATION ENERGY": -187.2511327138889,
    "SCF ITERATIONS": 12.0,
    "SCF TOTAL ENERGY": -187.2511327138889,
    "TWO-ELECTRON ENERGY": 110.7717521571906
}