{
    "CC D1 DIAGNOSTIC": 0.01560030954338966,
    "CC D2 DIAGNOSTIC": 0.19814164733909598,
    "CC NEW D1 DIAGNOSTIC": 0.01560030954338966,
    "CC T1 DIAGNOSTIC": 0.006433485933980481,
    "CCSD CORRELATION ENERGY": -0.2541239341278354,
    "CCSD OPPOSITE-SPIN CORRELATION ENERGY": -0.20463513493812496,
    "CCSD SAME-SPIN CORRELATION ENERGY": -0.0494887991897105,
    "CCSD TOTAL ENERGY": -149.36461187980365,
    "CURRENT CORRELATION ENERGY": -0.2541239341278354,
    "CURRENT DIPOLE X": 0.0,
    "CURRENT DIPOLE Y": 0.0,
    "CURRENT DIPOLE Z": 0.0,
    "CURRENT ENERGY": -149.36461187980365,
    "CURRENT REFERENCE ENERGY": -149.11048794567586,
    "HF TOTAL ENERGY": -149.11048794567583,
    "LCCSD (+LMP2) TOTAL ENERGY": -149.39567069973177,
    "MP2 CORRELATION ENERGY": -0.24389324891087938,
    "MP2 OPPOSITE-SPIN CORRELATION ENERGY": -0.18747892443257083,
    "MP2 SAME-SPIN CORRELATION ENERGY": -0.05641432447830855,
    "MP2 TOTAL ENERGY": -149.35438119458667,
    "NUCLEAR REPULSION ENERGY": 38.62235504351357,
    "ONE-ELECTRON ENERGY": -280.4640926008391,
    "PCM POLARIZATION ENERGY": 0.0,
    "PE ENERGY": 0.0,
    "SCF DIPOLE X": 0.0,
    "SCF DIPOLE Y": 0.0,
    "SCF DIPOLE Z": 0.0,
    "SCF ITERATION ENERGY": -149.11048794567586,
    "SCF ITERATIONS": 9.0,
    "SCF TOTAL ENERGY": -149.11048794567586,
    "TWO-ELECTRON ENERGY": 92.73124961164967
}