{
    "CC D1 DIAGNOSTIC": 0.010479102411127749,
    "CC D2 DIAGNOSTIC": 0.1082591296155747,
    "CC NEW D1 DIAGNOSTIC": 0.010479102411127749,
    "CC T1 DIAGNOSTIC": 0.004817669275153863,
    "CCSD CORRELATION ENERGY": -0.21963187978488533,
    "CCSD OPPOSITE-SPIN CORRELATION ENERGY": -0.17532181604583674,
    "CCSD SAME-SPIN CORRELATION ENERGY": -0.04431006373904864,
    "CCSD TOTAL ENERGY": -108.22231512496117,
    "CURRENT CORRELATION ENERGY": -0.21963187978488533,
    "CURRENT DIPOLE X": 0.0,
    "CURRENT DIPOLE Y": 0.0,
    "CURRENT DIPOLE Z": -2.821905433653156e-16,
    "CURRENT ENERGY": -108.22231512496117,
    "CURRENT REFERENCE ENERGY": -108.00268324517629,
    "HF TOTAL ENERGY": -108.00268324517629,
    "LCCSD (+LMP2) TOTAL ENERGY": -108.25692639436541,
    "MP2 CORRELATION ENERGY": -0.21247914134771873,
    "MP2 OPPOSITE-SPIN CORRELATION ENERGY": -0.16269429502974161,
    "MP2 SAME-SPIN CORRELATION ENERGY": -0.04978484631797711,
    "MP2 TOTAL ENERGY": -108.215162386524,
    "NUCLEAR REPULSION ENERGY": 34.983098177919835,
    "ONE-ELECTRON ENERGY": -214.08210414881626,
    "PCM POLARIZATION ENERGY": 0.0,
    "PE ENERGY": 0.0,
    "SCF DIPOLE X": 0.0,
    "SCF DIPOLE Y": 0.0,
    "SCF DIPOLE Z": -2.821905433653156e-16,
    "SCF ITERATION ENERGY": -108.00268324517629,
    "SCF ITERATIONS": 8.0,
    "SCF TOTAL ENERGY": -108.00268324517629,
    "TWO-ELECTRON ENERGY": 71.09632272572014
}