{
    "CC D1 DIAGNOSTIC": 0.026245512504335114,
    "CC D2 DIAGNOSTIC": 0.19452117025841784,
    "CC NEW D1 DIAGNOSTIC": 0.026245512504335114,
    "CC T1 DIAGNOSTIC": 0.010085277631510426,
    "CCSD CORRELATION ENERGY": -0.321806878352441,
    "CCSD OPPOSITE-SPIN CORRELATION ENERGY": -0.26628019569415357,
    "CCSD SAME-SPIN CORRELATION ENERGY": -0.05552668265828764,
    "CCSD TOTAL ENERGY": -151.0760922998719,
    "CURRENT CORRELATION ENERGY": -0.321806878352441,
    "CURRENT DIPOLE X": 0.0,
    "CURRENT DIPOLE Y": 2.2575243469225247e-15,
    "CURRENT DIPOLE Z": 0.863522849998312,
    "CURRENT ENERGY": -151.0760922998719,
    "CURRENT REFERENCE ENERGY": -150.75428542151909,
    "HF TOTAL ENERGY": -150.75428542151909,
    "LCCSD (+LMP2) TOTAL ENERGY": -151.0721566471516,
    "MP2 CORRELATION ENERGY": -0.31415099486885745,
    "MP2 OPPOSITE-SPIN CORRELATION ENERGY": -0.24331737983964014,
    "MP2 SAME-SPIN CORRELATION ENERGY": -0.07083361502921731,
    "MP2 TOTAL ENERGY": -151.06843641638832,
    "NUCLEAR REPULSION ENERGY": 36.25870741404013,
    "ONE-ELECTRON ENERGY": -280.0303814548924,
    "PCM POLARIZATION ENERGY": 0.0,
    "PE ENERGY": 0.0,
    "SCF DIPOLE X": 0.0,
    "SCF DIPOLE Y": 2.2575243469225247e-15,
    "SCF DIPOLE Z": 0.863522849998312,
    "SCF ITERATION ENERGY": -150.75428542151909,
    "SCF ITERATIONS": 11.0,
    "SCF TOTAL ENERGY": -150.75428542151909,
    "TWO-ELECTRON ENERGY": 93.01738861933316
}