{
    "CC D1 DIAGNOSTIC": 0.01392913229032998,
    "CC D2 DIAGNOSTIC": 0.1330486693013653,
    "CC NEW D1 DIAGNOSTIC": 0.01392913229032998,
    "CC T1 DIAGNOSTIC": 0.0065180695819559735,
    "CCSD CORRELATION ENERGY": -0.2383232144013765,
    "CCSD OPPOSITE-SPIN CORRELATION ENERGY": -0.19131740553241364,
    "CCSD SAME-SPIN CORRELATION ENERGY": -0.047005808868962856,
    "CCSD TOTAL ENERGY": -108.94457648918795,
    "CURRENT CORRELATION ENERGY": -0.2383232144013765,
    "CURRENT DIPOLE X": 0.0,
    "CURRENT DIPOLE Y": 0.0,
    "CURRENT DIPOLE Z": 0.0,
    "CURRENT ENERGY": -108.94457648918795,
    "CURRENT REFERENCE ENERGY": -108.70625327478663,
    "HF TOTAL ENERGY": -108.70625327478663,
    "LCCSD (+LMP2) TOTAL ENERGY": -108.93815775660238,
    "MP2 CORRELATION ENERGY": -0.23574184088234135,
    "MP2 OPPOSITE-SPIN CORRELATION ENERGY": -0.17923236254326985,
    "MP2 SAME-SPIN CORRELATION ENERGY": -0.056509478339071495,
    "MP2 TOTAL ENERGY": -108.94199511566892,
    "NUCLEAR REPULSION ENERGY": 29.070461866158716,
    "ONE-ELECTRON ENERGY": -204.0195273488947,
    "PCM POLARIZATION ENERGY": 0.0,
    "PE ENERGY": 0.0,
    "SCF DIPOLE X": 0.0,
    "SCF DIPOLE Y": 0.0,
    "SCF DIPOLE Z": 0.0,
    "SCF ITERATION ENERGY": -108.70625327478663,
    "SCF ITERATIONS": 8.0,
    "SCF TOTAL ENERGY": -108.70625327478663,
    "TWO-ELECTRON ENERGY": 66.24281220794936
}