{
    "CC D1 DIAGNOSTIC": 0.027739143001170904,
    "CC D2 DIAGNOSTIC": 0.12871797686402456,
    "CC NEW D1 DIAGNOSTIC": 0.027739143001170904,
    "CC T1 DIAGNOSTIC": 0.010061716456052137,
    "CCSD CORRELATION ENERGY": -0.36331261343327326,
    "CCSD OPPOSITE-SPIN CORRELATION ENERGY": -0.2850091352575161,
    "CCSD SAME-SPIN CORRELATION ENERGY": -0.07830347817575722,
    "CCSD TOTAL ENERGY": -187.65993966953044,
    "CURRENT CORRELATION ENERGY": -0.36331261343327326,
    "CURRENT DIPOLE X": 0.0,
    "CURRENT DIPOLE Y": 0.0,
    "CURRENT DIPOLE Z": 0.0,
    "CURRENT ENERGY": -187.65993966953044,
    "CURRENT REFERENCE ENERGY": -187.2966270560969,
    "HF TOTAL ENERGY": -187.2966270560969,
    "LCCSD (+LMP2) TOTAL ENERGY": -187.66417513017743,
    "MP2 CORRELATION ENERGY": -0.36682662212432743,
    "MP2 OPPOSITE-SPIN CORRELATION ENERGY": -0.2741400509007449,
    "MP2 SAME-SPIN CORRELATION ENERGY": -0.09268657122358254,
    "MP2 TOTAL ENERGY": -187.66345367822152,
    "NUCLEAR REPULSION ENERGY": 70.57173774966618,
    "ONE-ELECTRON ENERGY": -395.1240524749126,
    "PCM POLARIZATION ENERGY": 0.0,
    "PE ENERGY": 0.0,
    "SCF DIPOLE X": 0.0,
    "SCF DIPOLE Y": 0.0,
    "SCF DIPOLE Z": 0.0,
    "SCF ITERATION ENERGY": -187.2966270560969,
    "SCF ITERATIONS": 9.0,
    "SCF TOTAL ENERGY": -187.2966270560969,
    "TWO-ELECTRON ENERGY": 137.25568766914955
}