{
    "CC D1 DIAGNOSTIC": 0.05212227249360946,
    "CC D2 DIAGNOSTIC": 0.30885022350445407,
    "CC NEW D1 DIAGNOSTIC": 0.05212227249360946,
    "CC T1 DIAGNOSTIC": 0.02162925880801105,
    "CCSD CORRELATION ENERGY": -0.3799526745912948,
    "CCSD OPPOSITE-SPIN CORRELATION ENERGY": -0.32969229839285075,
    "CCSD SAME-SPIN CORRELATION ENERGY": -0.05026037619844409,
    "CCSD TOTAL ENERGY": -109.00764681206456,
    "CURRENT CORRELATION ENERGY": -0.3799526745912948,
    "CURRENT DIPOLE X": 0.0,
    "CURRENT DIPOLE Y": 0.0,
    "CURRENT DIPOLE Z": -1.1287621734612623e-15,
    "CURRENT ENERGY": -109.00764681206456,
    "CURRENT REFERENCE ENERGY": -108.6276941374731,
    "HF TOTAL ENERGY": -108.6276941374731,
    "LCCSD (+LMP2) TOTAL ENERGY": -109.00764681206456,
    "MP2 CORRELATION ENERGY": -0.4769601034964751,
    "MP2 OPPOSITE-SPIN CORRELATION ENERGY": -0.3428938192555763,
    "MP2 SAME-SPIN CORRELATION ENERGY": -0.13406628424089878,
    "MP2 TOTAL ENERGY": -109.10465424096975,
    "NUCLEAR REPULSION ENERGY": 16.918055676207125,
    "ONE-ELECTRON ENERGY": -180.5031648961444,
    "PCM POLARIZATION ENERGY": 0.0,
    "PE ENERGY": 0.0,
    "SCF DIPOLE X": 0.0,
    "SCF DIPOLE Y": 0.0,
    "SCF DIPOLE Z": -1.1287621734612623e-15,
    "SCF ITERATION ENERGY": -108.6276941374731,
    "SCF ITERATIONS": 9.0,
    "SCF TOTAL ENERGY": -108.6276941374731,
    "TWO-ELECTRON ENERGY": 54.957415082464166
}