{
    "CC D1 DIAGNOSTIC": 0.07027394151244135,
    "CC D2 DIAGNOSTIC": 0.4997723740232804,
    "CC NEW D1 DIAGNOSTIC": 0.07027394151244135,
    "CC T1 DIAGNOSTIC": 0.029524965117463893,
    "CCSD CORRELATION ENERGY": -0.4699659892031828,
    "CCSD OPPOSITE-SPIN CORRELATION ENERGY": -0.4586986401618027,
    "CCSD SAME-SPIN CORRELATION ENERGY": -0.01126734904138016,
    "CCSD TOTAL ENERGY": -108.91931136202808,
    "CURRENT CORRELATION ENERGY": -0.4699659892031828,
    "CURRENT DIPOLE X": 0.0,
    "CURRENT DIPOLE Y": 0.0,
    "CURRENT DIPOLE Z": -5.643810867306312e-16,
    "CURRENT ENERGY": -108.91931136202808,
    "CURRENT REFERENCE ENERGY": -108.44934537282437,
    "HF TOTAL ENERGY": -108.44934537282437,
    "LCCSD (+LMP2) TOTAL ENERGY": -108.94933141394768,
    "MP2 CORRELATION ENERGY": -0.653075664973483,
    "MP2 OPPOSITE-SPIN CORRELATION ENERGY": -0.4603391099873036,
    "MP2 SAME-SPIN CORRELATION ENERGY": -0.19273655498617942,
    "MP2 TOTAL ENERGY": -109.10242103779838,
    "NUCLEAR REPULSION ENERGY": 14.433585961519363,
    "ONE-ELECTRON ENERGY": -175.47241170093628,
    "PCM POLARIZATION ENERGY": 0.0,
    "PE ENERGY": 0.0,
    "SCF DIPOLE X": 0.0,
    "SCF DIPOLE Y": 0.0,
    "SCF DIPOLE Z": -5.643810867306312e-16,
    "SCF ITERATION ENERGY": -108.44934537282437,
    "SCF ITERATIONS": 8.0,
    "SCF TOTAL ENERGY": -108.44934537282437,
    "TWO-ELECTRON ENERGY": 52.589480366592554
}