{
    "CC D1 DIAGNOSTIC": 0.07537594764287919,
    "CC D2 DIAGNOSTIC": 0.5159276794028699,
    "CC NEW D1 DIAGNOSTIC": 0.07537594764287919,
    "CC T1 DIAGNOSTIC": 0.024130581531612474,
    "CCSD CORRELATION ENERGY": -0.44669129017012954,
    "CCSD OPPOSITE-SPIN CORRELATION ENERGY": -0.4054052110820767,
    "CCSD SAME-SPIN CORRELATION ENERGY": -0.041286079088052874,
    "CCSD TOTAL ENERGY": -149.76584202693627,
    "CURRENT CORRELATION ENERGY": -0.44669129017012954,
    "CURRENT DIPOLE X": 0.0,
    "CURRENT DIPOLE Y": 0.0,
    "CURRENT DIPOLE Z": 0.0,
    "CURRENT ENERGY": -149.76584202693627,
    "CURRENT REFERENCE ENERGY": -149.31915073676578,
    "HF TOTAL ENERGY": -149.31915073676578,
    "LCCSD (+LMP2) TOTAL ENERGY": -149.80126918932177,
    "MP2 CORRELATION ENERGY": -0.5361100473769929,
    "MP2 OPPOSITE-SPIN CORRELATION ENERGY": -0.39613252474354704,
    "MP2 SAME-SPIN CORRELATION ENERGY": -0.13997752263344582,
    "MP2 TOTAL ENERGY": -149.85526078414313,
    "NUCLEAR REPULSION ENERGY": 19.422481138596897,
    "ONE-ELECTRON ENERGY": -244.33204585213647,
    "PCM POLARIZATION ENERGY": 0.0,
    "PE ENERGY": 0.0,
    "SCF DIPOLE X": 0.0,
    "SCF DIPOLE Y": 0.0,
    "SCF DIPOLE Z": 0.0,
    "SCF ITERATION ENERGY": -149.31915073676578,
    "SCF ITERATIONS": 9.0,
    "SCF TOTAL ENERGY": -149.31915073676578,
    "TWO-ELECTRON ENERGY": 75.59041397677379
}