{
    "CC D1 DIAGNOSTIC": 0.10300268865731226,
    "CC D2 DIAGNOSTIC": 0.18623208960951082,
    "CC NEW D1 DIAGNOSTIC": 0.10300268865731226,
    "CC T1 DIAGNOSTIC": 0.032818545001700346,
    "CCSD CORRELATION ENERGY": -0.454524504853123,
    "CCSD OPPOSITE-SPIN CORRELATION ENERGY": -0.3596007367126762,
    "CCSD SAME-SPIN CORRELATION ENERGY": -0.09492376814044667,
    "CCSD TOTAL ENERGY": -187.90657829086652,
    "CURRENT CORRELATION ENERGY": -0.454524504853123,
    "CURRENT DIPOLE X": 0.0,
    "CURRENT DIPOLE Y": 0.0,
    "CURRENT DIPOLE Z": 0.0,
    "CURRENT ENERGY": -187.90657829086652,
    "CURRENT REFERENCE ENERGY": -187.45205378601315,
    "HF TOTAL ENERGY": -187.45205378601315,
    "LCCSD (+LMP2) TOTAL ENERGY": -187.90771870825316,
    "MP2 CORRELATION ENERGY": -0.4816979666825853,
    "MP2 OPPOSITE-SPIN CORRELATION ENERGY": -0.35439120698708093,
    "MP2 SAME-SPIN CORRELATION ENERGY": -0.12730675969550437,
    "MP2 TOTAL ENERGY": -187.933751752696,
    "NUCLEAR REPULSION ENERGY": 49.55588937568471,
    "ONE-ELECTRON ENERGY": -354.61905880548215,
    "PCM POLARIZATION ENERGY": 0.0,
    "PE ENERGY": 0.0,
    "SCF DIPOLE X": 0.0,
    "SCF DIPOLE Y": 0.0,
    "SCF DIPOLE Z": 0.0,
    "SCF ITERATION ENERGY": -187.45205378601315,
    "SCF ITERATIONS": 10.0,
    "SCF TOTAL ENERGY": -187.45205378601315,
    "TWO-ELECTRON ENERGY": 117.61111564378427
}