{
    "CC D1 DIAGNOSTIC": 0.44372790398358464,
    "CC D2 DIAGNOSTIC": 0.33561236896339725,
    "CC NEW D1 DIAGNOSTIC": 0.44372790398358464,
    "CC T1 DIAGNOSTIC": 0.1862126508321474,
    "CCSD CORRELATION ENERGY": -0.3355958040444085,
    "CCSD OPPOSITE-SPIN CORRELATION ENERGY": -0.2567013210897232,
    "CCSD SAME-SPIN CORRELATION ENERGY": -0.07889448295468487,
    "CCSD TOTAL ENERGY": -112.70908775268839,
    "CURRENT CORRELATION ENERGY": -0.3355958040444085,
    "CURRENT DIPOLE X": 0.0,
    "CURRENT DIPOLE Y": 0.0,
    "CURRENT DIPOLE Z": -3.031649459248499,
    "CURRENT ENERGY": -112.70908775268839,
    "CURRENT REFERENCE ENERGY": -112.373491948644,
    "HF TOTAL ENERGY": -112.373491948644,
    "LCCSD (+LMP2) TOTAL ENERGY": -112.70909093953688,
    "MP2 CORRELATION ENERGY": -0.2508104636853764,
    "MP2 OPPOSITE-SPIN CORRELATION ENERGY": -0.19515271700629017,
    "MP2 SAME-SPIN CORRELATION ENERGY": -0.05565774667908624,
    "MP2 TOTAL ENERGY": -112.62430241232937,
    "NUCLEAR REPULSION ENERGY": 13.569666352536485,
    "ONE-ELECTRON ENERGY": -180.82980257885816,
    "PCM POLARIZATION ENERGY": 0.0,
    "PE ENERGY": 0.0,
    "SCF DIPOLE X": 0.0,
    "SCF DIPOLE Y": 0.0,
    "SCF DIPOLE Z": -3.031649459248499,
    "SCF ITERATION ENERGY": -112.373491948644,
    "SCF ITERATIONS": 14.0,
    "SCF TOTAL ENERGY": -112.373491948644,
    "TWO-ELECTRON ENERGY": 54.88664427767769
}