{
    "CC D1 DIAGNOSTIC": 0.042983425737258045,
    "CC D2 DIAGNOSTIC": 0.1007327407583344,
    "CC NEW D1 DIAGNOSTIC": 0.042983425737258045,
    "CC T1 DIAGNOSTIC": 0.01991348981033197,
    "CCSD CORRELATION ENERGY": -0.1821213350827325,
    "CCSD OPPOSITE-SPIN CORRELATION ENERGY": -0.14612678830833317,
    "CCSD SAME-SPIN CORRELATION ENERGY": -0.03599454677439945,
    "CCSD TOTAL ENERGY": -107.1253174635525,
    "CURRENT CORRELATION ENERGY": -0.1821213350827325,
    "CURRENT DIPOLE X": 0.0,
    "CURRENT DIPOLE Y": 0.0,
    "CURRENT DIPOLE Z": -7.802631866178565,
    "CURRENT ENERGY": -107.1253174635525,
    "CURRENT REFERENCE ENERGY": -106.94319612846972,
    "HF TOTAL ENERGY": -106.94319612846974,
    "LCCSD (+LMP2) TOTAL ENERGY": -107.12424185583093,
    "MP2 CORRELATION ENERGY": -0.18301665048440086,
    "MP2 OPPOSITE-SPIN CORRELATION ENERGY": -0.13859501693548798,
    "MP2 SAME-SPIN CORRELATION ENERGY": -0.044421633548912876,
    "MP2 TOTAL ENERGY": -107.12621277895418,
    "NUCLEAR REPULSION ENERGY": 7.632937323301774,
    "ONE-ELECTRON ENERGY": -166.83198485974228,
    "PCM POLARIZATION ENERGY": 0.0,
    "PE ENERGY": 0.0,
    "SCF DIPOLE X": 0.0,
    "SCF DIPOLE Y": 0.0,
    "SCF DIPOLE Z": -7.802631866178565,
    "SCF ITERATION ENERGY": -106.94319612846972,
    "SCF ITERATIONS": 10.0,
    "SCF TOTAL ENERGY": -106.94319612846972,
    "TWO-ELECTRON ENERGY": 52.25585140797077
}