{
    "CC D1 DIAGNOSTIC": 0.045878748189080845,
    "CC D2 DIAGNOSTIC": 0.2857586266644248,
    "CC NEW D1 DIAGNOSTIC": 0.045878748189080845,
    "CC T1 DIAGNOSTIC": 0.014273930663542529,
    "CCSD CORRELATION ENERGY": -0.3367307052964123,
    "CCSD OPPOSITE-SPIN CORRELATION ENERGY": -0.2767022395533883,
    "CCSD SAME-SPIN CORRELATION ENERGY": -0.060028465743023895,
    "CCSD TOTAL ENERGY": -149.831133170256,
    "CURRENT CORRELATION ENERGY": -0.3367307052964123,
    "CURRENT DIPOLE X": 0.0,
    "CURRENT DIPOLE Y": 0.0,
    "CURRENT DIPOLE Z": 0.0,
    "CURRENT ENERGY": -149.831133170256,
    "CURRENT REFERENCE ENERGY": -149.49440246495982,
    "HF TOTAL ENERGY": -149.49440246495982,
    "LCCSD (+LMP2) TOTAL ENERGY": -149.8756228931319,
    "MP2 CORRELATION ENERGY": -0.35483670534802847,
    "MP2 OPPOSITE-SPIN CORRELATION ENERGY": -0.26605531616186207,
    "MP2 SAME-SPIN CORRELATION ENERGY": -0.0887813891861664,
    "MP2 TOTAL ENERGY": -149.8492391703076,
    "NUCLEAR REPULSION ENERGY": 25.921542134973546,
    "ONE-ELECTRON ENERGY": -257.1256171652089,
    "PCM POLARIZATION ENERGY": 0.0,
    "PE ENERGY": 0.0,
    "SCF DIPOLE X": 0.0,
    "SCF DIPOLE Y": 0.0,
    "SCF DIPOLE Z": 0.0,
    "SCF ITERATION ENERGY": -149.49440246495982,
    "SCF ITERATIONS": 9.0,
    "SCF TOTAL ENERGY": -149.49440246495982,
    "TWO-ELECTRON ENERGY": 81.70967256527553
}