{
    "CC D1 DIAGNOSTIC": 0.03325421491203948,
    "CC D2 DIAGNOSTIC": 0.21415938058764156,
    "CC NEW D1 DIAGNOSTIC": 0.03325421491203948,
    "CC T1 DIAGNOSTIC": 0.011730419037542131,
    "CCSD CORRELATION ENERGY": -0.29069453471015383,
    "CCSD OPPOSITE-SPIN CORRELATION ENERGY": -0.24299790950739292,
    "CCSD SAME-SPIN CORRELATION ENERGY": -0.047696625202761134,
    "CCSD TOTAL ENERGY": -110.2303376571361,
    "CURRENT CORRELATION ENERGY": -0.29069453471015383,
    "CURRENT DIPOLE X": -1.6931432601918935e-15,
    "CURRENT DIPOLE Y": 0.0,
    "CURRENT DIPOLE Z": -3.716707804716284,
    "CURRENT ENERGY": -110.2303376571361,
    "CURRENT REFERENCE ENERGY": -109.93964312242593,
    "HF TOTAL ENERGY": -109.93964312242593,
    "LCCSD (+LMP2) TOTAL ENERGY": -110.23359240958247,
    "MP2 CORRELATION ENERGY": -0.27629643959645966,
    "MP2 OPPOSITE-SPIN CORRELATION ENERGY": -0.21602836503148387,
    "MP2 SAME-SPIN CORRELATION ENERGY": -0.06026807456497579,
    "MP2 TOTAL ENERGY": -110.21593956202241,
    "NUCLEAR REPULSION ENERGY": 32.1795323859415,
    "ONE-ELECTRON ENERGY": -212.45048952769014,
    "PCM POLARIZATION ENERGY": 0.0,
    "PE ENERGY": 0.0,
    "SCF DIPOLE X": -1.6931432601918935e-15,
    "SCF DIPOLE Y": 0.0,
    "SCF DIPOLE Z": -3.716707804716284,
    "SCF ITERATION ENERGY": -109.93964312242593,
    "SCF ITERATIONS": 11.0,
    "SCF TOTAL ENERGY": -109.93964312242593,
    "TWO-ELECTRON ENERGY": 70.33131401932269
}