{
    "CC D1 DIAGNOSTIC": 0.04017572936277722,
    "CC D2 DIAGNOSTIC": 0.2988180089359845,
    "CC NEW D1 DIAGNOSTIC": 0.04017572936277722,
    "CC T1 DIAGNOSTIC": 0.010015434052110367,
    "CCSD CORRELATION ENERGY": -0.27277647218265566,
    "CCSD OPPOSITE-SPIN CORRELATION ENERGY": -0.2177147660522959,
    "CCSD SAME-SPIN CORRELATION ENERGY": -0.05506170613035982,
    "CCSD TOTAL ENERGY": -259.3019833172161,
    "CURRENT CORRELATION ENERGY": -0.27277647218265566,
    "CURRENT DIPOLE X": 0.0,
    "CURRENT DIPOLE Y": 0.0,
    "CURRENT DIPOLE Z": 3.699937711779075,
    "CURRENT ENERGY": -259.3019833172161,
    "CURRENT REFERENCE ENERGY": -259.02920684503374,
    "HF TOTAL ENERGY": -259.02920684503374,
    "LCCSD (+LMP2) TOTAL ENERGY": -259.317428492935,
    "MP2 CORRELATION ENERGY": -0.2542988116354935,
    "MP2 OPPOSITE-SPIN CORRELATION ENERGY": -0.195659623763586,
    "MP2 SAME-SPIN CORRELATION ENERGY": -0.0586391878719075,
    "MP2 TOTAL ENERGY": -259.283505656669,
    "NUCLEAR REPULSION ENERGY": 62.992871464710994,
    "ONE-ELECTRON ENERGY": -478.6083851339859,
    "PCM POLARIZATION ENERGY": 0.0,
    "PE ENERGY": 0.0,
    "SCF DIPOLE X": 0.0,
    "SCF DIPOLE Y": 0.0,
    "SCF DIPOLE Z": 3.699937711779075,
    "SCF ITERATION ENERGY": -259.02920684503374,
    "SCF ITERATIONS": 11.0,
    "SCF TOTAL ENERGY": -259.02920684503374,
    "TWO-ELECTRON ENERGY": 156.58630682424115
}