{
    "CC D1 DIAGNOSTIC": 0.07923834402696828,
    "CC D2 DIAGNOSTIC": 0.2819347717009516,
    "CC NEW D1 DIAGNOSTIC": 0.07923834402696828,
    "CC T1 DIAGNOSTIC": 0.018431115132638305,
    "CCSD CORRELATION ENERGY": -0.27793877227592756,
    "CCSD OPPOSITE-SPIN CORRELATION ENERGY": -0.22074499330811181,
    "CCSD SAME-SPIN CORRELATION ENERGY": -0.05719377896781591,
    "CCSD TOTAL ENERGY": -259.56241626155406,
    "CURRENT CORRELATION ENERGY": -0.27793877227592756,
    "CURRENT DIPOLE X": 0.0,
    "CURRENT DIPOLE Y": 0.0,
    "CURRENT DIPOLE Z": 3.889569351603146,
    "CURRENT ENERGY": -259.56241626155406,
    "CURRENT REFERENCE ENERGY": -259.28447748927795,
    "HF TOTAL ENERGY": -259.28447748927795,
    "LCCSD (+LMP2) TOTAL ENERGY": -259.56329156900443,
    "MP2 CORRELATION ENERGY": -0.25963655156236903,
    "MP2 OPPOSITE-SPIN CORRELATION ENERGY": -0.19914262981262804,
    "MP2 SAME-SPIN CORRELATION ENERGY": -0.060493921749741,
    "MP2 TOTAL ENERGY": -259.5441140408405,
    "NUCLEAR REPULSION ENERGY": 60.261966632425846,
    "ONE-ELECTRON ENERGY": -474.420844807046,
    "PCM POLARIZATION ENERGY": 0.0,
    "PE ENERGY": 0.0,
    "SCF DIPOLE X": 0.0,
    "SCF DIPOLE Y": 0.0,
    "SCF DIPOLE Z": 3.889569351603146,
    "SCF ITERATION ENERGY": -259.28447748927795,
    "SCF ITERATIONS": 12.0,
    "SCF TOTAL ENERGY": -259.28447748927795,
    "TWO-ELECTRON ENERGY": 154.8744006853422
}