{
    "CC D1 DIAGNOSTIC": 0.3787286955373771,
    "CC D2 DIAGNOSTIC": 0.3341416010859704,
    "CC NEW D1 DIAGNOSTIC": 0.3787286955373771,
    "CC T1 DIAGNOSTIC": 0.12551975861273992,
    "CCSD CORRELATION ENERGY": -0.47518395480532816,
    "CCSD OPPOSITE-SPIN CORRELATION ENERGY": -0.3669830164470224,
    "CCSD SAME-SPIN CORRELATION ENERGY": -0.10820093835830519,
    "CCSD TOTAL ENERGY": -187.5900472350963,
    "CURRENT CORRELATION ENERGY": -0.47518395480532816,
    "CURRENT DIPOLE X": 0.0,
    "CURRENT DIPOLE Y": 0.0,
    "CURRENT DIPOLE Z": 0.0,
    "CURRENT ENERGY": -187.5900472350963,
    "CURRENT REFERENCE ENERGY": -187.11486328029008,
    "HF TOTAL ENERGY": -187.11486328029008,
    "LCCSD (+LMP2) TOTAL ENERGY": -187.59250900684864,
    "MP2 CORRELATION ENERGY": -0.37849848831153377,
    "MP2 OPPOSITE-SPIN CORRELATION ENERGY": -0.2911947634896187,
    "MP2 SAME-SPIN CORRELATION ENERGY": -0.08730372482191506,
    "MP2 TOTAL ENERGY": -187.4933617686025,
    "NUCLEAR REPULSION ENERGY": 36.62826606028871,
    "ONE-ELECTRON ENERGY": -329.60626164468647,
    "PCM POLARIZATION ENERGY": 0.0,
    "PE ENERGY": 0.0,
    "SCF DIPOLE X": 0.0,
    "SCF DIPOLE Y": 0.0,
    "SCF DIPOLE Z": 0.0,
    "SCF ITERATION ENERGY": -187.11486328029008,
    "SCF ITERATIONS": 13.0,
    "SCF TOTAL ENERGY": -187.11486328029008,
    "TWO-ELECTRON ENERGY": 105.8631323041077
}