{
    "CC D1 DIAGNOSTIC": 0.011256988043445649,
    "CC D2 DIAGNOSTIC": 0.18195457858716615,
    "CC NEW D1 DIAGNOSTIC": 0.011256988043445649,
    "CC T1 DIAGNOSTIC": 0.004996097818525674,
    "CCSD CORRELATION ENERGY": -0.2363262280282245,
    "CCSD OPPOSITE-SPIN CORRELATION ENERGY": -0.18891678537203294,
    "CCSD SAME-SPIN CORRELATION ENERGY": -0.047409442656191625,
    "CCSD TOTAL ENERGY": -148.04598170060063,
    "CURRENT CORRELATION ENERGY": -0.2363262280282245,
    "CURRENT DIPOLE X": 0.0,
    "CURRENT DIPOLE Y": 0.0,
    "CURRENT DIPOLE Z": 0.0,
    "CURRENT ENERGY": -148.04598170060063,
    "CURRENT REFERENCE ENERGY": -147.8096554725724,
    "HF TOTAL ENERGY": -147.80965547257236,
    "LCCSD (+LMP2) TOTAL ENERGY": -148.06355240416937,
    "MP2 CORRELATION ENERGY": -0.22449936478954235,
    "MP2 OPPOSITE-SPIN CORRELATION ENERGY": -0.17271136253061237,
    "MP2 SAME-SPIN CORRELATION ENERGY": -0.05178800225892999,
    "MP2 TOTAL ENERGY": -148.03415483736197,
    "NUCLEAR REPULSION ENERGY": 48.66137873713448,
    "ONE-ELECTRON ENERGY": -296.47620233184267,
    "PCM POLARIZATION ENERGY": 0.0,
    "PE ENERGY": 0.0,
    "SCF DIPOLE X": 0.0,
    "SCF DIPOLE Y": 0.0,
    "SCF DIPOLE Z": 0.0,
    "SCF ITERATION ENERGY": -147.8096554725724,
    "SCF ITERATIONS": 9.0,
    "SCF TOTAL ENERGY": -147.8096554725724,
    "TWO-ELECTRON ENERGY": 100.00516812213584
}