{
    "CC D1 DIAGNOSTIC": 0.08239467310567695,
    "CC D2 DIAGNOSTIC": 0.6828929112672519,
    "CC NEW D1 DIAGNOSTIC": 0.08239467310567695,
    "CC T1 DIAGNOSTIC": 0.03480684011075036,
    "CCSD CORRELATION ENERGY": -0.5431547869528428,
    "CCSD OPPOSITE-SPIN CORRELATION ENERGY": -0.58008948666988,
    "CCSD SAME-SPIN CORRELATION ENERGY": 0.03693469971703722,
    "CCSD TOTAL ENERGY": -108.91485473875196,
    "CURRENT CORRELATION ENERGY": -0.5431547869528428,
    "CURRENT DIPOLE X": 0.0,
    "CURRENT DIPOLE Y": 0.0,
    "CURRENT DIPOLE Z": -5.643810867306312e-16,
    "CURRENT ENERGY": -108.91485473875196,
    "CURRENT REFERENCE ENERGY": -108.37169995179876,
    "HF TOTAL ENERGY": -108.37169995179876,
    "LCCSD (+LMP2) TOTAL ENERGY": -108.9049694243424,
    "MP2 CORRELATION ENERGY": -0.7587657354833971,
    "MP2 OPPOSITE-SPIN CORRELATION ENERGY": -0.5306002699446379,
    "MP2 SAME-SPIN CORRELATION ENERGY": -0.22816546553875916,
    "MP2 TOTAL ENERGY": -109.13046568728251,
    "NUCLEAR REPULSION ENERGY": 13.42004416448159,
    "ONE-ELECTRON ENERGY": -173.42615689864647,
    "PCM POLARIZATION ENERGY": 0.0,
    "PE ENERGY": 0.0,
    "SCF DIPOLE X": 0.0,
    "SCF DIPOLE Y": 0.0,
    "SCF DIPOLE Z": -5.643810867306312e-16,
    "SCF ITERATION ENERGY": -108.37169995179876,
    "SCF ITERATIONS": 8.0,
    "SCF TOTAL ENERGY": -108.37169995179876,
    "TWO-ELECTRON ENERGY": 51.63441278236611
}