{
    "CC D1 DIAGNOSTIC": 0.015718483596751574,
    "CC D2 DIAGNOSTIC": 0.11242859605600652,
    "CC NEW D1 DIAGNOSTIC": 0.015718483596751574,
    "CC T1 DIAGNOSTIC": 0.006994230615632606,
    "CCSD CORRELATION ENERGY": -0.1600093158062026,
    "CCSD OPPOSITE-SPIN CORRELATION ENERGY": -0.1310520331227485,
    "CCSD SAME-SPIN CORRELATION ENERGY": -0.028957282683454044,
    "CCSD TOTAL ENERGY": -76.14387824832292,
    "CURRENT CORRELATION ENERGY": -0.1600093158062026,
    "CURRENT DIPOLE X": 0.0,
    "CURRENT DIPOLE Y": 0.0,
    "CURRENT DIPOLE Z": -1.4209559715452162,
    "CURRENT ENERGY": -76.14387824832292,
    "CURRENT REFERENCE ENERGY": -75.98386893251683,
    "HF TOTAL ENERGY": -75.98386893251683,
    "LCCSD (+LMP2) TOTAL ENERGY": -76.1587764323726,
    "MP2 CORRELATION ENERGY": -0.15480822250957194,
    "MP2 OPPOSITE-SPIN CORRELATION ENERGY": -0.11963988567392393,
    "MP2 SAME-SPIN CORRELATION ENERGY": -0.035168336835648004,
    "MP2 TOTAL ENERGY": -76.13867715502629,
    "NUCLEAR REPULSION ENERGY": 9.104552044101474,
    "ONE-ELECTRON ENERGY": -123.07502670107309,
    "PCM POLARIZATION ENERGY": 0.0,
    "PE ENERGY": 0.0,
    "SCF DIPOLE X": 0.0,
    "SCF DIPOLE Y": 0.0,
    "SCF DIPOLE Z": -1.4209559715452162,
    "SCF ITERATION ENERGY": -75.98386893251683,
    "SCF ITERATIONS": 10.0,
    "SCF TOTAL ENERGY": -75.98386893251683,
    "TWO-ELECTRON ENERGY": 37.98660572445478
}