{
    "CC D1 DIAGNOSTIC": 0.03523640964966979,
    "CC D2 DIAGNOSTIC": 0.2452492093725329,
    "CC NEW D1 DIAGNOSTIC": 0.03523640964966979,
    "CC T1 DIAGNOSTIC": 0.011128956354260006,
    "CCSD CORRELATION ENERGY": -0.30480442772469957,
    "CCSD OPPOSITE-SPIN CORRELATION ENERGY": -0.24758388819453994,
    "CCSD SAME-SPIN CORRELATION ENERGY": -0.05722053953015946,
    "CCSD TOTAL ENERGY": -149.81516653067573,
    "CURRENT CORRELATION ENERGY": -0.30480442772469957,
    "CURRENT DIPOLE X": 0.0,
    "CURRENT DIPOLE Y": 0.0,
    "CURRENT DIPOLE Z": 0.0,
    "CURRENT ENERGY": -149.81516653067573,
    "CURRENT REFERENCE ENERGY": -149.51036210295106,
    "HF TOTAL ENERGY": -149.51036210295106,
    "LCCSD (+LMP2) TOTAL ENERGY": -149.8503788511365,
    "MP2 CORRELATION ENERGY": -0.30808374232247127,
    "MP2 OPPOSITE-SPIN CORRELATION ENERGY": -0.2330132502879943,
    "MP2 SAME-SPIN CORRELATION ENERGY": -0.07507049203447697,
    "MP2 TOTAL ENERGY": -149.81844584527352,
    "NUCLEAR REPULSION ENERGY": 29.112747106233776,
    "ONE-ELECTRON ENERGY": -263.2559801715316,
    "PCM POLARIZATION ENERGY": 0.0,
    "PE ENERGY": 0.0,
    "SCF DIPOLE X": 0.0,
    "SCF DIPOLE Y": 0.0,
    "SCF DIPOLE Z": 0.0,
    "SCF ITERATION ENERGY": -149.51036210295106,
    "SCF ITERATIONS": 9.0,
    "SCF TOTAL ENERGY": -149.51036210295106,
    "TWO-ELECTRON ENERGY": 84.63287096234674
}