{
    "CC D1 DIAGNOSTIC": 0.015106427504927833,
    "CC D2 DIAGNOSTIC": 0.11179898265594325,
    "CC NEW D1 DIAGNOSTIC": 0.015106427504927833,
    "CC T1 DIAGNOSTIC": 0.006878392630167224,
    "CCSD CORRELATION ENERGY": -0.1590647106106176,
    "CCSD OPPOSITE-SPIN CORRELATION ENERGY": -0.13019319647692784,
    "CCSD SAME-SPIN CORRELATION ENERGY": -0.028871514133689824,
    "CCSD TOTAL ENERGY": -76.13530543739768,
    "CURRENT CORRELATION ENERGY": -0.1590647106106176,
    "CURRENT DIPOLE X": 0.0,
    "CURRENT DIPOLE Y": 0.0,
    "CURRENT DIPOLE Z": -1.0366430876957042,
    "CURRENT ENERGY": -76.13530543739768,
    "CURRENT REFERENCE ENERGY": -75.97624072678698,
    "HF TOTAL ENERGY": -75.97624072678698,
    "LCCSD (+LMP2) TOTAL ENERGY": -76.13790822246989,
    "MP2 CORRELATION ENERGY": -0.1540859102609483,
    "MP2 OPPOSITE-SPIN CORRELATION ENERGY": -0.11900226744984356,
    "MP2 SAME-SPIN CORRELATION ENERGY": -0.03508364281110475,
    "MP2 TOTAL ENERGY": -76.130326637048,
    "NUCLEAR REPULSION ENERGY": 9.099573442620237,
    "ONE-ELECTRON ENERGY": -123.0995058009211,
    "PCM POLARIZATION ENERGY": 0.0,
    "PE ENERGY": 0.0,
    "SCF DIPOLE X": 0.0,
    "SCF DIPOLE Y": 0.0,
    "SCF DIPOLE Z": -1.0366430876957042,
    "SCF ITERATION ENERGY": -75.97624072678698,
    "SCF ITERATIONS": 10.0,
    "SCF TOTAL ENERGY": -75.97624072678698,
    "TWO-ELECTRON ENERGY": 38.02369163151387
}