{
    "CC D1 DIAGNOSTIC": 0.021208328844421434,
    "CC D2 DIAGNOSTIC": 0.08767118827507189,
    "CC NEW D1 DIAGNOSTIC": 0.021208328844421434,
    "CC T1 DIAGNOSTIC": 0.006881712759073042,
    "CCSD CORRELATION ENERGY": -0.331582420209599,
    "CCSD OPPOSITE-SPIN CORRELATION ENERGY": -0.24978785799069111,
    "CCSD SAME-SPIN CORRELATION ENERGY": -0.08179456221890744,
    "CCSD TOTAL ENERGY": -179.32203676657514,
    "CURRENT CORRELATION ENERGY": -0.331582420209599,
    "CURRENT DIPOLE X": 0.0,
    "CURRENT DIPOLE Y": 0.0,
    "CURRENT DIPOLE Z": 0.0,
    "CURRENT ENERGY": -179.32203676657514,
    "CURRENT REFERENCE ENERGY": -178.99045434636574,
    "HF TOTAL ENERGY": -178.99045434636574,
    "LCCSD (+LMP2) TOTAL ENERGY": -179.32736974478857,
    "MP2 CORRELATION ENERGY": -0.3314948347435934,
    "MP2 OPPOSITE-SPIN CORRELATION ENERGY": -0.24135330680993827,
    "MP2 SAME-SPIN CORRELATION ENERGY": -0.09014152793365515,
    "MP2 TOTAL ENERGY": -179.32194918110912,
    "NUCLEAR REPULSION ENERGY": 124.23227566991928,
    "ONE-ELECTRON ENERGY": -482.29326760716265,
    "PCM POLARIZATION ENERGY": 0.0,
    "PE ENERGY": 0.0,
    "SCF DIPOLE X": 0.0,
    "SCF DIPOLE Y": 0.0,
    "SCF DIPOLE Z": 0.0,
    "SCF ITERATION ENERGY": -178.99045434636574,
    "SCF ITERATIONS": 10.0,
    "SCF TOTAL ENERGY": -178.99045434636574,
    "TWO-ELECTRON ENERGY": 179.07053759087765
}