{
    "CC D1 DIAGNOSTIC": 0.07101055831033565,
    "CC D2 DIAGNOSTIC": 0.2241467055574093,
    "CC NEW D1 DIAGNOSTIC": 0.07101055831033565,
    "CC T1 DIAGNOSTIC": 0.022433263404306784,
    "CCSD CORRELATION ENERGY": -0.19257432826680473,
    "CCSD OPPOSITE-SPIN CORRELATION ENERGY": -0.15630250103854926,
    "CCSD SAME-SPIN CORRELATION ENERGY": -0.03627182722825545,
    "CCSD TOTAL ENERGY": -104.88828937512619,
    "CURRENT CORRELATION ENERGY": -0.19257432826680473,
    "CURRENT DIPOLE X": 0.0,
    "CURRENT DIPOLE Y": 0.0,
    "CURRENT DIPOLE Z": 2.9817469990234478,
    "CURRENT ENERGY": -104.88828937512619,
    "CURRENT REFERENCE ENERGY": -104.69571504685928,
    "HF TOTAL ENERGY": -104.69571504685928,
    "LCCSD (+LMP2) TOTAL ENERGY": -104.88786385647862,
    "MP2 CORRELATION ENERGY": -0.18146947040130984,
    "MP2 OPPOSITE-SPIN CORRELATION ENERGY": -0.1404755488351339,
    "MP2 SAME-SPIN CORRELATION ENERGY": -0.04099392156617593,
    "MP2 TOTAL ENERGY": -104.8771845172607,
    "NUCLEAR REPULSION ENERGY": 23.30548486008123,
    "ONE-ELECTRON ENERGY": -186.6347280873264,
    "PCM POLARIZATION ENERGY": 0.0,
    "PE ENERGY": 0.0,
    "SCF DIPOLE X": 0.0,
    "SCF DIPOLE Y": 0.0,
    "SCF DIPOLE Z": 2.9817469990234478,
    "SCF ITERATION ENERGY": -104.69571504685928,
    "SCF ITERATIONS": 12.0,
    "SCF TOTAL ENERGY": -104.69571504685928,
    "TWO-ELECTRON ENERGY": 58.63352818038589
}