{
    "CC D1 DIAGNOSTIC": 0.08592776922110902,
    "CC D2 DIAGNOSTIC": 0.6675487882958695,
    "CC NEW D1 DIAGNOSTIC": 0.08592776922110902,
    "CC T1 DIAGNOSTIC": 0.028323732702484092,
    "CCSD CORRELATION ENERGY": -0.5066694326264283,
    "CCSD OPPOSITE-SPIN CORRELATION ENERGY": -0.48937625355177483,
    "CCSD SAME-SPIN CORRELATION ENERGY": -0.017293179074653664,
    "CCSD TOTAL ENERGY": -149.75100033453427,
    "CURRENT CORRELATION ENERGY": -0.5066694326264283,
    "CURRENT DIPOLE X": 0.0,
    "CURRENT DIPOLE Y": 0.0,
    "CURRENT DIPOLE Z": 0.0,
    "CURRENT ENERGY": -149.75100033453427,
    "CURRENT REFERENCE ENERGY": -149.24433090190772,
    "HF TOTAL ENERGY": -149.24433090190772,
    "LCCSD (+LMP2) TOTAL ENERGY": -149.75621444649244,
    "MP2 CORRELATION ENERGY": -0.6289389808130647,
    "MP2 OPPOSITE-SPIN CORRELATION ENERGY": -0.46336338142996386,
    "MP2 SAME-SPIN CORRELATION ENERGY": -0.1655755993831008,
    "MP2 TOTAL ENERGY": -149.8732698827209,
    "NUCLEAR REPULSION ENERGY": 17.528220949526975,
    "ONE-ELECTRON ENERGY": -240.5621601923338,
    "PCM POLARIZATION ENERGY": 0.0,
    "PE ENERGY": 0.0,
    "SCF DIPOLE X": 0.0,
    "SCF DIPOLE Y": 0.0,
    "SCF DIPOLE Z": 0.0,
    "SCF ITERATION ENERGY": -149.24433090190772,
    "SCF ITERATIONS": 9.0,
    "SCF TOTAL ENERGY": -149.24433090190772,
    "TWO-ELECTRON ENERGY": 73.78960834089912
}