{
    "CC D1 DIAGNOSTIC": 0.009468616128971138,
    "CC D2 DIAGNOSTIC": 0.21412973164892618,
    "CC NEW D1 DIAGNOSTIC": 0.009468616128971138,
    "CC T1 DIAGNOSTIC": 0.0041968021454238755,
    "CCSD CORRELATION ENERGY": -0.23026408257934125,
    "CCSD OPPOSITE-SPIN CORRELATION ENERGY": -0.18100384768483685,
    "CCSD SAME-SPIN CORRELATION ENERGY": -0.04926023489450454,
    "CCSD TOTAL ENERGY": -144.32366629171875,
    "CURRENT CORRELATION ENERGY": -0.23026408257934125,
    "CURRENT DIPOLE X": 0.0,
    "CURRENT DIPOLE Y": 0.0,
    "CURRENT DIPOLE Z": 0.0,
    "CURRENT ENERGY": -144.32366629171875,
    "CURRENT REFERENCE ENERGY": -144.09340220913936,
    "HF TOTAL ENERGY": -144.09340220913936,
    "LCCSD (+LMP2) TOTAL ENERGY": -144.3410036061679,
    "MP2 CORRELATION ENERGY": -0.21791248229279864,
    "MP2 OPPOSITE-SPIN CORRELATION ENERGY": -0.16537213128886888,
    "MP2 SAME-SPIN CORRELATION ENERGY": -0.05254035100392976,
    "MP2 TOTAL ENERGY": -144.31131469143222,
    "NUCLEAR REPULSION ENERGY": 63.88247350799168,
    "ONE-ELECTRON ENERGY": -316.68912330009573,
    "PCM POLARIZATION ENERGY": 0.0,
    "PE ENERGY": 0.0,
    "SCF DIPOLE X": 0.0,
    "SCF DIPOLE Y": 0.0,
    "SCF DIPOLE Z": 0.0,
    "SCF ITERATION ENERGY": -144.09340220913936,
    "SCF ITERATIONS": 9.0,
    "SCF TOTAL ENERGY": -144.09340220913936,
    "TWO-ELECTRON ENERGY": 108.71324758296471
}