{
    "CC D1 DIAGNOSTIC": 0.01971882987568004,
    "CC D2 DIAGNOSTIC": 0.08600252310708682,
    "CC NEW D1 DIAGNOSTIC": 0.01971882987568004,
    "CC T1 DIAGNOSTIC": 0.006744587045533232,
    "CCSD CORRELATION ENERGY": -0.3281890739497352,
    "CCSD OPPOSITE-SPIN CORRELATION ENERGY": -0.24856778629259352,
    "CCSD SAME-SPIN CORRELATION ENERGY": -0.07962128765714144,
    "CCSD TOTAL ENERGY": -180.88866115719404,
    "CURRENT CORRELATION ENERGY": -0.3281890739497352,
    "CURRENT DIPOLE X": 0.0,
    "CURRENT DIPOLE Y": 0.0,
    "CURRENT DIPOLE Z": 0.0,
    "CURRENT ENERGY": -180.88866115719404,
    "CURRENT REFERENCE ENERGY": -180.56047208324412,
    "HF TOTAL ENERGY": -180.56047208324412,
    "LCCSD (+LMP2) TOTAL ENERGY": -180.88335774304016,
    "MP2 CORRELATION ENERGY": -0.32709544638414023,
    "MP2 OPPOSITE-SPIN CORRELATION ENERGY": -0.23945721537789505,
    "MP2 SAME-SPIN CORRELATION ENERGY": -0.08763823100624518,
    "MP2 TOTAL ENERGY": -180.88756752962843,
    "NUCLEAR REPULSION ENERGY": 117.72228742520734,
    "ONE-ELECTRON ENERGY": -473.1497797401003,
    "PCM POLARIZATION ENERGY": 0.0,
    "PE ENERGY": 0.0,
    "SCF DIPOLE X": 0.0,
    "SCF DIPOLE Y": 0.0,
    "SCF DIPOLE Z": 0.0,
    "SCF ITERATION ENERGY": -180.56047208324412,
    "SCF ITERATIONS": 10.0,
    "SCF TOTAL ENERGY": -180.56047208324412,
    "TWO-ELECTRON ENERGY": 174.86702023164884
}