{
    "CC D1 DIAGNOSTIC": 0.03988433126703426,
    "CC D2 DIAGNOSTIC": 0.14587039361021414,
    "CC NEW D1 DIAGNOSTIC": 0.03988433126703426,
    "CC T1 DIAGNOSTIC": 0.013404066326399898,
    "CCSD CORRELATION ENERGY": -0.38821949545057294,
    "CCSD OPPOSITE-SPIN CORRELATION ENERGY": -0.30578791148644185,
    "CCSD SAME-SPIN CORRELATION ENERGY": -0.08243158396413092,
    "CCSD TOTAL ENERGY": -187.9161184561395,
    "CURRENT CORRELATION ENERGY": -0.38821949545057294,
    "CURRENT DIPOLE X": 0.0,
    "CURRENT DIPOLE Y": 0.0,
    "CURRENT DIPOLE Z": 0.0,
    "CURRENT ENERGY": -187.9161184561395,
    "CURRENT REFERENCE ENERGY": -187.52789896068813,
    "HF TOTAL ENERGY": -187.52789896068813,
    "LCCSD (+LMP2) TOTAL ENERGY": -187.91530234437585,
    "MP2 CORRELATION ENERGY": -0.3981884361144829,
    "MP2 OPPOSITE-SPIN CORRELATION ENERGY": -0.29661232526419873,
    "MP2 SAME-SPIN CORRELATION ENERGY": -0.10157611085028417,
    "MP2 TOTAL ENERGY": -187.92608739680338,
    "NUCLEAR REPULSION ENERGY": 63.13443517651636,
    "ONE-ELECTRON ENERGY": -381.05199914972854,
    "PCM POLARIZATION ENERGY": 0.0,
    "PE ENERGY": 0.0,
    "SCF DIPOLE X": 0.0,
    "SCF DIPOLE Y": 0.0,
    "SCF DIPOLE Z": 0.0,
    "SCF ITERATION ENERGY": -187.52789896068813,
    "SCF ITERATIONS": 10.0,
    "SCF TOTAL ENERGY": -187.52789896068813,
    "TWO-ELECTRON ENERGY": 130.38966501252403
}