{
    "CC D1 DIAGNOSTIC": 0.036920942425257,
    "CC D2 DIAGNOSTIC": 0.25076362462152074,
    "CC NEW D1 DIAGNOSTIC": 0.036920942425257,
    "CC T1 DIAGNOSTIC": 0.011604843266888808,
    "CCSD CORRELATION ENERGY": -0.30966646998581904,
    "CCSD OPPOSITE-SPIN CORRELATION ENERGY": -0.2518632875779217,
    "CCSD SAME-SPIN CORRELATION ENERGY": -0.05780318240789728,
    "CCSD TOTAL ENERGY": -149.8216643108639,
    "CURRENT CORRELATION ENERGY": -0.30966646998581904,
    "CURRENT DIPOLE X": 0.0,
    "CURRENT DIPOLE Y": 0.0,
    "CURRENT DIPOLE Z": 0.0,
    "CURRENT ENERGY": -149.8216643108639,
    "CURRENT REFERENCE ENERGY": -149.5119978408784,
    "HF TOTAL ENERGY": -149.5119978408784,
    "LCCSD (+LMP2) TOTAL ENERGY": -149.86601055928224,
    "MP2 CORRELATION ENERGY": -0.31489101168312106,
    "MP2 OPPOSITE-SPIN CORRELATION ENERGY": -0.2378129281574319,
    "MP2 SAME-SPIN CORRELATION ENERGY": -0.07707808352568915,
    "MP2 TOTAL ENERGY": -149.8268888525612,
    "NUCLEAR REPULSION ENERGY": 28.557631165648818,
    "ONE-ELECTRON ENERGY": -262.1998703769642,
    "PCM POLARIZATION ENERGY": 0.0,
    "PE ENERGY": 0.0,
    "SCF DIPOLE X": 0.0,
    "SCF DIPOLE Y": 0.0,
    "SCF DIPOLE Z": 0.0,
    "SCF ITERATION ENERGY": -149.5119978408784,
    "SCF ITERATIONS": 9.0,
    "SCF TOTAL ENERGY": -149.5119978408784,
    "TWO-ELECTRON ENERGY": 84.130241370437
}