{
    "CC D1 DIAGNOSTIC": 0.028213854214747015,
    "CC D2 DIAGNOSTIC": 0.09289542614468384,
    "CC NEW D1 DIAGNOSTIC": 0.028213854214747015,
    "CC T1 DIAGNOSTIC": 0.013602358211570444,
    "CCSD CORRELATION ENERGY": -0.174520607503369,
    "CCSD OPPOSITE-SPIN CORRELATION ENERGY": -0.1389079205206646,
    "CCSD SAME-SPIN CORRELATION ENERGY": -0.035612686982704284,
    "CCSD TOTAL ENERGY": -106.83600631855644,
    "CURRENT CORRELATION ENERGY": -0.174520607503369,
    "CURRENT DIPOLE X": 0.0,
    "CURRENT DIPOLE Y": 0.0,
    "CURRENT DIPOLE Z": -4.00028344250468,
    "CURRENT ENERGY": -106.83600631855644,
    "CURRENT REFERENCE ENERGY": -106.66148571105315,
    "HF TOTAL ENERGY": -106.66148571105315,
    "LCCSD (+LMP2) TOTAL ENERGY": -106.77558786924338,
    "MP2 CORRELATION ENERGY": -0.17483828455450473,
    "MP2 OPPOSITE-SPIN CORRELATION ENERGY": -0.1321827484153577,
    "MP2 SAME-SPIN CORRELATION ENERGY": -0.04265553613914702,
    "MP2 TOTAL ENERGY": -106.83632399560759,
    "NUCLEAR REPULSION ENERGY": 14.110516887989629,
    "ONE-ELECTRON ENERGY": -178.24842036383117,
    "PCM POLARIZATION ENERGY": 0.0,
    "PE ENERGY": 0.0,
    "SCF DIPOLE X": 0.0,
    "SCF DIPOLE Y": 0.0,
    "SCF DIPOLE Z": -4.00028344250468,
    "SCF ITERATION ENERGY": -106.66148571105315,
    "SCF ITERATIONS": 10.0,
    "SCF TOTAL ENERGY": -106.66148571105315,
    "TWO-ELECTRON ENERGY": 57.476417764788394
}