{
    "CURRENT CORRELATION ENERGY": -0.15541873664521688,
    "CURRENT DIPOLE X": 0.0,
    "CURRENT DIPOLE Y": 0.0,
    "CURRENT DIPOLE Z": -1.8021550437155531,
    "CURRENT ENERGY": -76.14966558557929,
    "CURRENT REFERENCE ENERGY": -75.99424684893407,
    "CUSTOM SCS-MP2 CORRELATION ENERGY": -0.15608265341667174,
    "CUSTOM SCS-MP2 TOTAL ENERGY": -76.15032950235074,
    "HF TOTAL ENERGY": -75.99424684893407,
    "MP2 CORRELATION ENERGY": -0.15541873664521688,
    "MP2 OPPOSITE-SPIN CORRELATION ENERGY": -0.12031893215569243,
    "MP2 SAME-SPIN CORRELATION ENERGY": -0.03509980448952248,
    "MP2 TOTAL ENERGY": -76.14966558557929,
    "NUCLEAR REPULSION ENERGY": 9.113304146394926,
    "ONE-ELECTRON ENERGY": -123.04409059320753,
    "PCM POLARIZATION ENERGY": 0.0,
    "PE ENERGY": 0.0,
    "SCF DIPOLE X": 0.0,
    "SCF DIPOLE Y": 0.0,
    "SCF DIPOLE Z": -1.8021550437155531,
    "SCF ITERATION ENERGY": -75.99424684893407,
    "SCF ITERATIONS": 10.0,
    "SCF TOTAL ENERGY": -75.99424684893407,
    "SCS-MP2 CORRELATION ENERGY": -0.15608265341667174,
    "SCS-MP2 TOTAL ENERGY": -76.15032950235074,
    "SCS-MP2-VDW CORRELATION ENERGY": -0.17155813540404097,
    "SCS-MP2-VDW TOTAL ENERGY": -76.16580498433811,
    "SCSN-MP2 CORRELATION ENERGY": -0.06177565590155609,
    "SCSN-MP2 TOTAL ENERGY": -76.05602250483562,
    "SOS-MP2 CORRELATION ENERGY": -0.15641461180240412,
    "SOS-MP2 TOTAL ENERGY": -76.15066146073647,
    "SOS-PI-MP2 CORRELATION ENERGY": -0.1684465050179682,
    "SOS-PI-MP2 TOTAL ENERGY": -76.16269335395204,
    "TWO-ELECTRON ENERGY": 37.936539597878536
}