{
    "CC D1 DIAGNOSTIC": 0.009219317076832515,
    "CC D2 DIAGNOSTIC": 0.1903103172687045,
    "CC NEW D1 DIAGNOSTIC": 0.009219317076832515,
    "CC T1 DIAGNOSTIC": 0.004477807810418898,
    "CCSD CORRELATION ENERGY": -0.23180156321655646,
    "CCSD OPPOSITE-SPIN CORRELATION ENERGY": -0.18386565394686769,
    "CCSD SAME-SPIN CORRELATION ENERGY": -0.04793590926968885,
    "CCSD TOTAL ENERGY": -146.51842113313677,
    "CURRENT CORRELATION ENERGY": -0.23180156321655646,
    "CURRENT DIPOLE X": 0.0,
    "CURRENT DIPOLE Y": 0.0,
    "CURRENT DIPOLE Z": 0.0,
    "CURRENT ENERGY": -146.51842113313677,
    "CURRENT REFERENCE ENERGY": -146.28661956992025,
    "HF TOTAL ENERGY": -146.28661956992028,
    "LCCSD (+LMP2) TOTAL ENERGY": -146.55296103009135,
    "MP2 CORRELATION ENERGY": -0.21998438412501278,
    "MP2 OPPOSITE-SPIN CORRELATION ENERGY": -0.16832268292404298,
    "MP2 SAME-SPIN CORRELATION ENERGY": -0.0516617012009698,
    "MP2 TOTAL ENERGY": -146.50660395404523,
    "NUCLEAR REPULSION ENERGY": 55.930298382515545,
    "ONE-ELECTRON ENERGY": -306.68354221557956,
    "PCM POLARIZATION ENERGY": 0.0,
    "PE ENERGY": 0.0,
    "SCF DIPOLE X": 0.0,
    "SCF DIPOLE Y": 0.0,
    "SCF DIPOLE Z": 0.0,
    "SCF ITERATION ENERGY": -146.28661956992025,
    "SCF ITERATIONS": 9.0,
    "SCF TOTAL ENERGY": -146.28661956992025,
    "TWO-ELECTRON ENERGY": 104.46662426314374
}