{
    "CC D1 DIAGNOSTIC": 0.010934095768279974,
    "CC D2 DIAGNOSTIC": 0.0792678474416326,
    "CC NEW D1 DIAGNOSTIC": 0.010934095768279974,
    "CC T1 DIAGNOSTIC": 0.004236104219438405,
    "CCSD CORRELATION ENERGY": -0.10395669155326273,
    "CCSD OPPOSITE-SPIN CORRELATION ENERGY": -0.08536111049807169,
    "CCSD SAME-SPIN CORRELATION ENERGY": -0.01859558105519088,
    "CCSD TOTAL ENERGY": -459.77530045597723,
    "CURRENT CORRELATION ENERGY": -0.10395669155326273,
    "CURRENT DIPOLE X": 0.0,
    "CURRENT DIPOLE Y": 0.0,
    "CURRENT DIPOLE Z": -1.6325120537632876,
    "CURRENT ENERGY": -459.77530045597723,
    "CURRENT REFERENCE ENERGY": -459.67134376442374,
    "HF TOTAL ENERGY": -459.67134376442374,
    "LCCSD (+LMP2) TOTAL ENERGY": -459.7755859208465,
    "MP2 CORRELATION ENERGY": -0.09576446138463986,
    "MP2 OPPOSITE-SPIN CORRELATION ENERGY": -0.07679414428262199,
    "MP2 SAME-SPIN CORRELATION ENERGY": -0.018970317102017867,
    "MP2 TOTAL ENERGY": -459.7671082258086,
    "NUCLEAR REPULSION ENERGY": 11.223865226937994,
    "ONE-ELECTRON ENERGY": -656.7865724371688,
    "PCM POLARIZATION ENERGY": 0.0,
    "PE ENERGY": 0.0,
    "SCF DIPOLE X": 0.0,
    "SCF DIPOLE Y": 0.0,
    "SCF DIPOLE Z": -1.6325120537632876,
    "SCF ITERATION ENERGY": -459.67134376442374,
    "SCF ITERATIONS": 8.0,
    "SCF TOTAL ENERGY": -459.67134376442374,
    "TWO-ELECTRON ENERGY": 185.89136344580714
}