{
    "CC D1 DIAGNOSTIC": 0.07255101062954952,
    "CC D2 DIAGNOSTIC": 0.21168099203469246,
    "CC NEW D1 DIAGNOSTIC": 0.07255101062954952,
    "CC T1 DIAGNOSTIC": 0.022555769552493832,
    "CCSD CORRELATION ENERGY": -0.1854913574707324,
    "CCSD OPPOSITE-SPIN CORRELATION ENERGY": -0.1503410440165043,
    "CCSD SAME-SPIN CORRELATION ENERGY": -0.035150313454228144,
    "CCSD TOTAL ENERGY": -104.75166504158287,
    "CURRENT CORRELATION ENERGY": -0.1854913574707324,
    "CURRENT DIPOLE X": 0.0,
    "CURRENT DIPOLE Y": 0.0,
    "CURRENT DIPOLE Z": 3.436206035804098,
    "CURRENT ENERGY": -104.75166504158287,
    "CURRENT REFERENCE ENERGY": -104.56617368411212,
    "HF TOTAL ENERGY": -104.56617368411212,
    "LCCSD (+LMP2) TOTAL ENERGY": -104.75394961312871,
    "MP2 CORRELATION ENERGY": -0.17241150541784633,
    "MP2 OPPOSITE-SPIN CORRELATION ENERGY": -0.13412036766798216,
    "MP2 SAME-SPIN CORRELATION ENERGY": -0.038291137749864174,
    "MP2 TOTAL ENERGY": -104.73858518952997,
    "NUCLEAR REPULSION ENERGY": 23.893018091847985,
    "ONE-ELECTRON ENERGY": -186.91175401691015,
    "PCM POLARIZATION ENERGY": 0.0,
    "PE ENERGY": 0.0,
    "SCF DIPOLE X": 0.0,
    "SCF DIPOLE Y": 0.0,
    "SCF DIPOLE Z": 3.436206035804098,
    "SCF ITERATION ENERGY": -104.56617368411212,
    "SCF ITERATIONS": 11.0,
    "SCF TOTAL ENERGY": -104.56617368411212,
    "TWO-ELECTRON ENERGY": 58.45256224095006
}