{
    "CC D1 DIAGNOSTIC": 0.03286160901918307,
    "CC D2 DIAGNOSTIC": 0.20940528469048736,
    "CC NEW D1 DIAGNOSTIC": 0.03286160901918307,
    "CC T1 DIAGNOSTIC": 0.010757213446600645,
    "CCSD CORRELATION ENERGY": -0.2891544606910106,
    "CCSD OPPOSITE-SPIN CORRELATION ENERGY": -0.24145139349467692,
    "CCSD SAME-SPIN CORRELATION ENERGY": -0.047703067196333715,
    "CCSD TOTAL ENERGY": -110.24503754722511,
    "CURRENT CORRELATION ENERGY": -0.2891544606910106,
    "CURRENT DIPOLE X": 0.0,
    "CURRENT DIPOLE Y": 0.0,
    "CURRENT DIPOLE Z": 0.15475277384879468,
    "CURRENT ENERGY": -110.24503754722511,
    "CURRENT REFERENCE ENERGY": -109.95588308653393,
    "HF TOTAL ENERGY": -109.95588308653393,
    "LCCSD (+LMP2) TOTAL ENERGY": -110.24481954266525,
    "MP2 CORRELATION ENERGY": -0.2751417251761126,
    "MP2 OPPOSITE-SPIN CORRELATION ENERGY": -0.2149019065664914,
    "MP2 SAME-SPIN CORRELATION ENERGY": -0.06023981860962116,
    "MP2 TOTAL ENERGY": -110.23102481171021,
    "NUCLEAR REPULSION ENERGY": 32.111352158333865,
    "ONE-ELECTRON ENERGY": -212.4674708597191,
    "PCM POLARIZATION ENERGY": 0.0,
    "PE ENERGY": 0.0,
    "SCF DIPOLE X": 0.0,
    "SCF DIPOLE Y": 0.0,
    "SCF DIPOLE Z": 0.15475277384879468,
    "SCF ITERATION ENERGY": -109.95588308653393,
    "SCF ITERATIONS": 10.0,
    "SCF TOTAL ENERGY": -109.95588308653393,
    "TWO-ELECTRON ENERGY": 70.40023561485131
}