{
    "CC D1 DIAGNOSTIC": 0.010831460342769668,
    "CC D2 DIAGNOSTIC": 0.07716063276981618,
    "CC NEW D1 DIAGNOSTIC": 0.010831460342769668,
    "CC T1 DIAGNOSTIC": 0.0043188587303197665,
    "CCSD CORRELATION ENERGY": -0.10421941328628333,
    "CCSD OPPOSITE-SPIN CORRELATION ENERGY": -0.08560782366548564,
    "CCSD SAME-SPIN CORRELATION ENERGY": -0.018611589620797453,
    "CCSD TOTAL ENERGY": -459.0724756465734,
    "CURRENT CORRELATION ENERGY": -0.10421941328628333,
    "CURRENT DIPOLE X": 0.0,
    "CURRENT DIPOLE Y": 0.0,
    "CURRENT DIPOLE Z": -1.483276090534059,
    "CURRENT ENERGY": -459.0724756465734,
    "CURRENT REFERENCE ENERGY": -458.9682562332869,
    "HF TOTAL ENERGY": -458.9682562332869,
    "LCCSD (+LMP2) TOTAL ENERGY": -459.0703127110369,
    "MP2 CORRELATION ENERGY": -0.0957872766561197,
    "MP2 OPPOSITE-SPIN CORRELATION ENERGY": -0.07688473708975992,
    "MP2 SAME-SPIN CORRELATION ENERGY": -0.01890253956635979,
    "MP2 TOTAL ENERGY": -459.06404350994325,
    "NUCLEAR REPULSION ENERGY": 14.151830068747906,
    "ONE-ELECTRON ENERGY": -660.8286650011372,
    "PCM POLARIZATION ENERGY": 0.0,
    "PE ENERGY": 0.0,
    "SCF DIPOLE X": 0.0,
    "SCF DIPOLE Y": 0.0,
    "SCF DIPOLE Z": -1.483276090534059,
    "SCF ITERATION ENERGY": -458.9682562332869,
    "SCF ITERATIONS": 9.0,
    "SCF TOTAL ENERGY": -458.9682562332869,
    "TWO-ELECTRON ENERGY": 187.70857869910236
}