{
    "CC D1 DIAGNOSTIC": 0.01484346945077494,
    "CC D2 DIAGNOSTIC": 0.11169854507829403,
    "CC NEW D1 DIAGNOSTIC": 0.01484346945077494,
    "CC T1 DIAGNOSTIC": 0.006829567213877616,
    "CCSD CORRELATION ENERGY": -0.15887118726523378,
    "CCSD OPPOSITE-SPIN CORRELATION ENERGY": -0.13003073441419716,
    "CCSD SAME-SPIN CORRELATION ENERGY": -0.028840452851036563,
    "CCSD TOTAL ENERGY": -76.13382398723571,
    "CURRENT CORRELATION ENERGY": -0.15887118726523378,
    "CURRENT DIPOLE X": 0.0,
    "CURRENT DIPOLE Y": 5.643810867306312e-16,
    "CURRENT DIPOLE Z": -0.9521159767839449,
    "CURRENT ENERGY": -76.13382398723571,
    "CURRENT REFERENCE ENERGY": -75.97495279997051,
    "HF TOTAL ENERGY": -75.97495279997051,
    "LCCSD (+LMP2) TOTAL ENERGY": -76.13902057958565,
    "MP2 CORRELATION ENERGY": -0.15393341694768192,
    "MP2 OPPOSITE-SPIN CORRELATION ENERGY": -0.11887932224174488,
    "MP2 SAME-SPIN CORRELATION ENERGY": -0.03505409470593704,
    "MP2 TOTAL ENERGY": -76.12888621691816,
    "NUCLEAR REPULSION ENERGY": 9.098812050280582,
    "ONE-ELECTRON ENERGY": -123.10383541717168,
    "PCM POLARIZATION ENERGY": 0.0,
    "PE ENERGY": 0.0,
    "SCF DIPOLE X": 0.0,
    "SCF DIPOLE Y": 5.643810867306312e-16,
    "SCF DIPOLE Z": -0.9521159767839449,
    "SCF ITERATION ENERGY": -75.97495279997051,
    "SCF ITERATIONS": 10.0,
    "SCF TOTAL ENERGY": -75.97495279997051,
    "TWO-ELECTRON ENERGY": 38.030070566920585
}