{
    "CC D1 DIAGNOSTIC": 0.024924123989714653,
    "CC D2 DIAGNOSTIC": 0.09132787201506748,
    "CC NEW D1 DIAGNOSTIC": 0.024924123989714653,
    "CC T1 DIAGNOSTIC": 0.007350429104521289,
    "CCSD CORRELATION ENERGY": -0.3382909277860757,
    "CCSD OPPOSITE-SPIN CORRELATION ENERGY": -0.2526614965007432,
    "CCSD SAME-SPIN CORRELATION ENERGY": -0.08562943128533301,
    "CCSD TOTAL ENERGY": -176.32879657905366,
    "CURRENT CORRELATION ENERGY": -0.3382909277860757,
    "CURRENT DIPOLE X": 0.0,
    "CURRENT DIPOLE Y": 0.0,
    "CURRENT DIPOLE Z": 0.0,
    "CURRENT ENERGY": -176.32879657905366,
    "CURRENT REFERENCE ENERGY": -175.9905056512676,
    "HF TOTAL ENERGY": -175.9905056512676,
    "LCCSD (+LMP2) TOTAL ENERGY": -176.32787302460648,
    "MP2 CORRELATION ENERGY": -0.33994391724792894,
    "MP2 OPPOSITE-SPIN CORRELATION ENERGY": -0.245274099699641,
    "MP2 SAME-SPIN CORRELATION ENERGY": -0.09466981754828793,
    "MP2 TOTAL ENERGY": -176.33044956851552,
    "NUCLEAR REPULSION ENERGY": 135.46936593151997,
    "ONE-ELECTRON ENERGY": -497.2440081271461,
    "PCM POLARIZATION ENERGY": 0.0,
    "PE ENERGY": 0.0,
    "SCF DIPOLE X": 0.0,
    "SCF DIPOLE Y": 0.0,
    "SCF DIPOLE Z": 0.0,
    "SCF ITERATION ENERGY": -175.9905056512676,
    "SCF ITERATIONS": 10.0,
    "SCF TOTAL ENERGY": -175.9905056512676,
    "TWO-ELECTRON ENERGY": 185.78413654435855
}