{
    "CC D1 DIAGNOSTIC": 0.042405581635341694,
    "CC D2 DIAGNOSTIC": 0.09891797654232996,
    "CC NEW D1 DIAGNOSTIC": 0.042405581635341694,
    "CC T1 DIAGNOSTIC": 0.019416204489349324,
    "CCSD CORRELATION ENERGY": -0.1818228874608778,
    "CCSD OPPOSITE-SPIN CORRELATION ENERGY": -0.14586274582818848,
    "CCSD SAME-SPIN CORRELATION ENERGY": -0.035960141632689374,
    "CCSD TOTAL ENERGY": -107.12989472187748,
    "CURRENT CORRELATION ENERGY": -0.1818228874608778,
    "CURRENT DIPOLE X": 0.0,
    "CURRENT DIPOLE Y": 0.0,
    "CURRENT DIPOLE Z": -7.5733366861381946,
    "CURRENT ENERGY": -107.12989472187748,
    "CURRENT REFERENCE ENERGY": -106.94807183441655,
    "HF TOTAL ENERGY": -106.94807183441655,
    "LCCSD (+LMP2) TOTAL ENERGY": -107.12878484828038,
    "MP2 CORRELATION ENERGY": -0.1826773691253956,
    "MP2 OPPOSITE-SPIN CORRELATION ENERGY": -0.13834686077776034,
    "MP2 SAME-SPIN CORRELATION ENERGY": -0.044330508347635245,
    "MP2 TOTAL ENERGY": -107.130749203542,
    "NUCLEAR REPULSION ENERGY": 7.854334676601963,
    "ONE-ELECTRON ENERGY": -167.239697263366,
    "PCM POLARIZATION ENERGY": 0.0,
    "PE ENERGY": 0.0,
    "SCF DIPOLE X": 0.0,
    "SCF DIPOLE Y": 0.0,
    "SCF DIPOLE Z": -7.5733366861381946,
    "SCF ITERATION ENERGY": -106.94807183441655,
    "SCF ITERATIONS": 10.0,
    "SCF TOTAL ENERGY": -106.94807183441655,
    "TWO-ELECTRON ENERGY": 52.437290752347494
}