{
    "CC D1 DIAGNOSTIC": 0.026292908425139584,
    "CC D2 DIAGNOSTIC": 0.19323274257540593,
    "CC NEW D1 DIAGNOSTIC": 0.026292908425139584,
    "CC T1 DIAGNOSTIC": 0.010365529591233026,
    "CCSD CORRELATION ENERGY": -0.32263262016994104,
    "CCSD OPPOSITE-SPIN CORRELATION ENERGY": -0.2671770078396958,
    "CCSD SAME-SPIN CORRELATION ENERGY": -0.05545561233024532,
    "CCSD TOTAL ENERGY": -151.0656406076928,
    "CURRENT CORRELATION ENERGY": -0.32263262016994104,
    "CURRENT DIPOLE X": 0.0,
    "CURRENT DIPOLE Y": 1.6931432601918935e-15,
    "CURRENT DIPOLE Z": -3.4667663897944627,
    "CURRENT ENERGY": -151.0656406076928,
    "CURRENT REFERENCE ENERGY": -150.74300798752174,
    "HF TOTAL ENERGY": -150.74300798752176,
    "LCCSD (+LMP2) TOTAL ENERGY": -151.06994086339682,
    "MP2 CORRELATION ENERGY": -0.31462234996646643,
    "MP2 OPPOSITE-SPIN CORRELATION ENERGY": -0.2439087274809984,
    "MP2 SAME-SPIN CORRELATION ENERGY": -0.07071362248546803,
    "MP2 TOTAL ENERGY": -151.05763033748934,
    "NUCLEAR REPULSION ENERGY": 36.316818386809906,
    "ONE-ELECTRON ENERGY": -280.01355400529025,
    "PCM POLARIZATION ENERGY": 0.0,
    "PE ENERGY": 0.0,
    "SCF DIPOLE X": 0.0,
    "SCF DIPOLE Y": 1.6931432601918935e-15,
    "SCF DIPOLE Z": -3.4667663897944627,
    "SCF ITERATION ENERGY": -150.74300798752174,
    "SCF ITERATIONS": 11.0,
    "SCF TOTAL ENERGY": -150.74300798752174,
    "TWO-ELECTRON ENERGY": 92.9537276309586
}