{
    "CC D1 DIAGNOSTIC": 0.026251995674567014,
    "CC D2 DIAGNOSTIC": 0.19460519956181183,
    "CC NEW D1 DIAGNOSTIC": 0.026251995674567014,
    "CC T1 DIAGNOSTIC": 0.010065906097422266,
    "CCSD CORRELATION ENERGY": -0.32175823569037487,
    "CCSD OPPOSITE-SPIN CORRELATION ENERGY": -0.2662187272728505,
    "CCSD SAME-SPIN CORRELATION ENERGY": -0.05553950841752425,
    "CCSD TOTAL ENERGY": -151.07620366668365,
    "CURRENT CORRELATION ENERGY": -0.32175823569037487,
    "CURRENT DIPOLE X": 0.0,
    "CURRENT DIPOLE Y": -1.1287621734612623e-15,
    "CURRENT DIPOLE Z": 0.2901765154899883,
    "CURRENT ENERGY": -151.07620366668365,
    "CURRENT REFERENCE ENERGY": -150.75444543099283,
    "HF TOTAL ENERGY": -150.75444543099283,
    "LCCSD (+LMP2) TOTAL ENERGY": -151.07207647546846,
    "MP2 CORRELATION ENERGY": -0.3141208804374397,
    "MP2 OPPOSITE-SPIN CORRELATION ENERGY": -0.24327706699836169,
    "MP2 SAME-SPIN CORRELATION ENERGY": -0.070843813439078,
    "MP2 TOTAL ENERGY": -151.06856631143071,
    "NUCLEAR REPULSION ENERGY": 36.25663841233634,
    "ONE-ELECTRON ENERGY": -280.0311074622093,
    "PCM POLARIZATION ENERGY": 0.0,
    "PE ENERGY": 0.0,
    "SCF DIPOLE X": 0.0,
    "SCF DIPOLE Y": -1.1287621734612623e-15,
    "SCF DIPOLE Z": 0.2901765154899883,
    "SCF ITERATION ENERGY": -150.75444543099283,
    "SCF ITERATIONS": 11.0,
    "SCF TOTAL ENERGY": -150.75444543099283,
    "TWO-ELECTRON ENERGY": 93.02002361888015
}