{
    "CC D1 DIAGNOSTIC": 0.03473874285297642,
    "CC D2 DIAGNOSTIC": 0.3149511938716548,
    "CC NEW D1 DIAGNOSTIC": 0.03473874285297642,
    "CC T1 DIAGNOSTIC": 0.008681634408625108,
    "CCSD CORRELATION ENERGY": -0.2664100556820884,
    "CCSD OPPOSITE-SPIN CORRELATION ENERGY": -0.21313139013194352,
    "CCSD SAME-SPIN CORRELATION ENERGY": -0.053278665550144905,
    "CCSD TOTAL ENERGY": -258.5055380565802,
    "CURRENT CORRELATION ENERGY": -0.2664100556820884,
    "CURRENT DIPOLE X": 0.0,
    "CURRENT DIPOLE Y": 0.0,
    "CURRENT DIPOLE Z": 3.5595724830468187,
    "CURRENT ENERGY": -258.5055380565802,
    "CURRENT REFERENCE ENERGY": -258.2391280008981,
    "HF TOTAL ENERGY": -258.2391280008982,
    "LCCSD (+LMP2) TOTAL ENERGY": -258.50531458184236,
    "MP2 CORRELATION ENERGY": -0.24723978239684666,
    "MP2 OPPOSITE-SPIN CORRELATION ENERGY": -0.19061442351657734,
    "MP2 SAME-SPIN CORRELATION ENERGY": -0.056625358880269316,
    "MP2 TOTAL ENERGY": -258.4863677832949,
    "NUCLEAR REPULSION ENERGY": 69.96859213026625,
    "ONE-ELECTRON ENERGY": -489.5410011861055,
    "PCM POLARIZATION ENERGY": 0.0,
    "PE ENERGY": 0.0,
    "SCF DIPOLE X": 0.0,
    "SCF DIPOLE Y": 0.0,
    "SCF DIPOLE Z": 3.5595724830468187,
    "SCF ITERATION ENERGY": -258.2391280008981,
    "SCF ITERATIONS": 11.0,
    "SCF TOTAL ENERGY": -258.2391280008981,
    "TWO-ELECTRON ENERGY": 161.33328105494112
}