{
    "CC D1 DIAGNOSTIC": 0.04753549732181856,
    "CC D2 DIAGNOSTIC": 0.2934341807195743,
    "CC NEW D1 DIAGNOSTIC": 0.04753549732181856,
    "CC T1 DIAGNOSTIC": 0.014789413539154325,
    "CCSD CORRELATION ENERGY": -0.3419586664419206,
    "CCSD OPPOSITE-SPIN CORRELATION ENERGY": -0.28174064646290514,
    "CCSD SAME-SPIN CORRELATION ENERGY": -0.060218019979015214,
    "CCSD TOTAL ENERGY": -149.8297595748171,
    "CURRENT CORRELATION ENERGY": -0.3419586664419206,
    "CURRENT DIPOLE X": 0.0,
    "CURRENT DIPOLE Y": 0.0,
    "CURRENT DIPOLE Z": 0.0,
    "CURRENT ENERGY": -149.8297595748171,
    "CURRENT REFERENCE ENERGY": -149.48780090837505,
    "HF TOTAL ENERGY": -149.48780090837505,
    "LCCSD (+LMP2) TOTAL ENERGY": -149.8230280446352,
    "MP2 CORRELATION ENERGY": -0.3629354757258085,
    "MP2 OPPOSITE-SPIN CORRELATION ENERGY": -0.27180208659183946,
    "MP2 SAME-SPIN CORRELATION ENERGY": -0.09113338913396901,
    "MP2 TOTAL ENERGY": -149.850736384101,
    "NUCLEAR REPULSION ENERGY": 25.480532911505183,
    "ONE-ELECTRON ENERGY": -256.2682422769105,
    "PCM POLARIZATION ENERGY": 0.0,
    "PE ENERGY": 0.0,
    "SCF DIPOLE X": 0.0,
    "SCF DIPOLE Y": 0.0,
    "SCF DIPOLE Z": 0.0,
    "SCF ITERATION ENERGY": -149.48780090837505,
    "SCF ITERATIONS": 9.0,
    "SCF TOTAL ENERGY": -149.48780090837505,
    "TWO-ELECTRON ENERGY": 81.29990845703024
}