{
    "CC D1 DIAGNOSTIC": 0.019358207192166455,
    "CC D2 DIAGNOSTIC": 0.1306023745483203,
    "CC NEW D1 DIAGNOSTIC": 0.019358207192166455,
    "CC T1 DIAGNOSTIC": 0.007577547992552541,
    "CCSD CORRELATION ENERGY": -0.16629033111736524,
    "CCSD OPPOSITE-SPIN CORRELATION ENERGY": -0.13402188260817244,
    "CCSD SAME-SPIN CORRELATION ENERGY": -0.03226844850919283,
    "CCSD TOTAL ENERGY": -100.17723878549994,
    "CURRENT CORRELATION ENERGY": -0.16629033111736524,
    "CURRENT DIPOLE X": 0.0,
    "CURRENT DIPOLE Y": 0.0,
    "CURRENT DIPOLE Z": -2.465655459544261,
    "CURRENT ENERGY": -100.17723878549994,
    "CURRENT REFERENCE ENERGY": -100.01094845438257,
    "HF TOTAL ENERGY": -100.01094845438257,
    "LCCSD (+LMP2) TOTAL ENERGY": -100.16824186081902,
    "MP2 CORRELATION ENERGY": -0.16496831561510364,
    "MP2 OPPOSITE-SPIN CORRELATION ENERGY": -0.12533961868279075,
    "MP2 SAME-SPIN CORRELATION ENERGY": -0.039628696932312885,
    "MP2 TOTAL ENERGY": -100.17591676999767,
    "NUCLEAR REPULSION ENERGY": 4.668750661625468,
    "ONE-ELECTRON ENERGY": -149.7193544549002,
    "PCM POLARIZATION ENERGY": 0.0,
    "PE ENERGY": 0.0,
    "SCF DIPOLE X": 0.0,
    "SCF DIPOLE Y": 0.0,
    "SCF DIPOLE Z": -2.465655459544261,
    "SCF ITERATION ENERGY": -100.01094845438257,
    "SCF ITERATIONS": 9.0,
    "SCF TOTAL ENERGY": -100.01094845438257,
    "TWO-ELECTRON ENERGY": 45.039655338892175
}