{
    "CC D1 DIAGNOSTIC": 0.043216162046181596,
    "CC D2 DIAGNOSTIC": 0.09076075611821804,
    "CC NEW D1 DIAGNOSTIC": 0.043216162046181596,
    "CC T1 DIAGNOSTIC": 0.013832700794129533,
    "CCSD CORRELATION ENERGY": -0.2871898298510307,
    "CCSD OPPOSITE-SPIN CORRELATION ENERGY": -0.22283575539687855,
    "CCSD SAME-SPIN CORRELATION ENERGY": -0.06435407445415225,
    "CCSD TOTAL ENERGY": -261.4986009581208,
    "CURRENT CORRELATION ENERGY": -0.2871898298510307,
    "CURRENT DIPOLE X": 0.0,
    "CURRENT DIPOLE Y": 0.0,
    "CURRENT DIPOLE Z": -6.66265395020885,
    "CURRENT ENERGY": -261.4986009581208,
    "CURRENT REFERENCE ENERGY": -261.2114111282695,
    "HF TOTAL ENERGY": -261.2114111282695,
    "LCCSD (+LMP2) TOTAL ENERGY": -261.49888433181883,
    "MP2 CORRELATION ENERGY": -0.28817193119414297,
    "MP2 OPPOSITE-SPIN CORRELATION ENERGY": -0.21405389345041967,
    "MP2 SAME-SPIN CORRELATION ENERGY": -0.0741180377437233,
    "MP2 TOTAL ENERGY": -261.4995830594639,
    "NUCLEAR REPULSION ENERGY": 36.13629194942693,
    "ONE-ELECTRON ENERGY": -442.2277148341513,
    "PCM POLARIZATION ENERGY": 0.0,
    "PE ENERGY": 0.0,
    "SCF DIPOLE X": 0.0,
    "SCF DIPOLE Y": 0.0,
    "SCF DIPOLE Z": -6.66265395020885,
    "SCF ITERATION ENERGY": -261.2114111282695,
    "SCF ITERATIONS": 11.0,
    "SCF TOTAL ENERGY": -261.2114111282695,
    "TWO-ELECTRON ENERGY": 144.88001175645485
}