{
    "CC D1 DIAGNOSTIC": 0.008463905304717828,
    "CC D2 DIAGNOSTIC": 0.08308336402022515,
    "CC NEW D1 DIAGNOSTIC": 0.008463905304717828,
    "CC T1 DIAGNOSTIC": 0.0050550274701625505,
    "CCSD CORRELATION ENERGY": -0.14870300332007474,
    "CCSD OPPOSITE-SPIN CORRELATION ENERGY": -0.11855036985751598,
    "CCSD SAME-SPIN CORRELATION ENERGY": -0.030152633462558795,
    "CCSD TOTAL ENERGY": -100.0633661842092,
    "CURRENT CORRELATION ENERGY": -0.14870300332007474,
    "CURRENT DIPOLE X": 0.0,
    "CURRENT DIPOLE Y": 0.0,
    "CURRENT DIPOLE Z": -2.0304367419092793,
    "CURRENT ENERGY": -100.0633661842092,
    "CURRENT REFERENCE ENERGY": -99.91466318088914,
    "HF TOTAL ENERGY": -99.91466318088914,
    "LCCSD (+LMP2) TOTAL ENERGY": -100.06386015257729,
    "MP2 CORRELATION ENERGY": -0.1468653052224258,
    "MP2 OPPOSITE-SPIN CORRELATION ENERGY": -0.11167936108031493,
    "MP2 SAME-SPIN CORRELATION ENERGY": -0.035185944142110875,
    "MP2 TOTAL ENERGY": -100.06152848611154,
    "NUCLEAR REPULSION ENERGY": 6.9179298124815345,
    "ONE-ELECTRON ENERGY": -153.35724491271534,
    "PCM POLARIZATION ENERGY": 0.0,
    "PE ENERGY": 0.0,
    "SCF DIPOLE X": 0.0,
    "SCF DIPOLE Y": 0.0,
    "SCF DIPOLE Z": -2.0304367419092793,
    "SCF ITERATION ENERGY": -99.91466318088914,
    "SCF ITERATIONS": 9.0,
    "SCF TOTAL ENERGY": -99.91466318088914,
    "TWO-ELECTRON ENERGY": 46.52465191934467
}