{
    "CC D1 DIAGNOSTIC": 0.08533285261973704,
    "CC D2 DIAGNOSTIC": 0.7313512257187701,
    "CC NEW D1 DIAGNOSTIC": 0.08533285261973704,
    "CC T1 DIAGNOSTIC": 0.03614689466070868,
    "CCSD CORRELATION ENERGY": -0.5635049631685214,
    "CCSD OPPOSITE-SPIN CORRELATION ENERGY": -0.6138065817273288,
    "CCSD SAME-SPIN CORRELATION ENERGY": 0.05030161855880766,
    "CCSD TOTAL ENERGY": -108.91919545500846,
    "CURRENT CORRELATION ENERGY": -0.5635049631685214,
    "CURRENT DIPOLE X": 0.0,
    "CURRENT DIPOLE Y": 0.0,
    "CURRENT DIPOLE Z": 5.643810867306312e-16,
    "CURRENT ENERGY": -108.91919545500846,
    "CURRENT REFERENCE ENERGY": -108.35569049183988,
    "HF TOTAL ENERGY": -108.35569049183988,
    "LCCSD (+LMP2) TOTAL ENERGY": -108.91919545500846,
    "MP2 CORRELATION ENERGY": -0.78354120319802,
    "MP2 OPPOSITE-SPIN CORRELATION ENERGY": -0.5470503719369119,
    "MP2 SAME-SPIN CORRELATION ENERGY": -0.23649083126110815,
    "MP2 TOTAL ENERGY": -109.13923169503796,
    "NUCLEAR REPULSION ENERGY": 13.213846302799416,
    "ONE-ELECTRON ENERGY": -173.01047407750053,
    "PCM POLARIZATION ENERGY": 0.0,
    "PE ENERGY": 0.0,
    "SCF DIPOLE X": 0.0,
    "SCF DIPOLE Y": 0.0,
    "SCF DIPOLE Z": 5.643810867306312e-16,
    "SCF ITERATION ENERGY": -108.35569049183988,
    "SCF ITERATIONS": 8.0,
    "SCF TOTAL ENERGY": -108.35569049183988,
    "TWO-ELECTRON ENERGY": 51.44093728286123
}