{
    "CC D1 DIAGNOSTIC": 0.017107125049986408,
    "CC D2 DIAGNOSTIC": 0.1224097328069471,
    "CC NEW D1 DIAGNOSTIC": 0.017107125049986408,
    "CC T1 DIAGNOSTIC": 0.007046928407745582,
    "CCSD CORRELATION ENERGY": -0.21519819663650747,
    "CCSD OPPOSITE-SPIN CORRELATION ENERGY": -0.17162876867622323,
    "CCSD SAME-SPIN CORRELATION ENERGY": -0.04356942796028421,
    "CCSD TOTAL ENERGY": -112.02165030670662,
    "CURRENT CORRELATION ENERGY": -0.21519819663650747,
    "CURRENT DIPOLE X": 0.0,
    "CURRENT DIPOLE Y": 0.0,
    "CURRENT DIPOLE Z": 1.0019036590158994,
    "CURRENT ENERGY": -112.02165030670662,
    "CURRENT REFERENCE ENERGY": -111.80645211007015,
    "HF TOTAL ENERGY": -111.80645211007015,
    "LCCSD (+LMP2) TOTAL ENERGY": -112.02194636068351,
    "MP2 CORRELATION ENERGY": -0.20746961823304574,
    "MP2 OPPOSITE-SPIN CORRELATION ENERGY": -0.1588945725870602,
    "MP2 SAME-SPIN CORRELATION ENERGY": -0.048575045645985554,
    "MP2 TOTAL ENERGY": -112.01392172830316,
    "NUCLEAR REPULSION ENERGY": 33.92416588134121,
    "ONE-ELECTRON ENERGY": -217.83097146656547,
    "PCM POLARIZATION ENERGY": 0.0,
    "PE ENERGY": 0.0,
    "SCF DIPOLE X": 0.0,
    "SCF DIPOLE Y": 0.0,
    "SCF DIPOLE Z": 1.0019036590158994,
    "SCF ITERATION ENERGY": -111.80645211007015,
    "SCF ITERATIONS": 10.0,
    "SCF TOTAL ENERGY": -111.80645211007015,
    "TWO-ELECTRON ENERGY": 72.10035347515412
}