{
    "CC D1 DIAGNOSTIC": 0.031345505279457724,
    "CC D2 DIAGNOSTIC": 0.09499581705549882,
    "CC NEW D1 DIAGNOSTIC": 0.031345505279457724,
    "CC T1 DIAGNOSTIC": 0.013948454116767022,
    "CCSD CORRELATION ENERGY": -0.1762871027739374,
    "CCSD OPPOSITE-SPIN CORRELATION ENERGY": -0.14089446108613427,
    "CCSD SAME-SPIN CORRELATION ENERGY": -0.03539264168780307,
    "CCSD TOTAL ENERGY": -107.06188478973665,
    "CURRENT CORRELATION ENERGY": -0.1762871027739374,
    "CURRENT DIPOLE X": 0.0,
    "CURRENT DIPOLE Y": 0.0,
    "CURRENT DIPOLE Z": -4.969386470664484,
    "CURRENT ENERGY": -107.06188478973665,
    "CURRENT REFERENCE ENERGY": -106.88559768696277,
    "HF TOTAL ENERGY": -106.88559768696277,
    "LCCSD (+LMP2) TOTAL ENERGY": -107.06145989618585,
    "MP2 CORRELATION ENERGY": -0.17660064519878174,
    "MP2 OPPOSITE-SPIN CORRELATION ENERGY": -0.13378451634159147,
    "MP2 SAME-SPIN CORRELATION ENERGY": -0.04281612885719027,
    "MP2 TOTAL ENERGY": -107.06219833216149,
    "NUCLEAR REPULSION ENERGY": 11.749046086487235,
    "ONE-ELECTRON ENERGY": -174.27122003108062,
    "PCM POLARIZATION ENERGY": 0.0,
    "PE ENERGY": 0.0,
    "SCF DIPOLE X": 0.0,
    "SCF DIPOLE Y": 0.0,
    "SCF DIPOLE Z": -4.969386470664484,
    "SCF ITERATION ENERGY": -106.88559768696277,
    "SCF ITERATIONS": 9.0,
    "SCF TOTAL ENERGY": -106.88559768696277,
    "TWO-ELECTRON ENERGY": 55.63657625763062
}