{
    "CURRENT CORRELATION ENERGY": -0.15337730572382213,
    "CURRENT DIPOLE X": 0.0,
    "CURRENT DIPOLE Y": 0.0,
    "CURRENT DIPOLE Z": -0.5906162239701318,
    "CURRENT ENERGY": -76.12424198621552,
    "CURRENT REFERENCE ENERGY": -75.9708646804917,
    "CUSTOM SCS-MP2 CORRELATION ENERGY": -0.15378683220447706,
    "CUSTOM SCS-MP2 TOTAL ENERGY": -76.12465151269618,
    "HF TOTAL ENERGY": -75.9708646804917,
    "MP2 CORRELATION ENERGY": -0.15337730572382213,
    "MP2 OPPOSITE-SPIN CORRELATION ENERGY": -0.1184550734190777,
    "MP2 SAME-SPIN CORRELATION ENERGY": -0.03492223230475145,
    "MP2 TOTAL ENERGY": -76.12424198621552,
    "NUCLEAR REPULSION ENERGY": 9.096512797913213,
    "ONE-ELECTRON ENERGY": -123.11802011115317,
    "PCM POLARIZATION ENERGY": 0.0,
    "PE ENERGY": 0.0,
    "SCF DIPOLE X": 0.0,
    "SCF DIPOLE Y": 0.0,
    "SCF DIPOLE Z": -0.5906162239701318,
    "SCF ITERATION ENERGY": -75.9708646804917,
    "SCF ITERATIONS": 10.0,
    "SCF TOTAL ENERGY": -75.9708646804917,
    "SCS-MP2 CORRELATION ENERGY": -0.15378683220447706,
    "SCS-MP2 TOTAL ENERGY": -76.12465151269618,
    "SCS-MP2-VDW CORRELATION ENERGY": -0.16908361012880846,
    "SCS-MP2-VDW TOTAL ENERGY": -76.13994829062051,
    "SCSN-MP2 CORRELATION ENERGY": -0.06146312885636007,
    "SCSN-MP2 TOTAL ENERGY": -76.03232780934806,
    "SOS-MP2 CORRELATION ENERGY": -0.15399159544480767,
    "SOS-MP2 TOTAL ENERGY": -76.12485627593651,
    "SOS-PI-MP2 CORRELATION ENERGY": -0.1658371027867105,
    "SOS-PI-MP2 TOTAL ENERGY": -76.13670178327841,
    "TWO-ELECTRON ENERGY": 38.050642632748264
}