{
    "CC D1 DIAGNOSTIC": 0.07562845021035867,
    "CC D2 DIAGNOSTIC": 0.17972669359855264,
    "CC NEW D1 DIAGNOSTIC": 0.07562845021035867,
    "CC T1 DIAGNOSTIC": 0.029737912655266884,
    "CCSD CORRELATION ENERGY": -0.2791956447990798,
    "CCSD OPPOSITE-SPIN CORRELATION ENERGY": -0.22536928907830567,
    "CCSD SAME-SPIN CORRELATION ENERGY": -0.05382635572077421,
    "CCSD TOTAL ENERGY": -112.92429202100394,
    "CURRENT CORRELATION ENERGY": -0.2791956447990798,
    "CURRENT DIPOLE X": 0.0,
    "CURRENT DIPOLE Y": 0.0,
    "CURRENT DIPOLE Z": -1.3834070029241061,
    "CURRENT ENERGY": -112.92429202100394,
    "CURRENT REFERENCE ENERGY": -112.64509637620485,
    "HF TOTAL ENERGY": -112.64509637620485,
    "LCCSD (+LMP2) TOTAL ENERGY": -112.93227937290675,
    "MP2 CORRELATION ENERGY": -0.2925781793042311,
    "MP2 OPPOSITE-SPIN CORRELATION ENERGY": -0.21815607415061697,
    "MP2 SAME-SPIN CORRELATION ENERGY": -0.07442210515361411,
    "MP2 TOTAL ENERGY": -112.93767455550909,
    "NUCLEAR REPULSION ENERGY": 19.441156601230155,
    "ONE-ELECTRON ENERGY": -192.006914101597,
    "PCM POLARIZATION ENERGY": 0.0,
    "PE ENERGY": 0.0,
    "SCF DIPOLE X": 0.0,
    "SCF DIPOLE Y": 0.0,
    "SCF DIPOLE Z": -1.3834070029241061,
    "SCF ITERATION ENERGY": -112.64509637620485,
    "SCF ITERATIONS": 10.0,
    "SCF TOTAL ENERGY": -112.64509637620485,
    "TWO-ELECTRON ENERGY": 59.92066112416201
}