{
    "CC D1 DIAGNOSTIC": 0.16709315225012408,
    "CC D2 DIAGNOSTIC": 0.4862169654814918,
    "CC NEW D1 DIAGNOSTIC": 0.16709315225012408,
    "CC T1 DIAGNOSTIC": 0.05291751566338259,
    "CCSD CORRELATION ENERGY": -0.2379733893810483,
    "CCSD OPPOSITE-SPIN CORRELATION ENERGY": -0.20808401616879585,
    "CCSD SAME-SPIN CORRELATION ENERGY": -0.029889373212253573,
    "CCSD TOTAL ENERGY": -100.0230137544835,
    "CURRENT CORRELATION ENERGY": -0.2379733893810483,
    "CURRENT DIPOLE X": 0.0,
    "CURRENT DIPOLE Y": 0.0,
    "CURRENT DIPOLE Z": -3.831856487428047,
    "CURRENT ENERGY": -100.0230137544835,
    "CURRENT REFERENCE ENERGY": -99.78504036510238,
    "HF TOTAL ENERGY": -99.78504036510238,
    "LCCSD (+LMP2) TOTAL ENERGY": -100.01608801965915,
    "MP2 CORRELATION ENERGY": -0.2192164616806701,
    "MP2 OPPOSITE-SPIN CORRELATION ENERGY": -0.17254020026603897,
    "MP2 SAME-SPIN CORRELATION ENERGY": -0.04667626141463113,
    "MP2 TOTAL ENERGY": -100.00425682678312,
    "NUCLEAR REPULSION ENERGY": 2.3993832514176456,
    "ONE-ELECTRON ENERGY": -145.6212541584103,
    "PCM POLARIZATION ENERGY": 0.0,
    "PE ENERGY": 0.0,
    "SCF DIPOLE X": 0.0,
    "SCF DIPOLE Y": 0.0,
    "SCF DIPOLE Z": -3.831856487428047,
    "SCF ITERATION ENERGY": -99.78504036510238,
    "SCF ITERATIONS": 10.0,
    "SCF TOTAL ENERGY": -99.78504036510238,
    "TWO-ELECTRON ENERGY": 43.436830541890274
}