{
    "CC D1 DIAGNOSTIC": 0.041761863928860755,
    "CC D2 DIAGNOSTIC": 0.09708687083030117,
    "CC NEW D1 DIAGNOSTIC": 0.041761863928860755,
    "CC T1 DIAGNOSTIC": 0.018923321307916546,
    "CCSD CORRELATION ENERGY": -0.18149338614784785,
    "CCSD OPPOSITE-SPIN CORRELATION ENERGY": -0.14557320120670747,
    "CCSD SAME-SPIN CORRELATION ENERGY": -0.0359201849411403,
    "CCSD TOTAL ENERGY": -107.13401784859445,
    "CURRENT CORRELATION ENERGY": -0.18149338614784785,
    "CURRENT DIPOLE X": 0.0,
    "CURRENT DIPOLE Y": 0.0,
    "CURRENT DIPOLE Z": -7.345151737650592,
    "CURRENT ENERGY": -107.13401784859445,
    "CURRENT REFERENCE ENERGY": -106.95252446244663,
    "HF TOTAL ENERGY": -106.95252446244663,
    "LCCSD (+LMP2) TOTAL ENERGY": -107.13396443898296,
    "MP2 CORRELATION ENERGY": -0.18230278952060697,
    "MP2 OPPOSITE-SPIN CORRELATION ENERGY": -0.13807382286780104,
    "MP2 SAME-SPIN CORRELATION ENERGY": -0.04422896665280593,
    "MP2 TOTAL ENERGY": -107.13482725196721,
    "NUCLEAR REPULSION ENERGY": 8.088959183299888,
    "ONE-ELECTRON ENERGY": -167.67159059632496,
    "PCM POLARIZATION ENERGY": 0.0,
    "PE ENERGY": 0.0,
    "SCF DIPOLE X": 0.0,
    "SCF DIPOLE Y": 0.0,
    "SCF DIPOLE Z": -7.345151737650592,
    "SCF ITERATION ENERGY": -106.95252446244663,
    "SCF ITERATIONS": 10.0,
    "SCF TOTAL ENERGY": -106.95252446244663,
    "TWO-ELECTRON ENERGY": 52.63010695057844
}