{
    "CC D1 DIAGNOSTIC": 0.015515133141861363,
    "CC D2 DIAGNOSTIC": 0.11307957135022574,
    "CC NEW D1 DIAGNOSTIC": 0.015515133141861363,
    "CC T1 DIAGNOSTIC": 0.006951312716230767,
    "CCSD CORRELATION ENERGY": -0.16063519577086993,
    "CCSD OPPOSITE-SPIN CORRELATION ENERGY": -0.13171170683964484,
    "CCSD SAME-SPIN CORRELATION ENERGY": -0.028923488931225066,
    "CCSD TOTAL ENERGY": -76.15141180097525,
    "CURRENT CORRELATION ENERGY": -0.16063519577086993,
    "CURRENT DIPOLE X": 0.0,
    "CURRENT DIPOLE Y": 0.0,
    "CURRENT DIPOLE Z": -1.6839223112661736,
    "CURRENT ENERGY": -76.15141180097525,
    "CURRENT REFERENCE ENERGY": -75.99077660520426,
    "HF TOTAL ENERGY": -75.99077660520426,
    "LCCSD (+LMP2) TOTAL ENERGY": -76.0953158433898,
    "MP2 CORRELATION ENERGY": -0.15525224761061326,
    "MP2 OPPOSITE-SPIN CORRELATION ENERGY": -0.1201099230802827,
    "MP2 SAME-SPIN CORRELATION ENERGY": -0.03514232453033056,
    "MP2 TOTAL ENERGY": -76.14602885281501,
    "NUCLEAR REPULSION ENERGY": 9.110027913549002,
    "ONE-ELECTRON ENERGY": -123.05422418213989,
    "PCM POLARIZATION ENERGY": 0.0,
    "PE ENERGY": 0.0,
    "SCF DIPOLE X": 0.0,
    "SCF DIPOLE Y": 0.0,
    "SCF DIPOLE Z": -1.6839223112661736,
    "SCF ITERATION ENERGY": -75.99077660520426,
    "SCF ITERATIONS": 10.0,
    "SCF TOTAL ENERGY": -75.99077660520426,
    "TWO-ELECTRON ENERGY": 37.953419663386626
}