{
    "CC D1 DIAGNOSTIC": 0.01453578470974349,
    "CC D2 DIAGNOSTIC": 0.11160704184018577,
    "CC NEW D1 DIAGNOSTIC": 0.01453578470974349,
    "CC T1 DIAGNOSTIC": 0.006773838718816316,
    "CCSD CORRELATION ENERGY": -0.1586822792073948,
    "CCSD OPPOSITE-SPIN CORRELATION ENERGY": -0.12987568843255318,
    "CCSD SAME-SPIN CORRELATION ENERGY": -0.0288065907748416,
    "CCSD TOTAL ENERGY": -76.13244674231362,
    "CURRENT CORRELATION ENERGY": -0.1586822792073948,
    "CURRENT DIPOLE X": 0.0,
    "CURRENT DIPOLE Y": 0.0,
    "CURRENT DIPOLE Z": -0.8651290116494977,
    "CURRENT ENERGY": -76.13244674231362,
    "CURRENT REFERENCE ENERGY": -75.97376446310629,
    "HF TOTAL ENERGY": -75.97376446310628,
    "LCCSD (+LMP2) TOTAL ENERGY": -76.1353093284488,
    "MP2 CORRELATION ENERGY": -0.15378354261218558,
    "MP2 OPPOSITE-SPIN CORRELATION ENERGY": -0.11876147226266559,
    "MP2 SAME-SPIN CORRELATION ENERGY": -0.035022070349519985,
    "MP2 TOTAL ENERGY": -76.12754800571841,
    "NUCLEAR REPULSION ENERGY": 9.098126144697279,
    "ONE-ELECTRON ENERGY": -123.10788726919495,
    "PCM POLARIZATION ENERGY": 0.0,
    "PE ENERGY": 0.0,
    "SCF DIPOLE X": 0.0,
    "SCF DIPOLE Y": 0.0,
    "SCF DIPOLE Z": -0.8651290116494977,
    "SCF ITERATION ENERGY": -75.97376446310629,
    "SCF ITERATIONS": 10.0,
    "SCF TOTAL ENERGY": -75.97376446310629,
    "TWO-ELECTRON ENERGY": 38.03599666139139
}