{
    "CC D1 DIAGNOSTIC": 0.06631573362414905,
    "CC D2 DIAGNOSTIC": 0.4191669001972787,
    "CC NEW D1 DIAGNOSTIC": 0.06631573362414905,
    "CC T1 DIAGNOSTIC": 0.020950644796672288,
    "CCSD CORRELATION ENERGY": -0.40763810178333504,
    "CCSD OPPOSITE-SPIN CORRELATION ENERGY": -0.35413852734319534,
    "CCSD SAME-SPIN CORRELATION ENERGY": -0.053499574440139974,
    "CCSD TOTAL ENERGY": -149.78775926269006,
    "CURRENT CORRELATION ENERGY": -0.40763810178333504,
    "CURRENT DIPOLE X": 0.0,
    "CURRENT DIPOLE Y": 0.0,
    "CURRENT DIPOLE Z": 0.0,
    "CURRENT ENERGY": -149.78775926269006,
    "CURRENT REFERENCE ENERGY": -149.38012116090707,
    "HF TOTAL ENERGY": -149.3801211609071,
    "LCCSD (+LMP2) TOTAL ENERGY": -149.83252133068999,
    "MP2 CORRELATION ENERGY": -0.47149084048721507,
    "MP2 OPPOSITE-SPIN CORRELATION ENERGY": -0.34948615987981874,
    "MP2 SAME-SPIN CORRELATION ENERGY": -0.12200468060739633,
    "MP2 TOTAL ENERGY": -149.85161200139393,
    "NUCLEAR REPULSION ENERGY": 21.16044255916207,
    "ONE-ELECTRON ENERGY": -247.778361960922,
    "PCM POLARIZATION ENERGY": 0.0,
    "PE ENERGY": 0.0,
    "SCF DIPOLE X": 0.0,
    "SCF DIPOLE Y": 0.0,
    "SCF DIPOLE Z": 0.0,
    "SCF ITERATION ENERGY": -149.38012116090707,
    "SCF ITERATIONS": 9.0,
    "SCF TOTAL ENERGY": -149.38012116090707,
    "TWO-ELECTRON ENERGY": 77.23779824085284
}