{
    "CC D1 DIAGNOSTIC": 0.026209372009930253,
    "CC D2 DIAGNOSTIC": 0.1940082141681135,
    "CC NEW D1 DIAGNOSTIC": 0.026209372009930253,
    "CC T1 DIAGNOSTIC": 0.010206215080413339,
    "CCSD CORRELATION ENERGY": -0.3220875182196518,
    "CCSD OPPOSITE-SPIN CORRELATION ENERGY": -0.2666170063495616,
    "CCSD SAME-SPIN CORRELATION ENERGY": -0.05547051187009033,
    "CCSD TOTAL ENERGY": -151.07473368014533,
    "CURRENT CORRELATION ENERGY": -0.3220875182196518,
    "CURRENT DIPOLE X": 0.0,
    "CURRENT DIPOLE Y": 1.1287621734612623e-15,
    "CURRENT DIPOLE Z": 2.1776950910394435,
    "CURRENT ENERGY": -151.07473368014533,
    "CURRENT REFERENCE ENERGY": -150.75264616192496,
    "HF TOTAL ENERGY": -150.75264616192496,
    "LCCSD (+LMP2) TOTAL ENERGY": -151.07342404713705,
    "MP2 CORRELATION ENERGY": -0.31432339363708023,
    "MP2 OPPOSITE-SPIN CORRELATION ENERGY": -0.24354121525097844,
    "MP2 SAME-SPIN CORRELATION ENERGY": -0.07078217838610179,
    "MP2 TOTAL ENERGY": -151.06696955556274,
    "NUCLEAR REPULSION ENERGY": 36.27326390884825,
    "ONE-ELECTRON ENERGY": -280.02478708753256,
    "PCM POLARIZATION ENERGY": 0.0,
    "PE ENERGY": 0.0,
    "SCF DIPOLE X": 0.0,
    "SCF DIPOLE Y": 1.1287621734612623e-15,
    "SCF DIPOLE Z": 2.1776950910394435,
    "SCF ITERATION ENERGY": -150.75264616192496,
    "SCF ITERATIONS": 11.0,
    "SCF TOTAL ENERGY": -150.75264616192496,
    "TWO-ELECTRON ENERGY": 92.99887701675934
}