{
    "CC D1 DIAGNOSTIC": 0.04997193057613215,
    "CC D2 DIAGNOSTIC": 0.29023428095856735,
    "CC NEW D1 DIAGNOSTIC": 0.04997193057613215,
    "CC T1 DIAGNOSTIC": 0.01789585701584574,
    "CCSD CORRELATION ENERGY": -0.2987692970831427,
    "CCSD OPPOSITE-SPIN CORRELATION ENERGY": -0.25134457408259453,
    "CCSD SAME-SPIN CORRELATION ENERGY": -0.04742472300054812,
    "CCSD TOTAL ENERGY": -110.15058014851643,
    "CURRENT CORRELATION ENERGY": -0.2987692970831427,
    "CURRENT DIPOLE X": 0.0,
    "CURRENT DIPOLE Y": 0.0,
    "CURRENT DIPOLE Z": -3.4073209073978363,
    "CURRENT ENERGY": -110.15058014851643,
    "CURRENT REFERENCE ENERGY": -109.85181085143314,
    "HF TOTAL ENERGY": -109.85181085143314,
    "LCCSD (+LMP2) TOTAL ENERGY": -110.14824782400224,
    "MP2 CORRELATION ENERGY": -0.28017000272950976,
    "MP2 OPPOSITE-SPIN CORRELATION ENERGY": -0.21930707903798408,
    "MP2 SAME-SPIN CORRELATION ENERGY": -0.06086292369152568,
    "MP2 TOTAL ENERGY": -110.13198085416279,
    "NUCLEAR REPULSION ENERGY": 32.142640684694996,
    "ONE-ELECTRON ENERGY": -212.44418389065316,
    "PCM POLARIZATION ENERGY": 0.0,
    "PE ENERGY": 0.0,
    "SCF DIPOLE X": 0.0,
    "SCF DIPOLE Y": 0.0,
    "SCF DIPOLE Z": -3.4073209073978363,
    "SCF ITERATION ENERGY": -109.85181085143314,
    "SCF ITERATIONS": 12.0,
    "SCF TOTAL ENERGY": -109.85181085143314,
    "TWO-ELECTRON ENERGY": 70.44973235452504
}