{
    "CC D1 DIAGNOSTIC": 0.03110225649960613,
    "CC D2 DIAGNOSTIC": 0.16792117971826864,
    "CC NEW D1 DIAGNOSTIC": 0.03110225649960613,
    "CC T1 DIAGNOSTIC": 0.010789282688802162,
    "CCSD CORRELATION ENERGY": -0.1761807786664187,
    "CCSD OPPOSITE-SPIN CORRELATION ENERGY": -0.14345500137293177,
    "CCSD SAME-SPIN CORRELATION ENERGY": -0.0327257772934865,
    "CCSD TOTAL ENERGY": -100.14814705021557,
    "CURRENT CORRELATION ENERGY": -0.1761807786664187,
    "CURRENT DIPOLE X": 0.0,
    "CURRENT DIPOLE Y": 0.0,
    "CURRENT DIPOLE Z": -2.6924892038112542,
    "CURRENT ENERGY": -100.14814705021557,
    "CURRENT REFERENCE ENERGY": -99.97196627154909,
    "HF TOTAL ENERGY": -99.97196627154909,
    "LCCSD (+LMP2) TOTAL ENERGY": -100.14053116830101,
    "MP2 CORRELATION ENERGY": -0.1741074157827067,
    "MP2 OPPOSITE-SPIN CORRELATION ENERGY": -0.13264978020600832,
    "MP2 SAME-SPIN CORRELATION ENERGY": -0.041457635576698376,
    "MP2 TOTAL ENERGY": -100.14607368733185,
    "NUCLEAR REPULSION ENERGY": 3.9905531970946098,
    "ONE-ELECTRON ENERGY": -148.5262158360299,
    "PCM POLARIZATION ENERGY": 0.0,
    "PE ENERGY": 0.0,
    "SCF DIPOLE X": 0.0,
    "SCF DIPOLE Y": 0.0,
    "SCF DIPOLE Z": -2.6924892038112542,
    "SCF ITERATION ENERGY": -99.97196627154909,
    "SCF ITERATIONS": 10.0,
    "SCF TOTAL ENERGY": -99.97196627154909,
    "TWO-ELECTRON ENERGY": 44.5636963673862
}