{
    "CC D1 DIAGNOSTIC": 0.009917831974349301,
    "CC D2 DIAGNOSTIC": 0.18543964523861142,
    "CC NEW D1 DIAGNOSTIC": 0.009917831974349301,
    "CC T1 DIAGNOSTIC": 0.004642263675496561,
    "CCSD CORRELATION ENERGY": -0.2330082340505055,
    "CCSD OPPOSITE-SPIN CORRELATION ENERGY": -0.1853846840908604,
    "CCSD SAME-SPIN CORRELATION ENERGY": -0.047623549959645045,
    "CCSD TOTAL ENERGY": -147.1308494841075,
    "CURRENT CORRELATION ENERGY": -0.2330082340505055,
    "CURRENT DIPOLE X": 0.0,
    "CURRENT DIPOLE Y": 0.0,
    "CURRENT DIPOLE Z": 0.0,
    "CURRENT ENERGY": -147.1308494841075,
    "CURRENT REFERENCE ENERGY": -146.89784125005684,
    "HF TOTAL ENERGY": -146.89784125005684,
    "LCCSD (+LMP2) TOTAL ENERGY": -147.1319898021307,
    "MP2 CORRELATION ENERGY": -0.22118404495506283,
    "MP2 OPPOSITE-SPIN CORRELATION ENERGY": -0.16964214916664816,
    "MP2 SAME-SPIN CORRELATION ENERGY": -0.05154189578841467,
    "MP2 TOTAL ENERGY": -147.11902529501205,
    "NUCLEAR REPULSION ENERGY": 53.27747790587447,
    "ONE-ELECTRON ENERGY": -303.0846059763045,
    "PCM POLARIZATION ENERGY": 0.0,
    "PE ENERGY": 0.0,
    "SCF DIPOLE X": 0.0,
    "SCF DIPOLE Y": 0.0,
    "SCF DIPOLE Z": 0.0,
    "SCF ITERATION ENERGY": -146.89784125005684,
    "SCF ITERATIONS": 9.0,
    "SCF TOTAL ENERGY": -146.89784125005684,
    "TWO-ELECTRON ENERGY": 102.9092868203732
}