{
    "CURRENT CORRELATION ENERGY": -0.15378354261218874,
    "CURRENT DIPOLE X": 0.0,
    "CURRENT DIPOLE Y": 0.0,
    "CURRENT DIPOLE Z": -0.8651290116494977,
    "CURRENT ENERGY": -76.12754800571848,
    "CURRENT REFERENCE ENERGY": -75.97376446310629,
    "CUSTOM SCS-MP2 CORRELATION ENERGY": -0.15418779016503867,
    "CUSTOM SCS-MP2 TOTAL ENERGY": -76.12795225327133,
    "HF TOTAL ENERGY": -75.97376446310628,
    "MP2 CORRELATION ENERGY": -0.15378354261218874,
    "MP2 OPPOSITE-SPIN CORRELATION ENERGY": -0.11876147226266559,
    "MP2 SAME-SPIN CORRELATION ENERGY": -0.03502207034951993,
    "MP2 TOTAL ENERGY": -76.12754800571848,
    "NUCLEAR REPULSION ENERGY": 9.098126144697279,
    "ONE-ELECTRON ENERGY": -123.10788726919495,
    "PCM POLARIZATION ENERGY": 0.0,
    "PE ENERGY": 0.0,
    "SCF DIPOLE X": 0.0,
    "SCF DIPOLE Y": 0.0,
    "SCF DIPOLE Z": -0.8651290116494977,
    "SCF ITERATION ENERGY": -75.97376446310629,
    "SCF ITERATIONS": 10.0,
    "SCF TOTAL ENERGY": -75.97376446310629,
    "SCS-MP2 CORRELATION ENERGY": -0.15418779016503867,
    "SCS-MP2 TOTAL ENERGY": -76.12795225327133,
    "SCS-MP2-VDW CORRELATION ENERGY": -0.16952571967095764,
    "SCS-MP2-VDW TOTAL ENERGY": -76.14329018277725,
    "SCSN-MP2 CORRELATION ENERGY": -0.06163884381516027,
    "SCSN-MP2 TOTAL ENERGY": -76.03540330692145,
    "SOS-MP2 CORRELATION ENERGY": 0.0,
    "SOS-MP2 TOTAL ENERGY": -75.97376446310629,
    "SOS-PI-MP2 CORRELATION ENERGY": -0.16626606116773246,
    "SOS-PI-MP2 TOTAL ENERGY": -76.14003052427402,
    "TWO-ELECTRON ENERGY": 38.03599666139139
}