{
    "CC D1 DIAGNOSTIC": 0.31053150443029126,
    "CC D2 DIAGNOSTIC": 0.28023095902944417,
    "CC NEW D1 DIAGNOSTIC": 0.31053150443029126,
    "CC T1 DIAGNOSTIC": 0.10292548194071739,
    "CCSD CORRELATION ENERGY": -0.4804082287448562,
    "CCSD OPPOSITE-SPIN CORRELATION ENERGY": -0.3731392174970801,
    "CCSD SAME-SPIN CORRELATION ENERGY": -0.10726901124777594,
    "CCSD TOTAL ENERGY": -187.6371249071623,
    "CURRENT CORRELATION ENERGY": -0.4804082287448562,
    "CURRENT DIPOLE X": 0.0,
    "CURRENT DIPOLE Y": 0.0,
    "CURRENT DIPOLE Z": 0.0,
    "CURRENT ENERGY": -187.6371249071623,
    "CURRENT REFERENCE ENERGY": -187.1567166784153,
    "HF TOTAL ENERGY": -187.1567166784153,
    "LCCSD (+LMP2) TOTAL ENERGY": -187.63693059554416,
    "MP2 CORRELATION ENERGY": -0.41557720687212024,
    "MP2 OPPOSITE-SPIN CORRELATION ENERGY": -0.3139645595184954,
    "MP2 SAME-SPIN CORRELATION ENERGY": -0.10161264735362485,
    "MP2 TOTAL ENERGY": -187.57229388528955,
    "NUCLEAR REPULSION ENERGY": 38.512005457674974,
    "ONE-ELECTRON ENERGY": -333.21192724751074,
    "PCM POLARIZATION ENERGY": 0.0,
    "PE ENERGY": 0.0,
    "SCF DIPOLE X": 0.0,
    "SCF DIPOLE Y": 0.0,
    "SCF DIPOLE Z": 0.0,
    "SCF ITERATION ENERGY": -187.1567166784153,
    "SCF ITERATIONS": 12.0,
    "SCF TOTAL ENERGY": -187.1567166784153,
    "TWO-ELECTRON ENERGY": 107.54320511142049
}