{
    "CC D1 DIAGNOSTIC": 0.534214073923491,
    "CC D2 DIAGNOSTIC": 0.40911347075351523,
    "CC NEW D1 DIAGNOSTIC": 0.534214073923491,
    "CC T1 DIAGNOSTIC": 0.22339291968445568,
    "CCSD CORRELATION ENERGY": -0.3375149838335961,
    "CCSD OPPOSITE-SPIN CORRELATION ENERGY": -0.255172025758568,
    "CCSD SAME-SPIN CORRELATION ENERGY": -0.08234295807503067,
    "CCSD TOTAL ENERGY": -112.69447430596279,
    "CURRENT CORRELATION ENERGY": -0.3375149838335961,
    "CURRENT DIPOLE X": 0.0,
    "CURRENT DIPOLE Y": 0.0,
    "CURRENT DIPOLE Z": -2.889971144955991,
    "CURRENT ENERGY": -112.69447430596279,
    "CURRENT REFERENCE ENERGY": -112.35695932212896,
    "HF TOTAL ENERGY": -112.35695932212894,
    "LCCSD (+LMP2) TOTAL ENERGY": -112.69447911235712,
    "MP2 CORRELATION ENERGY": -0.22780763966409015,
    "MP2 OPPOSITE-SPIN CORRELATION ENERGY": -0.18078352920780655,
    "MP2 SAME-SPIN CORRELATION ENERGY": -0.0470241104562836,
    "MP2 TOTAL ENERGY": -112.58476696179328,
    "NUCLEAR REPULSION ENERGY": 13.095079575958133,
    "ONE-ELECTRON ENERGY": -179.91912877419,
    "PCM POLARIZATION ENERGY": 0.0,
    "PE ENERGY": 0.0,
    "SCF DIPOLE X": 0.0,
    "SCF DIPOLE Y": 0.0,
    "SCF DIPOLE Z": -2.889971144955991,
    "SCF ITERATION ENERGY": -112.35695932212896,
    "SCF ITERATIONS": 15.0,
    "SCF TOTAL ENERGY": -112.35695932212896,
    "TWO-ELECTRON ENERGY": 54.467089876102925
}