{
    "CC D1 DIAGNOSTIC": 0.012597847935610893,
    "CC D2 DIAGNOSTIC": 0.12775284832190228,
    "CC NEW D1 DIAGNOSTIC": 0.012597847935610893,
    "CC T1 DIAGNOSTIC": 0.006086913838249598,
    "CCSD CORRELATION ENERGY": -0.2340061794642167,
    "CCSD OPPOSITE-SPIN CORRELATION ENERGY": -0.18763731852579227,
    "CCSD SAME-SPIN CORRELATION ENERGY": -0.046368860938424544,
    "CCSD TOTAL ENERGY": -108.8571109694181,
    "CURRENT CORRELATION ENERGY": -0.2340061794642167,
    "CURRENT DIPOLE X": 0.0,
    "CURRENT DIPOLE Y": 0.0,
    "CURRENT DIPOLE Z": 0.0,
    "CURRENT ENERGY": -108.8571109694181,
    "CURRENT REFERENCE ENERGY": -108.6231047899539,
    "HF TOTAL ENERGY": -108.6231047899539,
    "LCCSD (+LMP2) TOTAL ENERGY": -108.89142395091638,
    "MP2 CORRELATION ENERGY": -0.23023532268581623,
    "MP2 OPPOSITE-SPIN CORRELATION ENERGY": -0.17535788037154706,
    "MP2 SAME-SPIN CORRELATION ENERGY": -0.054877442314269165,
    "MP2 TOTAL ENERGY": -108.8533401126397,
    "NUCLEAR REPULSION ENERGY": 30.087504263808594,
    "ONE-ELECTRON ENERGY": -205.8251472273711,
    "PCM POLARIZATION ENERGY": 0.0,
    "PE ENERGY": 0.0,
    "SCF DIPOLE X": 0.0,
    "SCF DIPOLE Y": 0.0,
    "SCF DIPOLE Z": 0.0,
    "SCF ITERATION ENERGY": -108.6231047899539,
    "SCF ITERATIONS": 8.0,
    "SCF TOTAL ENERGY": -108.6231047899539,
    "TWO-ELECTRON ENERGY": 67.11453817360861
}