{
    "CC D1 DIAGNOSTIC": 0.05451510068136353,
    "CC D2 DIAGNOSTIC": 0.32738707418660873,
    "CC NEW D1 DIAGNOSTIC": 0.05451510068136353,
    "CC T1 DIAGNOSTIC": 0.022678087840180085,
    "CCSD CORRELATION ENERGY": -0.3908202438848557,
    "CCSD OPPOSITE-SPIN CORRELATION ENERGY": -0.34317065696844606,
    "CCSD SAME-SPIN CORRELATION ENERGY": -0.04764958691640947,
    "CCSD TOTAL ENERGY": -108.99095663052452,
    "CURRENT CORRELATION ENERGY": -0.3908202438848557,
    "CURRENT DIPOLE X": 0.0,
    "CURRENT DIPOLE Y": 0.0,
    "CURRENT DIPOLE Z": -5.643810867306312e-16,
    "CURRENT ENERGY": -108.99095663052452,
    "CURRENT REFERENCE ENERGY": -108.60013638663963,
    "HF TOTAL ENERGY": -108.60013638663963,
    "LCCSD (+LMP2) TOTAL ENERGY": -108.98462054803113,
    "MP2 CORRELATION ENERGY": -0.49955695649392784,
    "MP2 OPPOSITE-SPIN CORRELATION ENERGY": -0.35799706991152797,
    "MP2 SAME-SPIN CORRELATION ENERGY": -0.14155988658239987,
    "MP2 TOTAL ENERGY": -109.0996933431336,
    "NUCLEAR REPULSION ENERGY": 16.512022339978145,
    "ONE-ELECTRON ENERGY": -179.68061937603977,
    "PCM POLARIZATION ENERGY": 0.0,
    "PE ENERGY": 0.0,
    "SCF DIPOLE X": 0.0,
    "SCF DIPOLE Y": 0.0,
    "SCF DIPOLE Z": -5.643810867306312e-16,
    "SCF ITERATION ENERGY": -108.60013638663963,
    "SCF ITERATIONS": 9.0,
    "SCF TOTAL ENERGY": -108.60013638663963,
    "TWO-ELECTRON ENERGY": 54.56846064942198
}