{
    "CC D1 DIAGNOSTIC": 0.41519839159593197,
    "CC D2 DIAGNOSTIC": 0.3687553476323685,
    "CC NEW D1 DIAGNOSTIC": 0.41519839159593197,
    "CC T1 DIAGNOSTIC": 0.13740543539312655,
    "CCSD CORRELATION ENERGY": -0.4719353775163795,
    "CCSD OPPOSITE-SPIN CORRELATION ENERGY": -0.36376732341473833,
    "CCSD SAME-SPIN CORRELATION ENERGY": -0.10816805410163999,
    "CCSD TOTAL ENERGY": -187.56956893544958,
    "CURRENT CORRELATION ENERGY": -0.4719353775163795,
    "CURRENT DIPOLE X": 0.0,
    "CURRENT DIPOLE Y": 0.0,
    "CURRENT DIPOLE Z": 0.0,
    "CURRENT ENERGY": -187.56956893544958,
    "CURRENT REFERENCE ENERGY": -187.09763355793217,
    "HF TOTAL ENERGY": -187.09763355793217,
    "LCCSD (+LMP2) TOTAL ENERGY": -187.57150508134833,
    "MP2 CORRELATION ENERGY": -0.3616366940840011,
    "MP2 OPPOSITE-SPIN CORRELATION ENERGY": -0.28091663598933253,
    "MP2 SAME-SPIN CORRELATION ENERGY": -0.08072005809466859,
    "MP2 TOTAL ENERGY": -187.4592702520172,
    "NUCLEAR REPULSION ENERGY": 35.753851220653154,
    "ONE-ELECTRON ENERGY": -327.92969464000083,
    "PCM POLARIZATION ENERGY": 0.0,
    "PE ENERGY": 0.0,
    "SCF DIPOLE X": 0.0,
    "SCF DIPOLE Y": 0.0,
    "SCF DIPOLE Z": 0.0,
    "SCF ITERATION ENERGY": -187.09763355793217,
    "SCF ITERATIONS": 13.0,
    "SCF TOTAL ENERGY": -187.09763355793217,
    "TWO-ELECTRON ENERGY": 105.07820986141552
}