{
    "CC D1 DIAGNOSTIC": 0.030037628209154503,
    "CC D2 DIAGNOSTIC": 0.09463093554916116,
    "CC NEW D1 DIAGNOSTIC": 0.030037628209154503,
    "CC T1 DIAGNOSTIC": 0.013605929258582195,
    "CCSD CORRELATION ENERGY": -0.17570201509123526,
    "CCSD OPPOSITE-SPIN CORRELATION ENERGY": -0.14031243798740092,
    "CCSD SAME-SPIN CORRELATION ENERGY": -0.03538957710383436,
    "CCSD TOTAL ENERGY": -107.02448127622034,
    "CURRENT CORRELATION ENERGY": -0.17570201509123526,
    "CURRENT DIPOLE X": 0.0,
    "CURRENT DIPOLE Y": 0.0,
    "CURRENT DIPOLE Z": -4.729557310627092,
    "CURRENT ENERGY": -107.02448127622034,
    "CURRENT REFERENCE ENERGY": -106.848779261129,
    "HF TOTAL ENERGY": -106.848779261129,
    "LCCSD (+LMP2) TOTAL ENERGY": -107.02420978928207,
    "MP2 CORRELATION ENERGY": -0.1759909737019564,
    "MP2 OPPOSITE-SPIN CORRELATION ENERGY": -0.13328163510015534,
    "MP2 SAME-SPIN CORRELATION ENERGY": -0.04270933860180107,
    "MP2 TOTAL ENERGY": -107.02477023483107,
    "NUCLEAR REPULSION ENERGY": 12.281940185442377,
    "ONE-ELECTRON ENERGY": -175.19447637088598,
    "PCM POLARIZATION ENERGY": 0.0,
    "PE ENERGY": 0.0,
    "SCF DIPOLE X": 0.0,
    "SCF DIPOLE Y": 0.0,
    "SCF DIPOLE Z": -4.729557310627092,
    "SCF ITERATION ENERGY": -106.848779261129,
    "SCF ITERATIONS": 9.0,
    "SCF TOTAL ENERGY": -106.848779261129,
    "TWO-ELECTRON ENERGY": 56.0637569243146
}