{
    "CC D1 DIAGNOSTIC": 0.09668132133859142,
    "CC D2 DIAGNOSTIC": 0.3273486451592659,
    "CC NEW D1 DIAGNOSTIC": 0.09668132133859142,
    "CC T1 DIAGNOSTIC": 0.030753782171204332,
    "CCSD CORRELATION ENERGY": -0.20913531733043791,
    "CCSD OPPOSITE-SPIN CORRELATION ENERGY": -0.177345267062187,
    "CCSD SAME-SPIN CORRELATION ENERGY": -0.031790050268251546,
    "CCSD TOTAL ENERGY": -100.05916982605764,
    "CURRENT CORRELATION ENERGY": -0.20913531733043791,
    "CURRENT DIPOLE X": 0.0,
    "CURRENT DIPOLE Y": 0.0,
    "CURRENT DIPOLE Z": -3.370510283609017,
    "CURRENT ENERGY": -100.05916982605764,
    "CURRENT REFERENCE ENERGY": -99.85003450872709,
    "HF TOTAL ENERGY": -99.85003450872709,
    "LCCSD (+LMP2) TOTAL ENERGY": -100.05836488044724,
    "MP2 CORRELATION ENERGY": -0.19978322779901742,
    "MP2 OPPOSITE-SPIN CORRELATION ENERGY": -0.15472751764869155,
    "MP2 SAME-SPIN CORRELATION ENERGY": -0.04505571015032586,
    "MP2 TOTAL ENERGY": -100.04981773652622,
    "NUCLEAR REPULSION ENERGY": 2.854687904548103,
    "ONE-ELECTRON ENERGY": -146.46731775487368,
    "PCM POLARIZATION ENERGY": 0.0,
    "PE ENERGY": 0.0,
    "SCF DIPOLE X": 0.0,
    "SCF DIPOLE Y": 0.0,
    "SCF DIPOLE Z": -3.370510283609017,
    "SCF ITERATION ENERGY": -99.85003450872709,
    "SCF ITERATIONS": 10.0,
    "SCF TOTAL ENERGY": -99.85003450872709,
    "TWO-ELECTRON ENERGY": 43.76259534159847
}