{
    "CC D1 DIAGNOSTIC": 0.040721051156694894,
    "CC D2 DIAGNOSTIC": 0.2403599338707193,
    "CC NEW D1 DIAGNOSTIC": 0.040721051156694894,
    "CC T1 DIAGNOSTIC": 0.01672515852147486,
    "CCSD CORRELATION ENERGY": -0.33191228212113566,
    "CCSD OPPOSITE-SPIN CORRELATION ENERGY": -0.2765925721851993,
    "CCSD SAME-SPIN CORRELATION ENERGY": -0.05531970993593649,
    "CCSD TOTAL ENERGY": -109.09560964944794,
    "CURRENT CORRELATION ENERGY": -0.33191228212113566,
    "CURRENT DIPOLE X": 0.0,
    "CURRENT DIPOLE Y": 0.0,
    "CURRENT DIPOLE Z": 5.643810867306312e-16,
    "CURRENT ENERGY": -109.09560964944794,
    "CURRENT REFERENCE ENERGY": -108.76369736732677,
    "HF TOTAL ENERGY": -108.76369736732676,
    "LCCSD (+LMP2) TOTAL ENERGY": -109.12541534099093,
    "MP2 CORRELATION ENERGY": -0.38161732157431344,
    "MP2 OPPOSITE-SPIN CORRELATION ENERGY": -0.278953237210666,
    "MP2 SAME-SPIN CORRELATION ENERGY": -0.10266408436364743,
    "MP2 TOTAL ENERGY": -109.14531468890111,
    "NUCLEAR REPULSION ENERGY": 19.182182086405827,
    "ONE-ELECTRON ENERGY": -185.0762948599438,
    "PCM POLARIZATION ENERGY": 0.0,
    "PE ENERGY": 0.0,
    "SCF DIPOLE X": 0.0,
    "SCF DIPOLE Y": 0.0,
    "SCF DIPOLE Z": 5.643810867306312e-16,
    "SCF ITERATION ENERGY": -108.76369736732677,
    "SCF ITERATIONS": 8.0,
    "SCF TOTAL ENERGY": -108.76369736732677,
    "TWO-ELECTRON ENERGY": 57.13041540621122
}