{
    "CC D1 DIAGNOSTIC": 0.014684263616004112,
    "CC D2 DIAGNOSTIC": 0.11431843782595139,
    "CC NEW D1 DIAGNOSTIC": 0.014684263616004112,
    "CC T1 DIAGNOSTIC": 0.006795857731272305,
    "CCSD CORRELATION ENERGY": -0.16129443318134268,
    "CCSD OPPOSITE-SPIN CORRELATION ENERGY": -0.13257056340760068,
    "CCSD SAME-SPIN CORRELATION ENERGY": -0.028723869773742,
    "CCSD TOTAL ENERGY": -76.16204149902961,
    "CURRENT CORRELATION ENERGY": -0.16129443318134268,
    "CURRENT DIPOLE X": 0.0,
    "CURRENT DIPOLE Y": 0.0,
    "CURRENT DIPOLE Z": -2.0159726538897313,
    "CURRENT ENERGY": -76.16204149902961,
    "CURRENT REFERENCE ENERGY": -76.00074706584827,
    "HF TOTAL ENERGY": -76.00074706584827,
    "LCCSD (+LMP2) TOTAL ENERGY": -76.16707780061219,
    "MP2 CORRELATION ENERGY": -0.1556571695366834,
    "MP2 OPPOSITE-SPIN CORRELATION ENERGY": -0.12068746414276478,
    "MP2 SAME-SPIN CORRELATION ENERGY": -0.034969705393918624,
    "MP2 TOTAL ENERGY": -76.15640423538495,
    "NUCLEAR REPULSION ENERGY": 9.12103020173295,
    "ONE-ELECTRON ENERGY": -123.02518301388977,
    "PCM POLARIZATION ENERGY": 0.0,
    "PE ENERGY": 0.0,
    "SCF DIPOLE X": 0.0,
    "SCF DIPOLE Y": 0.0,
    "SCF DIPOLE Z": -2.0159726538897313,
    "SCF ITERATION ENERGY": -76.00074706584827,
    "SCF ITERATIONS": 10.0,
    "SCF TOTAL ENERGY": -76.00074706584827,
    "TWO-ELECTRON ENERGY": 37.90340574630855
}