{
    "CC D1 DIAGNOSTIC": 0.037986304814460504,
    "CC D2 DIAGNOSTIC": 0.09563740893815358,
    "CC NEW D1 DIAGNOSTIC": 0.037986304814460504,
    "CC T1 DIAGNOSTIC": 0.016677112684231693,
    "CCSD CORRELATION ENERGY": -0.17957884118796708,
    "CCSD OPPOSITE-SPIN CORRELATION ENERGY": -0.14390177088919096,
    "CCSD SAME-SPIN CORRELATION ENERGY": -0.03567707029877609,
    "CCSD TOTAL ENERGY": -107.14098083015803,
    "CURRENT CORRELATION ENERGY": -0.17957884118796708,
    "CURRENT DIPOLE X": 0.0,
    "CURRENT DIPOLE Y": 0.0,
    "CURRENT DIPOLE Z": -6.312025797021184,
    "CURRENT ENERGY": -107.14098083015803,
    "CURRENT REFERENCE ENERGY": -106.96140198896984,
    "HF TOTAL ENERGY": -106.96140198896984,
    "LCCSD (+LMP2) TOTAL ENERGY": -107.14102061560769,
    "MP2 CORRELATION ENERGY": -0.18015066856846743,
    "MP2 OPPOSITE-SPIN CORRELATION ENERGY": -0.13650330609861203,
    "MP2 SAME-SPIN CORRELATION ENERGY": -0.0436473624698554,
    "MP2 TOTAL ENERGY": -107.14155265753854,
    "NUCLEAR REPULSION ENERGY": 9.368267390213875,
    "ONE-ELECTRON ENERGY": -170.01591525905818,
    "PCM POLARIZATION ENERGY": 0.0,
    "PE ENERGY": 0.0,
    "SCF DIPOLE X": 0.0,
    "SCF DIPOLE Y": 0.0,
    "SCF DIPOLE Z": -6.312025797021184,
    "SCF ITERATION ENERGY": -106.96140198896984,
    "SCF ITERATIONS": 9.0,
    "SCF TOTAL ENERGY": -106.96140198896984,
    "TWO-ELECTRON ENERGY": 53.68624587987446
}