{
    "CC D1 DIAGNOSTIC": 0.037312537103821646,
    "CC D2 DIAGNOSTIC": 0.09190249726877246,
    "CC NEW D1 DIAGNOSTIC": 0.037312537103821646,
    "CC T1 DIAGNOSTIC": 0.013975163985199466,
    "CCSD CORRELATION ENERGY": -0.2910657722328878,
    "CCSD OPPOSITE-SPIN CORRELATION ENERGY": -0.22615539540440138,
    "CCSD SAME-SPIN CORRELATION ENERGY": -0.06491037682848627,
    "CCSD TOTAL ENERGY": -261.61066013878775,
    "CURRENT CORRELATION ENERGY": -0.2910657722328878,
    "CURRENT DIPOLE X": 0.0,
    "CURRENT DIPOLE Y": 0.0,
    "CURRENT DIPOLE Z": -7.616253188561667,
    "CURRENT ENERGY": -261.61066013878775,
    "CURRENT REFERENCE ENERGY": -261.3195943665537,
    "HF TOTAL ENERGY": -261.3195943665537,
    "LCCSD (+LMP2) TOTAL ENERGY": -261.61136028614897,
    "MP2 CORRELATION ENERGY": -0.2926146086988388,
    "MP2 OPPOSITE-SPIN CORRELATION ENERGY": -0.21735002764994216,
    "MP2 SAME-SPIN CORRELATION ENERGY": -0.07526458104889666,
    "MP2 TOTAL ENERGY": -261.6122089752537,
    "NUCLEAR REPULSION ENERGY": 30.572786590644203,
    "ONE-ELECTRON ENERGY": -431.17022231979035,
    "PCM POLARIZATION ENERGY": 0.0,
    "PE ENERGY": 0.0,
    "SCF DIPOLE X": 0.0,
    "SCF DIPOLE Y": 0.0,
    "SCF DIPOLE Z": -7.616253188561667,
    "SCF ITERATION ENERGY": -261.3195943665537,
    "SCF ITERATIONS": 10.0,
    "SCF TOTAL ENERGY": -261.3195943665537,
    "TWO-ELECTRON ENERGY": 139.27784136259243
}