{
    "CC D1 DIAGNOSTIC": 0.01717920421744089,
    "CC D2 DIAGNOSTIC": 0.12363903246998607,
    "CC NEW D1 DIAGNOSTIC": 0.01717920421744089,
    "CC T1 DIAGNOSTIC": 0.0074652712913542,
    "CCSD CORRELATION ENERGY": -0.21769525835232778,
    "CCSD OPPOSITE-SPIN CORRELATION ENERGY": -0.1738238478205022,
    "CCSD SAME-SPIN CORRELATION ENERGY": -0.04387141053182561,
    "CCSD TOTAL ENERGY": -112.22601032301363,
    "CURRENT CORRELATION ENERGY": -0.21769525835232778,
    "CURRENT DIPOLE X": 0.0,
    "CURRENT DIPOLE Y": 0.0,
    "CURRENT DIPOLE Z": 0.913801117297412,
    "CURRENT ENERGY": -112.22601032301363,
    "CURRENT REFERENCE ENERGY": -112.00831506466123,
    "HF TOTAL ENERGY": -112.00831506466123,
    "LCCSD (+LMP2) TOTAL ENERGY": -112.22225156797005,
    "MP2 CORRELATION ENERGY": -0.2104218438628005,
    "MP2 OPPOSITE-SPIN CORRELATION ENERGY": -0.16107548395703258,
    "MP2 SAME-SPIN CORRELATION ENERGY": -0.04934635990576791,
    "MP2 TOTAL ENERGY": -112.21873690852411,
    "NUCLEAR REPULSION ENERGY": 32.61097236335382,
    "ONE-ELECTRON ENERGY": -215.70964699354568,
    "PCM POLARIZATION ENERGY": 0.0,
    "PE ENERGY": 0.0,
    "SCF DIPOLE X": 0.0,
    "SCF DIPOLE Y": 0.0,
    "SCF DIPOLE Z": 0.913801117297412,
    "SCF ITERATION ENERGY": -112.00831506466123,
    "SCF ITERATIONS": 9.0,
    "SCF TOTAL ENERGY": -112.00831506466123,
    "TWO-ELECTRON ENERGY": 71.09035956553062
}