{
    "CC D1 DIAGNOSTIC": 0.026899500396563296,
    "CC D2 DIAGNOSTIC": 0.19317701201068244,
    "CC NEW D1 DIAGNOSTIC": 0.026899500396563296,
    "CC T1 DIAGNOSTIC": 0.010338578001857139,
    "CCSD CORRELATION ENERGY": -0.32285645573058724,
    "CCSD OPPOSITE-SPIN CORRELATION ENERGY": -0.2673782061363213,
    "CCSD SAME-SPIN CORRELATION ENERGY": -0.055478249594265894,
    "CCSD TOTAL ENERGY": -151.05208777896144,
    "CURRENT CORRELATION ENERGY": -0.32285645573058724,
    "CURRENT DIPOLE X": 0.0,
    "CURRENT DIPOLE Y": -1.6931432601918935e-15,
    "CURRENT DIPOLE Z": -3.95964318346126,
    "CURRENT ENERGY": -151.05208777896144,
    "CURRENT REFERENCE ENERGY": -150.7292313232302,
    "HF TOTAL ENERGY": -150.7292313232302,
    "LCCSD (+LMP2) TOTAL ENERGY": -151.05715975580654,
    "MP2 CORRELATION ENERGY": -0.31467911651746583,
    "MP2 OPPOSITE-SPIN CORRELATION ENERGY": -0.24402925844006698,
    "MP2 SAME-SPIN CORRELATION ENERGY": -0.07064985807739885,
    "MP2 TOTAL ENERGY": -151.04391043974832,
    "NUCLEAR REPULSION ENERGY": 36.360528969471616,
    "ONE-ELECTRON ENERGY": -280.0208663232763,
    "PCM POLARIZATION ENERGY": 0.0,
    "PE ENERGY": 0.0,
    "SCF DIPOLE X": 0.0,
    "SCF DIPOLE Y": -1.6931432601918935e-15,
    "SCF DIPOLE Z": -3.95964318346126,
    "SCF ITERATION ENERGY": -150.7292313232302,
    "SCF ITERATIONS": 11.0,
    "SCF TOTAL ENERGY": -150.7292313232302,
    "TWO-ELECTRON ENERGY": 92.93110603057451
}