{
    "CC D1 DIAGNOSTIC": 0.014327571570414858,
    "CC D2 DIAGNOSTIC": 0.19567882601637224,
    "CC NEW D1 DIAGNOSTIC": 0.014327571570414858,
    "CC T1 DIAGNOSTIC": 0.0061963861216684036,
    "CCSD CORRELATION ENERGY": -0.25123868192248805,
    "CCSD OPPOSITE-SPIN CORRELATION ENERGY": -0.20219192356986643,
    "CCSD SAME-SPIN CORRELATION ENERGY": -0.04904675835262162,
    "CCSD TOTAL ENERGY": -149.27196937558125,
    "CURRENT CORRELATION ENERGY": -0.25123868192248805,
    "CURRENT DIPOLE X": 0.0,
    "CURRENT DIPOLE Y": 0.0,
    "CURRENT DIPOLE Z": 0.0,
    "CURRENT ENERGY": -149.27196937558125,
    "CURRENT REFERENCE ENERGY": -149.0207306936589,
    "HF TOTAL ENERGY": -149.0207306936589,
    "LCCSD (+LMP2) TOTAL ENERGY": -149.31547875420958,
    "MP2 CORRELATION ENERGY": -0.2406137510847302,
    "MP2 OPPOSITE-SPIN CORRELATION ENERGY": -0.18508795254512614,
    "MP2 SAME-SPIN CORRELATION ENERGY": -0.05552579853960407,
    "MP2 TOTAL ENERGY": -149.2613444447435,
    "NUCLEAR REPULSION ENERGY": 39.64471150054777,
    "ONE-ELECTRON ENERGY": -282.20016033408507,
    "PCM POLARIZATION ENERGY": 0.0,
    "PE ENERGY": 0.0,
    "SCF DIPOLE X": 0.0,
    "SCF DIPOLE Y": 0.0,
    "SCF DIPOLE Z": 0.0,
    "SCF ITERATION ENERGY": -149.0207306936589,
    "SCF ITERATIONS": 9.0,
    "SCF TOTAL ENERGY": -149.0207306936589,
    "TWO-ELECTRON ENERGY": 93.5347181398784
}