{
    "CC D1 DIAGNOSTIC": 0.04382302727778012,
    "CC D2 DIAGNOSTIC": 0.10378767423071014,
    "CC NEW D1 DIAGNOSTIC": 0.04382302727778012,
    "CC T1 DIAGNOSTIC": 0.02078417633300152,
    "CCSD CORRELATION ENERGY": -0.18256406457328606,
    "CCSD OPPOSITE-SPIN CORRELATION ENERGY": -0.1465232705054018,
    "CCSD SAME-SPIN CORRELATION ENERGY": -0.03604079406788424,
    "CCSD TOTAL ENERGY": -107.11677742518242,
    "CURRENT CORRELATION ENERGY": -0.18256406457328606,
    "CURRENT DIPOLE X": 0.0,
    "CURRENT DIPOLE Y": 0.0,
    "CURRENT DIPOLE Z": -8.198447424726927,
    "CURRENT ENERGY": -107.11677742518242,
    "CURRENT REFERENCE ENERGY": -106.93421336060905,
    "HF TOTAL ENERGY": -106.93421336060905,
    "LCCSD (+LMP2) TOTAL ENERGY": -107.11677577882261,
    "MP2 CORRELATION ENERGY": -0.1835179726788167,
    "MP2 OPPOSITE-SPIN CORRELATION ENERGY": -0.13896441120514527,
    "MP2 SAME-SPIN CORRELATION ENERGY": -0.04455356147367143,
    "MP2 TOTAL ENERGY": -107.11773133328795,
    "NUCLEAR REPULSION ENERGY": 7.281098983175189,
    "ONE-ELECTRON ENERGY": -166.1841487261845,
    "PCM POLARIZATION ENERGY": 0.0,
    "PE ENERGY": 0.0,
    "SCF DIPOLE X": 0.0,
    "SCF DIPOLE Y": 0.0,
    "SCF DIPOLE Z": -8.198447424726927,
    "SCF ITERATION ENERGY": -106.93421336060905,
    "SCF ITERATIONS": 10.0,
    "SCF TOTAL ENERGY": -106.93421336060905,
    "TWO-ELECTRON ENERGY": 51.96883638240027
}