{
    "CC D1 DIAGNOSTIC": 0.010546814339569886,
    "CC D2 DIAGNOSTIC": 0.10940199460506128,
    "CC NEW D1 DIAGNOSTIC": 0.010546814339569886,
    "CC T1 DIAGNOSTIC": 0.004873832200356723,
    "CCSD CORRELATION ENERGY": -0.22038157036069017,
    "CCSD OPPOSITE-SPIN CORRELATION ENERGY": -0.175971743176119,
    "CCSD SAME-SPIN CORRELATION ENERGY": -0.04440982718457123,
    "CCSD TOTAL ENERGY": -108.27985469014759,
    "CURRENT CORRELATION ENERGY": -0.22038157036069017,
    "CURRENT DIPOLE X": 0.0,
    "CURRENT DIPOLE Y": 0.0,
    "CURRENT DIPOLE Z": -2.821905433653156e-16,
    "CURRENT ENERGY": -108.27985469014759,
    "CURRENT REFERENCE ENERGY": -108.05947311978699,
    "HF TOTAL ENERGY": -108.05947311978699,
    "LCCSD (+LMP2) TOTAL ENERGY": -108.29717657476364,
    "MP2 CORRELATION ENERGY": -0.21338505419300297,
    "MP2 OPPOSITE-SPIN CORRELATION ENERGY": -0.16334999265673686,
    "MP2 SAME-SPIN CORRELATION ENERGY": -0.05003506153626611,
    "MP2 TOTAL ENERGY": -108.2728581739799,
    "NUCLEAR REPULSION ENERGY": 34.63091933720249,
    "ONE-ELECTRON ENERGY": -213.51250966574935,
    "PCM POLARIZATION ENERGY": 0.0,
    "PE ENERGY": 0.0,
    "SCF DIPOLE X": 0.0,
    "SCF DIPOLE Y": 0.0,
    "SCF DIPOLE Z": -2.821905433653156e-16,
    "SCF ITERATION ENERGY": -108.05947311978699,
    "SCF ITERATIONS": 8.0,
    "SCF TOTAL ENERGY": -108.05947311978699,
    "TWO-ELECTRON ENERGY": 70.82211720875986
}