{
    "CC D1 DIAGNOSTIC": 0.04843498006600356,
    "CC D2 DIAGNOSTIC": 0.154792242332484,
    "CC NEW D1 DIAGNOSTIC": 0.04843498006600356,
    "CC T1 DIAGNOSTIC": 0.01587989752530025,
    "CCSD CORRELATION ENERGY": -0.4024885974694225,
    "CCSD OPPOSITE-SPIN CORRELATION ENERGY": -0.3175331115754436,
    "CCSD SAME-SPIN CORRELATION ENERGY": -0.08495548589397894,
    "CCSD TOTAL ENERGY": -187.96570923371058,
    "CURRENT CORRELATION ENERGY": -0.4024885974694225,
    "CURRENT DIPOLE X": 0.0,
    "CURRENT DIPOLE Y": 0.0,
    "CURRENT DIPOLE Z": 0.0,
    "CURRENT ENERGY": -187.96570923371058,
    "CURRENT REFERENCE ENERGY": -187.56322063624037,
    "HF TOTAL ENERGY": -187.56322063624037,
    "LCCSD (+LMP2) TOTAL ENERGY": -187.9655614706864,
    "MP2 CORRELATION ENERGY": -0.4167254784539557,
    "MP2 OPPOSITE-SPIN CORRELATION ENERGY": -0.3096461752888035,
    "MP2 SAME-SPIN CORRELATION ENERGY": -0.10707930316515218,
    "MP2 TOTAL ENERGY": -187.97994611469514,
    "NUCLEAR REPULSION ENERGY": 59.774731309029896,
    "ONE-ELECTRON ENERGY": -374.5787738012012,
    "PCM POLARIZATION ENERGY": 0.0,
    "PE ENERGY": 0.0,
    "SCF DIPOLE X": 0.0,
    "SCF DIPOLE Y": 0.0,
    "SCF DIPOLE Z": 0.0,
    "SCF ITERATION ENERGY": -187.56322063624037,
    "SCF ITERATIONS": 10.0,
    "SCF TOTAL ENERGY": -187.56322063624037,
    "TWO-ELECTRON ENERGY": 127.24082185593092
}