{
    "CC D1 DIAGNOSTIC": 0.08483021353880646,
    "CC D2 DIAGNOSTIC": 0.17861579489271173,
    "CC NEW D1 DIAGNOSTIC": 0.08483021353880646,
    "CC T1 DIAGNOSTIC": 0.0269924442830694,
    "CCSD CORRELATION ENERGY": -0.44254236895864757,
    "CCSD OPPOSITE-SPIN CORRELATION ENERGY": -0.35008053742049183,
    "CCSD SAME-SPIN CORRELATION ENERGY": -0.09246183153815551,
    "CCSD TOTAL ENERGY": -187.9429670590758,
    "CURRENT CORRELATION ENERGY": -0.44254236895864757,
    "CURRENT DIPOLE X": 0.0,
    "CURRENT DIPOLE Y": 0.0,
    "CURRENT DIPOLE Z": 0.0,
    "CURRENT ENERGY": -187.9429670590758,
    "CURRENT REFERENCE ENERGY": -187.50042469011606,
    "HF TOTAL ENERGY": -187.50042469011606,
    "LCCSD (+LMP2) TOTAL ENERGY": -187.94293928216445,
    "MP2 CORRELATION ENERGY": -0.46846430283163126,
    "MP2 OPPOSITE-SPIN CORRELATION ENERGY": -0.3453651159620771,
    "MP2 SAME-SPIN CORRELATION ENERGY": -0.12309918686955418,
    "MP2 TOTAL ENERGY": -187.9688889929488,
    "NUCLEAR REPULSION ENERGY": 51.84308426994709,
    "ONE-ELECTRON ENERGY": -359.1029322669306,
    "PCM POLARIZATION ENERGY": 0.0,
    "PE ENERGY": 0.0,
    "SCF DIPOLE X": 0.0,
    "SCF DIPOLE Y": 0.0,
    "SCF DIPOLE Z": 0.0,
    "SCF ITERATION ENERGY": -187.50042469011606,
    "SCF ITERATIONS": 10.0,
    "SCF TOTAL ENERGY": -187.50042469011606,
    "TWO-ELECTRON ENERGY": 119.75942330686746
}