{
    "CC D1 DIAGNOSTIC": 0.07854247938280162,
    "CC D2 DIAGNOSTIC": 0.5567560802922429,
    "CC NEW D1 DIAGNOSTIC": 0.07854247938280162,
    "CC T1 DIAGNOSTIC": 0.025306732991434225,
    "CCSD CORRELATION ENERGY": -0.4624850404460035,
    "CCSD OPPOSITE-SPIN CORRELATION ENERGY": -0.42725589944055764,
    "CCSD SAME-SPIN CORRELATION ENERGY": -0.03522914100544583,
    "CCSD TOTAL ENERGY": -149.75989729587454,
    "CURRENT CORRELATION ENERGY": -0.4624850404460035,
    "CURRENT DIPOLE X": 0.0,
    "CURRENT DIPOLE Y": 0.0,
    "CURRENT DIPOLE Z": 0.0,
    "CURRENT ENERGY": -149.75989729587454,
    "CURRENT REFERENCE ENERGY": -149.29741225542836,
    "HF TOTAL ENERGY": -149.29741225542836,
    "LCCSD (+LMP2) TOTAL ENERGY": -149.8048068542707,
    "MP2 CORRELATION ENERGY": -0.5611885201568132,
    "MP2 OPPOSITE-SPIN CORRELATION ENERGY": -0.41427964764926006,
    "MP2 SAME-SPIN CORRELATION ENERGY": -0.14690887250755313,
    "MP2 TOTAL ENERGY": -149.85860077558533,
    "NUCLEAR REPULSION ENERGY": 18.852030643617127,
    "ONE-ELECTRON ENERGY": -243.1982282604576,
    "PCM POLARIZATION ENERGY": 0.0,
    "PE ENERGY": 0.0,
    "SCF DIPOLE X": 0.0,
    "SCF DIPOLE Y": 0.0,
    "SCF DIPOLE Z": 0.0,
    "SCF ITERATION ENERGY": -149.29741225542836,
    "SCF ITERATIONS": 9.0,
    "SCF TOTAL ENERGY": -149.29741225542836,
    "TWO-ELECTRON ENERGY": 75.04878536141211
}