{
    "CC D1 DIAGNOSTIC": 0.042137794568640544,
    "CC D2 DIAGNOSTIC": 0.09813474419006472,
    "CC NEW D1 DIAGNOSTIC": 0.042137794568640544,
    "CC T1 DIAGNOSTIC": 0.019204572649552012,
    "CCSD CORRELATION ENERGY": -0.18168552992431922,
    "CCSD OPPOSITE-SPIN CORRELATION ENERGY": -0.14574183628978452,
    "CCSD SAME-SPIN CORRELATION ENERGY": -0.03594369363453484,
    "CCSD TOTAL ENERGY": -107.13172628059219,
    "CURRENT CORRELATION ENERGY": -0.18168552992431922,
    "CURRENT DIPOLE X": 0.0,
    "CURRENT DIPOLE Y": 0.0,
    "CURRENT DIPOLE Z": -7.475411952873596,
    "CURRENT ENERGY": -107.13172628059219,
    "CURRENT REFERENCE ENERGY": -106.9500407506679,
    "HF TOTAL ENERGY": -106.9500407506679,
    "LCCSD (+LMP2) TOTAL ENERGY": -107.13166867529443,
    "MP2 CORRELATION ENERGY": -0.18252117534105386,
    "MP2 OPPOSITE-SPIN CORRELATION ENERGY": -0.13823291981830957,
    "MP2 SAME-SPIN CORRELATION ENERGY": -0.04428825552274429,
    "MP2 TOTAL ENERGY": -107.13256192600892,
    "NUCLEAR REPULSION ENERGY": 7.953200427775974,
    "ONE-ELECTRON ENERGY": -167.42172064246037,
    "PCM POLARIZATION ENERGY": 0.0,
    "PE ENERGY": 0.0,
    "SCF DIPOLE X": 0.0,
    "SCF DIPOLE Y": 0.0,
    "SCF DIPOLE Z": -7.475411952873596,
    "SCF ITERATION ENERGY": -106.9500407506679,
    "SCF ITERATIONS": 10.0,
    "SCF TOTAL ENERGY": -106.9500407506679,
    "TWO-ELECTRON ENERGY": 52.518479464016494
}