{
    "CC D1 DIAGNOSTIC": 0.017048943583198046,
    "CC D2 DIAGNOSTIC": 0.10381830836765872,
    "CC NEW D1 DIAGNOSTIC": 0.017048943583198046,
    "CC T1 DIAGNOSTIC": 0.007408956780242247,
    "CCSD CORRELATION ENERGY": -0.33525286075191824,
    "CCSD OPPOSITE-SPIN CORRELATION ENERGY": -0.2604890550679184,
    "CCSD SAME-SPIN CORRELATION ENERGY": -0.07476380568399965,
    "CCSD TOTAL ENERGY": -186.49890543075824,
    "CURRENT CORRELATION ENERGY": -0.33525286075191824,
    "CURRENT DIPOLE X": 0.0,
    "CURRENT DIPOLE Y": 0.0,
    "CURRENT DIPOLE Z": 0.0,
    "CURRENT ENERGY": -186.49890543075824,
    "CURRENT REFERENCE ENERGY": -186.16365257000604,
    "HF TOTAL ENERGY": -186.16365257000604,
    "LCCSD (+LMP2) TOTAL ENERGY": -186.50295496326515,
    "MP2 CORRELATION ENERGY": -0.33336486278371896,
    "MP2 OPPOSITE-SPIN CORRELATION ENERGY": -0.24896925124295344,
    "MP2 SAME-SPIN CORRELATION ENERGY": -0.08439561154076552,
    "MP2 TOTAL ENERGY": -186.49701743279005,
    "NUCLEAR REPULSION ENERGY": 85.31140449484963,
    "ONE-ELECTRON ENERGY": -421.7278415176995,
    "PCM POLARIZATION ENERGY": 0.0,
    "PE ENERGY": 0.0,
    "SCF DIPOLE X": 0.0,
    "SCF DIPOLE Y": 0.0,
    "SCF DIPOLE Z": 0.0,
    "SCF ITERATION ENERGY": -186.16365257000604,
    "SCF ITERATIONS": 9.0,
    "SCF TOTAL ENERGY": -186.16365257000604,
    "TWO-ELECTRON ENERGY": 150.25278445284385
}