{
    "CC D1 DIAGNOSTIC": 0.009748549301546871,
    "CC D2 DIAGNOSTIC": 0.10310615901347853,
    "CC NEW D1 DIAGNOSTIC": 0.009748549301546871,
    "CC T1 DIAGNOSTIC": 0.0044281922095445484,
    "CCSD CORRELATION ENERGY": -0.21166440040539536,
    "CCSD OPPOSITE-SPIN CORRELATION ENERGY": -0.1682054813846723,
    "CCSD SAME-SPIN CORRELATION ENERGY": -0.04345891902072316,
    "CCSD TOTAL ENERGY": -107.01676979412238,
    "CURRENT CORRELATION ENERGY": -0.21166440040539536,
    "CURRENT DIPOLE X": 0.0,
    "CURRENT DIPOLE Y": 0.0,
    "CURRENT DIPOLE Z": 0.0,
    "CURRENT ENERGY": -107.01676979412238,
    "CURRENT REFERENCE ENERGY": -106.80510539371706,
    "HF TOTAL ENERGY": -106.80510539371706,
    "LCCSD (+LMP2) TOTAL ENERGY": -107.03404510952312,
    "MP2 CORRELATION ENERGY": -0.20293301434423408,
    "MP2 OPPOSITE-SPIN CORRELATION ENERGY": -0.15563579073117784,
    "MP2 SAME-SPIN CORRELATION ENERGY": -0.047297223613056244,
    "MP2 TOTAL ENERGY": -107.00803840806122,
    "NUCLEAR REPULSION ENERGY": 40.79056902168514,
    "ONE-ELECTRON ENERGY": -222.92625108071752,
    "PCM POLARIZATION ENERGY": 0.0,
    "PE ENERGY": 0.0,
    "SCF DIPOLE X": 0.0,
    "SCF DIPOLE Y": 0.0,
    "SCF DIPOLE Z": 0.0,
    "SCF ITERATION ENERGY": -106.80510539371706,
    "SCF ITERATIONS": 8.0,
    "SCF TOTAL ENERGY": -106.80510539371706,
    "TWO-ELECTRON ENERGY": 75.33057666531532
}