{
    "CC D1 DIAGNOSTIC": 0.07226780812928664,
    "CC D2 DIAGNOSTIC": 0.271828486880085,
    "CC NEW D1 DIAGNOSTIC": 0.07226780812928664,
    "CC T1 DIAGNOSTIC": 0.023161589503968263,
    "CCSD CORRELATION ENERGY": -0.19851461879890483,
    "CCSD OPPOSITE-SPIN CORRELATION ENERGY": -0.16616460587689993,
    "CCSD SAME-SPIN CORRELATION ENERGY": -0.03235001292200529,
    "CCSD TOTAL ENERGY": -100.08134750384747,
    "CURRENT CORRELATION ENERGY": -0.19851461879890483,
    "CURRENT DIPOLE X": 0.0,
    "CURRENT DIPOLE Y": 0.0,
    "CURRENT DIPOLE Z": -3.171875475832784,
    "CURRENT ENERGY": -100.08134750384747,
    "CURRENT REFERENCE ENERGY": -99.88283288504877,
    "HF TOTAL ENERGY": -99.88283288504877,
    "LCCSD (+LMP2) TOTAL ENERGY": -100.08049070342527,
    "MP2 CORRELATION ENERGY": -0.19214335953718256,
    "MP2 OPPOSITE-SPIN CORRELATION ENERGY": -0.14794958365449243,
    "MP2 SAME-SPIN CORRELATION ENERGY": -0.044193775882690134,
    "MP2 TOTAL ENERGY": -100.07497624458574,
    "NUCLEAR REPULSION ENERGY": 3.107397981344163,
    "ONE-ELECTRON ENERGY": -146.93279476697012,
    "PCM POLARIZATION ENERGY": 0.0,
    "PE ENERGY": 0.0,
    "SCF DIPOLE X": 0.0,
    "SCF DIPOLE Y": 0.0,
    "SCF DIPOLE Z": -3.171875475832784,
    "SCF ITERATION ENERGY": -99.88283288504877,
    "SCF ITERATIONS": 10.0,
    "SCF TOTAL ENERGY": -99.88283288504877,
    "TWO-ELECTRON ENERGY": 43.9425639005772
}