{
    "CC D1 DIAGNOSTIC": 0.017963223110098295,
    "CC D2 DIAGNOSTIC": 0.10824839306514938,
    "CC NEW D1 DIAGNOSTIC": 0.017963223110098295,
    "CC T1 DIAGNOSTIC": 0.007733126758605842,
    "CCSD CORRELATION ENERGY": -0.33935158472208526,
    "CCSD OPPOSITE-SPIN CORRELATION ENERGY": -0.2642444588909596,
    "CCSD SAME-SPIN CORRELATION ENERGY": -0.07510712583112555,
    "CCSD TOTAL ENERGY": -186.81990704535937,
    "CURRENT CORRELATION ENERGY": -0.33935158472208526,
    "CURRENT DIPOLE X": 0.0,
    "CURRENT DIPOLE Y": 0.0,
    "CURRENT DIPOLE Z": 0.0,
    "CURRENT ENERGY": -186.81990704535937,
    "CURRENT REFERENCE ENERGY": -186.480555460637,
    "HF TOTAL ENERGY": -186.480555460637,
    "LCCSD (+LMP2) TOTAL ENERGY": -186.83480483532043,
    "MP2 CORRELATION ENERGY": -0.33809882121613877,
    "MP2 OPPOSITE-SPIN CORRELATION ENERGY": -0.25269431555356103,
    "MP2 SAME-SPIN CORRELATION ENERGY": -0.08540450566257773,
    "MP2 TOTAL ENERGY": -186.8186542818534,
    "NUCLEAR REPULSION ENERGY": 82.1902555499161,
    "ONE-ELECTRON ENERGY": -416.2510889584988,
    "PCM POLARIZATION ENERGY": 0.0,
    "PE ENERGY": 0.0,
    "SCF DIPOLE X": 0.0,
    "SCF DIPOLE Y": 0.0,
    "SCF DIPOLE Z": 0.0,
    "SCF ITERATION ENERGY": -186.480555460637,
    "SCF ITERATIONS": 9.0,
    "SCF TOTAL ENERGY": -186.480555460637,
    "TWO-ELECTRON ENERGY": 147.58027794794572
}