{
    "CC D1 DIAGNOSTIC": 0.01165878623008752,
    "CC D2 DIAGNOSTIC": 0.12389510160727307,
    "CC NEW D1 DIAGNOSTIC": 0.01165878623008752,
    "CC T1 DIAGNOSTIC": 0.005791793895249423,
    "CCSD CORRELATION ENERGY": -0.23094740696284236,
    "CCSD OPPOSITE-SPIN CORRELATION ENERGY": -0.18502976443550612,
    "CCSD SAME-SPIN CORRELATION ENERGY": -0.04591764252733621,
    "CCSD TOTAL ENERGY": -108.77654504484852,
    "CURRENT CORRELATION ENERGY": -0.23094740696284236,
    "CURRENT DIPOLE X": 0.0,
    "CURRENT DIPOLE Y": 0.0,
    "CURRENT DIPOLE Z": -2.821905433653156e-16,
    "CURRENT ENERGY": -108.77654504484852,
    "CURRENT REFERENCE ENERGY": -108.5455976378857,
    "HF TOTAL ENERGY": -108.5455976378857,
    "LCCSD (+LMP2) TOTAL ENERGY": -107.87619688884077,
    "MP2 CORRELATION ENERGY": -0.22638454203819489,
    "MP2 OPPOSITE-SPIN CORRELATION ENERGY": -0.17263697612461468,
    "MP2 SAME-SPIN CORRELATION ENERGY": -0.05374756591358021,
    "MP2 TOTAL ENERGY": -108.77198217992387,
    "NUCLEAR REPULSION ENERGY": 30.8982453966657,
    "ONE-ELECTRON ENERGY": -207.2426127893973,
    "PCM POLARIZATION ENERGY": 0.0,
    "PE ENERGY": 0.0,
    "SCF DIPOLE X": 0.0,
    "SCF DIPOLE Y": 0.0,
    "SCF DIPOLE Z": -2.821905433653156e-16,
    "SCF ITERATION ENERGY": -108.5455976378857,
    "SCF ITERATIONS": 8.0,
    "SCF TOTAL ENERGY": -108.5455976378857,
    "TWO-ELECTRON ENERGY": 67.7987697548459
}