{
    "CC D1 DIAGNOSTIC": 0.017105588646117203,
    "CC D2 DIAGNOSTIC": 0.11857234061218319,
    "CC NEW D1 DIAGNOSTIC": 0.017105588646117203,
    "CC T1 DIAGNOSTIC": 0.006119776326523098,
    "CCSD CORRELATION ENERGY": -0.20849089316693012,
    "CCSD OPPOSITE-SPIN CORRELATION ENERGY": -0.1654704531816253,
    "CCSD SAME-SPIN CORRELATION ENERGY": -0.043020439985305,
    "CCSD TOTAL ENERGY": -110.8744628110559,
    "CURRENT CORRELATION ENERGY": -0.20849089316693012,
    "CURRENT DIPOLE X": 0.0,
    "CURRENT DIPOLE Y": 0.0,
    "CURRENT DIPOLE Z": 1.2650103287250782,
    "CURRENT ENERGY": -110.8744628110559,
    "CURRENT REFERENCE ENERGY": -110.66597191788915,
    "HF TOTAL ENERGY": -110.66597191788915,
    "LCCSD (+LMP2) TOTAL ENERGY": -110.87431035302758,
    "MP2 CORRELATION ENERGY": -0.19969790295641673,
    "MP2 OPPOSITE-SPIN CORRELATION ENERGY": -0.15295018473462083,
    "MP2 SAME-SPIN CORRELATION ENERGY": -0.04674771822179591,
    "MP2 TOTAL ENERGY": -110.8656698208454,
    "NUCLEAR REPULSION ENERGY": 39.48984934624875,
    "ONE-ELECTRON ENERGY": -226.2430471442884,
    "PCM POLARIZATION ENERGY": 0.0,
    "PE ENERGY": 0.0,
    "SCF DIPOLE X": 0.0,
    "SCF DIPOLE Y": 0.0,
    "SCF DIPOLE Z": 1.2650103287250782,
    "SCF ITERATION ENERGY": -110.66597191788915,
    "SCF ITERATIONS": 10.0,
    "SCF TOTAL ENERGY": -110.66597191788915,
    "TWO-ELECTRON ENERGY": 76.0872258801505
}