{
    "CC D1 DIAGNOSTIC": 0.3438180591253151,
    "CC D2 DIAGNOSTIC": 0.3050577714781588,
    "CC NEW D1 DIAGNOSTIC": 0.3438180591253151,
    "CC T1 DIAGNOSTIC": 0.11401336649676895,
    "CCSD CORRELATION ENERGY": -0.47807981416799794,
    "CCSD OPPOSITE-SPIN CORRELATION ENERGY": -0.3701850110334077,
    "CCSD SAME-SPIN CORRELATION ENERGY": -0.10789480313459016,
    "CCSD TOTAL ENERGY": -187.61256636178956,
    "CURRENT CORRELATION ENERGY": -0.47807981416799794,
    "CURRENT DIPOLE X": 0.0,
    "CURRENT DIPOLE Y": 0.0,
    "CURRENT DIPOLE Z": 0.0,
    "CURRENT ENERGY": -187.61256636178956,
    "CURRENT REFERENCE ENERGY": -187.13448654761953,
    "HF TOTAL ENERGY": -187.13448654761956,
    "LCCSD (+LMP2) TOTAL ENERGY": -187.61238604991374,
    "MP2 CORRELATION ENERGY": -0.396697646648267,
    "MP2 OPPOSITE-SPIN CORRELATION ENERGY": -0.3023412771696952,
    "MP2 SAME-SPIN CORRELATION ENERGY": -0.09435636947857179,
    "MP2 TOTAL ENERGY": -187.53118419426985,
    "NUCLEAR REPULSION ENERGY": 37.54652342670263,
    "ONE-ELECTRON ENERGY": -331.36423032103045,
    "PCM POLARIZATION ENERGY": 0.0,
    "PE ENERGY": 0.0,
    "SCF DIPOLE X": 0.0,
    "SCF DIPOLE Y": 0.0,
    "SCF DIPOLE Z": 0.0,
    "SCF ITERATION ENERGY": -187.13448654761953,
    "SCF ITERATIONS": 13.0,
    "SCF TOTAL ENERGY": -187.13448654761953,
    "TWO-ELECTRON ENERGY": 106.68322034670828
}