{
    "CC D1 DIAGNOSTIC": 0.04421191849069375,
    "CC D2 DIAGNOSTIC": 0.2784485696977568,
    "CC NEW D1 DIAGNOSTIC": 0.04421191849069375,
    "CC T1 DIAGNOSTIC": 0.013761509371355401,
    "CCSD CORRELATION ENERGY": -0.33154208030089444,
    "CCSD OPPOSITE-SPIN CORRELATION ENERGY": -0.27178638396405363,
    "CCSD SAME-SPIN CORRELATION ENERGY": -0.05975569633684086,
    "CCSD TOTAL ENERGY": -149.83175301360194,
    "CURRENT CORRELATION ENERGY": -0.33154208030089444,
    "CURRENT DIPOLE X": 0.0,
    "CURRENT DIPOLE Y": 0.0,
    "CURRENT DIPOLE Z": 0.0,
    "CURRENT ENERGY": -149.83175301360194,
    "CURRENT REFERENCE ENERGY": -149.50021093330105,
    "HF TOTAL ENERGY": -149.50021093330105,
    "LCCSD (+LMP2) TOTAL ENERGY": -149.84240886337656,
    "MP2 CORRELATION ENERGY": -0.34691636821406757,
    "MP2 OPPOSITE-SPIN CORRELATION ENERGY": -0.26044241983232513,
    "MP2 SAME-SPIN CORRELATION ENERGY": -0.08647394838174244,
    "MP2 TOTAL ENERGY": -149.84712730151512,
    "NUCLEAR REPULSION ENERGY": 26.378085929914377,
    "ONE-ELECTRON ENERGY": -258.0108376513891,
    "PCM POLARIZATION ENERGY": 0.0,
    "PE ENERGY": 0.0,
    "SCF DIPOLE X": 0.0,
    "SCF DIPOLE Y": 0.0,
    "SCF DIPOLE Z": 0.0,
    "SCF ITERATION ENERGY": -149.50021093330105,
    "SCF ITERATIONS": 9.0,
    "SCF TOTAL ENERGY": -149.50021093330105,
    "TWO-ELECTRON ENERGY": 82.13254078817369
}