{
    "CC D1 DIAGNOSTIC": 0.024785421925156134,
    "CC D2 DIAGNOSTIC": 0.17364301148696984,
    "CC NEW D1 DIAGNOSTIC": 0.024785421925156134,
    "CC T1 DIAGNOSTIC": 0.010375179833662207,
    "CCSD CORRELATION ENERGY": -0.2738780199244574,
    "CCSD OPPOSITE-SPIN CORRELATION ENERGY": -0.22208854740920636,
    "CCSD SAME-SPIN CORRELATION ENERGY": -0.05178947251525118,
    "CCSD TOTAL ENERGY": -109.16818670372611,
    "CURRENT CORRELATION ENERGY": -0.2738780199244574,
    "CURRENT DIPOLE X": 0.0,
    "CURRENT DIPOLE Y": 0.0,
    "CURRENT DIPOLE Z": -5.643810867306312e-16,
    "CURRENT ENERGY": -109.16818670372611,
    "CURRENT REFERENCE ENERGY": -108.89430868380171,
    "HF TOTAL ENERGY": -108.89430868380171,
    "LCCSD (+LMP2) TOTAL ENERGY": -109.16773281981504,
    "MP2 CORRELATION ENERGY": -0.28474761920549785,
    "MP2 OPPOSITE-SPIN CORRELATION ENERGY": -0.21319917905739355,
    "MP2 SAME-SPIN CORRELATION ENERGY": -0.0715484401481043,
    "MP2 TOTAL ENERGY": -109.17905630300716,
    "NUCLEAR REPULSION ENERGY": 23.66975679469343,
    "ONE-ELECTRON ENERGY": -193.9491028503613,
    "PCM POLARIZATION ENERGY": 0.0,
    "PE ENERGY": 0.0,
    "SCF DIPOLE X": 0.0,
    "SCF DIPOLE Y": 0.0,
    "SCF DIPOLE Z": -5.643810867306312e-16,
    "SCF ITERATION ENERGY": -108.89430868380171,
    "SCF ITERATIONS": 8.0,
    "SCF TOTAL ENERGY": -108.89430868380171,
    "TWO-ELECTRON ENERGY": 61.38503737186617
}