{
    "CC D1 DIAGNOSTIC": 0.012211563920089832,
    "CC D2 DIAGNOSTIC": 0.11125546690773513,
    "CC NEW D1 DIAGNOSTIC": 0.012211563920089832,
    "CC T1 DIAGNOSTIC": 0.00641928621898046,
    "CCSD CORRELATION ENERGY": -0.15782471610211513,
    "CCSD OPPOSITE-SPIN CORRELATION ENERGY": -0.12921001848466795,
    "CCSD SAME-SPIN CORRELATION ENERGY": -0.028614697617447254,
    "CCSD TOTAL ENERGY": -76.12689421452407,
    "CURRENT CORRELATION ENERGY": -0.15782471610211513,
    "CURRENT DIPOLE X": 0.0,
    "CURRENT DIPOLE Y": 0.0,
    "CURRENT DIPOLE Z": -0.29979696227601443,
    "CURRENT ENERGY": -76.12689421452407,
    "CURRENT REFERENCE ENERGY": -75.96906949842197,
    "HF TOTAL ENERGY": -75.96906949842197,
    "LCCSD (+LMP2) TOTAL ENERGY": -76.12865340275144,
    "MP2 CORRELATION ENERGY": -0.1530938532554668,
    "MP2 OPPOSITE-SPIN CORRELATION ENERGY": -0.11825122053636236,
    "MP2 SAME-SPIN CORRELATION ENERGY": -0.03484263271910443,
    "MP2 TOTAL ENERGY": -76.12216335167743,
    "NUCLEAR REPULSION ENERGY": 9.09555225546557,
    "ONE-ELECTRON ENERGY": -123.12448116499189,
    "PCM POLARIZATION ENERGY": 0.0,
    "PE ENERGY": 0.0,
    "SCF DIPOLE X": 0.0,
    "SCF DIPOLE Y": 0.0,
    "SCF DIPOLE Z": -0.29979696227601443,
    "SCF ITERATION ENERGY": -75.96906949842197,
    "SCF ITERATIONS": 10.0,
    "SCF TOTAL ENERGY": -75.96906949842197,
    "TWO-ELECTRON ENERGY": 38.05985941110434
}