{
    "CC D1 DIAGNOSTIC": 0.1126501962553661,
    "CC D2 DIAGNOSTIC": 0.19797605108034255,
    "CC NEW D1 DIAGNOSTIC": 0.1126501962553661,
    "CC T1 DIAGNOSTIC": 0.044560242407185466,
    "CCSD CORRELATION ENERGY": -0.2976077455060437,
    "CCSD OPPOSITE-SPIN CORRELATION ENERGY": -0.24043176739003552,
    "CCSD SAME-SPIN CORRELATION ENERGY": -0.05717597811600794,
    "CCSD TOTAL ENERGY": -112.86582184319354,
    "CURRENT CORRELATION ENERGY": -0.2976077455060437,
    "CURRENT DIPOLE X": 0.0,
    "CURRENT DIPOLE Y": 0.0,
    "CURRENT DIPOLE Z": -2.083628400706476,
    "CURRENT ENERGY": -112.86582184319354,
    "CURRENT REFERENCE ENERGY": -112.56821409768766,
    "HF TOTAL ENERGY": -112.56821409768766,
    "LCCSD (+LMP2) TOTAL ENERGY": -112.86584102287786,
    "MP2 CORRELATION ENERGY": -0.31880933816884394,
    "MP2 OPPOSITE-SPIN CORRELATION ENERGY": -0.23588230194377408,
    "MP2 SAME-SPIN CORRELATION ENERGY": -0.08292703622506986,
    "MP2 TOTAL ENERGY": -112.88702343585635,
    "NUCLEAR REPULSION ENERGY": 17.520626399722147,
    "ONE-ELECTRON ENERGY": -188.3190620263311,
    "PCM POLARIZATION ENERGY": 0.0,
    "PE ENERGY": 0.0,
    "SCF DIPOLE X": 0.0,
    "SCF DIPOLE Y": 0.0,
    "SCF DIPOLE Z": -2.083628400706476,
    "SCF ITERATION ENERGY": -112.56821409768766,
    "SCF ITERATIONS": 11.0,
    "SCF TOTAL ENERGY": -112.56821409768766,
    "TWO-ELECTRON ENERGY": 58.23022152892129
}