{
    "CC D1 DIAGNOSTIC": 0.036387514802292645,
    "CC D2 DIAGNOSTIC": 0.09565060918546153,
    "CC NEW D1 DIAGNOSTIC": 0.036387514802292645,
    "CC T1 DIAGNOSTIC": 0.0159037835569275,
    "CCSD CORRELATION ENERGY": -0.17877074751298605,
    "CCSD OPPOSITE-SPIN CORRELATION ENERGY": -0.14318869137474116,
    "CCSD SAME-SPIN CORRELATION ENERGY": -0.03558205613824486,
    "CCSD TOTAL ENERGY": -107.1346546809078,
    "CURRENT CORRELATION ENERGY": -0.17877074751298605,
    "CURRENT DIPOLE X": 0.0,
    "CURRENT DIPOLE Y": 0.0,
    "CURRENT DIPOLE Z": -5.957445284761494,
    "CURRENT ENERGY": -107.1346546809078,
    "CURRENT REFERENCE ENERGY": -106.9558839333946,
    "HF TOTAL ENERGY": -106.9558839333946,
    "LCCSD (+LMP2) TOTAL ENERGY": -107.1337378351905,
    "MP2 CORRELATION ENERGY": -0.17926095992017188,
    "MP2 OPPOSITE-SPIN CORRELATION ENERGY": -0.13584386564474185,
    "MP2 SAME-SPIN CORRELATION ENERGY": -0.04341709427543003,
    "MP2 TOTAL ENERGY": -107.13514489331499,
    "NUCLEAR REPULSION ENERGY": 9.906861160034529,
    "ONE-ELECTRON ENERGY": -170.99370914632203,
    "PCM POLARIZATION ENERGY": 0.0,
    "PE ENERGY": 0.0,
    "SCF DIPOLE X": 0.0,
    "SCF DIPOLE Y": 0.0,
    "SCF DIPOLE Z": -5.957445284761494,
    "SCF ITERATION ENERGY": -106.9558839333946,
    "SCF ITERATIONS": 10.0,
    "SCF TOTAL ENERGY": -106.9558839333946,
    "TWO-ELECTRON ENERGY": 54.13096405289289
}