{
    "CC D1 DIAGNOSTIC": 0.4051672574901089,
    "CC D2 DIAGNOSTIC": 0.3086881724264107,
    "CC NEW D1 DIAGNOSTIC": 0.4051672574901089,
    "CC T1 DIAGNOSTIC": 0.17005114063675364,
    "CCSD CORRELATION ENERGY": -0.33435429571834857,
    "CCSD OPPOSITE-SPIN CORRELATION ENERGY": -0.25740314632065686,
    "CCSD SAME-SPIN CORRELATION ENERGY": -0.07695114939769154,
    "CCSD TOTAL ENERGY": -112.71653819835342,
    "CURRENT CORRELATION ENERGY": -0.33435429571834857,
    "CURRENT DIPOLE X": 0.0,
    "CURRENT DIPOLE Y": 0.0,
    "CURRENT DIPOLE Z": -3.076751849136739,
    "CURRENT ENERGY": -112.71653819835342,
    "CURRENT REFERENCE ENERGY": -112.38218390263523,
    "HF TOTAL ENERGY": -112.38218390263523,
    "LCCSD (+LMP2) TOTAL ENERGY": -112.72188617603038,
    "MP2 CORRELATION ENERGY": -0.26307862702093815,
    "MP2 OPPOSITE-SPIN CORRELATION ENERGY": -0.20280874252873438,
    "MP2 SAME-SPIN CORRELATION ENERGY": -0.060269884492203774,
    "MP2 TOTAL ENERGY": -112.64526252965601,
    "NUCLEAR REPULSION ENERGY": 13.79181641560666,
    "ONE-ELECTRON ENERGY": -181.25040061326695,
    "PCM POLARIZATION ENERGY": 0.0,
    "PE ENERGY": 0.0,
    "SCF DIPOLE X": 0.0,
    "SCF DIPOLE Y": 0.0,
    "SCF DIPOLE Z": -3.076751849136739,
    "SCF ITERATION ENERGY": -112.38218390263523,
    "SCF ITERATIONS": 15.0,
    "SCF TOTAL ENERGY": -112.38218390263523,
    "TWO-ELECTRON ENERGY": 55.07640029502506
}