{
    "CC D1 DIAGNOSTIC": 0.14224884788774686,
    "CC D2 DIAGNOSTIC": 0.4295762053056599,
    "CC NEW D1 DIAGNOSTIC": 0.14224884788774686,
    "CC T1 DIAGNOSTIC": 0.04507235278615586,
    "CCSD CORRELATION ENERGY": -0.22781591566793696,
    "CCSD OPPOSITE-SPIN CORRELATION ENERGY": -0.19723200576752345,
    "CCSD SAME-SPIN CORRELATION ENERGY": -0.03058390990041218,
    "CCSD TOTAL ENERGY": -100.03268098591013,
    "CURRENT CORRELATION ENERGY": -0.22781591566793696,
    "CURRENT DIPOLE X": 0.0,
    "CURRENT DIPOLE Y": 0.0,
    "CURRENT DIPOLE Z": -3.678649540578886,
    "CURRENT ENERGY": -100.03268098591013,
    "CURRENT REFERENCE ENERGY": -99.80486507024213,
    "HF TOTAL ENERGY": -99.80486507024212,
    "LCCSD (+LMP2) TOTAL ENERGY": -100.01855173502503,
    "MP2 CORRELATION ENERGY": -0.2124535799084038,
    "MP2 OPPOSITE-SPIN CORRELATION ENERGY": -0.16626379211019576,
    "MP2 SAME-SPIN CORRELATION ENERGY": -0.04618978779820804,
    "MP2 TOTAL ENERGY": -100.0173186501506,
    "NUCLEAR REPULSION ENERGY": 2.5341079794384234,
    "ONE-ELECTRON ENERGY": -145.87197897532198,
    "PCM POLARIZATION ENERGY": 0.0,
    "PE ENERGY": 0.0,
    "SCF DIPOLE X": 0.0,
    "SCF DIPOLE Y": 0.0,
    "SCF DIPOLE Z": -3.678649540578886,
    "SCF ITERATION ENERGY": -99.80486507024213,
    "SCF ITERATIONS": 10.0,
    "SCF TOTAL ENERGY": -99.80486507024213,
    "TWO-ELECTRON ENERGY": 43.53300592564143
}