{
    "CC D1 DIAGNOSTIC": 0.05927068915480548,
    "CC D2 DIAGNOSTIC": 0.3621283052337101,
    "CC NEW D1 DIAGNOSTIC": 0.05927068915480548,
    "CC T1 DIAGNOSTIC": 0.018581264710245342,
    "CCSD CORRELATION ENERGY": -0.38131614071715103,
    "CCSD OPPOSITE-SPIN CORRELATION ENERGY": -0.32292667180538265,
    "CCSD SAME-SPIN CORRELATION ENERGY": -0.05838946891176844,
    "CCSD TOTAL ENERGY": -149.80652004360846,
    "CURRENT CORRELATION ENERGY": -0.38131614071715103,
    "CURRENT DIPOLE X": 0.0,
    "CURRENT DIPOLE Y": 0.0,
    "CURRENT DIPOLE Z": 0.0,
    "CURRENT ENERGY": -149.80652004360846,
    "CURRENT REFERENCE ENERGY": -149.42520390289081,
    "HF TOTAL ENERGY": -149.42520390289084,
    "LCCSD (+LMP2) TOTAL ENERGY": -149.8525858438292,
    "MP2 CORRELATION ENERGY": -0.42702180571776754,
    "MP2 OPPOSITE-SPIN CORRELATION ENERGY": -0.31753229331197014,
    "MP2 SAME-SPIN CORRELATION ENERGY": -0.1094895124057974,
    "MP2 TOTAL ENERGY": -149.85222570860907,
    "NUCLEAR REPULSION ENERGY": 22.654120857455865,
    "ONE-ELECTRON ENERGY": -250.72891622656664,
    "PCM POLARIZATION ENERGY": 0.0,
    "PE ENERGY": 0.0,
    "SCF DIPOLE X": 0.0,
    "SCF DIPOLE Y": 0.0,
    "SCF DIPOLE Z": 0.0,
    "SCF ITERATION ENERGY": -149.42520390289081,
    "SCF ITERATIONS": 9.0,
    "SCF TOTAL ENERGY": -149.42520390289081,
    "TWO-ELECTRON ENERGY": 78.64959146621993
}