{
    "CC D1 DIAGNOSTIC": 0.013052748131283815,
    "CC D2 DIAGNOSTIC": 0.12001020568782102,
    "CC NEW D1 DIAGNOSTIC": 0.013052748131283815,
    "CC T1 DIAGNOSTIC": 0.0067096748822520185,
    "CCSD CORRELATION ENERGY": -0.1627826515399064,
    "CCSD OPPOSITE-SPIN CORRELATION ENERGY": -0.13495082695059255,
    "CCSD SAME-SPIN CORRELATION ENERGY": -0.027831824589313797,
    "CCSD TOTAL ENERGY": -76.17038639269293,
    "CURRENT CORRELATION ENERGY": -0.1627826515399064,
    "CURRENT DIPOLE X": 0.0,
    "CURRENT DIPOLE Y": 0.0,
    "CURRENT DIPOLE Z": -2.6845838090483065,
    "CURRENT ENERGY": -76.17038639269293,
    "CURRENT REFERENCE ENERGY": -76.00760374115305,
    "HF TOTAL ENERGY": -76.00760374115305,
    "LCCSD (+LMP2) TOTAL ENERGY": -76.16346159056341,
    "MP2 CORRELATION ENERGY": -0.1566798920202228,
    "MP2 OPPOSITE-SPIN CORRELATION ENERGY": -0.12235215822763636,
    "MP2 SAME-SPIN CORRELATION ENERGY": -0.034327733792586454,
    "MP2 TOTAL ENERGY": -76.16428363317326,
    "NUCLEAR REPULSION ENERGY": 9.176753276006014,
    "ONE-ELECTRON ENERGY": -122.97346837338512,
    "PCM POLARIZATION ENERGY": 0.0,
    "PE ENERGY": 0.0,
    "SCF DIPOLE X": 0.0,
    "SCF DIPOLE Y": 0.0,
    "SCF DIPOLE Z": -2.6845838090483065,
    "SCF ITERATION ENERGY": -76.00760374115305,
    "SCF ITERATIONS": 10.0,
    "SCF TOTAL ENERGY": -76.00760374115305,
    "TWO-ELECTRON ENERGY": 37.78911135622605
}