{
    "CC D1 DIAGNOSTIC": 0.06734836768353343,
    "CC D2 DIAGNOSTIC": 0.4611612186998182,
    "CC NEW D1 DIAGNOSTIC": 0.06734836768353343,
    "CC T1 DIAGNOSTIC": 0.028267720835303378,
    "CCSD CORRELATION ENERGY": -0.45418079277657997,
    "CCSD OPPOSITE-SPIN CORRELATION ENERGY": -0.4335804997321684,
    "CCSD SAME-SPIN CORRELATION ENERGY": -0.0206002930444113,
    "CCSD TOTAL ENERGY": -108.92678770656757,
    "CURRENT CORRELATION ENERGY": -0.45418079277657997,
    "CURRENT DIPOLE X": 0.0,
    "CURRENT DIPOLE Y": 0.0,
    "CURRENT DIPOLE Z": 5.643810867306312e-16,
    "CURRENT ENERGY": -108.92678770656757,
    "CURRENT REFERENCE ENERGY": -108.47260691379022,
    "HF TOTAL ENERGY": -108.47260691379022,
    "LCCSD (+LMP2) TOTAL ENERGY": -108.92984599691741,
    "MP2 CORRELATION ENERGY": -0.625459750014964,
    "MP2 OPPOSITE-SPIN CORRELATION ENERGY": -0.4419564660886791,
    "MP2 SAME-SPIN CORRELATION ENERGY": -0.1835032839262849,
    "MP2 TOTAL ENERGY": -109.09806666380595,
    "NUCLEAR REPULSION ENERGY": 14.742877089266202,
    "ONE-ELECTRON ENERGY": -176.0978186359969,
    "PCM POLARIZATION ENERGY": 0.0,
    "PE ENERGY": 0.0,
    "SCF DIPOLE X": 0.0,
    "SCF DIPOLE Y": 0.0,
    "SCF DIPOLE Z": 5.643810867306312e-16,
    "SCF ITERATION ENERGY": -108.47260691379022,
    "SCF ITERATIONS": 8.0,
    "SCF TOTAL ENERGY": -108.47260691379022,
    "TWO-ELECTRON ENERGY": 52.88233463294047
}