{
    "CC D1 DIAGNOSTIC": 0.048256497619381264,
    "CC D2 DIAGNOSTIC": 0.1596012348412937,
    "CC NEW D1 DIAGNOSTIC": 0.048256497619381264,
    "CC T1 DIAGNOSTIC": 0.019165922668572522,
    "CCSD CORRELATION ENERGY": -0.25870068157255754,
    "CCSD OPPOSITE-SPIN CORRELATION ENERGY": -0.20841448903846427,
    "CCSD SAME-SPIN CORRELATION ENERGY": -0.05028619253409339,
    "CCSD TOTAL ENERGY": -112.95682132709747,
    "CURRENT CORRELATION ENERGY": -0.25870068157255754,
    "CURRENT DIPOLE X": 0.0,
    "CURRENT DIPOLE Y": 0.0,
    "CURRENT DIPOLE Z": -0.5955646244823328,
    "CURRENT ENERGY": -112.95682132709747,
    "CURRENT REFERENCE ENERGY": -112.69812064552484,
    "HF TOTAL ENERGY": -112.69812064552484,
    "LCCSD (+LMP2) TOTAL ENERGY": -112.96479565397662,
    "MP2 CORRELATION ENERGY": -0.26328964537275484,
    "MP2 OPPOSITE-SPIN CORRELATION ENERGY": -0.19823934214354677,
    "MP2 SAME-SPIN CORRELATION ENERGY": -0.06505030322920807,
    "MP2 TOTAL ENERGY": -112.96141029089766,
    "NUCLEAR REPULSION ENERGY": 22.121228517811115,
    "ONE-ELECTRON ENERGY": -197.10716193244718,
    "PCM POLARIZATION ENERGY": 0.0,
    "PE ENERGY": 0.0,
    "SCF DIPOLE X": 0.0,
    "SCF DIPOLE Y": 0.0,
    "SCF DIPOLE Z": -0.5955646244823328,
    "SCF ITERATION ENERGY": -112.69812064552484,
    "SCF ITERATIONS": 10.0,
    "SCF TOTAL ENERGY": -112.69812064552484,
    "TWO-ELECTRON ENERGY": 62.28781276911123
}