{
    "CURRENT CORRELATION ENERGY": -0.15655323587554903,
    "CURRENT DIPOLE X": 0.0,
    "CURRENT DIPOLE Y": 5.643810867306312e-16,
    "CURRENT DIPOLE Z": -2.654542239943295,
    "CURRENT ENERGY": -76.16514038237986,
    "CURRENT REFERENCE ENERGY": -76.00858714650431,
    "CUSTOM SCS-MP2 CORRELATION ENERGY": -0.15809894323329915,
    "CUSTOM SCS-MP2 TOTAL ENERGY": -76.16668608973761,
    "HF TOTAL ENERGY": -76.00858714650431,
    "MP2 CORRELATION ENERGY": -0.15655323587554903,
    "MP2 OPPOSITE-SPIN CORRELATION ENERGY": -0.12220907454782744,
    "MP2 SAME-SPIN CORRELATION ENERGY": -0.03434416132771867,
    "MP2 TOTAL ENERGY": -76.16514038237986,
    "NUCLEAR REPULSION ENERGY": 9.172142603365822,
    "ONE-ELECTRON ENERGY": -122.97516632955623,
    "PCM POLARIZATION ENERGY": 0.0,
    "PE ENERGY": 0.0,
    "SCF DIPOLE X": 0.0,
    "SCF DIPOLE Y": 5.643810867306312e-16,
    "SCF DIPOLE Z": -2.654542239943295,
    "SCF ITERATION ENERGY": -76.00858714650431,
    "SCF ITERATIONS": 10.0,
    "SCF TOTAL ENERGY": -76.00858714650431,
    "SCS-MP2 CORRELATION ENERGY": -0.15809894323329915,
    "SCS-MP2 TOTAL ENERGY": -76.16668608973761,
    "SCS-MP2-VDW CORRELATION ENERGY": -0.17359969608509118,
    "SCS-MP2-VDW TOTAL ENERGY": -76.1821868425894,
    "SCSN-MP2 CORRELATION ENERGY": -0.06044572393679459,
    "SCSN-MP2 TOTAL ENERGY": -76.0690328704411,
    "SOS-MP2 CORRELATION ENERGY": 0.0,
    "SOS-MP2 TOTAL ENERGY": -76.00858714650431,
    "SOS-PI-MP2 CORRELATION ENERGY": -0.17109270436695567,
    "SOS-PI-MP2 TOTAL ENERGY": -76.17967985087127,
    "TWO-ELECTRON ENERGY": 37.79443657968609
}