{
    "CC D1 DIAGNOSTIC": 0.12459003078832939,
    "CC D2 DIAGNOSTIC": 0.46642599664438306,
    "CC NEW D1 DIAGNOSTIC": 0.12459003078832939,
    "CC T1 DIAGNOSTIC": 0.028379699850555475,
    "CCSD CORRELATION ENERGY": -0.35354502780641855,
    "CCSD OPPOSITE-SPIN CORRELATION ENERGY": -0.2895796402300232,
    "CCSD SAME-SPIN CORRELATION ENERGY": -0.06396538757639542,
    "CCSD TOTAL ENERGY": -260.29842710789404,
    "CURRENT CORRELATION ENERGY": -0.35354502780641855,
    "CURRENT DIPOLE X": 0.0,
    "CURRENT DIPOLE Y": 0.0,
    "CURRENT DIPOLE Z": 0.9695345907755861,
    "CURRENT ENERGY": -260.29842710789404,
    "CURRENT REFERENCE ENERGY": -259.9448820800876,
    "HF TOTAL ENERGY": -259.9448820800876,
    "LCCSD (+LMP2) TOTAL ENERGY": -260.29762562438043,
    "MP2 CORRELATION ENERGY": -0.3502859358157305,
    "MP2 OPPOSITE-SPIN CORRELATION ENERGY": -0.26472291280952165,
    "MP2 SAME-SPIN CORRELATION ENERGY": -0.08556302300620883,
    "MP2 TOTAL ENERGY": -260.29516801590336,
    "NUCLEAR REPULSION ENERGY": 52.92040724573438,
    "ONE-ELECTRON ENERGY": -468.87770226432673,
    "PCM POLARIZATION ENERGY": 0.0,
    "PE ENERGY": 0.0,
    "SCF DIPOLE X": 0.0,
    "SCF DIPOLE Y": 0.0,
    "SCF DIPOLE Z": 0.9695345907755861,
    "SCF ITERATION ENERGY": -259.9448820800876,
    "SCF ITERATIONS": 13.0,
    "SCF TOTAL ENERGY": -259.9448820800876,
    "TWO-ELECTRON ENERGY": 156.01241293850475
}