{
    "CC D1 DIAGNOSTIC": 0.011145920353617377,
    "CC D2 DIAGNOSTIC": 0.12013320321311692,
    "CC NEW D1 DIAGNOSTIC": 0.011145920353617377,
    "CC T1 DIAGNOSTIC": 0.005521936955288053,
    "CCSD CORRELATION ENERGY": -0.22804845904722382,
    "CCSD OPPOSITE-SPIN CORRELATION ENERGY": -0.182555712688364,
    "CCSD SAME-SPIN CORRELATION ENERGY": -0.045492746358859776,
    "CCSD TOTAL ENERGY": -108.68098502357073,
    "CURRENT CORRELATION ENERGY": -0.22804845904722382,
    "CURRENT DIPOLE X": 0.0,
    "CURRENT DIPOLE Y": 0.0,
    "CURRENT DIPOLE Z": 0.0,
    "CURRENT ENERGY": -108.68098502357073,
    "CURRENT REFERENCE ENERGY": -108.4529365645235,
    "HF TOTAL ENERGY": -108.4529365645235,
    "LCCSD (+LMP2) TOTAL ENERGY": -107.77626742475444,
    "MP2 CORRELATION ENERGY": -0.2227724332146369,
    "MP2 OPPOSITE-SPIN CORRELATION ENERGY": -0.1700743911456203,
    "MP2 SAME-SPIN CORRELATION ENERGY": -0.0526980420690166,
    "MP2 TOTAL ENERGY": -108.67570899773814,
    "NUCLEAR REPULSION ENERGY": 31.75388911534259,
    "ONE-ELECTRON ENERGY": -208.71724133014996,
    "PCM POLARIZATION ENERGY": 0.0,
    "PE ENERGY": 0.0,
    "SCF DIPOLE X": 0.0,
    "SCF DIPOLE Y": 0.0,
    "SCF DIPOLE Z": 0.0,
    "SCF ITERATION ENERGY": -108.4529365645235,
    "SCF ITERATIONS": 8.0,
    "SCF TOTAL ENERGY": -108.4529365645235,
    "TWO-ELECTRON ENERGY": 68.51041565028387
}