{
    "CC D1 DIAGNOSTIC": 0.02926804569094518,
    "CC D2 DIAGNOSTIC": 0.09437283535410514,
    "CC NEW D1 DIAGNOSTIC": 0.02926804569094518,
    "CC T1 DIAGNOSTIC": 0.013457325666718919,
    "CCSD CORRELATION ENERGY": -0.17538601508929472,
    "CCSD OPPOSITE-SPIN CORRELATION ENERGY": -0.13998471593875883,
    "CCSD SAME-SPIN CORRELATION ENERGY": -0.035401299150535914,
    "CCSD TOTAL ENERGY": -106.99768811005147,
    "CURRENT CORRELATION ENERGY": -0.17538601508929472,
    "CURRENT DIPOLE X": 0.0,
    "CURRENT DIPOLE Y": 0.0,
    "CURRENT DIPOLE Z": -4.589871374526835,
    "CURRENT ENERGY": -106.99768811005147,
    "CURRENT REFERENCE ENERGY": -106.82230209496208,
    "HF TOTAL ENERGY": -106.82230209496208,
    "LCCSD (+LMP2) TOTAL ENERGY": -106.99751039667724,
    "MP2 CORRELATION ENERGY": -0.17566610037573535,
    "MP2 OPPOSITE-SPIN CORRELATION ENERGY": -0.13300455000935044,
    "MP2 SAME-SPIN CORRELATION ENERGY": -0.042661550366384915,
    "MP2 TOTAL ENERGY": -106.99796819533792,
    "NUCLEAR REPULSION ENERGY": 12.608732385498493,
    "ONE-ELECTRON ENERGY": -175.75396062412455,
    "PCM POLARIZATION ENERGY": 0.0,
    "PE ENERGY": 0.0,
    "SCF DIPOLE X": 0.0,
    "SCF DIPOLE Y": 0.0,
    "SCF DIPOLE Z": -4.589871374526835,
    "SCF ITERATION ENERGY": -106.82230209496208,
    "SCF ITERATIONS": 9.0,
    "SCF TOTAL ENERGY": -106.82230209496208,
    "TWO-ELECTRON ENERGY": 56.32292614366398
}