{
    "CC D1 DIAGNOSTIC": 0.17955785483536213,
    "CC D2 DIAGNOSTIC": 0.20988593836807362,
    "CC NEW D1 DIAGNOSTIC": 0.17955785483536213,
    "CC T1 DIAGNOSTIC": 0.05848201486654996,
    "CCSD CORRELATION ENERGY": -0.47836731336788696,
    "CCSD OPPOSITE-SPIN CORRELATION ENERGY": -0.37681651834452334,
    "CCSD SAME-SPIN CORRELATION ENERGY": -0.10155079502336406,
    "CCSD TOTAL ENERGY": -187.7757664652855,
    "CURRENT CORRELATION ENERGY": -0.47836731336788696,
    "CURRENT DIPOLE X": 0.0,
    "CURRENT DIPOLE Y": 0.0,
    "CURRENT DIPOLE Z": 0.0,
    "CURRENT ENERGY": -187.7757664652855,
    "CURRENT REFERENCE ENERGY": -187.2973991519165,
    "HF TOTAL ENERGY": -187.2973991519165,
    "LCCSD (+LMP2) TOTAL ENERGY": -187.7757654173862,
    "MP2 CORRELATION ENERGY": -0.4848222261131148,
    "MP2 OPPOSITE-SPIN CORRELATION ENERGY": -0.35712274360253027,
    "MP2 SAME-SPIN CORRELATION ENERGY": -0.12769948251058455,
    "MP2 TOTAL ENERGY": -187.78222137803073,
    "NUCLEAR REPULSION ENERGY": 43.76364256553974,
    "ONE-ELECTRON ENERGY": -343.3185960217967,
    "PCM POLARIZATION ENERGY": 0.0,
    "PE ENERGY": 0.0,
    "SCF DIPOLE X": 0.0,
    "SCF DIPOLE Y": 0.0,
    "SCF DIPOLE Z": 0.0,
    "SCF ITERATION ENERGY": -187.2973991519165,
    "SCF ITERATIONS": 11.0,
    "SCF TOTAL ENERGY": -187.2973991519165,
    "TWO-ELECTRON ENERGY": 112.25755430434046
}