{
    "CC D1 DIAGNOSTIC": 0.010970321052045002,
    "CC D2 DIAGNOSTIC": 0.08060377131792179,
    "CC NEW D1 DIAGNOSTIC": 0.010970321052045002,
    "CC T1 DIAGNOSTIC": 0.004234246377159155,
    "CCSD CORRELATION ENERGY": -0.10407650928249702,
    "CCSD OPPOSITE-SPIN CORRELATION ENERGY": -0.08545270978926975,
    "CCSD SAME-SPIN CORRELATION ENERGY": -0.018623799493227858,
    "CCSD TOTAL ENERGY": -459.8628486400994,
    "CURRENT CORRELATION ENERGY": -0.10407650928249702,
    "CURRENT DIPOLE X": 0.0,
    "CURRENT DIPOLE Y": 0.0,
    "CURRENT DIPOLE Z": -1.6591649244861766,
    "CURRENT ENERGY": -459.8628486400994,
    "CURRENT REFERENCE ENERGY": -459.75877213081645,
    "HF TOTAL ENERGY": -459.7587721308164,
    "LCCSD (+LMP2) TOTAL ENERGY": -460.01146251589324,
    "MP2 CORRELATION ENERGY": -0.09590011994147771,
    "MP2 OPPOSITE-SPIN CORRELATION ENERGY": -0.07687446034048324,
    "MP2 SAME-SPIN CORRELATION ENERGY": -0.019025659600994463,
    "MP2 TOTAL ENERGY": -459.85467225075837,
    "NUCLEAR REPULSION ENERGY": 10.719799423332995,
    "ONE-ELECTRON ENERGY": -656.0041675122912,
    "PCM POLARIZATION ENERGY": 0.0,
    "PE ENERGY": 0.0,
    "SCF DIPOLE X": 0.0,
    "SCF DIPOLE Y": 0.0,
    "SCF DIPOLE Z": -1.6591649244861766,
    "SCF ITERATION ENERGY": -459.75877213081645,
    "SCF ITERATIONS": 8.0,
    "SCF TOTAL ENERGY": -459.75877213081645,
    "TWO-ELECTRON ENERGY": 185.5255959581418
}