{
    "CC D1 DIAGNOSTIC": 0.05993154350834365,
    "CC D2 DIAGNOSTIC": 0.16922672316193077,
    "CC NEW D1 DIAGNOSTIC": 0.05993154350834365,
    "CC T1 DIAGNOSTIC": 0.0236228446252275,
    "CCSD CORRELATION ENERGY": -0.2683852573264396,
    "CCSD OPPOSITE-SPIN CORRELATION ENERGY": -0.21643884937895985,
    "CCSD SAME-SPIN CORRELATION ENERGY": -0.051946407947479734,
    "CCSD TOTAL ENERGY": -112.94859493329453,
    "CURRENT CORRELATION ENERGY": -0.2683852573264396,
    "CURRENT DIPOLE X": 0.0,
    "CURRENT DIPOLE Y": 0.0,
    "CURRENT DIPOLE Z": -0.968181672248426,
    "CURRENT ENERGY": -112.94859493329453,
    "CURRENT REFERENCE ENERGY": -112.68020967596807,
    "HF TOTAL ENERGY": -112.68020967596807,
    "LCCSD (+LMP2) TOTAL ENERGY": -112.94861152296343,
    "MP2 CORRELATION ENERGY": -0.27694647090242586,
    "MP2 OPPOSITE-SPIN CORRELATION ENERGY": -0.20755740323366273,
    "MP2 SAME-SPIN CORRELATION ENERGY": -0.06938906766876313,
    "MP2 TOTAL ENERGY": -112.95715614687052,
    "NUCLEAR REPULSION ENERGY": 20.758524502340205,
    "ONE-ELECTRON ENERGY": -194.52355494757964,
    "PCM POLARIZATION ENERGY": 0.0,
    "PE ENERGY": 0.0,
    "SCF DIPOLE X": 0.0,
    "SCF DIPOLE Y": 0.0,
    "SCF DIPOLE Z": -0.968181672248426,
    "SCF ITERATION ENERGY": -112.68020967596807,
    "SCF ITERATIONS": 10.0,
    "SCF TOTAL ENERGY": -112.68020967596807,
    "TWO-ELECTRON ENERGY": 61.08482076927136
}