{
    "CURRENT CORRELATION ENERGY": -0.04318010180779619,
    "CURRENT DIPOLE X": 0.0,
    "CURRENT DIPOLE Y": 0.0,
    "CURRENT DIPOLE Z": 1.3580419899455813e-14,
    "CURRENT ENERGY": -0.9698354275482644,
    "CURRENT REFERENCE ENERGY": -0.9266553257404682,
    "CUSTOM SCS-MP2 CORRELATION ENERGY": -0.05181612216935541,
    "CUSTOM SCS-MP2 TOTAL ENERGY": -0.9784714479098235,
    "HF TOTAL ENERGY": -0.9266553257404682,
    "MP2 CORRELATION ENERGY": -0.04318010180779619,
    "MP2 OPPOSITE-SPIN CORRELATION ENERGY": -0.043180101807796176,
    "MP2 SAME-SPIN CORRELATION ENERGY": 0.0,
    "MP2 TOTAL ENERGY": -0.9698354275482644,
    "NUCLEAR REPULSION ENERGY": 0.26870138158373064,
    "ONE-ELECTRON ENERGY": -1.604471854699089,
    "PCM POLARIZATION ENERGY": 0.0,
    "PE ENERGY": 0.0,
    "SCF DIPOLE X": 0.0,
    "SCF DIPOLE Y": 0.0,
    "SCF DIPOLE Z": 1.3580419899455813e-14,
    "SCF ITERATION ENERGY": -0.9266553257404682,
    "SCF ITERATIONS": 5.0,
    "SCF TOTAL ENERGY": -0.9266553257404682,
    "SCS-MP2 CORRELATION ENERGY": -0.05181612216935541,
    "SCS-MP2 TOTAL ENERGY": -0.9784714479098235,
    "SCS-MP2-VDW CORRELATION ENERGY": -0.055270530313979105,
    "SCS-MP2-VDW TOTAL ENERGY": -0.9819258560544473,
    "SCSN-MP2 CORRELATION ENERGY": 0.0,
    "SCSN-MP2 TOTAL ENERGY": -0.9266553257404682,
    "SOS-MP2 CORRELATION ENERGY": 0.0,
    "SOS-MP2 TOTAL ENERGY": -0.9266553257404682,
    "SOS-PI-MP2 CORRELATION ENERGY": -0.06045214253091469,
    "SOS-PI-MP2 TOTAL ENERGY": -0.9871074682713828,
    "TWO-ELECTRON ENERGY": 0.4091151473748902
}