{
    "CC D1 DIAGNOSTIC": 0.04517866742984658,
    "CC D2 DIAGNOSTIC": 0.2501300202752749,
    "CC NEW D1 DIAGNOSTIC": 0.04517866742984658,
    "CC T1 DIAGNOSTIC": 0.015342843360481228,
    "CCSD CORRELATION ENERGY": -0.2073347815198305,
    "CCSD OPPOSITE-SPIN CORRELATION ENERGY": -0.1698586517330999,
    "CCSD SAME-SPIN CORRELATION ENERGY": -0.037476129786730566,
    "CCSD TOTAL ENERGY": -105.27049157685563,
    "CURRENT CORRELATION ENERGY": -0.2073347815198305,
    "CURRENT DIPOLE X": 0.0,
    "CURRENT DIPOLE Y": 0.0,
    "CURRENT DIPOLE Z": 1.267037945930047,
    "CURRENT ENERGY": -105.27049157685563,
    "CURRENT REFERENCE ENERGY": -105.06315679533584,
    "HF TOTAL ENERGY": -105.06315679533584,
    "LCCSD (+LMP2) TOTAL ENERGY": -105.26824450524404,
    "MP2 CORRELATION ENERGY": -0.20413711890104752,
    "MP2 OPPOSITE-SPIN CORRELATION ENERGY": -0.15626493973485892,
    "MP2 SAME-SPIN CORRELATION ENERGY": -0.047872179166188605,
    "MP2 TOTAL ENERGY": -105.26729391423684,
    "NUCLEAR REPULSION ENERGY": 21.704344678854277,
    "ONE-ELECTRON ENERGY": -186.24078570953716,
    "PCM POLARIZATION ENERGY": 0.0,
    "PE ENERGY": 0.0,
    "SCF DIPOLE X": 0.0,
    "SCF DIPOLE Y": 0.0,
    "SCF DIPOLE Z": 1.267037945930047,
    "SCF ITERATION ENERGY": -105.06315679533584,
    "SCF ITERATIONS": 12.0,
    "SCF TOTAL ENERGY": -105.06315679533584,
    "TWO-ELECTRON ENERGY": 59.47328423534704
}