{
    "CC D1 DIAGNOSTIC": 0.04595045346028834,
    "CC D2 DIAGNOSTIC": 0.2683670678449503,
    "CC NEW D1 DIAGNOSTIC": 0.04595045346028834,
    "CC T1 DIAGNOSTIC": 0.01894762291146708,
    "CCSD CORRELATION ENERGY": -0.3532008611893953,
    "CCSD OPPOSITE-SPIN CORRELATION ENERGY": -0.2989411810845399,
    "CCSD SAME-SPIN CORRELATION ENERGY": -0.054259680104855434,
    "CCSD TOTAL ENERGY": -109.05453906276807,
    "CURRENT CORRELATION ENERGY": -0.3532008611893953,
    "CURRENT DIPOLE X": 0.0,
    "CURRENT DIPOLE Y": 0.0,
    "CURRENT DIPOLE Z": -1.1287621734612623e-15,
    "CURRENT ENERGY": -109.05453906276807,
    "CURRENT REFERENCE ENERGY": -108.7013382015788,
    "HF TOTAL ENERGY": -108.7013382015788,
    "LCCSD (+LMP2) TOTAL ENERGY": -109.08432939768748,
    "MP2 CORRELATION ENERGY": -0.42255309828143645,
    "MP2 OPPOSITE-SPIN CORRELATION ENERGY": -0.3064604799966885,
    "MP2 SAME-SPIN CORRELATION ENERGY": -0.11609261828474793,
    "MP2 TOTAL ENERGY": -109.12389129986012,
    "NUCLEAR REPULSION ENERGY": 18.0735796190654,
    "ONE-ELECTRON ENERGY": -182.84117546564994,
    "PCM POLARIZATION ENERGY": 0.0,
    "PE ENERGY": 0.0,
    "SCF DIPOLE X": 0.0,
    "SCF DIPOLE Y": 0.0,
    "SCF DIPOLE Z": -1.1287621734612623e-15,
    "SCF ITERATION ENERGY": -108.7013382015788,
    "SCF ITERATIONS": 9.0,
    "SCF TOTAL ENERGY": -108.7013382015788,
    "TWO-ELECTRON ENERGY": 56.06625764500573
}