{
    "CC D1 DIAGNOSTIC": 0.026219191683069545,
    "CC D2 DIAGNOSTIC": 0.1933874235884375,
    "CC NEW D1 DIAGNOSTIC": 0.026219191683069545,
    "CC T1 DIAGNOSTIC": 0.010342904134878752,
    "CCSD CORRELATION ENERGY": -0.32248161453372315,
    "CCSD OPPOSITE-SPIN CORRELATION ENERGY": -0.26703141072932435,
    "CCSD SAME-SPIN CORRELATION ENERGY": -0.05545020380439858,
    "CCSD TOTAL ENERGY": -151.06944220276043,
    "CURRENT CORRELATION ENERGY": -0.32248161453372315,
    "CURRENT DIPOLE X": 0.0,
    "CURRENT DIPOLE Y": -1.6931432601918935e-15,
    "CURRENT DIPOLE Z": -3.179128051357644,
    "CURRENT ENERGY": -151.06944220276043,
    "CURRENT REFERENCE ENERGY": -150.7469605882261,
    "HF TOTAL ENERGY": -150.74696058822613,
    "LCCSD (+LMP2) TOTAL ENERGY": -151.0777711230749,
    "MP2 CORRELATION ENERGY": -0.3145503168646745,
    "MP2 OPPOSITE-SPIN CORRELATION ENERGY": -0.24381779738164056,
    "MP2 SAME-SPIN CORRELATION ENERGY": -0.07073251948303394,
    "MP2 TOTAL ENERGY": -151.06151090509138,
    "NUCLEAR REPULSION ENERGY": 36.30187625060455,
    "ONE-ELECTRON ENERGY": -280.01569970226984,
    "PCM POLARIZATION ENERGY": 0.0,
    "PE ENERGY": 0.0,
    "SCF DIPOLE X": 0.0,
    "SCF DIPOLE Y": -1.6931432601918935e-15,
    "SCF DIPOLE Z": -3.179128051357644,
    "SCF ITERATION ENERGY": -150.7469605882261,
    "SCF ITERATIONS": 11.0,
    "SCF TOTAL ENERGY": -150.7469605882261,
    "TWO-ELECTRON ENERGY": 92.96686286343916
}