{
    "CC D1 DIAGNOSTIC": 0.11071315959946172,
    "CC D2 DIAGNOSTIC": 0.1890347183782978,
    "CC NEW D1 DIAGNOSTIC": 0.11071315959946172,
    "CC T1 DIAGNOSTIC": 0.03533500149453679,
    "CCSD CORRELATION ENERGY": -0.45857608915014786,
    "CCSD OPPOSITE-SPIN CORRELATION ENERGY": -0.3627627908762874,
    "CCSD SAME-SPIN CORRELATION ENERGY": -0.09581329827385993,
    "CCSD TOTAL ENERGY": -187.89128544650168,
    "CURRENT CORRELATION ENERGY": -0.45857608915014786,
    "CURRENT DIPOLE X": 0.0,
    "CURRENT DIPOLE Y": 0.0,
    "CURRENT DIPOLE Z": 0.0,
    "CURRENT ENERGY": -187.89128544650168,
    "CURRENT REFERENCE ENERGY": -187.4327093573508,
    "HF TOTAL ENERGY": -187.4327093573508,
    "LCCSD (+LMP2) TOTAL ENERGY": -187.89126552387583,
    "MP2 CORRELATION ENERGY": -0.48541042204031865,
    "MP2 OPPOSITE-SPIN CORRELATION ENERGY": -0.356925671515079,
    "MP2 SAME-SPIN CORRELATION ENERGY": -0.12848475052523967,
    "MP2 TOTAL ENERGY": -187.91811977939187,
    "NUCLEAR REPULSION ENERGY": 48.74937399705693,
    "ONE-ELECTRON ENERGY": -353.03910335981715,
    "PCM POLARIZATION ENERGY": 0.0,
    "PE ENERGY": 0.0,
    "SCF DIPOLE X": 0.0,
    "SCF DIPOLE Y": 0.0,
    "SCF DIPOLE Z": 0.0,
    "SCF ITERATION ENERGY": -187.4327093573508,
    "SCF ITERATIONS": 10.0,
    "SCF TOTAL ENERGY": -187.4327093573508,
    "TWO-ELECTRON ENERGY": 116.85702000540942
}