{
    "CC D1 DIAGNOSTIC": 0.03730504539490704,
    "CC D2 DIAGNOSTIC": 0.09179568685032483,
    "CC NEW D1 DIAGNOSTIC": 0.03730504539490704,
    "CC T1 DIAGNOSTIC": 0.013835461236646552,
    "CCSD CORRELATION ENERGY": -0.2905558085706793,
    "CCSD OPPOSITE-SPIN CORRELATION ENERGY": -0.2257268649377705,
    "CCSD SAME-SPIN CORRELATION ENERGY": -0.06482894363290892,
    "CCSD TOTAL ENERGY": -261.60317171894076,
    "CURRENT CORRELATION ENERGY": -0.2905558085706793,
    "CURRENT DIPOLE X": 0.0,
    "CURRENT DIPOLE Y": 0.0,
    "CURRENT DIPOLE Z": -7.476580536000159,
    "CURRENT ENERGY": -261.60317171894076,
    "CURRENT REFERENCE ENERGY": -261.31261591036963,
    "HF TOTAL ENERGY": -261.3126159103697,
    "LCCSD (+LMP2) TOTAL ENERGY": -261.60446329995153,
    "MP2 CORRELATION ENERGY": -0.29203546768376654,
    "MP2 OPPOSITE-SPIN CORRELATION ENERGY": -0.21692816324875072,
    "MP2 SAME-SPIN CORRELATION ENERGY": -0.07510730443501581,
    "MP2 TOTAL ENERGY": -261.60465137805386,
    "NUCLEAR REPULSION ENERGY": 31.26033051697053,
    "ONE-ELECTRON ENERGY": -432.54817439027886,
    "PCM POLARIZATION ENERGY": 0.0,
    "PE ENERGY": 0.0,
    "SCF DIPOLE X": 0.0,
    "SCF DIPOLE Y": 0.0,
    "SCF DIPOLE Z": -7.476580536000159,
    "SCF ITERATION ENERGY": -261.31261591036963,
    "SCF ITERATIONS": 10.0,
    "SCF TOTAL ENERGY": -261.31261591036963,
    "TWO-ELECTRON ENERGY": 139.97522796293865
}