{
    "CC D1 DIAGNOSTIC": 0.0418221975446193,
    "CC D2 DIAGNOSTIC": 0.09615650959326398,
    "CC NEW D1 DIAGNOSTIC": 0.0418221975446193,
    "CC T1 DIAGNOSTIC": 0.015427632186876808,
    "CCSD CORRELATION ENERGY": -0.2939987242499488,
    "CCSD OPPOSITE-SPIN CORRELATION ENERGY": -0.22862187971196912,
    "CCSD SAME-SPIN CORRELATION ENERGY": -0.06537684453797976,
    "CCSD TOTAL ENERGY": -261.6271530634467,
    "CURRENT CORRELATION ENERGY": -0.2939987242499488,
    "CURRENT DIPOLE X": 0.0,
    "CURRENT DIPOLE Y": 0.0,
    "CURRENT DIPOLE Z": -8.667004204049812,
    "CURRENT ENERGY": -261.6271530634467,
    "CURRENT REFERENCE ENERGY": -261.3331543391951,
    "HF TOTAL ENERGY": -261.3331543391951,
    "LCCSD (+LMP2) TOTAL ENERGY": -261.627175727507,
    "MP2 CORRELATION ENERGY": -0.29592178819050347,
    "MP2 OPPOSITE-SPIN CORRELATION ENERGY": -0.2197510333043956,
    "MP2 SAME-SPIN CORRELATION ENERGY": -0.07617075488610786,
    "MP2 TOTAL ENERGY": -261.6290761273873,
    "NUCLEAR REPULSION ENERGY": 26.393215765594103,
    "ONE-ELECTRON ENERGY": -422.74787298625927,
    "PCM POLARIZATION ENERGY": 0.0,
    "PE ENERGY": 0.0,
    "SCF DIPOLE X": 0.0,
    "SCF DIPOLE Y": 0.0,
    "SCF DIPOLE Z": -8.667004204049812,
    "SCF ITERATION ENERGY": -261.3331543391951,
    "SCF ITERATIONS": 10.0,
    "SCF TOTAL ENERGY": -261.3331543391951,
    "TWO-ELECTRON ENERGY": 135.02150288147004
}