{
    "CC D1 DIAGNOSTIC": 0.25407885894839116,
    "CC D2 DIAGNOSTIC": 0.24862164751955443,
    "CC NEW D1 DIAGNOSTIC": 0.25407885894839116,
    "CC T1 DIAGNOSTIC": 0.08388595071906486,
    "CCSD CORRELATION ENERGY": -0.48253858833396096,
    "CCSD OPPOSITE-SPIN CORRELATION ENERGY": -0.3770922672430751,
    "CCSD SAME-SPIN CORRELATION ENERGY": -0.10544632109088548,
    "CCSD TOTAL ENERGY": -187.68726734610135,
    "CURRENT CORRELATION ENERGY": -0.48253858833396096,
    "CURRENT DIPOLE X": 0.0,
    "CURRENT DIPOLE Y": 0.0,
    "CURRENT DIPOLE Z": 0.0,
    "CURRENT ENERGY": -187.68726734610135,
    "CURRENT REFERENCE ENERGY": -187.20472875776616,
    "HF TOTAL ENERGY": -187.20472875776616,
    "LCCSD (+LMP2) TOTAL ENERGY": -187.6871546549679,
    "MP2 CORRELATION ENERGY": -0.4489163621968176,
    "MP2 OPPOSITE-SPIN CORRELATION ENERGY": -0.33464480475406094,
    "MP2 SAME-SPIN CORRELATION ENERGY": -0.11427155744275663,
    "MP2 TOTAL ENERGY": -187.6536451199642,
    "NUCLEAR REPULSION ENERGY": 40.4173970320427,
    "ONE-ELECTRON ENERGY": -336.8640164517093,
    "PCM POLARIZATION ENERGY": 0.0,
    "PE ENERGY": 0.0,
    "SCF DIPOLE X": 0.0,
    "SCF DIPOLE Y": 0.0,
    "SCF DIPOLE Z": 0.0,
    "SCF ITERATION ENERGY": -187.20472875776616,
    "SCF ITERATIONS": 12.0,
    "SCF TOTAL ENERGY": -187.20472875776616,
    "TWO-ELECTRON ENERGY": 109.24189066190044
}