{
    "CC D1 DIAGNOSTIC": 0.026248021347276388,
    "CC D2 DIAGNOSTIC": 0.1932999095529701,
    "CC NEW D1 DIAGNOSTIC": 0.026248021347276388,
    "CC T1 DIAGNOSTIC": 0.010357331231784332,
    "CCSD CORRELATION ENERGY": -0.32255976515168067,
    "CCSD OPPOSITE-SPIN CORRELATION ENERGY": -0.2671074655342059,
    "CCSD SAME-SPIN CORRELATION ENERGY": -0.05545229961747461,
    "CCSD TOTAL ENERGY": -151.0676601757412,
    "CURRENT CORRELATION ENERGY": -0.32255976515168067,
    "CURRENT DIPOLE X": 0.0,
    "CURRENT DIPOLE Y": 1.6931432601918935e-15,
    "CURRENT DIPOLE Z": -3.3312719921461524,
    "CURRENT ENERGY": -151.0676601757412,
    "CURRENT REFERENCE ENERGY": -150.7451004105887,
    "HF TOTAL ENERGY": -150.7451004105887,
    "LCCSD (+LMP2) TOTAL ENERGY": -151.07186175866747,
    "MP2 CORRELATION ENERGY": -0.3145892320029495,
    "MP2 OPPOSITE-SPIN CORRELATION ENERGY": -0.2438659965622747,
    "MP2 SAME-SPIN CORRELATION ENERGY": -0.07072323544067483,
    "MP2 TOTAL ENERGY": -151.05968964259247,
    "NUCLEAR REPULSION ENERGY": 36.30915778447034,
    "ONE-ELECTRON ENERGY": -280.01438004411045,
    "PCM POLARIZATION ENERGY": 0.0,
    "PE ENERGY": 0.0,
    "SCF DIPOLE X": 0.0,
    "SCF DIPOLE Y": 1.6931432601918935e-15,
    "SCF DIPOLE Z": -3.3312719921461524,
    "SCF ITERATION ENERGY": -150.7451004105887,
    "SCF ITERATIONS": 11.0,
    "SCF TOTAL ENERGY": -150.7451004105887,
    "TWO-ELECTRON ENERGY": 92.96012184905143
}