{
    "CC D1 DIAGNOSTIC": 0.03685418475186722,
    "CC D2 DIAGNOSTIC": 0.32617920833374464,
    "CC NEW D1 DIAGNOSTIC": 0.03685418475186722,
    "CC T1 DIAGNOSTIC": 0.009057850226383907,
    "CCSD CORRELATION ENERGY": -0.2630299313820872,
    "CCSD OPPOSITE-SPIN CORRELATION ENERGY": -0.21057230882384598,
    "CCSD SAME-SPIN CORRELATION ENERGY": -0.052457622558241324,
    "CCSD TOTAL ENERGY": -257.49403907058723,
    "CURRENT CORRELATION ENERGY": -0.2630299313820872,
    "CURRENT DIPOLE X": 0.0,
    "CURRENT DIPOLE Y": 0.0,
    "CURRENT DIPOLE Z": 3.52868976589765,
    "CURRENT ENERGY": -257.49403907058723,
    "CURRENT REFERENCE ENERGY": -257.23100913920484,
    "HF TOTAL ENERGY": -257.23100913920484,
    "LCCSD (+LMP2) TOTAL ENERGY": -257.4938008087224,
    "MP2 CORRELATION ENERGY": -0.2432669479553912,
    "MP2 OPPOSITE-SPIN CORRELATION ENERGY": -0.18765549736636775,
    "MP2 SAME-SPIN CORRELATION ENERGY": -0.05561145058902345,
    "MP2 TOTAL ENERGY": -257.47427608716055,
    "NUCLEAR REPULSION ENERGY": 76.93963267461011,
    "ONE-ELECTRON ENERGY": -500.18162546872134,
    "PCM POLARIZATION ENERGY": 0.0,
    "PE ENERGY": 0.0,
    "SCF DIPOLE X": 0.0,
    "SCF DIPOLE Y": 0.0,
    "SCF DIPOLE Z": 3.52868976589765,
    "SCF ITERATION ENERGY": -257.23100913920484,
    "SCF ITERATIONS": 10.0,
    "SCF TOTAL ENERGY": -257.23100913920484,
    "TWO-ELECTRON ENERGY": 166.0109836549064
}