{
    "CC D1 DIAGNOSTIC": 0.44680470837254266,
    "CC D2 DIAGNOSTIC": 0.4028909288390026,
    "CC NEW D1 DIAGNOSTIC": 0.44680470837254266,
    "CC T1 DIAGNOSTIC": 0.14759951207577024,
    "CCSD CORRELATION ENERGY": -0.46911713447116626,
    "CCSD OPPOSITE-SPIN CORRELATION ENERGY": -0.36122592812214294,
    "CCSD SAME-SPIN CORRELATION ENERGY": -0.1078912063490235,
    "CCSD TOTAL ENERGY": -187.55404513984,
    "CURRENT CORRELATION ENERGY": -0.46911713447116626,
    "CURRENT DIPOLE X": 0.0,
    "CURRENT DIPOLE Y": 0.0,
    "CURRENT DIPOLE Z": 0.0,
    "CURRENT ENERGY": -187.55404513984,
    "CURRENT REFERENCE ENERGY": -187.08492800536806,
    "HF TOTAL ENERGY": -187.08492800536806,
    "LCCSD (+LMP2) TOTAL ENERGY": -187.55436557070342,
    "MP2 CORRELATION ENERGY": -0.3488925084357844,
    "MP2 OPPOSITE-SPIN CORRELATION ENERGY": -0.2731786233678593,
    "MP2 SAME-SPIN CORRELATION ENERGY": -0.07571388506792509,
    "MP2 TOTAL ENERGY": -187.43382051380465,
    "NUCLEAR REPULSION ENERGY": 35.05644189905395,
    "ONE-ELECTRON ENERGY": -326.58948862784484,
    "PCM POLARIZATION ENERGY": 0.0,
    "PE ENERGY": 0.0,
    "SCF DIPOLE X": 0.0,
    "SCF DIPOLE Y": 0.0,
    "SCF DIPOLE Z": 0.0,
    "SCF ITERATION ENERGY": -187.08492800536806,
    "SCF ITERATIONS": 13.0,
    "SCF TOTAL ENERGY": -187.08492800536806,
    "TWO-ELECTRON ENERGY": 104.44811872342287
}