{
    "CC D1 DIAGNOSTIC": 0.07163319604197935,
    "CC D2 DIAGNOSTIC": 0.47246000224385476,
    "CC NEW D1 DIAGNOSTIC": 0.07163319604197935,
    "CC T1 DIAGNOSTIC": 0.02279160870458629,
    "CCSD CORRELATION ENERGY": -0.42963545817644255,
    "CCSD OPPOSITE-SPIN CORRELATION ENERGY": -0.3824102746306093,
    "CCSD SAME-SPIN CORRELATION ENERGY": -0.04722518354583349,
    "CCSD TOTAL ENERGY": -149.77419814716396,
    "CURRENT CORRELATION ENERGY": -0.42963545817644255,
    "CURRENT DIPOLE X": 0.0,
    "CURRENT DIPOLE Y": 0.0,
    "CURRENT DIPOLE Z": 0.0,
    "CURRENT ENERGY": -149.77419814716396,
    "CURRENT REFERENCE ENERGY": -149.3445626889871,
    "HF TOTAL ENERGY": -149.3445626889871,
    "LCCSD (+LMP2) TOTAL ENERGY": -149.80960563772274,
    "MP2 CORRELATION ENERGY": -0.5082960486069139,
    "MP2 OPPOSITE-SPIN CORRELATION ENERGY": -0.3760305916077599,
    "MP2 SAME-SPIN CORRELATION ENERGY": -0.13226545699915399,
    "MP2 TOTAL ENERGY": -149.85285873759443,
    "NUCLEAR REPULSION ENERGY": 20.11821180624812,
    "ONE-ELECTRON ENERGY": -245.71314515347123,
    "PCM POLARIZATION ENERGY": 0.0,
    "PE ENERGY": 0.0,
    "SCF DIPOLE X": 0.0,
    "SCF DIPOLE Y": 0.0,
    "SCF DIPOLE Z": 0.0,
    "SCF ITERATION ENERGY": -149.3445626889871,
    "SCF ITERATIONS": 9.0,
    "SCF TOTAL ENERGY": -149.3445626889871,
    "TWO-ELECTRON ENERGY": 76.250370658236
}