{
    "CC D1 DIAGNOSTIC": 0.0640116380111516,
    "CC D2 DIAGNOSTIC": 0.2525186601418843,
    "CC NEW D1 DIAGNOSTIC": 0.0640116380111516,
    "CC T1 DIAGNOSTIC": 0.020619116564580917,
    "CCSD CORRELATION ENERGY": -0.19467607659315317,
    "CCSD OPPOSITE-SPIN CORRELATION ENERGY": -0.16216629666810395,
    "CCSD SAME-SPIN CORRELATION ENERGY": -0.032509779925049,
    "CCSD TOTAL ENERGY": -100.09094655550692,
    "CURRENT CORRELATION ENERGY": -0.19467607659315317,
    "CURRENT DIPOLE X": 0.0,
    "CURRENT DIPOLE Y": 0.0,
    "CURRENT DIPOLE Z": -3.095037471651975,
    "CURRENT ENERGY": -100.09094655550692,
    "CURRENT REFERENCE ENERGY": -99.89627047891369,
    "HF TOTAL ENERGY": -99.89627047891369,
    "LCCSD (+LMP2) TOTAL ENERGY": -100.10493552196418,
    "MP2 CORRELATION ENERGY": -0.18925726024112766,
    "MP2 OPPOSITE-SPIN CORRELATION ENERGY": -0.14543086211991388,
    "MP2 SAME-SPIN CORRELATION ENERGY": -0.04382639812121378,
    "MP2 TOTAL ENERGY": -100.08552773915488,
    "NUCLEAR REPULSION ENERGY": 3.218188062173074,
    "ONE-ELECTRON ENERGY": -147.1354609626802,
    "PCM POLARIZATION ENERGY": 0.0,
    "PE ENERGY": 0.0,
    "SCF DIPOLE X": 0.0,
    "SCF DIPOLE Y": 0.0,
    "SCF DIPOLE Z": -3.095037471651975,
    "SCF ITERATION ENERGY": -99.89627047891369,
    "SCF ITERATIONS": 10.0,
    "SCF TOTAL ENERGY": -99.89627047891369,
    "TWO-ELECTRON ENERGY": 44.02100242159343
}