{
    "CC D1 DIAGNOSTIC": 0.016849093101247308,
    "CC D2 DIAGNOSTIC": 0.15006256311221153,
    "CC NEW D1 DIAGNOSTIC": 0.016849093101247308,
    "CC T1 DIAGNOSTIC": 0.005758508607788427,
    "CCSD CORRELATION ENERGY": -0.11653982122492476,
    "CCSD OPPOSITE-SPIN CORRELATION ENERGY": -0.09650965826532479,
    "CCSD SAME-SPIN CORRELATION ENERGY": -0.0200301629596005,
    "CCSD TOTAL ENERGY": -460.1757645074605,
    "CURRENT CORRELATION ENERGY": -0.11653982122492476,
    "CURRENT DIPOLE X": 0.0,
    "CURRENT DIPOLE Y": 0.0,
    "CURRENT DIPOLE Z": -1.9612953268904194,
    "CURRENT ENERGY": -460.1757645074605,
    "CURRENT REFERENCE ENERGY": -460.05922468623515,
    "HF TOTAL ENERGY": -460.0592246862352,
    "LCCSD (+LMP2) TOTAL ENERGY": -460.25358844969315,
    "MP2 CORRELATION ENERGY": -0.10543624011580133,
    "MP2 OPPOSITE-SPIN CORRELATION ENERGY": -0.08422963865074065,
    "MP2 SAME-SPIN CORRELATION ENERGY": -0.021206601465060676,
    "MP2 TOTAL ENERGY": -460.16466092635136,
    "NUCLEAR REPULSION ENERGY": 6.27042558212473,
    "ONE-ELECTRON ENERGY": -648.1339765640924,
    "PCM POLARIZATION ENERGY": 0.0,
    "PE ENERGY": 0.0,
    "SCF DIPOLE X": 0.0,
    "SCF DIPOLE Y": 0.0,
    "SCF DIPOLE Z": -1.9612953268904194,
    "SCF ITERATION ENERGY": -460.05922468623515,
    "SCF ITERATIONS": 9.0,
    "SCF TOTAL ENERGY": -460.05922468623515,
    "TWO-ELECTRON ENERGY": 181.80432629573252
}