{
    "CC D1 DIAGNOSTIC": 0.011159027230247965,
    "CC D2 DIAGNOSTIC": 0.08958723557404644,
    "CC NEW D1 DIAGNOSTIC": 0.011159027230247965,
    "CC T1 DIAGNOSTIC": 0.004304024039552908,
    "CCSD CORRELATION ENERGY": -0.10533943085266069,
    "CCSD OPPOSITE-SPIN CORRELATION ENERGY": -0.08648975841020147,
    "CCSD SAME-SPIN CORRELATION ENERGY": -0.018849672442459345,
    "CCSD TOTAL ENERGY": -460.0721181948461,
    "CURRENT CORRELATION ENERGY": -0.10533943085266069,
    "CURRENT DIPOLE X": 0.0,
    "CURRENT DIPOLE Y": 0.0,
    "CURRENT DIPOLE Z": -1.747361331111381,
    "CURRENT ENERGY": -460.0721181948461,
    "CURRENT REFERENCE ENERGY": -459.9667787639935,
    "HF TOTAL ENERGY": -459.9667787639935,
    "LCCSD (+LMP2) TOTAL ENERGY": -460.06989581346846,
    "MP2 CORRELATION ENERGY": -0.09702133806371556,
    "MP2 OPPOSITE-SPIN CORRELATION ENERGY": -0.07763884813253537,
    "MP2 SAME-SPIN CORRELATION ENERGY": -0.01938248993118019,
    "MP2 TOTAL ENERGY": -460.06380010205714,
    "NUCLEAR REPULSION ENERGY": 9.087342658358427,
    "ONE-ELECTRON ENERGY": -653.2988236016473,
    "PCM POLARIZATION ENERGY": 0.0,
    "PE ENERGY": 0.0,
    "SCF DIPOLE X": 0.0,
    "SCF DIPOLE Y": 0.0,
    "SCF DIPOLE Z": -1.747361331111381,
    "SCF ITERATION ENERGY": -459.9667787639935,
    "SCF ITERATIONS": 8.0,
    "SCF TOTAL ENERGY": -459.9667787639935,
    "TWO-ELECTRON ENERGY": 184.24470217929536
}