{
    "CC D1 DIAGNOSTIC": 0.029825659162258135,
    "CC D2 DIAGNOSTIC": 0.1321669606878305,
    "CC NEW D1 DIAGNOSTIC": 0.029825659162258135,
    "CC T1 DIAGNOSTIC": 0.010613294542351284,
    "CCSD CORRELATION ENERGY": -0.3680140368628061,
    "CCSD OPPOSITE-SPIN CORRELATION ENERGY": -0.2889693098941002,
    "CCSD SAME-SPIN CORRELATION ENERGY": -0.0790447269687059,
    "CCSD TOTAL ENERGY": -187.73392359272714,
    "CURRENT CORRELATION ENERGY": -0.3680140368628061,
    "CURRENT DIPOLE X": 0.0,
    "CURRENT DIPOLE Y": 0.0,
    "CURRENT DIPOLE Z": 0.0,
    "CURRENT ENERGY": -187.73392359272714,
    "CURRENT REFERENCE ENERGY": -187.36590955586414,
    "HF TOTAL ENERGY": -187.36590955586414,
    "LCCSD (+LMP2) TOTAL ENERGY": -187.7380827543674,
    "MP2 CORRELATION ENERGY": -0.3726367966312762,
    "MP2 OPPOSITE-SPIN CORRELATION ENERGY": -0.27835396925214473,
    "MP2 SAME-SPIN CORRELATION ENERGY": -0.09428282737913146,
    "MP2 TOTAL ENERGY": -187.7385463524956,
    "NUCLEAR REPULSION ENERGY": 68.94732434877875,
    "ONE-ELECTRON ENERGY": -392.08392400470973,
    "PCM POLARIZATION ENERGY": 0.0,
    "PE ENERGY": 0.0,
    "SCF DIPOLE X": 0.0,
    "SCF DIPOLE Y": 0.0,
    "SCF DIPOLE Z": 0.0,
    "SCF ITERATION ENERGY": -187.36590955586414,
    "SCF ITERATIONS": 9.0,
    "SCF TOTAL ENERGY": -187.36590955586414,
    "TWO-ELECTRON ENERGY": 135.77069010006684
}