{
    "CC D1 DIAGNOSTIC": 0.05164594335225047,
    "CC D2 DIAGNOSTIC": 0.30536856815961266,
    "CC NEW D1 DIAGNOSTIC": 0.05164594335225047,
    "CC T1 DIAGNOSTIC": 0.021420831035696912,
    "CCSD CORRELATION ENERGY": -0.37782294985461184,
    "CCSD OPPOSITE-SPIN CORRELATION ENERGY": -0.3271208387409509,
    "CCSD SAME-SPIN CORRELATION ENERGY": -0.050702111113660964,
    "CCSD TOTAL ENERGY": -109.01109389604552,
    "CURRENT CORRELATION ENERGY": -0.37782294985461184,
    "CURRENT DIPOLE X": 0.0,
    "CURRENT DIPOLE Y": 0.0,
    "CURRENT DIPOLE Z": -2.2575243469225247e-15,
    "CURRENT ENERGY": -109.01109389604552,
    "CURRENT REFERENCE ENERGY": -108.63327094619096,
    "HF TOTAL ENERGY": -108.63327094619096,
    "LCCSD (+LMP2) TOTAL ENERGY": -108.99996113063735,
    "MP2 CORRELATION ENERGY": -0.47254992088769715,
    "MP2 OPPOSITE-SPIN CORRELATION ENERGY": -0.3399444768081253,
    "MP2 SAME-SPIN CORRELATION ENERGY": -0.13260544407957187,
    "MP2 TOTAL ENERGY": -109.1058208670786,
    "NUCLEAR REPULSION ENERGY": 17.001670448906665,
    "ONE-ELECTRON ENERGY": -180.67251339438823,
    "PCM POLARIZATION ENERGY": 0.0,
    "PE ENERGY": 0.0,
    "SCF DIPOLE X": 0.0,
    "SCF DIPOLE Y": 0.0,
    "SCF DIPOLE Z": -2.2575243469225247e-15,
    "SCF ITERATION ENERGY": -108.63327094619096,
    "SCF ITERATIONS": 9.0,
    "SCF TOTAL ENERGY": -108.63327094619096,
    "TWO-ELECTRON ENERGY": 55.03757199929062
}