{
    "CC D1 DIAGNOSTIC": 0.024861663345063838,
    "CC D2 DIAGNOSTIC": 0.1489350244037452,
    "CC NEW D1 DIAGNOSTIC": 0.024861663345063838,
    "CC T1 DIAGNOSTIC": 0.009044185998154819,
    "CCSD CORRELATION ENERGY": -0.17137109063492104,
    "CCSD OPPOSITE-SPIN CORRELATION ENERGY": -0.13880499513250077,
    "CCSD SAME-SPIN CORRELATION ENERGY": -0.032566095502420234,
    "CCSD TOTAL ENERGY": -100.1637565383254,
    "CURRENT CORRELATION ENERGY": -0.17137109063492104,
    "CURRENT DIPOLE X": 0.0,
    "CURRENT DIPOLE Y": 0.0,
    "CURRENT DIPOLE Z": -2.582640721619655,
    "CURRENT ENERGY": -100.1637565383254,
    "CURRENT REFERENCE ENERGY": -99.99238544769051,
    "HF TOTAL ENERGY": -99.99238544769051,
    "LCCSD (+LMP2) TOTAL ENERGY": -100.179718790572,
    "MP2 CORRELATION ENERGY": -0.16976574031350172,
    "MP2 OPPOSITE-SPIN CORRELATION ENERGY": -0.12913763634316358,
    "MP2 SAME-SPIN CORRELATION ENERGY": -0.04062810397033814,
    "MP2 TOTAL ENERGY": -100.16215118800399,
    "NUCLEAR REPULSION ENERGY": 4.288490426741947,
    "ONE-ELECTRON ENERGY": -149.05384872567177,
    "PCM POLARIZATION ENERGY": 0.0,
    "PE ENERGY": 0.0,
    "SCF DIPOLE X": 0.0,
    "SCF DIPOLE Y": 0.0,
    "SCF DIPOLE Z": -2.582640721619655,
    "SCF ITERATION ENERGY": -99.99238544769051,
    "SCF ITERATIONS": 10.0,
    "SCF TOTAL ENERGY": -99.99238544769051,
    "TWO-ELECTRON ENERGY": 44.772972851239295
}