{
    "CC D1 DIAGNOSTIC": 0.011509740528984515,
    "CC D2 DIAGNOSTIC": 0.11209639479806756,
    "CC NEW D1 DIAGNOSTIC": 0.011509740528984515,
    "CC T1 DIAGNOSTIC": 0.004684685915983443,
    "CCSD CORRELATION ENERGY": -0.10937408848437907,
    "CCSD OPPOSITE-SPIN CORRELATION ENERGY": -0.08998711228607931,
    "CCSD SAME-SPIN CORRELATION ENERGY": -0.01938697619829985,
    "CCSD TOTAL ENERGY": -460.1685692303727,
    "CURRENT CORRELATION ENERGY": -0.10937408848437907,
    "CURRENT DIPOLE X": 0.0,
    "CURRENT DIPOLE Y": 0.0,
    "CURRENT DIPOLE Z": -1.84265721267878,
    "CURRENT ENERGY": -460.1685692303727,
    "CURRENT REFERENCE ENERGY": -460.0591951418889,
    "HF TOTAL ENERGY": -460.0591951418889,
    "LCCSD (+LMP2) TOTAL ENERGY": -460.20477709732455,
    "MP2 CORRELATION ENERGY": -0.10018605064446845,
    "MP2 OPPOSITE-SPIN CORRELATION ENERGY": -0.08002137645323845,
    "MP2 SAME-SPIN CORRELATION ENERGY": -0.020164674191229998,
    "MP2 TOTAL ENERGY": -460.1593811925328,
    "NUCLEAR REPULSION ENERGY": 7.4904037811573625,
    "ONE-ELECTRON ENERGY": -650.4335717766912,
    "PCM POLARIZATION ENERGY": 0.0,
    "PE ENERGY": 0.0,
    "SCF DIPOLE X": 0.0,
    "SCF DIPOLE Y": 0.0,
    "SCF DIPOLE Z": -1.84265721267878,
    "SCF ITERATION ENERGY": -460.0591951418889,
    "SCF ITERATIONS": 9.0,
    "SCF TOTAL ENERGY": -460.0591951418889,
    "TWO-ELECTRON ENERGY": 182.88397285364493
}