{
    "CC D1 DIAGNOSTIC": 0.01661809489308564,
    "CC D2 DIAGNOSTIC": 0.0961690205244779,
    "CC NEW D1 DIAGNOSTIC": 0.01661809489308564,
    "CC T1 DIAGNOSTIC": 0.006855602371645852,
    "CCSD CORRELATION ENERGY": -0.327605994659881,
    "CCSD OPPOSITE-SPIN CORRELATION ENERGY": -0.2528918215117882,
    "CCSD SAME-SPIN CORRELATION ENERGY": -0.07471417314809231,
    "CCSD TOTAL ENERGY": -185.35399014428927,
    "CURRENT CORRELATION ENERGY": -0.327605994659881,
    "CURRENT DIPOLE X": 0.0,
    "CURRENT DIPOLE Y": 0.0,
    "CURRENT DIPOLE Z": 0.0,
    "CURRENT ENERGY": -185.35399014428927,
    "CURRENT REFERENCE ENERGY": -185.0263841496291,
    "HF TOTAL ENERGY": -185.0263841496291,
    "LCCSD (+LMP2) TOTAL ENERGY": -185.34438974345719,
    "MP2 CORRELATION ENERGY": -0.3248234809626326,
    "MP2 OPPOSITE-SPIN CORRELATION ENERGY": -0.2417323369622483,
    "MP2 SAME-SPIN CORRELATION ENERGY": -0.08309114400038428,
    "MP2 TOTAL ENERGY": -185.35120763059203,
    "NUCLEAR REPULSION ENERGY": 94.26015321808562,
    "ONE-ELECTRON ENERGY": -436.92983277357575,
    "PCM POLARIZATION ENERGY": 0.0,
    "PE ENERGY": 0.0,
    "SCF DIPOLE X": 0.0,
    "SCF DIPOLE Y": 0.0,
    "SCF DIPOLE Z": 0.0,
    "SCF ITERATION ENERGY": -185.0263841496291,
    "SCF ITERATIONS": 9.0,
    "SCF TOTAL ENERGY": -185.0263841496291,
    "TWO-ELECTRON ENERGY": 157.643295405861
}