{
    "CC D1 DIAGNOSTIC": 0.19975976612207477,
    "CC D2 DIAGNOSTIC": 0.2250732500466226,
    "CC NEW D1 DIAGNOSTIC": 0.19975976612207477,
    "CC T1 DIAGNOSTIC": 0.08130514527359071,
    "CCSD CORRELATION ENERGY": -0.3190836807284993,
    "CCSD OPPOSITE-SPIN CORRELATION ENERGY": -0.25596599438729745,
    "CCSD SAME-SPIN CORRELATION ENERGY": -0.06311768634120163,
    "CCSD TOTAL ENERGY": -112.7847181070679,
    "CURRENT CORRELATION ENERGY": -0.3190836807284993,
    "CURRENT DIPOLE X": 0.0,
    "CURRENT DIPOLE Y": 0.0,
    "CURRENT DIPOLE Z": -2.8660055252427394,
    "CURRENT ENERGY": -112.7847181070679,
    "CURRENT REFERENCE ENERGY": -112.46563442633935,
    "HF TOTAL ENERGY": -112.46563442633935,
    "LCCSD (+LMP2) TOTAL ENERGY": -112.78323280833574,
    "MP2 CORRELATION ENERGY": -0.3324563375426847,
    "MP2 OPPOSITE-SPIN CORRELATION ENERGY": -0.24575059827670423,
    "MP2 SAME-SPIN CORRELATION ENERGY": -0.08670573926598049,
    "MP2 TOTAL ENERGY": -112.79809076388209,
    "NUCLEAR REPULSION ENERGY": 15.5052169212265,
    "ONE-ELECTRON ENERGY": -184.46186463577072,
    "PCM POLARIZATION ENERGY": 0.0,
    "PE ENERGY": 0.0,
    "SCF DIPOLE X": 0.0,
    "SCF DIPOLE Y": 0.0,
    "SCF DIPOLE Z": -2.8660055252427394,
    "SCF ITERATION ENERGY": -112.46563442633935,
    "SCF ITERATIONS": 12.0,
    "SCF TOTAL ENERGY": -112.46563442633935,
    "TWO-ELECTRON ENERGY": 56.49101328820488
}