{
    "CC D1 DIAGNOSTIC": 0.023358488373639973,
    "CC D2 DIAGNOSTIC": 0.12974316299985553,
    "CC NEW D1 DIAGNOSTIC": 0.023358488373639973,
    "CC T1 DIAGNOSTIC": 0.010205925892668288,
    "CCSD CORRELATION ENERGY": -0.2309770215446735,
    "CCSD OPPOSITE-SPIN CORRELATION ENERGY": -0.18521634993004094,
    "CCSD SAME-SPIN CORRELATION ENERGY": -0.04576067161463265,
    "CCSD TOTAL ENERGY": -112.75558548837037,
    "CURRENT CORRELATION ENERGY": -0.2309770215446735,
    "CURRENT DIPOLE X": 0.0,
    "CURRENT DIPOLE Y": 0.0,
    "CURRENT DIPOLE Z": 0.4447697383414572,
    "CURRENT ENERGY": -112.75558548837037,
    "CURRENT REFERENCE ENERGY": -112.52460846682573,
    "HF TOTAL ENERGY": -112.52460846682573,
    "LCCSD (+LMP2) TOTAL ENERGY": -112.7633258398069,
    "MP2 CORRELATION ENERGY": -0.22664188137484256,
    "MP2 OPPOSITE-SPIN CORRELATION ENERGY": -0.17275641165448063,
    "MP2 SAME-SPIN CORRELATION ENERGY": -0.05388546972036193,
    "MP2 TOTAL ENERGY": -112.75125034820054,
    "NUCLEAR REPULSION ENERGY": 27.773080858900222,
    "ONE-ELECTRON ENERGY": -207.46840491459136,
    "PCM POLARIZATION ENERGY": 0.0,
    "PE ENERGY": 0.0,
    "SCF DIPOLE X": 0.0,
    "SCF DIPOLE Y": 0.0,
    "SCF DIPOLE Z": 0.4447697383414572,
    "SCF ITERATION ENERGY": -112.52460846682573,
    "SCF ITERATIONS": 9.0,
    "SCF TOTAL ENERGY": -112.52460846682573,
    "TWO-ELECTRON ENERGY": 67.17071558886542
}