{
    "CC D1 DIAGNOSTIC": 0.0992595312113249,
    "CC D2 DIAGNOSTIC": 0.1921553282920465,
    "CC NEW D1 DIAGNOSTIC": 0.0992595312113249,
    "CC T1 DIAGNOSTIC": 0.039138907670740776,
    "CCSD CORRELATION ENERGY": -0.2918907919549376,
    "CCSD OPPOSITE-SPIN CORRELATION ENERGY": -0.23579521266932577,
    "CCSD SAME-SPIN CORRELATION ENERGY": -0.056095579285611846,
    "CCSD TOTAL ENERGY": -112.8853979887346,
    "CURRENT CORRELATION ENERGY": -0.2918907919549376,
    "CURRENT DIPOLE X": 0.0,
    "CURRENT DIPOLE Y": 0.0,
    "CURRENT DIPOLE Z": -1.8673877341051286,
    "CURRENT ENERGY": -112.8853979887346,
    "CURRENT REFERENCE ENERGY": -112.59350719677968,
    "HF TOTAL ENERGY": -112.59350719677968,
    "LCCSD (+LMP2) TOTAL ENERGY": -112.88540744102495,
    "MP2 CORRELATION ENERGY": -0.31094239640619104,
    "MP2 OPPOSITE-SPIN CORRELATION ENERGY": -0.23056210419338907,
    "MP2 SAME-SPIN CORRELATION ENERGY": -0.08038029221280196,
    "MP2 TOTAL ENERGY": -112.90444959318584,
    "NUCLEAR REPULSION ENERGY": 18.084796838353633,
    "ONE-ELECTRON ENERGY": -189.40354551636264,
    "PCM POLARIZATION ENERGY": 0.0,
    "PE ENERGY": 0.0,
    "SCF DIPOLE X": 0.0,
    "SCF DIPOLE Y": 0.0,
    "SCF DIPOLE Z": -1.8673877341051286,
    "SCF ITERATION ENERGY": -112.59350719677968,
    "SCF ITERATIONS": 10.0,
    "SCF TOTAL ENERGY": -112.59350719677968,
    "TWO-ELECTRON ENERGY": 58.72524148122932
}