{
    "CURRENT CORRELATION ENERGY": -0.15423848255281314,
    "CURRENT DIPOLE X": 0.0,
    "CURRENT DIPOLE Y": 0.0,
    "CURRENT DIPOLE Z": -1.1186405840675473,
    "CURRENT ENERGY": -76.13185872439502,
    "CURRENT REFERENCE ENERGY": -75.9776202418422,
    "CUSTOM SCS-MP2 CORRELATION ENERGY": -0.1546576789969663,
    "CUSTOM SCS-MP2 TOTAL ENERGY": -76.13227792083917,
    "HF TOTAL ENERGY": -75.9776202418422,
    "MP2 CORRELATION ENERGY": -0.15423848255281314,
    "MP2 OPPOSITE-SPIN CORRELATION ENERGY": -0.11912867478388084,
    "MP2 SAME-SPIN CORRELATION ENERGY": -0.03510980776892791,
    "MP2 TOTAL ENERGY": -76.13185872439502,
    "NUCLEAR REPULSION ENERGY": 9.100411334020169,
    "ONE-ELECTRON ENERGY": -123.09493633172092,
    "PCM POLARIZATION ENERGY": 0.0,
    "PE ENERGY": 0.0,
    "SCF DIPOLE X": 0.0,
    "SCF DIPOLE Y": 0.0,
    "SCF DIPOLE Z": -1.1186405840675473,
    "SCF ITERATION ENERGY": -75.9776202418422,
    "SCF ITERATIONS": 10.0,
    "SCF TOTAL ENERGY": -75.9776202418422,
    "SCS-MP2 CORRELATION ENERGY": -0.1546576789969663,
    "SCS-MP2 TOTAL ENERGY": -76.13227792083917,
    "SCS-MP2-VDW CORRELATION ENERGY": -0.17003960760784764,
    "SCS-MP2-VDW TOTAL ENERGY": -76.14765984945005,
    "SCSN-MP2 CORRELATION ENERGY": -0.06179326167330146,
    "SCSN-MP2 TOTAL ENERGY": -76.0394135035155,
    "SOS-MP2 CORRELATION ENERGY": 0.0,
    "SOS-MP2 TOTAL ENERGY": -75.9776202418422,
    "SOS-PI-MP2 CORRELATION ENERGY": -0.16678014469742664,
    "SOS-PI-MP2 TOTAL ENERGY": -76.14440038653963,
    "TWO-ELECTRON ENERGY": 38.016904755858555
}