{
    "CC D1 DIAGNOSTIC": 0.08459742463940036,
    "CC D2 DIAGNOSTIC": 0.7191106997767357,
    "CC NEW D1 DIAGNOSTIC": 0.08459742463940036,
    "CC T1 DIAGNOSTIC": 0.035807939193045694,
    "CCSD CORRELATION ENERGY": -0.5582888641043743,
    "CCSD OPPOSITE-SPIN CORRELATION ENERGY": -0.6051993087323174,
    "CCSD SAME-SPIN CORRELATION ENERGY": 0.04691044462794325,
    "CCSD TOTAL ENERGY": -108.91794075069886,
    "CURRENT CORRELATION ENERGY": -0.5582888641043743,
    "CURRENT DIPOLE X": 0.0,
    "CURRENT DIPOLE Y": 0.0,
    "CURRENT DIPOLE Z": 0.0,
    "CURRENT ENERGY": -108.91794075069886,
    "CURRENT REFERENCE ENERGY": -108.35965188659442,
    "HF TOTAL ENERGY": -108.3596518865944,
    "LCCSD (+LMP2) TOTAL ENERGY": -108.9206133860386,
    "MP2 CORRELATION ENERGY": -0.7773045417442389,
    "MP2 OPPOSITE-SPIN CORRELATION ENERGY": -0.5429101447195859,
    "MP2 SAME-SPIN CORRELATION ENERGY": -0.23439439702465303,
    "MP2 TOTAL ENERGY": -109.13695642833873,
    "NUCLEAR REPULSION ENERGY": 13.264799437643116,
    "ONE-ELECTRON ENERGY": -173.11317409789956,
    "PCM POLARIZATION ENERGY": 0.0,
    "PE ENERGY": 0.0,
    "SCF DIPOLE X": 0.0,
    "SCF DIPOLE Y": 0.0,
    "SCF DIPOLE Z": 0.0,
    "SCF ITERATION ENERGY": -108.35965188659442,
    "SCF ITERATIONS": 8.0,
    "SCF TOTAL ENERGY": -108.35965188659442,
    "TWO-ELECTRON ENERGY": 51.488722773662026
}