{
    "CC D1 DIAGNOSTIC": 0.02342456061690051,
    "CC D2 DIAGNOSTIC": 0.12068749925748874,
    "CC NEW D1 DIAGNOSTIC": 0.02342456061690051,
    "CC T1 DIAGNOSTIC": 0.008969811901677671,
    "CCSD CORRELATION ENERGY": -0.3530509507100645,
    "CCSD OPPOSITE-SPIN CORRELATION ENERGY": -0.2762690618107265,
    "CCSD SAME-SPIN CORRELATION ENERGY": -0.07678188889933768,
    "CCSD TOTAL ENERGY": -187.4262114479453,
    "CURRENT CORRELATION ENERGY": -0.3530509507100645,
    "CURRENT DIPOLE X": 0.0,
    "CURRENT DIPOLE Y": 0.0,
    "CURRENT DIPOLE Z": 0.0,
    "CURRENT ENERGY": -187.4262114479453,
    "CURRENT REFERENCE ENERGY": -187.07316049723448,
    "HF TOTAL ENERGY": -187.07316049723448,
    "LCCSD (+LMP2) TOTAL ENERGY": -187.4262114479453,
    "MP2 CORRELATION ENERGY": -0.3543336791301688,
    "MP2 OPPOSITE-SPIN CORRELATION ENERGY": -0.2649694475950831,
    "MP2 SAME-SPIN CORRELATION ENERGY": -0.08936423153508566,
    "MP2 TOTAL ENERGY": -187.4274941763654,
    "NUCLEAR REPULSION ENERGY": 74.67701889299859,
    "ONE-ELECTRON ENERGY": -402.71656151895945,
    "PCM POLARIZATION ENERGY": 0.0,
    "PE ENERGY": 0.0,
    "SCF DIPOLE X": 0.0,
    "SCF DIPOLE Y": 0.0,
    "SCF DIPOLE Z": 0.0,
    "SCF ITERATION ENERGY": -187.07316049723448,
    "SCF ITERATIONS": 9.0,
    "SCF TOTAL ENERGY": -187.07316049723448,
    "TWO-ELECTRON ENERGY": 140.96638212872637
}