{
    "CC D1 DIAGNOSTIC": 0.040863639512795716,
    "CC D2 DIAGNOSTIC": 0.1469982155581532,
    "CC NEW D1 DIAGNOSTIC": 0.040863639512795716,
    "CC T1 DIAGNOSTIC": 0.013683912514675253,
    "CCSD CORRELATION ENERGY": -0.3899800606834358,
    "CCSD OPPOSITE-SPIN CORRELATION ENERGY": -0.3072418439875049,
    "CCSD SAME-SPIN CORRELATION ENERGY": -0.0827382166959309,
    "CCSD TOTAL ENERGY": -187.92485486338688,
    "CURRENT CORRELATION ENERGY": -0.3899800606834358,
    "CURRENT DIPOLE X": 0.0,
    "CURRENT DIPOLE Y": 0.0,
    "CURRENT DIPOLE Z": 0.0,
    "CURRENT ENERGY": -187.92485486338688,
    "CURRENT REFERENCE ENERGY": -187.53487480270252,
    "HF TOTAL ENERGY": -187.53487480270252,
    "LCCSD (+LMP2) TOTAL ENERGY": -187.92494120053811,
    "MP2 CORRELATION ENERGY": -0.4004563202299516,
    "MP2 OPPOSITE-SPIN CORRELATION ENERGY": -0.2982152864760063,
    "MP2 SAME-SPIN CORRELATION ENERGY": -0.10224103375394528,
    "MP2 TOTAL ENERGY": -187.9353311229334,
    "NUCLEAR REPULSION ENERGY": 62.69396237295927,
    "ONE-ELECTRON ENERGY": -380.2070360224484,
    "PCM POLARIZATION ENERGY": 0.0,
    "PE ENERGY": 0.0,
    "SCF DIPOLE X": 0.0,
    "SCF DIPOLE Y": 0.0,
    "SCF DIPOLE Z": 0.0,
    "SCF ITERATION ENERGY": -187.53487480270252,
    "SCF ITERATIONS": 10.0,
    "SCF TOTAL ENERGY": -187.53487480270252,
    "TWO-ELECTRON ENERGY": 129.9781988467866
}