{
    "CC D1 DIAGNOSTIC": 0.08391649736588377,
    "CC D2 DIAGNOSTIC": 0.2985274005911137,
    "CC NEW D1 DIAGNOSTIC": 0.08391649736588377,
    "CC T1 DIAGNOSTIC": 0.026773124015745425,
    "CCSD CORRELATION ENERGY": -0.2036865439868887,
    "CCSD OPPOSITE-SPIN CORRELATION ENERGY": -0.17159107697969445,
    "CCSD SAME-SPIN CORRELATION ENERGY": -0.03209546700719418,
    "CCSD TOTAL ENERGY": -100.0697794703763,
    "CURRENT CORRELATION ENERGY": -0.2036865439868887,
    "CURRENT DIPOLE X": 0.0,
    "CURRENT DIPOLE Y": 0.0,
    "CURRENT DIPOLE Z": -3.271110273376422,
    "CURRENT ENERGY": -100.0697794703763,
    "CURRENT REFERENCE ENERGY": -99.86609292638941,
    "HF TOTAL ENERGY": -99.86609292638941,
    "LCCSD (+LMP2) TOTAL ENERGY": -100.0735721626043,
    "MP2 CORRELATION ENERGY": -0.1959206969288622,
    "MP2 OPPOSITE-SPIN CORRELATION ENERGY": -0.15128166103730287,
    "MP2 SAME-SPIN CORRELATION ENERGY": -0.04463903589155932,
    "MP2 TOTAL ENERGY": -100.06201362331828,
    "NUCLEAR REPULSION ENERGY": 2.975687234882167,
    "ONE-ELECTRON ENERGY": -146.69072364748638,
    "PCM POLARIZATION ENERGY": 0.0,
    "PE ENERGY": 0.0,
    "SCF DIPOLE X": 0.0,
    "SCF DIPOLE Y": 0.0,
    "SCF DIPOLE Z": -3.271110273376422,
    "SCF ITERATION ENERGY": -99.86609292638941,
    "SCF ITERATIONS": 10.0,
    "SCF TOTAL ENERGY": -99.86609292638941,
    "TWO-ELECTRON ENERGY": 43.84894348621479
}