{
    "CC D1 DIAGNOSTIC": 0.06289019187549648,
    "CC D2 DIAGNOSTIC": 0.24986225881291138,
    "CC NEW D1 DIAGNOSTIC": 0.06289019187549648,
    "CC T1 DIAGNOSTIC": 0.020275173105333853,
    "CCSD CORRELATION ENERGY": -0.19414032938664658,
    "CCSD OPPOSITE-SPIN CORRELATION ENERGY": -0.16161057889122363,
    "CCSD SAME-SPIN CORRELATION ENERGY": -0.0325297504954232,
    "CCSD TOTAL ENERGY": -100.09235681356854,
    "CURRENT CORRELATION ENERGY": -0.19414032938664658,
    "CURRENT DIPOLE X": 0.0,
    "CURRENT DIPOLE Y": 0.0,
    "CURRENT DIPOLE Z": -3.084098472403391,
    "CURRENT ENERGY": -100.09235681356854,
    "CURRENT REFERENCE ENERGY": -99.89821648418183,
    "HF TOTAL ENERGY": -99.89821648418182,
    "LCCSD (+LMP2) TOTAL ENERGY": -100.09571108037667,
    "MP2 CORRELATION ENERGY": -0.1888483052927421,
    "MP2 OPPOSITE-SPIN CORRELATION ENERGY": -0.1450759602471794,
    "MP2 SAME-SPIN CORRELATION ENERGY": -0.04377234504556271,
    "MP2 TOTAL ENERGY": -100.08706478947464,
    "NUCLEAR REPULSION ENERGY": 3.2346634276790796,
    "ONE-ELECTRON ENERGY": -147.16552380476648,
    "PCM POLARIZATION ENERGY": 0.0,
    "PE ENERGY": 0.0,
    "SCF DIPOLE X": 0.0,
    "SCF DIPOLE Y": 0.0,
    "SCF DIPOLE Z": -3.084098472403391,
    "SCF ITERATION ENERGY": -99.89821648418183,
    "SCF ITERATIONS": 10.0,
    "SCF TOTAL ENERGY": -99.89821648418183,
    "TWO-ELECTRON ENERGY": 44.0326438929056
}