{
    "CC D1 DIAGNOSTIC": 0.011192771677303282,
    "CC D2 DIAGNOSTIC": 0.09145076324269588,
    "CC NEW D1 DIAGNOSTIC": 0.011192771677303282,
    "CC T1 DIAGNOSTIC": 0.004326894736524355,
    "CCSD CORRELATION ENERGY": -0.1056443378415489,
    "CCSD OPPOSITE-SPIN CORRELATION ENERGY": -0.0867469816452639,
    "CCSD SAME-SPIN CORRELATION ENERGY": -0.018897356196284937,
    "CCSD TOTAL ENERGY": -460.09017935385447,
    "CURRENT CORRELATION ENERGY": -0.1056443378415489,
    "CURRENT DIPOLE X": 0.0,
    "CURRENT DIPOLE Y": 0.0,
    "CURRENT DIPOLE Z": -1.7585361688014984,
    "CURRENT ENERGY": -460.09017935385447,
    "CURRENT REFERENCE ENERGY": -459.984535016013,
    "HF TOTAL ENERGY": -459.98453501601296,
    "LCCSD (+LMP2) TOTAL ENERGY": -460.07636098118496,
    "MP2 CORRELATION ENERGY": -0.09727238711537183,
    "MP2 OPPOSITE-SPIN CORRELATION ENERGY": -0.0778196332997596,
    "MP2 SAME-SPIN CORRELATION ENERGY": -0.01945275381561222,
    "MP2 TOTAL ENERGY": -460.08180740312827,
    "NUCLEAR REPULSION ENERGY": 8.884399522067543,
    "ONE-ELECTRON ENERGY": -652.945457230989,
    "PCM POLARIZATION ENERGY": 0.0,
    "PE ENERGY": 0.0,
    "SCF DIPOLE X": 0.0,
    "SCF DIPOLE Y": 0.0,
    "SCF DIPOLE Z": -1.7585361688014984,
    "SCF ITERATION ENERGY": -459.984535016013,
    "SCF ITERATIONS": 8.0,
    "SCF TOTAL ENERGY": -459.984535016013,
    "TWO-ELECTRON ENERGY": 184.07652269290847
}