{
    "CC D1 DIAGNOSTIC": 0.044293508465719715,
    "CC D2 DIAGNOSTIC": 0.20400693362368735,
    "CC NEW D1 DIAGNOSTIC": 0.044293508465719715,
    "CC T1 DIAGNOSTIC": 0.014643664384098082,
    "CCSD CORRELATION ENERGY": -0.18450718550690204,
    "CCSD OPPOSITE-SPIN CORRELATION ENERGY": -0.15174086284730753,
    "CCSD SAME-SPIN CORRELATION ENERGY": -0.03276632265959478,
    "CCSD TOTAL ENERGY": -100.12056981992954,
    "CURRENT CORRELATION ENERGY": -0.18450718550690204,
    "CURRENT DIPOLE X": 0.0,
    "CURRENT DIPOLE Y": 0.0,
    "CURRENT DIPOLE Z": -2.8791598185883025,
    "CURRENT ENERGY": -100.12056981992954,
    "CURRENT REFERENCE ENERGY": -99.93606263442263,
    "HF TOTAL ENERGY": -99.93606263442263,
    "LCCSD (+LMP2) TOTAL ENERGY": -100.13142234882818,
    "MP2 CORRELATION ENERGY": -0.18120763187696176,
    "MP2 OPPOSITE-SPIN CORRELATION ENERGY": -0.13854247565020472,
    "MP2 SAME-SPIN CORRELATION ENERGY": -0.04266515622675704,
    "MP2 TOTAL ENERGY": -100.1172702662996,
    "NUCLEAR REPULSION ENERGY": 3.5831999406804163,
    "ONE-ELECTRON ENERGY": -147.7971570188111,
    "PCM POLARIZATION ENERGY": 0.0,
    "PE ENERGY": 0.0,
    "SCF DIPOLE X": 0.0,
    "SCF DIPOLE Y": 0.0,
    "SCF DIPOLE Z": -2.8791598185883025,
    "SCF ITERATION ENERGY": -99.93606263442263,
    "SCF ITERATIONS": 10.0,
    "SCF TOTAL ENERGY": -99.93606263442263,
    "TWO-ELECTRON ENERGY": 44.27789444370805
}