{
    "CC D1 DIAGNOSTIC": 0.08735734617635844,
    "CC D2 DIAGNOSTIC": 0.6919251016918346,
    "CC NEW D1 DIAGNOSTIC": 0.08735734617635844,
    "CC T1 DIAGNOSTIC": 0.02897943037057691,
    "CCSD CORRELATION ENERGY": -0.5169880681148527,
    "CCSD OPPOSITE-SPIN CORRELATION ENERGY": -0.5038358530060839,
    "CCSD SAME-SPIN CORRELATION ENERGY": -0.013152215108768739,
    "CCSD TOTAL ENERGY": -149.75015818630627,
    "CURRENT CORRELATION ENERGY": -0.5169880681148527,
    "CURRENT DIPOLE X": 0.0,
    "CURRENT DIPOLE Y": 0.0,
    "CURRENT DIPOLE Z": 0.0,
    "CURRENT ENERGY": -149.75015818630627,
    "CURRENT REFERENCE ENERGY": -149.2331701181916,
    "HF TOTAL ENERGY": -149.2331701181916,
    "LCCSD (+LMP2) TOTAL ENERGY": -149.75223993407735,
    "MP2 CORRELATION ENERGY": -0.644641496533399,
    "MP2 OPPOSITE-SPIN CORRELATION ENERGY": -0.4747445374635241,
    "MP2 SAME-SPIN CORRELATION ENERGY": -0.1698969590698749,
    "MP2 TOTAL ENERGY": -149.87781161472483,
    "NUCLEAR REPULSION ENERGY": 17.258901293452297,
    "ONE-ELECTRON ENERGY": -240.02504037217273,
    "PCM POLARIZATION ENERGY": 0.0,
    "PE ENERGY": 0.0,
    "SCF DIPOLE X": 0.0,
    "SCF DIPOLE Y": 0.0,
    "SCF DIPOLE Z": 0.0,
    "SCF ITERATION ENERGY": -149.2331701181916,
    "SCF ITERATIONS": 9.0,
    "SCF TOTAL ENERGY": -149.2331701181916,
    "TWO-ELECTRON ENERGY": 73.5329689605288
}