{
    "CC D1 DIAGNOSTIC": 0.032805071633931746,
    "CC D2 DIAGNOSTIC": 0.2089707471657256,
    "CC NEW D1 DIAGNOSTIC": 0.032805071633931746,
    "CC T1 DIAGNOSTIC": 0.010745157109301373,
    "CCSD CORRELATION ENERGY": -0.28907262228503516,
    "CCSD OPPOSITE-SPIN CORRELATION ENERGY": -0.24136153279882383,
    "CCSD SAME-SPIN CORRELATION ENERGY": -0.04771108948621122,
    "CCSD TOTAL ENERGY": -110.24596015004656,
    "CURRENT CORRELATION ENERGY": -0.28907262228503516,
    "CURRENT DIPOLE X": -2.2575243469225247e-15,
    "CURRENT DIPOLE Y": 0.0,
    "CURRENT DIPOLE Z": 0.0,
    "CURRENT ENERGY": -110.24596015004656,
    "CURRENT REFERENCE ENERGY": -109.9568875277615,
    "HF TOTAL ENERGY": -109.9568875277615,
    "LCCSD (+LMP2) TOTAL ENERGY": -110.22891487084803,
    "MP2 CORRELATION ENERGY": -0.2750900698974999,
    "MP2 OPPOSITE-SPIN CORRELATION ENERGY": -0.21485520698227648,
    "MP2 SAME-SPIN CORRELATION ENERGY": -0.060234862915223425,
    "MP2 TOTAL ENERGY": -110.23197759765903,
    "NUCLEAR REPULSION ENERGY": 32.11116205920457,
    "ONE-ELECTRON ENERGY": -212.46722054441042,
    "PCM POLARIZATION ENERGY": 0.0,
    "PE ENERGY": 0.0,
    "SCF DIPOLE X": -2.2575243469225247e-15,
    "SCF DIPOLE Y": 0.0,
    "SCF DIPOLE Z": 0.0,
    "SCF ITERATION ENERGY": -109.9568875277615,
    "SCF ITERATIONS": 9.0,
    "SCF TOTAL ENERGY": -109.9568875277615,
    "TWO-ELECTRON ENERGY": 70.39917095744437
}