{
    "CC D1 DIAGNOSTIC": 0.010212942344916043,
    "CC D2 DIAGNOSTIC": 0.10398454510044441,
    "CC NEW D1 DIAGNOSTIC": 0.010212942344916043,
    "CC T1 DIAGNOSTIC": 0.004627263335332655,
    "CCSD CORRELATION ENERGY": -0.21685549932520445,
    "CCSD OPPOSITE-SPIN CORRELATION ENERGY": -0.17289713353621455,
    "CCSD SAME-SPIN CORRELATION ENERGY": -0.043958365788989984,
    "CCSD TOTAL ENERGY": -107.95998342910625,
    "CURRENT CORRELATION ENERGY": -0.21685549932520445,
    "CURRENT DIPOLE X": 0.0,
    "CURRENT DIPOLE Y": 0.0,
    "CURRENT DIPOLE Z": -2.821905433653156e-16,
    "CURRENT ENERGY": -107.95998342910625,
    "CURRENT REFERENCE ENERGY": -107.74312792978102,
    "HF TOTAL ENERGY": -107.74312792978102,
    "LCCSD (+LMP2) TOTAL ENERGY": -107.97719287210361,
    "MP2 CORRELATION ENERGY": -0.20914037357252901,
    "MP2 OPPOSITE-SPIN CORRELATION ENERGY": -0.16026255474080206,
    "MP2 SAME-SPIN CORRELATION ENERGY": -0.048877818831726955,
    "MP2 TOTAL ENERGY": -107.95226830335356,
    "NUCLEAR REPULSION ENERGY": 36.466480432813924,
    "ONE-ELECTRON ENERGY": -216.43944986478704,
    "PCM POLARIZATION ENERGY": 0.0,
    "PE ENERGY": 0.0,
    "SCF DIPOLE X": 0.0,
    "SCF DIPOLE Y": 0.0,
    "SCF DIPOLE Z": -2.821905433653156e-16,
    "SCF ITERATION ENERGY": -107.74312792978102,
    "SCF ITERATIONS": 8.0,
    "SCF TOTAL ENERGY": -107.74312792978102,
    "TWO-ELECTRON ENERGY": 72.2298415021921
}