{
    "CC D1 DIAGNOSTIC": 0.009636570224826554,
    "CC D2 DIAGNOSTIC": 0.22288484633197114,
    "CC NEW D1 DIAGNOSTIC": 0.009636570224826554,
    "CC T1 DIAGNOSTIC": 0.004178568352641608,
    "CCSD CORRELATION ENERGY": -0.23033927242328664,
    "CCSD OPPOSITE-SPIN CORRELATION ENERGY": -0.18075002964342882,
    "CCSD SAME-SPIN CORRELATION ENERGY": -0.049589242779857795,
    "CCSD TOTAL ENERGY": -143.73404122495634,
    "CURRENT CORRELATION ENERGY": -0.23033927242328664,
    "CURRENT DIPOLE X": 0.0,
    "CURRENT DIPOLE Y": 0.0,
    "CURRENT DIPOLE Z": 0.0,
    "CURRENT ENERGY": -143.73404122495634,
    "CURRENT REFERENCE ENERGY": -143.50370195253328,
    "HF TOTAL ENERGY": -143.50370195253328,
    "LCCSD (+LMP2) TOTAL ENERGY": -143.77533017798507,
    "MP2 CORRELATION ENERGY": -0.21761824529543772,
    "MP2 OPPOSITE-SPIN CORRELATION ENERGY": -0.16483588019121798,
    "MP2 SAME-SPIN CORRELATION ENERGY": -0.05278236510421974,
    "MP2 TOTAL ENERGY": -143.72132019782848,
    "NUCLEAR REPULSION ENERGY": 65.75220443993288,
    "ONE-ELECTRON ENERGY": -318.8855298968815,
    "PCM POLARIZATION ENERGY": 0.0,
    "PE ENERGY": 0.0,
    "SCF DIPOLE X": 0.0,
    "SCF DIPOLE Y": 0.0,
    "SCF DIPOLE Z": 0.0,
    "SCF ITERATION ENERGY": -143.50370195253328,
    "SCF ITERATIONS": 9.0,
    "SCF TOTAL ENERGY": -143.50370195253328,
    "TWO-ELECTRON ENERGY": 109.62962350441536
}