{
    "CC D1 DIAGNOSTIC": 0.15022070545758445,
    "CC D2 DIAGNOSTIC": 0.2012612151379349,
    "CC NEW D1 DIAGNOSTIC": 0.15022070545758445,
    "CC T1 DIAGNOSTIC": 0.04851674027843374,
    "CCSD CORRELATION ENERGY": -0.4727246473515222,
    "CCSD OPPOSITE-SPIN CORRELATION ENERGY": -0.37326216154858144,
    "CCSD SAME-SPIN CORRELATION ENERGY": -0.09946248580294076,
    "CCSD TOTAL ENERGY": -187.82022456306169,
    "CURRENT CORRELATION ENERGY": -0.4727246473515222,
    "CURRENT DIPOLE X": 0.0,
    "CURRENT DIPOLE Y": 0.0,
    "CURRENT DIPOLE Z": 0.0,
    "CURRENT ENERGY": -187.82022456306169,
    "CURRENT REFERENCE ENERGY": -187.34749991571067,
    "HF TOTAL ENERGY": -187.34749991571067,
    "LCCSD (+LMP2) TOTAL ENERGY": -187.8206694715343,
    "MP2 CORRELATION ENERGY": -0.4910407491168607,
    "MP2 OPPOSITE-SPIN CORRELATION ENERGY": -0.3609553074662959,
    "MP2 SAME-SPIN CORRELATION ENERGY": -0.1300854416505648,
    "MP2 TOTAL ENERGY": -187.838540664827,
    "NUCLEAR REPULSION ENERGY": 45.53784429116975,
    "ONE-ELECTRON ENERGY": -346.76553234726214,
    "PCM POLARIZATION ENERGY": 0.0,
    "PE ENERGY": 0.0,
    "SCF DIPOLE X": 0.0,
    "SCF DIPOLE Y": 0.0,
    "SCF DIPOLE Z": 0.0,
    "SCF ITERATION ENERGY": -187.34749991571067,
    "SCF ITERATIONS": 11.0,
    "SCF TOTAL ENERGY": -187.34749991571067,
    "TWO-ELECTRON ENERGY": 113.88018814038173
}