{
    "CC D1 DIAGNOSTIC": 0.04195252887690021,
    "CC D2 DIAGNOSTIC": 0.09761122655996639,
    "CC NEW D1 DIAGNOSTIC": 0.04195252887690021,
    "CC T1 DIAGNOSTIC": 0.019063836859329147,
    "CCSD CORRELATION ENERGY": -0.1815907515709744,
    "CCSD OPPOSITE-SPIN CORRELATION ENERGY": -0.14565858821667946,
    "CCSD SAME-SPIN CORRELATION ENERGY": -0.035932163354294944,
    "CCSD TOTAL ENERGY": -107.13289521402967,
    "CURRENT CORRELATION ENERGY": -0.1815907515709744,
    "CURRENT DIPOLE X": 0.0,
    "CURRENT DIPOLE Y": 0.0,
    "CURRENT DIPOLE Z": -7.410239083684033,
    "CURRENT ENERGY": -107.13289521402967,
    "CURRENT REFERENCE ENERGY": -106.95130446245862,
    "HF TOTAL ENERGY": -106.95130446245862,
    "LCCSD (+LMP2) TOTAL ENERGY": -107.13283957591527,
    "MP2 CORRELATION ENERGY": -0.18241343028393797,
    "MP2 OPPOSITE-SPIN CORRELATION ENERGY": -0.13815440025387823,
    "MP2 SAME-SPIN CORRELATION ENERGY": -0.04425903003005974,
    "MP2 TOTAL ENERGY": -107.13371789274264,
    "NUCLEAR REPULSION ENERGY": 8.020505367926404,
    "ONE-ELECTRON ENERGY": -167.54561139800668,
    "PCM POLARIZATION ENERGY": 0.0,
    "PE ENERGY": 0.0,
    "SCF DIPOLE X": 0.0,
    "SCF DIPOLE Y": 0.0,
    "SCF DIPOLE Z": -7.410239083684033,
    "SCF ITERATION ENERGY": -106.95130446245862,
    "SCF ITERATIONS": 10.0,
    "SCF TOTAL ENERGY": -106.95130446245862,
    "TWO-ELECTRON ENERGY": 52.57380156762166
}