{
    "CC D1 DIAGNOSTIC": 0.3465782356796549,
    "CC D2 DIAGNOSTIC": 0.3953524074881358,
    "CC NEW D1 DIAGNOSTIC": 0.3465782356796549,
    "CC T1 DIAGNOSTIC": 0.07850037885211067,
    "CCSD CORRELATION ENERGY": -0.31942331259661416,
    "CCSD OPPOSITE-SPIN CORRELATION ENERGY": -0.2508457354853484,
    "CCSD SAME-SPIN CORRELATION ENERGY": -0.06857757711126816,
    "CCSD TOTAL ENERGY": -259.9382769669433,
    "CURRENT CORRELATION ENERGY": -0.31942331259661416,
    "CURRENT DIPOLE X": 0.0,
    "CURRENT DIPOLE Y": 0.0,
    "CURRENT DIPOLE Z": 4.1803773608517565,
    "CURRENT ENERGY": -259.9382769669433,
    "CURRENT REFERENCE ENERGY": -259.61885365434694,
    "HF TOTAL ENERGY": -259.61885365434694,
    "LCCSD (+LMP2) TOTAL ENERGY": -259.9391144097947,
    "MP2 CORRELATION ENERGY": -0.2975428902918113,
    "MP2 OPPOSITE-SPIN CORRELATION ENERGY": -0.2250804180543674,
    "MP2 SAME-SPIN CORRELATION ENERGY": -0.0724624722374439,
    "MP2 TOTAL ENERGY": -259.91639654463853,
    "NUCLEAR REPULSION ENERGY": 56.35308231032254,
    "ONE-ELECTRON ENERGY": -470.1939606189162,
    "PCM POLARIZATION ENERGY": 0.0,
    "PE ENERGY": 0.0,
    "SCF DIPOLE X": 0.0,
    "SCF DIPOLE Y": 0.0,
    "SCF DIPOLE Z": 4.1803773608517565,
    "SCF ITERATION ENERGY": -259.61885365434694,
    "SCF ITERATIONS": 13.0,
    "SCF TOTAL ENERGY": -259.61885365434694,
    "TWO-ELECTRON ENERGY": 154.22202465424675
}