{
    "CC D1 DIAGNOSTIC": 0.027066782885493093,
    "CC D2 DIAGNOSTIC": 0.1931981890341087,
    "CC NEW D1 DIAGNOSTIC": 0.027066782885493093,
    "CC T1 DIAGNOSTIC": 0.010330791974986177,
    "CCSD CORRELATION ENERGY": -0.32286033366067746,
    "CCSD OPPOSITE-SPIN CORRELATION ENERGY": -0.2673801937998088,
    "CCSD SAME-SPIN CORRELATION ENERGY": -0.05548013986086858,
    "CCSD TOTAL ENERGY": -151.04963579319383,
    "CURRENT CORRELATION ENERGY": -0.32286033366067746,
    "CURRENT DIPOLE X": -1.1287621734612623e-15,
    "CURRENT DIPOLE Y": 0.0,
    "CURRENT DIPOLE Z": -4.013584843503751,
    "CURRENT ENERGY": -151.04963579319383,
    "CURRENT REFERENCE ENERGY": -150.7267754595325,
    "HF TOTAL ENERGY": -150.72677545953246,
    "LCCSD (+LMP2) TOTAL ENERGY": -151.04949080154907,
    "MP2 CORRELATION ENERGY": -0.3146687049513535,
    "MP2 OPPOSITE-SPIN CORRELATION ENERGY": -0.24403300149051788,
    "MP2 SAME-SPIN CORRELATION ENERGY": -0.07063570346083564,
    "MP2 TOTAL ENERGY": -151.0414441644845,
    "NUCLEAR REPULSION ENERGY": 36.367625582467454,
    "ONE-ELECTRON ENERGY": -280.023944662416,
    "PCM POLARIZATION ENERGY": 0.0,
    "PE ENERGY": 0.0,
    "SCF DIPOLE X": -1.1287621734612623e-15,
    "SCF DIPOLE Y": 0.0,
    "SCF DIPOLE Z": -4.013584843503751,
    "SCF ITERATION ENERGY": -150.7267754595325,
    "SCF ITERATIONS": 10.0,
    "SCF TOTAL ENERGY": -150.7267754595325,
    "TWO-ELECTRON ENERGY": 92.92954362041608
}