{
    "CC D1 DIAGNOSTIC": 0.010927411035167336,
    "CC D2 DIAGNOSTIC": 0.07904192188893641,
    "CC NEW D1 DIAGNOSTIC": 0.010927411035167336,
    "CC T1 DIAGNOSTIC": 0.004237283345413671,
    "CCSD CORRELATION ENERGY": -0.10394140830533384,
    "CCSD OPPOSITE-SPIN CORRELATION ENERGY": -0.08535003038770832,
    "CCSD SAME-SPIN CORRELATION ENERGY": -0.018591377917625607,
    "CCSD TOTAL ENERGY": -459.7554416021294,
    "CURRENT CORRELATION ENERGY": -0.10394140830533384,
    "CURRENT DIPOLE X": 0.0,
    "CURRENT DIPOLE Y": 0.0,
    "CURRENT DIPOLE Z": -1.626918451488616,
    "CURRENT ENERGY": -459.7554416021294,
    "CURRENT REFERENCE ENERGY": -459.6515001938242,
    "HF TOTAL ENERGY": -459.6515001938242,
    "LCCSD (+LMP2) TOTAL ENERGY": -459.75940157939635,
    "MP2 CORRELATION ENERGY": -0.09574393130122387,
    "MP2 OPPOSITE-SPIN CORRELATION ENERGY": -0.07678294483027802,
    "MP2 SAME-SPIN CORRELATION ENERGY": -0.01896098647094585,
    "MP2 TOTAL ENERGY": -459.7472441251253,
    "NUCLEAR REPULSION ENERGY": 11.330420909472217,
    "ONE-ELECTRON ENERGY": -656.9486602818629,
    "PCM POLARIZATION ENERGY": 0.0,
    "PE ENERGY": 0.0,
    "SCF DIPOLE X": 0.0,
    "SCF DIPOLE Y": 0.0,
    "SCF DIPOLE Z": -1.626918451488616,
    "SCF ITERATION ENERGY": -459.6515001938242,
    "SCF ITERATIONS": 8.0,
    "SCF TOTAL ENERGY": -459.6515001938242,
    "TWO-ELECTRON ENERGY": 185.96673917856654
}