{
    "CURRENT CORRELATION ENERGY": -0.27609143782635215,
    "CURRENT DIPOLE X": -1.1287621734612623e-15,
    "CURRENT DIPOLE Y": 0.0,
    "CURRENT DIPOLE Z": -3.7222425953218776,
    "CURRENT ENERGY": -110.21811672124986,
    "CURRENT REFERENCE ENERGY": -109.9420252834235,
    "CUSTOM SCS-MP2 CORRELATION ENERGY": -0.2791242040244952,
    "CUSTOM SCS-MP2 TOTAL ENERGY": -110.221149487448,
    "HF TOTAL ENERGY": -109.9420252834235,
    "MP2 CORRELATION ENERGY": -0.27609143782635215,
    "MP2 OPPOSITE-SPIN CORRELATION ENERGY": -0.21587737471043622,
    "MP2 SAME-SPIN CORRELATION ENERGY": -0.06021406311591525,
    "MP2 TOTAL ENERGY": -110.21811672124986,
    "NUCLEAR REPULSION ENERGY": 32.180968536369974,
    "ONE-ELECTRON ENERGY": -212.45208627006832,
    "PCM POLARIZATION ENERGY": 0.0,
    "PE ENERGY": 0.0,
    "SCF DIPOLE X": -1.1287621734612623e-15,
    "SCF DIPOLE Y": 0.0,
    "SCF DIPOLE Z": -3.7222425953218776,
    "SCF ITERATION ENERGY": -109.9420252834235,
    "SCF ITERATIONS": 10.0,
    "SCF TOTAL ENERGY": -109.9420252834235,
    "SCS-MP2 CORRELATION ENERGY": -0.2791242040244952,
    "SCS-MP2 TOTAL ENERGY": -110.221149487448,
    "SCS-MP2-VDW CORRELATION ENERGY": -0.30643007118730736,
    "SCS-MP2-VDW TOTAL ENERGY": -110.24845535461081,
    "SCSN-MP2 CORRELATION ENERGY": -0.1059767510840004,
    "SCSN-MP2 TOTAL ENERGY": -110.0480020345075,
    "SOS-MP2 CORRELATION ENERGY": -0.2806405871235711,
    "SOS-MP2 TOTAL ENERGY": -110.22266587054708,
    "SOS-PI-MP2 CORRELATION ENERGY": -0.30222832459460847,
    "SOS-PI-MP2 TOTAL ENERGY": -110.24425360801811,
    "TWO-ELECTRON ENERGY": 70.32909245027486
}