{
    "CC D1 DIAGNOSTIC": 0.2136972685122788,
    "CC D2 DIAGNOSTIC": 0.4474574427715098,
    "CC NEW D1 DIAGNOSTIC": 0.2136972685122788,
    "CC T1 DIAGNOSTIC": 0.04906794366634366,
    "CCSD CORRELATION ENERGY": -0.3422502086148162,
    "CCSD OPPOSITE-SPIN CORRELATION ENERGY": -0.27587787658041063,
    "CCSD SAME-SPIN CORRELATION ENERGY": -0.06637233203440646,
    "CCSD TOTAL ENERGY": -260.0816586672588,
    "CURRENT CORRELATION ENERGY": -0.3422502086148162,
    "CURRENT DIPOLE X": 0.0,
    "CURRENT DIPOLE Y": 0.0,
    "CURRENT DIPOLE Z": 3.473241485326629,
    "CURRENT ENERGY": -260.0816586672588,
    "CURRENT REFERENCE ENERGY": -259.7394084586435,
    "HF TOTAL ENERGY": -259.7394084586435,
    "LCCSD (+LMP2) TOTAL ENERGY": -260.08198182848173,
    "MP2 CORRELATION ENERGY": -0.3277855206498043,
    "MP2 OPPOSITE-SPIN CORRELATION ENERGY": -0.2481521567322695,
    "MP2 SAME-SPIN CORRELATION ENERGY": -0.07963336391753481,
    "MP2 TOTAL ENERGY": -260.0671939792938,
    "NUCLEAR REPULSION ENERGY": 55.01488246654182,
    "ONE-ELECTRON ENERGY": -469.70746371548944,
    "PCM POLARIZATION ENERGY": 0.0,
    "PE ENERGY": 0.0,
    "SCF DIPOLE X": 0.0,
    "SCF DIPOLE Y": 0.0,
    "SCF DIPOLE Z": 3.473241485326629,
    "SCF ITERATION ENERGY": -259.7394084586435,
    "SCF ITERATIONS": 13.0,
    "SCF TOTAL ENERGY": -259.7394084586435,
    "TWO-ELECTRON ENERGY": 154.9531727903041
}