{
    "CC D1 DIAGNOSTIC": 0.20447252900595278,
    "CC D2 DIAGNOSTIC": 0.1481648176086545,
    "CC NEW D1 DIAGNOSTIC": 0.20447252900595278,
    "CC T1 DIAGNOSTIC": 0.04620305369436567,
    "CCSD CORRELATION ENERGY": -0.2934249820784289,
    "CCSD OPPOSITE-SPIN CORRELATION ENERGY": -0.22661946181976828,
    "CCSD SAME-SPIN CORRELATION ENERGY": -0.06680552025866049,
    "CCSD TOTAL ENERGY": -260.9083608687968,
    "CURRENT CORRELATION ENERGY": -0.2934249820784289,
    "CURRENT DIPOLE X": 0.0,
    "CURRENT DIPOLE Y": 0.0,
    "CURRENT DIPOLE Z": -5.157700996915481,
    "CURRENT ENERGY": -260.9083608687968,
    "CURRENT REFERENCE ENERGY": -260.6149358867185,
    "HF TOTAL ENERGY": -260.6149358867185,
    "LCCSD (+LMP2) TOTAL ENERGY": -260.87985231989757,
    "MP2 CORRELATION ENERGY": -0.2923084516986613,
    "MP2 OPPOSITE-SPIN CORRELATION ENERGY": -0.2162991090003561,
    "MP2 SAME-SPIN CORRELATION ENERGY": -0.07600934269830523,
    "MP2 TOTAL ENERGY": -260.90724433841706,
    "NUCLEAR REPULSION ENERGY": 46.23201874682782,
    "ONE-ELECTRON ENERGY": -461.0821814607199,
    "PCM POLARIZATION ENERGY": 0.0,
    "PE ENERGY": 0.0,
    "SCF DIPOLE X": 0.0,
    "SCF DIPOLE Y": 0.0,
    "SCF DIPOLE Z": -5.157700996915481,
    "SCF ITERATION ENERGY": -260.6149358867185,
    "SCF ITERATIONS": 11.0,
    "SCF TOTAL ENERGY": -260.6149358867185,
    "TWO-ELECTRON ENERGY": 154.23522682717356
}