{
    "CC D1 DIAGNOSTIC": 0.04188878375067497,
    "CC D2 DIAGNOSTIC": 0.24230361946227474,
    "CC NEW D1 DIAGNOSTIC": 0.04188878375067497,
    "CC T1 DIAGNOSTIC": 0.01433088614811108,
    "CCSD CORRELATION ENERGY": -0.2951601036569071,
    "CCSD OPPOSITE-SPIN CORRELATION ENERGY": -0.24741500022196064,
    "CCSD SAME-SPIN CORRELATION ENERGY": -0.047745103434946395,
    "CCSD TOTAL ENERGY": -110.18803764289632,
    "CURRENT CORRELATION ENERGY": -0.2951601036569071,
    "CURRENT DIPOLE X": -5.643810867306312e-16,
    "CURRENT DIPOLE Y": -2.2575243469225247e-15,
    "CURRENT DIPOLE Z": -3.5879574554507663,
    "CURRENT ENERGY": -110.18803764289632,
    "CURRENT REFERENCE ENERGY": -109.89287753923938,
    "HF TOTAL ENERGY": -109.89287753923938,
    "LCCSD (+LMP2) TOTAL ENERGY": -110.18566207936823,
    "MP2 CORRELATION ENERGY": -0.2791186867007225,
    "MP2 OPPOSITE-SPIN CORRELATION ENERGY": -0.21826274744692062,
    "MP2 SAME-SPIN CORRELATION ENERGY": -0.060855939253801866,
    "MP2 TOTAL ENERGY": -110.17199622594013,
    "NUCLEAR REPULSION ENERGY": 32.156894790370075,
    "ONE-ELECTRON ENERGY": -212.43529070222667,
    "PCM POLARIZATION ENERGY": 0.0,
    "PE ENERGY": 0.0,
    "SCF DIPOLE X": -5.643810867306312e-16,
    "SCF DIPOLE Y": -2.2575243469225247e-15,
    "SCF DIPOLE Z": -3.5879574554507663,
    "SCF ITERATION ENERGY": -109.89287753923938,
    "SCF ITERATIONS": 12.0,
    "SCF TOTAL ENERGY": -109.89287753923938,
    "TWO-ELECTRON ENERGY": 70.38551837261721
}