{
    "CURRENT CORRELATION ENERGY": -0.03421196927956327,
    "CURRENT DIPOLE X": 0.0,
    "CURRENT DIPOLE Y": 0.0,
    "CURRENT DIPOLE Z": -4.012396788475581e-15,
    "CURRENT ENERGY": -1.0061101061211215,
    "CURRENT REFERENCE ENERGY": -0.9718981368415582,
    "CUSTOM SCS-MP2 CORRELATION ENERGY": -0.041054363135475995,
    "CUSTOM SCS-MP2 TOTAL ENERGY": -1.0129524999770343,
    "HF TOTAL ENERGY": -0.9718981368415582,
    "MP2 CORRELATION ENERGY": -0.03421196927956327,
    "MP2 OPPOSITE-SPIN CORRELATION ENERGY": -0.03421196927956333,
    "MP2 SAME-SPIN CORRELATION ENERGY": 0.0,
    "MP2 TOTAL ENERGY": -1.0061101061211215,
    "NUCLEAR REPULSION ENERGY": 0.31815562359300614,
    "ONE-ELECTRON ENERGY": -1.733389799841516,
    "PCM POLARIZATION ENERGY": 0.0,
    "PE ENERGY": 0.0,
    "SCF DIPOLE X": 0.0,
    "SCF DIPOLE Y": 0.0,
    "SCF DIPOLE Z": -4.012396788475581e-15,
    "SCF ITERATION ENERGY": -0.9718981368415582,
    "SCF ITERATIONS": 5.0,
    "SCF TOTAL ENERGY": -0.9718981368415582,
    "SCS-MP2 CORRELATION ENERGY": -0.041054363135475995,
    "SCS-MP2 TOTAL ENERGY": -1.0129524999770343,
    "SCS-MP2-VDW CORRELATION ENERGY": -0.043791320677841084,
    "SCS-MP2-VDW TOTAL ENERGY": -1.0156894575193993,
    "SCSN-MP2 CORRELATION ENERGY": 0.0,
    "SCSN-MP2 TOTAL ENERGY": -0.9718981368415582,
    "SOS-MP2 CORRELATION ENERGY": -0.04447556006343234,
    "SOS-MP2 TOTAL ENERGY": -1.0163736969049906,
    "SOS-PI-MP2 CORRELATION ENERGY": -0.04789675699138862,
    "SOS-PI-MP2 TOTAL ENERGY": -1.0197948938329469,
    "TWO-ELECTRON ENERGY": 0.4433360394069516
}