{
    "CC D1 DIAGNOSTIC": 0.08606697000562268,
    "CC D2 DIAGNOSTIC": 0.74364069336355,
    "CC NEW D1 DIAGNOSTIC": 0.08606697000562268,
    "CC T1 DIAGNOSTIC": 0.036487852307788726,
    "CCSD CORRELATION ENERGY": -0.5687991046217673,
    "CCSD OPPOSITE-SPIN CORRELATION ENERGY": -0.6225139715004048,
    "CCSD SAME-SPIN CORRELATION ENERGY": 0.053714866878637246,
    "CCSD TOTAL ENERGY": -108.92055527665352,
    "CURRENT CORRELATION ENERGY": -0.5687991046217673,
    "CURRENT DIPOLE X": 0.0,
    "CURRENT DIPOLE Y": 0.0,
    "CURRENT DIPOLE Z": -3.386286520383787e-15,
    "CURRENT ENERGY": -108.92055527665352,
    "CURRENT REFERENCE ENERGY": -108.35175617203144,
    "HF TOTAL ENERGY": -108.35175617203144,
    "LCCSD (+LMP2) TOTAL ENERGY": -108.9681922416252,
    "MP2 CORRELATION ENERGY": -0.7898062129941992,
    "MP2 OPPOSITE-SPIN CORRELATION ENERGY": -0.5512089366864303,
    "MP2 SAME-SPIN CORRELATION ENERGY": -0.23859727630776884,
    "MP2 TOTAL ENERGY": -109.14156238502595,
    "NUCLEAR REPULSION ENERGY": 13.163283115416252,
    "ONE-ELECTRON ENERGY": -172.90857181309485,
    "PCM POLARIZATION ENERGY": 0.0,
    "PE ENERGY": 0.0,
    "SCF DIPOLE X": 0.0,
    "SCF DIPOLE Y": 0.0,
    "SCF DIPOLE Z": -3.386286520383787e-15,
    "SCF ITERATION ENERGY": -108.35175617203144,
    "SCF ITERATIONS": 8.0,
    "SCF TOTAL ENERGY": -108.35175617203144,
    "TWO-ELECTRON ENERGY": 51.39353252564716
}