{
    "CC D1 DIAGNOSTIC": 0.11205751065858767,
    "CC D2 DIAGNOSTIC": 0.36179932768073325,
    "CC NEW D1 DIAGNOSTIC": 0.11205751065858767,
    "CC T1 DIAGNOSTIC": 0.03557070450954702,
    "CCSD CORRELATION ENERGY": -0.21551671511189693,
    "CCSD OPPOSITE-SPIN CORRELATION ENERGY": -0.18411857742968965,
    "CCSD SAME-SPIN CORRELATION ENERGY": -0.031398137682208144,
    "CCSD TOTAL ENERGY": -100.04857090350906,
    "CURRENT CORRELATION ENERGY": -0.21551671511189693,
    "CURRENT DIPOLE X": 0.0,
    "CURRENT DIPOLE Y": 0.0,
    "CURRENT DIPOLE Z": -3.4808398391098225,
    "CURRENT ENERGY": -100.04857090350906,
    "CURRENT REFERENCE ENERGY": -99.833054188397,
    "HF TOTAL ENERGY": -99.833054188397,
    "LCCSD (+LMP2) TOTAL ENERGY": -100.03094287641082,
    "MP2 CORRELATION ENERGY": -0.2041875283402889,
    "MP2 OPPOSITE-SPIN CORRELATION ENERGY": -0.15870001171043244,
    "MP2 SAME-SPIN CORRELATION ENERGY": -0.04548751662985645,
    "MP2 TOTAL ENERGY": -100.03724171673744,
    "NUCLEAR REPULSION ENERGY": 2.7312864101151875,
    "ONE-ELECTRON ENERGY": -146.23861409338008,
    "PCM POLARIZATION ENERGY": 0.0,
    "PE ENERGY": 0.0,
    "SCF DIPOLE X": 0.0,
    "SCF DIPOLE Y": 0.0,
    "SCF DIPOLE Z": -3.4808398391098225,
    "SCF ITERATION ENERGY": -99.833054188397,
    "SCF ITERATIONS": 10.0,
    "SCF TOTAL ENERGY": -99.833054188397,
    "TWO-ELECTRON ENERGY": 43.67427349486789
}