{
    "CC D1 DIAGNOSTIC": 0.019591275156754313,
    "CC D2 DIAGNOSTIC": 0.11626512999539897,
    "CC NEW D1 DIAGNOSTIC": 0.019591275156754313,
    "CC T1 DIAGNOSTIC": 0.006376397902932173,
    "CCSD CORRELATION ENERGY": -0.20727884980536843,
    "CCSD OPPOSITE-SPIN CORRELATION ENERGY": -0.16372188094869797,
    "CCSD SAME-SPIN CORRELATION ENERGY": -0.0435569688566706,
    "CCSD TOTAL ENERGY": -108.8189455791432,
    "CURRENT CORRELATION ENERGY": -0.20727884980536843,
    "CURRENT DIPOLE X": 0.0,
    "CURRENT DIPOLE Y": 0.0,
    "CURRENT DIPOLE Z": 1.4381088184988793,
    "CURRENT ENERGY": -108.8189455791432,
    "CURRENT REFERENCE ENERGY": -108.61166672933787,
    "HF TOTAL ENERGY": -108.61166672933787,
    "LCCSD (+LMP2) TOTAL ENERGY": -108.81602759550813,
    "MP2 CORRELATION ENERGY": -0.19818862272417764,
    "MP2 OPPOSITE-SPIN CORRELATION ENERGY": -0.15145441577411303,
    "MP2 SAME-SPIN CORRELATION ENERGY": -0.04673420695006461,
    "MP2 TOTAL ENERGY": -108.80985535206202,
    "NUCLEAR REPULSION ENERGY": 46.58710337621973,
    "ONE-ELECTRON ENERGY": -235.5705444442391,
    "PCM POLARIZATION ENERGY": 0.0,
    "PE ENERGY": 0.0,
    "SCF DIPOLE X": 0.0,
    "SCF DIPOLE Y": 0.0,
    "SCF DIPOLE Z": 1.4381088184988793,
    "SCF ITERATION ENERGY": -108.61166672933787,
    "SCF ITERATIONS": 10.0,
    "SCF TOTAL ENERGY": -108.61166672933787,
    "TWO-ELECTRON ENERGY": 80.3717743386815
}