{
    "CC D1 DIAGNOSTIC": 0.04024380765369084,
    "CC D2 DIAGNOSTIC": 0.09109992798076486,
    "CC NEW D1 DIAGNOSTIC": 0.04024380765369084,
    "CC T1 DIAGNOSTIC": 0.01361468835332782,
    "CCSD CORRELATION ENERGY": -0.2880978345468728,
    "CCSD OPPOSITE-SPIN CORRELATION ENERGY": -0.22363370002629254,
    "CCSD SAME-SPIN CORRELATION ENERGY": -0.06446413452058017,
    "CCSD TOTAL ENERGY": -261.5399212597987,
    "CURRENT CORRELATION ENERGY": -0.2880978345468728,
    "CURRENT DIPOLE X": 0.0,
    "CURRENT DIPOLE Y": 0.0,
    "CURRENT DIPOLE Z": -6.876436031850878,
    "CURRENT ENERGY": -261.5399212597987,
    "CURRENT REFERENCE ENERGY": -261.2518234252516,
    "HF TOTAL ENERGY": -261.2518234252516,
    "LCCSD (+LMP2) TOTAL ENERGY": -261.5406558197671,
    "MP2 CORRELATION ENERGY": -0.2892261111161866,
    "MP2 OPPOSITE-SPIN CORRELATION ENERGY": -0.21485335750381188,
    "MP2 SAME-SPIN CORRELATION ENERGY": -0.07437275361237475,
    "MP2 TOTAL ENERGY": -261.541049536368,
    "NUCLEAR REPULSION ENERGY": 34.69324534911704,
    "ONE-ELECTRON ENERGY": -439.38326505302336,
    "PCM POLARIZATION ENERGY": 0.0,
    "PE ENERGY": 0.0,
    "SCF DIPOLE X": 0.0,
    "SCF DIPOLE Y": 0.0,
    "SCF DIPOLE Z": -6.876436031850878,
    "SCF ITERATION ENERGY": -261.2518234252516,
    "SCF ITERATIONS": 10.0,
    "SCF TOTAL ENERGY": -261.2518234252516,
    "TWO-ELECTRON ENERGY": 143.43819627865477
}