{
    "CC D1 DIAGNOSTIC": 0.04609667383248055,
    "CC D2 DIAGNOSTIC": 0.20161291142995402,
    "CC NEW D1 DIAGNOSTIC": 0.04609667383248055,
    "CC T1 DIAGNOSTIC": 0.014526300496165268,
    "CCSD CORRELATION ENERGY": -0.16954814273777608,
    "CCSD OPPOSITE-SPIN CORRELATION ENERGY": -0.13838210804976267,
    "CCSD SAME-SPIN CORRELATION ENERGY": -0.031166034688013322,
    "CCSD TOTAL ENERGY": -104.30478885968076,
    "CURRENT CORRELATION ENERGY": -0.16954814273777608,
    "CURRENT DIPOLE X": 0.0,
    "CURRENT DIPOLE Y": 0.0,
    "CURRENT DIPOLE Z": 4.317234559378147,
    "CURRENT ENERGY": -104.30478885968076,
    "CURRENT REFERENCE ENERGY": -104.13524071694289,
    "HF TOTAL ENERGY": -104.13524071694289,
    "LCCSD (+LMP2) TOTAL ENERGY": -104.30269426717015,
    "MP2 CORRELATION ENERGY": -0.15402050642981766,
    "MP2 OPPOSITE-SPIN CORRELATION ENERGY": -0.12156354810711502,
    "MP2 SAME-SPIN CORRELATION ENERGY": -0.032456958322702636,
    "MP2 TOTAL ENERGY": -104.28926122337279,
    "NUCLEAR REPULSION ENERGY": 25.847901390271915,
    "ONE-ELECTRON ENERGY": -188.498213712212,
    "PCM POLARIZATION ENERGY": 0.0,
    "PE ENERGY": 0.0,
    "SCF DIPOLE X": 0.0,
    "SCF DIPOLE Y": 0.0,
    "SCF DIPOLE Z": 4.317234559378147,
    "SCF ITERATION ENERGY": -104.13524071694289,
    "SCF ITERATIONS": 11.0,
    "SCF TOTAL ENERGY": -104.13524071694289,
    "TWO-ELECTRON ENERGY": 58.51507160499718
}