{
    "CURRENT CORRELATION ENERGY": -0.2751417251761126,
    "CURRENT DIPOLE X": 0.0,
    "CURRENT DIPOLE Y": 0.0,
    "CURRENT DIPOLE Z": 0.15475277384879468,
    "CURRENT ENERGY": -110.23102481171004,
    "CURRENT REFERENCE ENERGY": -109.95588308653393,
    "CUSTOM SCS-MP2 CORRELATION ENERGY": -0.2779622274163299,
    "CUSTOM SCS-MP2 TOTAL ENERGY": -110.23384531395025,
    "HF TOTAL ENERGY": -109.95588308653393,
    "MP2 CORRELATION ENERGY": -0.2751417251761126,
    "MP2 OPPOSITE-SPIN CORRELATION ENERGY": -0.21490190656649127,
    "MP2 SAME-SPIN CORRELATION ENERGY": -0.06023981860962124,
    "MP2 TOTAL ENERGY": -110.23102481171004,
    "NUCLEAR REPULSION ENERGY": 32.111352158333865,
    "ONE-ELECTRON ENERGY": -212.4674708597191,
    "PCM POLARIZATION ENERGY": 0.0,
    "PE ENERGY": 0.0,
    "SCF DIPOLE X": 0.0,
    "SCF DIPOLE Y": 0.0,
    "SCF DIPOLE Z": 0.15475277384879468,
    "SCF ITERATION ENERGY": -109.95588308653393,
    "SCF ITERATIONS": 10.0,
    "SCF TOTAL ENERGY": -109.95588308653393,
    "SCS-MP2 CORRELATION ENERGY": -0.2779622274163299,
    "SCS-MP2 TOTAL ENERGY": -110.23384531395025,
    "SCS-MP2-VDW CORRELATION ENERGY": -0.30519434970990744,
    "SCS-MP2-VDW TOTAL ENERGY": -110.26107743624384,
    "SCSN-MP2 CORRELATION ENERGY": -0.10602208075292197,
    "SCSN-MP2 TOTAL ENERGY": -110.06190516728685,
    "SOS-MP2 CORRELATION ENERGY": 0.0,
    "SOS-MP2 TOTAL ENERGY": -109.95588308653393,
    "SOS-PI-MP2 CORRELATION ENERGY": -0.30086266919309423,
    "SOS-PI-MP2 TOTAL ENERGY": -110.25674575572702,
    "TWO-ELECTRON ENERGY": 70.40023561485131
}