{
    "CC D1 DIAGNOSTIC": 0.03448096748618687,
    "CC D2 DIAGNOSTIC": 0.3124944103606862,
    "CC NEW D1 DIAGNOSTIC": 0.03448096748618687,
    "CC T1 DIAGNOSTIC": 0.00865752637033898,
    "CCSD CORRELATION ENERGY": -0.26736549509158397,
    "CCSD OPPOSITE-SPIN CORRELATION ENERGY": -0.21385094342459707,
    "CCSD SAME-SPIN CORRELATION ENERGY": -0.05351455166698696,
    "CCSD TOTAL ENERGY": -258.6797369730519,
    "CURRENT CORRELATION ENERGY": -0.26736549509158397,
    "CURRENT DIPOLE X": 0.0,
    "CURRENT DIPOLE Y": 0.0,
    "CURRENT DIPOLE Z": 3.5719393876747216,
    "CURRENT ENERGY": -258.6797369730519,
    "CURRENT REFERENCE ENERGY": -258.41237147796005,
    "HF TOTAL ENERGY": -258.41237147796005,
    "LCCSD (+LMP2) TOTAL ENERGY": -258.6823990318387,
    "MP2 CORRELATION ENERGY": -0.2483210279920734,
    "MP2 OPPOSITE-SPIN CORRELATION ENERGY": -0.19140847857273635,
    "MP2 SAME-SPIN CORRELATION ENERGY": -0.056912549419337044,
    "MP2 TOTAL ENERGY": -258.66069250595234,
    "NUCLEAR REPULSION ENERGY": 68.58763307506362,
    "ONE-ELECTRON ENERGY": -487.3907709094345,
    "PCM POLARIZATION ENERGY": 0.0,
    "PE ENERGY": 0.0,
    "SCF DIPOLE X": 0.0,
    "SCF DIPOLE Y": 0.0,
    "SCF DIPOLE Z": 3.5719393876747216,
    "SCF ITERATION ENERGY": -258.41237147796005,
    "SCF ITERATIONS": 11.0,
    "SCF TOTAL ENERGY": -258.41237147796005,
    "TWO-ELECTRON ENERGY": 160.39076635641086
}