{
    "CC D1 DIAGNOSTIC": 0.02079634174771815,
    "CC D2 DIAGNOSTIC": 0.08720859463235002,
    "CC NEW D1 DIAGNOSTIC": 0.02079634174771815,
    "CC T1 DIAGNOSTIC": 0.006839907343538965,
    "CCSD CORRELATION ENERGY": -0.3306348778838982,
    "CCSD OPPOSITE-SPIN CORRELATION ENERGY": -0.24941926067842968,
    "CCSD SAME-SPIN CORRELATION ENERGY": -0.08121561720546855,
    "CCSD TOTAL ENERGY": -179.7419792860717,
    "CURRENT CORRELATION ENERGY": -0.3306348778838982,
    "CURRENT DIPOLE X": 0.0,
    "CURRENT DIPOLE Y": 0.0,
    "CURRENT DIPOLE Z": 0.0,
    "CURRENT ENERGY": -179.7419792860717,
    "CURRENT REFERENCE ENERGY": -179.41134440818843,
    "HF TOTAL ENERGY": -179.41134440818843,
    "LCCSD (+LMP2) TOTAL ENERGY": -179.73878035183796,
    "MP2 CORRELATION ENERGY": -0.33027883982350004,
    "MP2 OPPOSITE-SPIN CORRELATION ENERGY": -0.24081080811785277,
    "MP2 SAME-SPIN CORRELATION ENERGY": -0.08946803170564727,
    "MP2 TOTAL ENERGY": -179.7416232480113,
    "NUCLEAR REPULSION ENERGY": 122.53819918351132,
    "ONE-ELECTRON ENERGY": -479.9493873515655,
    "PCM POLARIZATION ENERGY": 0.0,
    "PE ENERGY": 0.0,
    "SCF DIPOLE X": 0.0,
    "SCF DIPOLE Y": 0.0,
    "SCF DIPOLE Z": 0.0,
    "SCF ITERATION ENERGY": -179.41134440818843,
    "SCF ITERATIONS": 10.0,
    "SCF TOTAL ENERGY": -179.41134440818843,
    "TWO-ELECTRON ENERGY": 177.99984375986577
}