{
    "CC D1 DIAGNOSTIC": 0.010820132961621463,
    "CC D2 DIAGNOSTIC": 0.07759169907947776,
    "CC NEW D1 DIAGNOSTIC": 0.010820132961621463,
    "CC T1 DIAGNOSTIC": 0.0043690680870947666,
    "CCSD CORRELATION ENERGY": -0.10453240722009427,
    "CCSD OPPOSITE-SPIN CORRELATION ENERGY": -0.0858660224638159,
    "CCSD SAME-SPIN CORRELATION ENERGY": -0.018666384756278465,
    "CCSD TOTAL ENERGY": -458.6762772590516,
    "CURRENT CORRELATION ENERGY": -0.10453240722009427,
    "CURRENT DIPOLE X": 0.0,
    "CURRENT DIPOLE Y": 0.0,
    "CURRENT DIPOLE Z": -1.4207334082347265,
    "CURRENT ENERGY": -458.6762772590516,
    "CURRENT REFERENCE ENERGY": -458.5717448518316,
    "HF TOTAL ENERGY": -458.5717448518317,
    "LCCSD (+LMP2) TOTAL ENERGY": -458.71466899915856,
    "MP2 CORRELATION ENERGY": -0.09599715100416784,
    "MP2 OPPOSITE-SPIN CORRELATION ENERGY": -0.0770475042018837,
    "MP2 SAME-SPIN CORRELATION ENERGY": -0.018949646802284142,
    "MP2 TOTAL ENERGY": -458.6677420028356,
    "NUCLEAR REPULSION ENERGY": 15.432814687039748,
    "ONE-ELECTRON ENERGY": -662.3453413257815,
    "PCM POLARIZATION ENERGY": 0.0,
    "PE ENERGY": 0.0,
    "SCF DIPOLE X": 0.0,
    "SCF DIPOLE Y": 0.0,
    "SCF DIPOLE Z": -1.4207334082347265,
    "SCF ITERATION ENERGY": -458.5717448518316,
    "SCF ITERATIONS": 9.0,
    "SCF TOTAL ENERGY": -458.5717448518316,
    "TWO-ELECTRON ENERGY": 188.34078178691018
}