{
    "CC D1 DIAGNOSTIC": 0.0349419802094068,
    "CC D2 DIAGNOSTIC": 0.22670228689645322,
    "CC NEW D1 DIAGNOSTIC": 0.0349419802094068,
    "CC T1 DIAGNOSTIC": 0.011294047857300657,
    "CCSD CORRELATION ENERGY": -0.29217232114410707,
    "CCSD OPPOSITE-SPIN CORRELATION ENERGY": -0.24475016083956472,
    "CCSD SAME-SPIN CORRELATION ENERGY": -0.04742216030454241,
    "CCSD TOTAL ENERGY": -110.21376977715119,
    "CURRENT CORRELATION ENERGY": -0.29217232114410707,
    "CURRENT DIPOLE X": 1.1287621734612623e-15,
    "CURRENT DIPOLE Y": -1.6931432601918935e-15,
    "CURRENT DIPOLE Z": 0.9614751936221185,
    "CURRENT ENERGY": -110.21376977715119,
    "CURRENT REFERENCE ENERGY": -109.92159745600691,
    "HF TOTAL ENERGY": -109.92159745600691,
    "LCCSD (+LMP2) TOTAL ENERGY": -110.21246019307685,
    "MP2 CORRELATION ENERGY": -0.27700712559887647,
    "MP2 OPPOSITE-SPIN CORRELATION ENERGY": -0.21656339185994888,
    "MP2 SAME-SPIN CORRELATION ENERGY": -0.060443733738927585,
    "MP2 TOTAL ENERGY": -110.19860458160595,
    "NUCLEAR REPULSION ENERGY": 32.11801430543817,
    "ONE-ELECTRON ENERGY": -212.47646757237928,
    "PCM POLARIZATION ENERGY": 0.0,
    "PE ENERGY": 0.0,
    "SCF DIPOLE X": 1.1287621734612623e-15,
    "SCF DIPOLE Y": -1.6931432601918935e-15,
    "SCF DIPOLE Z": 0.9614751936221185,
    "SCF ITERATION ENERGY": -109.92159745600691,
    "SCF ITERATIONS": 10.0,
    "SCF TOTAL ENERGY": -109.92159745600691,
    "TWO-ELECTRON ENERGY": 70.43685581093419
}