{
    "CC D1 DIAGNOSTIC": 0.04181221359408162,
    "CC D2 DIAGNOSTIC": 0.19752591258570365,
    "CC NEW D1 DIAGNOSTIC": 0.04181221359408162,
    "CC T1 DIAGNOSTIC": 0.013906521351551326,
    "CCSD CORRELATION ENERGY": -0.1830719608912556,
    "CCSD OPPOSITE-SPIN CORRELATION ENERGY": -0.1502939985418634,
    "CCSD SAME-SPIN CORRELATION ENERGY": -0.032777962349392314,
    "CCSD TOTAL ENERGY": -100.125187066199,
    "CURRENT CORRELATION ENERGY": -0.1830719608912556,
    "CURRENT DIPOLE X": 0.0,
    "CURRENT DIPOLE Y": 0.0,
    "CURRENT DIPOLE Z": -2.8474642773838954,
    "CURRENT ENERGY": -100.125187066199,
    "CURRENT REFERENCE ENERGY": -99.94211510530774,
    "HF TOTAL ENERGY": -99.94211510530774,
    "LCCSD (+LMP2) TOTAL ENERGY": -100.125187066199,
    "MP2 CORRELATION ENERGY": -0.18001881223227786,
    "MP2 OPPOSITE-SPIN CORRELATION ENERGY": -0.13754336527982908,
    "MP2 SAME-SPIN CORRELATION ENERGY": -0.04247544695244879,
    "MP2 TOTAL ENERGY": -100.12213391754003,
    "NUCLEAR REPULSION ENERGY": 3.645216862730655,
    "ONE-ELECTRON ENERGY": -147.9087405029554,
    "PCM POLARIZATION ENERGY": 0.0,
    "PE ENERGY": 0.0,
    "SCF DIPOLE X": 0.0,
    "SCF DIPOLE Y": 0.0,
    "SCF DIPOLE Z": -2.8474642773838954,
    "SCF ITERATION ENERGY": -99.94211510530774,
    "SCF ITERATIONS": 10.0,
    "SCF TOTAL ENERGY": -99.94211510530774,
    "TWO-ELECTRON ENERGY": 44.32140853491701
}