{
    "CC D1 DIAGNOSTIC": 0.06246509475214516,
    "CC D2 DIAGNOSTIC": 0.40315886756023894,
    "CC NEW D1 DIAGNOSTIC": 0.06246509475214516,
    "CC T1 DIAGNOSTIC": 0.026155918568140687,
    "CCSD CORRELATION ENERGY": -0.4290157053768087,
    "CCSD OPPOSITE-SPIN CORRELATION ENERGY": -0.3953931651403287,
    "CCSD SAME-SPIN CORRELATION ENERGY": -0.0336225402364802,
    "CCSD TOTAL ENERGY": -108.94540443610566,
    "CURRENT CORRELATION ENERGY": -0.4290157053768087,
    "CURRENT DIPOLE X": 0.0,
    "CURRENT DIPOLE Y": 0.0,
    "CURRENT DIPOLE Z": 5.643810867306312e-16,
    "CURRENT ENERGY": -108.94540443610566,
    "CURRENT REFERENCE ENERGY": -108.51638873072874,
    "HF TOTAL ENERGY": -108.51638873072874,
    "LCCSD (+LMP2) TOTAL ENERGY": -108.96296704719619,
    "MP2 CORRELATION ENERGY": -0.5777445480786818,
    "MP2 OPPOSITE-SPIN CORRELATION ENERGY": -0.41016895263771647,
    "MP2 SAME-SPIN CORRELATION ENERGY": -0.16757559544096534,
    "MP2 TOTAL ENERGY": -109.09413327880753,
    "NUCLEAR REPULSION ENERGY": 15.334344669370486,
    "ONE-ELECTRON ENERGY": -177.2948584759705,
    "PCM POLARIZATION ENERGY": 0.0,
    "PE ENERGY": 0.0,
    "SCF DIPOLE X": 0.0,
    "SCF DIPOLE Y": 0.0,
    "SCF DIPOLE Z": 5.643810867306312e-16,
    "SCF ITERATION ENERGY": -108.51638873072874,
    "SCF ITERATIONS": 8.0,
    "SCF TOTAL ENERGY": -108.51638873072874,
    "TWO-ELECTRON ENERGY": 53.44412507587127
}