{
    "CC D1 DIAGNOSTIC": 0.053469828790640474,
    "CC D2 DIAGNOSTIC": 0.2922844152051694,
    "CC NEW D1 DIAGNOSTIC": 0.053469828790640474,
    "CC T1 DIAGNOSTIC": 0.013283307693835872,
    "CCSD CORRELATION ENERGY": -0.14052238694104313,
    "CCSD OPPOSITE-SPIN CORRELATION ENERGY": -0.12000469906590713,
    "CCSD SAME-SPIN CORRELATION ENERGY": -0.020517687875136414,
    "CCSD TOTAL ENERGY": -460.1127145912098,
    "CURRENT CORRELATION ENERGY": -0.14052238694104313,
    "CURRENT DIPOLE X": 0.0,
    "CURRENT DIPOLE Y": 0.0,
    "CURRENT DIPOLE Z": -2.399027924702969,
    "CURRENT ENERGY": -460.1127145912098,
    "CURRENT REFERENCE ENERGY": -459.97219220426894,
    "HF TOTAL ENERGY": -459.97219220426894,
    "LCCSD (+LMP2) TOTAL ENERGY": -460.1461341578468,
    "MP2 CORRELATION ENERGY": -0.12062367187422024,
    "MP2 OPPOSITE-SPIN CORRELATION ENERGY": -0.09733183560611522,
    "MP2 SAME-SPIN CORRELATION ENERGY": -0.02329183626810502,
    "MP2 TOTAL ENERGY": -460.092815876143,
    "NUCLEAR REPULSION ENERGY": 4.584395656073266,
    "ONE-ELECTRON ENERGY": -644.8481561073158,
    "PCM POLARIZATION ENERGY": 0.0,
    "PE ENERGY": 0.0,
    "SCF DIPOLE X": 0.0,
    "SCF DIPOLE Y": 0.0,
    "SCF DIPOLE Z": -2.399027924702969,
    "SCF ITERATION ENERGY": -459.97219220426894,
    "SCF ITERATIONS": 9.0,
    "SCF TOTAL ENERGY": -459.97219220426894,
    "TWO-ELECTRON ENERGY": 180.2915682469736
}