{
    "CC D1 DIAGNOSTIC": 0.07251889212201983,
    "CC D2 DIAGNOSTIC": 0.17782104201000123,
    "CC NEW D1 DIAGNOSTIC": 0.07251889212201983,
    "CC T1 DIAGNOSTIC": 0.028517437292810324,
    "CCSD CORRELATION ENERGY": -0.2772266619102003,
    "CCSD OPPOSITE-SPIN CORRELATION ENERGY": -0.22374495253459725,
    "CCSD SAME-SPIN CORRELATION ENERGY": -0.053481709375603204,
    "CCSD TOTAL ENERGY": -112.92950640100396,
    "CURRENT CORRELATION ENERGY": -0.2772266619102003,
    "CURRENT DIPOLE X": 0.0,
    "CURRENT DIPOLE Y": 0.0,
    "CURRENT DIPOLE Z": -1.3079436938839801,
    "CURRENT ENERGY": -112.92950640100396,
    "CURRENT REFERENCE ENERGY": -112.65227973909377,
    "HF TOTAL ENERGY": -112.65227973909377,
    "LCCSD (+LMP2) TOTAL ENERGY": -112.93125937594195,
    "MP2 CORRELATION ENERGY": -0.28971134656073155,
    "MP2 OPPOSITE-SPIN CORRELATION ENERGY": -0.2162162480583471,
    "MP2 SAME-SPIN CORRELATION ENERGY": -0.07349509850238445,
    "MP2 TOTAL ENERGY": -112.9419910856545,
    "NUCLEAR REPULSION ENERGY": 19.668096172450735,
    "ONE-ELECTRON ENERGY": -192.44148628027355,
    "PCM POLARIZATION ENERGY": 0.0,
    "PE ENERGY": 0.0,
    "SCF DIPOLE X": 0.0,
    "SCF DIPOLE Y": 0.0,
    "SCF DIPOLE Z": -1.3079436938839801,
    "SCF ITERATION ENERGY": -112.65227973909377,
    "SCF ITERATIONS": 10.0,
    "SCF TOTAL ENERGY": -112.65227973909377,
    "TWO-ELECTRON ENERGY": 60.12111036872905
}