{
    "CC D1 DIAGNOSTIC": 0.08836736051670781,
    "CC D2 DIAGNOSTIC": 0.7098031051052968,
    "CC NEW D1 DIAGNOSTIC": 0.08836736051670781,
    "CC T1 DIAGNOSTIC": 0.029463967770917688,
    "CCSD CORRELATION ENERGY": -0.5247814829961952,
    "CCSD OPPOSITE-SPIN CORRELATION ENERGY": -0.5147089516979335,
    "CCSD SAME-SPIN CORRELATION ENERGY": -0.0100725312982618,
    "CCSD TOTAL ENERGY": -149.74974477176897,
    "CURRENT CORRELATION ENERGY": -0.5247814829961952,
    "CURRENT DIPOLE X": 0.0,
    "CURRENT DIPOLE Y": 0.0,
    "CURRENT DIPOLE Z": 0.0,
    "CURRENT ENERGY": -149.74974477176897,
    "CURRENT REFERENCE ENERGY": -149.22496328877278,
    "HF TOTAL ENERGY": -149.22496328877278,
    "LCCSD (+LMP2) TOTAL ENERGY": -149.744630634393,
    "MP2 CORRELATION ENERGY": -0.6565732775939105,
    "MP2 OPPOSITE-SPIN CORRELATION ENERGY": -0.4833926518597203,
    "MP2 SAME-SPIN CORRELATION ENERGY": -0.17318062573419019,
    "MP2 TOTAL ENERGY": -149.8815365663667,
    "NUCLEAR REPULSION ENERGY": 17.062280898969927,
    "ONE-ELECTRON ENERGY": -239.63273727079732,
    "PCM POLARIZATION ENERGY": 0.0,
    "PE ENERGY": 0.0,
    "SCF DIPOLE X": 0.0,
    "SCF DIPOLE Y": 0.0,
    "SCF DIPOLE Z": 0.0,
    "SCF ITERATION ENERGY": -149.22496328877278,
    "SCF ITERATIONS": 9.0,
    "SCF TOTAL ENERGY": -149.22496328877278,
    "TWO-ELECTRON ENERGY": 73.3454930830546
}