{
    "CC D1 DIAGNOSTIC": 0.2827561604536219,
    "CC D2 DIAGNOSTIC": 0.2469939549378369,
    "CC NEW D1 DIAGNOSTIC": 0.2827561604536219,
    "CC T1 DIAGNOSTIC": 0.11748234385070552,
    "CCSD CORRELATION ENERGY": -0.327807232246537,
    "CCSD OPPOSITE-SPIN CORRELATION ENERGY": -0.25877179580351917,
    "CCSD SAME-SPIN CORRELATION ENERGY": -0.06903543644301796,
    "CCSD TOTAL ENERGY": -112.74801996320467,
    "CURRENT CORRELATION ENERGY": -0.327807232246537,
    "CURRENT DIPOLE X": 0.0,
    "CURRENT DIPOLE Y": 0.0,
    "CURRENT DIPOLE Z": -3.091104100517491,
    "CURRENT ENERGY": -112.74801996320467,
    "CURRENT REFERENCE ENERGY": -112.42021273095781,
    "HF TOTAL ENERGY": -112.42021273095781,
    "LCCSD (+LMP2) TOTAL ENERGY": -112.74802595686006,
    "MP2 CORRELATION ENERGY": -0.30884832723940364,
    "MP2 OPPOSITE-SPIN CORRELATION ENERGY": -0.23131314405897288,
    "MP2 SAME-SPIN CORRELATION ENERGY": -0.07753518318043076,
    "MP2 TOTAL ENERGY": -112.72906105819753,
    "NUCLEAR REPULSION ENERGY": 14.63010337574483,
    "ONE-ELECTRON ENERGY": -182.81788399842668,
    "PCM POLARIZATION ENERGY": 0.0,
    "PE ENERGY": 0.0,
    "SCF DIPOLE X": 0.0,
    "SCF DIPOLE Y": 0.0,
    "SCF DIPOLE Z": -3.091104100517491,
    "SCF ITERATION ENERGY": -112.42021273095781,
    "SCF ITERATIONS": 13.0,
    "SCF TOTAL ENERGY": -112.42021273095781,
    "TWO-ELECTRON ENERGY": 55.767567891724035
}