{
    "CC D1 DIAGNOSTIC": 0.03745046332013698,
    "CC D2 DIAGNOSTIC": 0.23614617327477444,
    "CC NEW D1 DIAGNOSTIC": 0.03745046332013698,
    "CC T1 DIAGNOSTIC": 0.009814388473611694,
    "CCSD CORRELATION ENERGY": -0.13150553619461067,
    "CCSD OPPOSITE-SPIN CORRELATION ENERGY": -0.11096132549267164,
    "CCSD SAME-SPIN CORRELATION ENERGY": -0.020544210701940416,
    "CCSD TOTAL ENERGY": -460.1345329761901,
    "CURRENT CORRELATION ENERGY": -0.13150553619461067,
    "CURRENT DIPOLE X": 0.0,
    "CURRENT DIPOLE Y": 0.0,
    "CURRENT DIPOLE Z": -2.2274252374365866,
    "CURRENT ENERGY": -460.1345329761901,
    "CURRENT REFERENCE ENERGY": -460.00302743999555,
    "HF TOTAL ENERGY": -460.00302743999555,
    "LCCSD (+LMP2) TOTAL ENERGY": -460.13363196173134,
    "MP2 CORRELATION ENERGY": -0.11530710164144473,
    "MP2 OPPOSITE-SPIN CORRELATION ENERGY": -0.09261931462686193,
    "MP2 SAME-SPIN CORRELATION ENERGY": -0.022687787014582794,
    "MP2 TOTAL ENERGY": -460.11833454163695,
    "NUCLEAR REPULSION ENERGY": 5.028669954203961,
    "ONE-ELECTRON ENERGY": -645.7180265270473,
    "PCM POLARIZATION ENERGY": 0.0,
    "PE ENERGY": 0.0,
    "SCF DIPOLE X": 0.0,
    "SCF DIPOLE Y": 0.0,
    "SCF DIPOLE Z": -2.2274252374365866,
    "SCF ITERATION ENERGY": -460.00302743999555,
    "SCF ITERATIONS": 9.0,
    "SCF TOTAL ENERGY": -460.00302743999555,
    "TWO-ELECTRON ENERGY": 180.68632913284785
}