{
    "CC D1 DIAGNOSTIC": 0.1439965790660045,
    "CC D2 DIAGNOSTIC": 0.4335274593974008,
    "CC NEW D1 DIAGNOSTIC": 0.1439965790660045,
    "CC T1 DIAGNOSTIC": 0.04562362239221712,
    "CCSD CORRELATION ENERGY": -0.22852653993337949,
    "CCSD OPPOSITE-SPIN CORRELATION ENERGY": -0.1979909485353549,
    "CCSD SAME-SPIN CORRELATION ENERGY": -0.030535591398025808,
    "CCSD TOTAL ENERGY": -100.03191531773304,
    "CURRENT CORRELATION ENERGY": -0.22852653993337949,
    "CURRENT DIPOLE X": 0.0,
    "CURRENT DIPOLE Y": 0.0,
    "CURRENT DIPOLE Z": -3.6896079211620445,
    "CURRENT ENERGY": -100.03191531773304,
    "CURRENT REFERENCE ENERGY": -99.80338877779971,
    "HF TOTAL ENERGY": -99.8033887777997,
    "LCCSD (+LMP2) TOTAL ENERGY": -99.94453636329702,
    "MP2 CORRELATION ENERGY": -0.21292658120486968,
    "MP2 OPPOSITE-SPIN CORRELATION ENERGY": -0.16670039571094802,
    "MP2 SAME-SPIN CORRELATION ENERGY": -0.04622618549392166,
    "MP2 TOTAL ENERGY": -100.01631535900452,
    "NUCLEAR REPULSION ENERGY": 2.523985044766898,
    "ONE-ELECTRON ENERGY": -145.85313673898818,
    "PCM POLARIZATION ENERGY": 0.0,
    "PE ENERGY": 0.0,
    "SCF DIPOLE X": 0.0,
    "SCF DIPOLE Y": 0.0,
    "SCF DIPOLE Z": -3.6896079211620445,
    "SCF ITERATION ENERGY": -99.80338877779971,
    "SCF ITERATIONS": 10.0,
    "SCF TOTAL ENERGY": -99.80338877779971,
    "TWO-ELECTRON ENERGY": 43.525762916421584
}