{
    "CC D1 DIAGNOSTIC": 0.023017304329067623,
    "CC D2 DIAGNOSTIC": 0.16706442219712447,
    "CC NEW D1 DIAGNOSTIC": 0.023017304329067623,
    "CC T1 DIAGNOSTIC": 0.009715938928701744,
    "CCSD CORRELATION ENERGY": -0.26795554767015045,
    "CCSD OPPOSITE-SPIN CORRELATION ENERGY": -0.21687484827309952,
    "CCSD SAME-SPIN CORRELATION ENERGY": -0.05108069939705098,
    "CCSD TOTAL ENERGY": -109.16112231744744,
    "CURRENT CORRELATION ENERGY": -0.26795554767015045,
    "CURRENT DIPOLE X": 0.0,
    "CURRENT DIPOLE Y": 0.0,
    "CURRENT DIPOLE Z": 0.0,
    "CURRENT ENERGY": -109.16112231744744,
    "CURRENT REFERENCE ENERGY": -108.8931667697772,
    "HF TOTAL ENERGY": -108.8931667697772,
    "LCCSD (+LMP2) TOTAL ENERGY": -109.13262197902691,
    "MP2 CORRELATION ENERGY": -0.27608962367337087,
    "MP2 OPPOSITE-SPIN CORRELATION ENERGY": -0.20724769088046746,
    "MP2 SAME-SPIN CORRELATION ENERGY": -0.0688419327929034,
    "MP2 TOTAL ENERGY": -109.16925639345065,
    "NUCLEAR REPULSION ENERGY": 24.339655571901748,
    "ONE-ELECTRON ENERGY": -195.23925091163957,
    "PCM POLARIZATION ENERGY": 0.0,
    "PE ENERGY": 0.0,
    "SCF DIPOLE X": 0.0,
    "SCF DIPOLE Y": 0.0,
    "SCF DIPOLE Z": 0.0,
    "SCF ITERATION ENERGY": -108.8931667697772,
    "SCF ITERATIONS": 8.0,
    "SCF TOTAL ENERGY": -108.8931667697772,
    "TWO-ELECTRON ENERGY": 62.00642856996063
}