{
    "CC D1 DIAGNOSTIC": 0.03513640747914305,
    "CC D2 DIAGNOSTIC": 0.09558931103800662,
    "CC NEW D1 DIAGNOSTIC": 0.03513640747914305,
    "CC T1 DIAGNOSTIC": 0.015347986236519787,
    "CCSD CORRELATION ENERGY": -0.17814070110321176,
    "CCSD OPPOSITE-SPIN CORRELATION ENERGY": -0.14262450893022802,
    "CCSD SAME-SPIN CORRELATION ENERGY": -0.03551619217298377,
    "CCSD TOTAL ENERGY": -107.12498990799145,
    "CURRENT CORRELATION ENERGY": -0.17814070110321176,
    "CURRENT DIPOLE X": 0.0,
    "CURRENT DIPOLE Y": 0.0,
    "CURRENT DIPOLE Z": -5.6980638788867015,
    "CURRENT ENERGY": -107.12498990799145,
    "CURRENT REFERENCE ENERGY": -106.94684920688817,
    "HF TOTAL ENERGY": -106.94684920688817,
    "LCCSD (+LMP2) TOTAL ENERGY": -107.12417747417643,
    "MP2 CORRELATION ENERGY": -0.17857574522140315,
    "MP2 OPPOSITE-SPIN CORRELATION ENERGY": -0.13532822564068797,
    "MP2 SAME-SPIN CORRELATION ENERGY": -0.04324751958071518,
    "MP2 TOTAL ENERGY": -107.12542495210964,
    "NUCLEAR REPULSION ENERGY": 10.339160556108764,
    "ONE-ELECTRON ENERGY": -171.77301836895123,
    "PCM POLARIZATION ENERGY": 0.0,
    "PE ENERGY": 0.0,
    "SCF DIPOLE X": 0.0,
    "SCF DIPOLE Y": 0.0,
    "SCF DIPOLE Z": -5.6980638788867015,
    "SCF ITERATION ENERGY": -106.94684920688817,
    "SCF ITERATIONS": 10.0,
    "SCF TOTAL ENERGY": -106.94684920688817,
    "TWO-ELECTRON ENERGY": 54.48700860595428
}