{
    "CC D1 DIAGNOSTIC": 0.03799647596369986,
    "CC D2 DIAGNOSTIC": 0.09169347551735356,
    "CC NEW D1 DIAGNOSTIC": 0.03799647596369986,
    "CC T1 DIAGNOSTIC": 0.014905948103172698,
    "CCSD CORRELATION ENERGY": -0.17473764033308706,
    "CCSD OPPOSITE-SPIN CORRELATION ENERGY": -0.1387984907178373,
    "CCSD SAME-SPIN CORRELATION ENERGY": -0.03593914961524983,
    "CCSD TOTAL ENERGY": -106.69117606896106,
    "CURRENT CORRELATION ENERGY": -0.17473764033308706,
    "CURRENT DIPOLE X": 0.0,
    "CURRENT DIPOLE Y": 0.0,
    "CURRENT DIPOLE Z": -3.627766292643092,
    "CURRENT ENERGY": -106.69117606896106,
    "CURRENT REFERENCE ENERGY": -106.51643842862795,
    "HF TOTAL ENERGY": -106.51643842862795,
    "LCCSD (+LMP2) TOTAL ENERGY": -106.69117606896106,
    "MP2 CORRELATION ENERGY": -0.1751756783758659,
    "MP2 OPPOSITE-SPIN CORRELATION ENERGY": -0.13226281598491393,
    "MP2 SAME-SPIN CORRELATION ENERGY": -0.04291286239095196,
    "MP2 TOTAL ENERGY": -106.69161410700383,
    "NUCLEAR REPULSION ENERGY": 15.123772090052714,
    "ONE-ELECTRON ENERGY": -179.84606978405319,
    "PCM POLARIZATION ENERGY": 0.0,
    "PE ENERGY": 0.0,
    "SCF DIPOLE X": 0.0,
    "SCF DIPOLE Y": 0.0,
    "SCF DIPOLE Z": -3.627766292643092,
    "SCF ITERATION ENERGY": -106.51643842862795,
    "SCF ITERATIONS": 10.0,
    "SCF TOTAL ENERGY": -106.51643842862795,
    "TWO-ELECTRON ENERGY": 58.205859265372524
}