{
    "CC D1 DIAGNOSTIC": 0.058662362652163784,
    "CC D2 DIAGNOSTIC": 0.16826848605098924,
    "CC NEW D1 DIAGNOSTIC": 0.058662362652163784,
    "CC T1 DIAGNOSTIC": 0.023133930481901335,
    "CCSD CORRELATION ENERGY": -0.2674080146754312,
    "CCSD OPPOSITE-SPIN CORRELATION ENERGY": -0.21563020224827828,
    "CCSD SAME-SPIN CORRELATION ENERGY": -0.0517778124271529,
    "CCSD TOTAL ENERGY": -112.9501506350771,
    "CURRENT CORRELATION ENERGY": -0.2674080146754312,
    "CURRENT DIPOLE X": 0.0,
    "CURRENT DIPOLE Y": 0.0,
    "CURRENT DIPOLE Z": -0.9305697323695226,
    "CURRENT ENERGY": -112.9501506350771,
    "CURRENT REFERENCE ENERGY": -112.68274262040171,
    "HF TOTAL ENERGY": -112.68274262040171,
    "LCCSD (+LMP2) TOTAL ENERGY": -112.95017367408167,
    "MP2 CORRELATION ENERGY": -0.27555092921906443,
    "MP2 OPPOSITE-SPIN CORRELATION ENERGY": -0.20660814344660383,
    "MP2 SAME-SPIN CORRELATION ENERGY": -0.0689427857724606,
    "MP2 TOTAL ENERGY": -112.95829354962073,
    "NUCLEAR REPULSION ENERGY": 20.887193042643972,
    "ONE-ELECTRON ENERGY": -194.76846706824583,
    "PCM POLARIZATION ENERGY": 0.0,
    "PE ENERGY": 0.0,
    "SCF DIPOLE X": 0.0,
    "SCF DIPOLE Y": 0.0,
    "SCF DIPOLE Z": -0.9305697323695226,
    "SCF ITERATION ENERGY": -112.68274262040171,
    "SCF ITERATIONS": 10.0,
    "SCF TOTAL ENERGY": -112.68274262040171,
    "TWO-ELECTRON ENERGY": 61.19853140520012
}