{
    "CC D1 DIAGNOSTIC": 0.04689502702773577,
    "CC D2 DIAGNOSTIC": 0.21068642026150067,
    "CC NEW D1 DIAGNOSTIC": 0.04689502702773577,
    "CC T1 DIAGNOSTIC": 0.015421046125488114,
    "CCSD CORRELATION ENERGY": -0.18596399220707055,
    "CCSD OPPOSITE-SPIN CORRELATION ENERGY": -0.15321647815394757,
    "CCSD SAME-SPIN CORRELATION ENERGY": -0.03274751405312312,
    "CCSD TOTAL ENERGY": -100.11597853315641,
    "CURRENT CORRELATION ENERGY": -0.18596399220707055,
    "CURRENT DIPOLE X": 0.0,
    "CURRENT DIPOLE Y": 0.0,
    "CURRENT DIPOLE Z": -2.9110645740903247,
    "CURRENT ENERGY": -100.11597853315641,
    "CURRENT REFERENCE ENERGY": -99.93001454094926,
    "HF TOTAL ENERGY": -99.93001454094924,
    "LCCSD (+LMP2) TOTAL ENERGY": -100.12726068076269,
    "MP2 CORRELATION ENERGY": -0.18240024880803427,
    "MP2 OPPOSITE-SPIN CORRELATION ENERGY": -0.13954964752250393,
    "MP2 SAME-SPIN CORRELATION ENERGY": -0.04285060128553034,
    "MP2 TOTAL ENERGY": -100.11241478975738,
    "NUCLEAR REPULSION ENERGY": 3.5232579342378063,
    "ONE-ELECTRON ENERGY": -147.68908877946626,
    "PCM POLARIZATION ENERGY": 0.0,
    "PE ENERGY": 0.0,
    "SCF DIPOLE X": 0.0,
    "SCF DIPOLE Y": 0.0,
    "SCF DIPOLE Z": -2.9110645740903247,
    "SCF ITERATION ENERGY": -99.93001454094926,
    "SCF ITERATIONS": 10.0,
    "SCF TOTAL ENERGY": -99.93001454094926,
    "TWO-ELECTRON ENERGY": 44.2358163042792
}