{
    "CC D1 DIAGNOSTIC": 0.014713949555153732,
    "CC D2 DIAGNOSTIC": 0.13893446929791403,
    "CC NEW D1 DIAGNOSTIC": 0.014713949555153732,
    "CC T1 DIAGNOSTIC": 0.005390665072809707,
    "CCSD CORRELATION ENERGY": -0.11446238700930002,
    "CCSD OPPOSITE-SPIN CORRELATION ENERGY": -0.09458575757678409,
    "CCSD SAME-SPIN CORRELATION ENERGY": -0.019876629432515974,
    "CCSD TOTAL ENERGY": -460.1788000400029,
    "CURRENT CORRELATION ENERGY": -0.11446238700930002,
    "CURRENT DIPOLE X": 0.0,
    "CURRENT DIPOLE Y": 0.0,
    "CURRENT DIPOLE Z": -1.9269978930980995,
    "CURRENT ENERGY": -460.1788000400029,
    "CURRENT REFERENCE ENERGY": -460.0643376529938,
    "HF TOTAL ENERGY": -460.0643376529938,
    "LCCSD (+LMP2) TOTAL ENERGY": -460.19203388683457,
    "MP2 CORRELATION ENERGY": -0.10394977158802644,
    "MP2 OPPOSITE-SPIN CORRELATION ENERGY": -0.08301614530772715,
    "MP2 SAME-SPIN CORRELATION ENERGY": -0.020933626280299295,
    "MP2 TOTAL ENERGY": -460.1682874245816,
    "NUCLEAR REPULSION ENERGY": 6.545544803278282,
    "ONE-ELECTRON ENERGY": -648.6599123313788,
    "PCM POLARIZATION ENERGY": 0.0,
    "PE ENERGY": 0.0,
    "SCF DIPOLE X": 0.0,
    "SCF DIPOLE Y": 0.0,
    "SCF DIPOLE Z": -1.9269978930980995,
    "SCF ITERATION ENERGY": -460.0643376529938,
    "SCF ITERATIONS": 9.0,
    "SCF TOTAL ENERGY": -460.0643376529938,
    "TWO-ELECTRON ENERGY": 182.0500298751067
}