{
    "CC D1 DIAGNOSTIC": 0.013234940197513484,
    "CC D2 DIAGNOSTIC": 0.1183712083552932,
    "CC NEW D1 DIAGNOSTIC": 0.013234940197513484,
    "CC T1 DIAGNOSTIC": 0.006656806985619101,
    "CCSD CORRELATION ENERGY": -0.16230322548373977,
    "CCSD OPPOSITE-SPIN CORRELATION ENERGY": -0.13428271663272418,
    "CCSD SAME-SPIN CORRELATION ENERGY": -0.028020508851015535,
    "CCSD TOTAL ENERGY": -76.17262226625112,
    "CURRENT CORRELATION ENERGY": -0.16230322548373977,
    "CURRENT DIPOLE X": 0.0,
    "CURRENT DIPOLE Y": -5.643810867306312e-16,
    "CURRENT DIPOLE Z": -2.5571745649580446,
    "CURRENT ENERGY": -76.17262226625112,
    "CURRENT REFERENCE ENERGY": -76.01031904076736,
    "HF TOTAL ENERGY": -76.01031904076737,
    "LCCSD (+LMP2) TOTAL ENERGY": -76.17248344933904,
    "MP2 CORRELATION ENERGY": -0.1562589338712395,
    "MP2 OPPOSITE-SPIN CORRELATION ENERGY": -0.12183423551389713,
    "MP2 SAME-SPIN CORRELATION ENERGY": -0.03442469835734238,
    "MP2 TOTAL ENERGY": -76.16657797463863,
    "NUCLEAR REPULSION ENERGY": 9.159506866404957,
    "ONE-ELECTRON ENERGY": -122.98131143568196,
    "PCM POLARIZATION ENERGY": 0.0,
    "PE ENERGY": 0.0,
    "SCF DIPOLE X": 0.0,
    "SCF DIPOLE Y": -5.643810867306312e-16,
    "SCF DIPOLE Z": -2.5571745649580446,
    "SCF ITERATION ENERGY": -76.01031904076736,
    "SCF ITERATIONS": 10.0,
    "SCF TOTAL ENERGY": -76.01031904076736,
    "TWO-ELECTRON ENERGY": 37.81148552850964
}