{
    "CURRENT CORRELATION ENERGY": -0.02642140820013772,
    "CURRENT DIPOLE X": 0.0,
    "CURRENT DIPOLE Y": 0.0,
    "CURRENT DIPOLE Z": 4.391590331122724e-15,
    "CURRENT ENERGY": -1.0592591765214623,
    "CURRENT REFERENCE ENERGY": -1.0328377683213246,
    "CUSTOM SCS-MP2 CORRELATION ENERGY": -0.03170568984016516,
    "CUSTOM SCS-MP2 TOTAL ENERGY": -1.0645434581614897,
    "HF TOTAL ENERGY": -1.0328377683213246,
    "MP2 CORRELATION ENERGY": -0.02642140820013772,
    "MP2 OPPOSITE-SPIN CORRELATION ENERGY": -0.026421408200137636,
    "MP2 SAME-SPIN CORRELATION ENERGY": 0.0,
    "MP2 TOTAL ENERGY": -1.0592591765214623,
    "NUCLEAR REPULSION ENERGY": 0.3989182049666156,
    "ONE-ELECTRON ENERGY": -1.928572665683333,
    "PCM POLARIZATION ENERGY": 0.0,
    "PE ENERGY": 0.0,
    "SCF DIPOLE X": 0.0,
    "SCF DIPOLE Y": 0.0,
    "SCF DIPOLE Z": 4.391590331122724e-15,
    "SCF ITERATION ENERGY": -1.0328377683213246,
    "SCF ITERATIONS": 5.0,
    "SCF TOTAL ENERGY": -1.0328377683213246,
    "SCS-MP2 CORRELATION ENERGY": -0.03170568984016516,
    "SCS-MP2 TOTAL ENERGY": -1.0645434581614897,
    "SCS-MP2-VDW CORRELATION ENERGY": -0.03381940249617621,
    "SCS-MP2-VDW TOTAL ENERGY": -1.0666571708175008,
    "SCSN-MP2 CORRELATION ENERGY": 0.0,
    "SCSN-MP2 TOTAL ENERGY": -1.0328377683213246,
    "SOS-MP2 CORRELATION ENERGY": -0.03434783066017899,
    "SOS-MP2 TOTAL ENERGY": -1.0671855989815036,
    "SOS-PI-MP2 CORRELATION ENERGY": -0.036989971480192674,
    "SOS-PI-MP2 TOTAL ENERGY": -1.0698277398015172,
    "TWO-ELECTRON ENERGY": 0.49681669239539306
}