{
    "CC D1 DIAGNOSTIC": 0.01831919312167644,
    "CC D2 DIAGNOSTIC": 0.20342961199744633,
    "CC NEW D1 DIAGNOSTIC": 0.01831919312167644,
    "CC T1 DIAGNOSTIC": 0.006970863080275239,
    "CCSD CORRELATION ENERGY": -0.26044493388395235,
    "CCSD OPPOSITE-SPIN CORRELATION ENERGY": -0.20994927034330949,
    "CCSD SAME-SPIN CORRELATION ENERGY": -0.050495663540642916,
    "CCSD TOTAL ENERGY": -149.51213144753916,
    "CURRENT CORRELATION ENERGY": -0.26044493388395235,
    "CURRENT DIPOLE X": 0.0,
    "CURRENT DIPOLE Y": 0.0,
    "CURRENT DIPOLE Z": 0.0,
    "CURRENT ENERGY": -149.51213144753916,
    "CURRENT REFERENCE ENERGY": -149.25168651365505,
    "HF TOTAL ENERGY": -149.25168651365505,
    "LCCSD (+LMP2) TOTAL ENERGY": -149.556025518777,
    "MP2 CORRELATION ENERGY": -0.251226553413002,
    "MP2 OPPOSITE-SPIN CORRELATION ENERGY": -0.1927721954776636,
    "MP2 SAME-SPIN CORRELATION ENERGY": -0.058454357935338375,
    "MP2 TOTAL ENERGY": -149.50291306706822,
    "NUCLEAR REPULSION ENERGY": 36.72807059996251,
    "ONE-ELECTRON ENERGY": -277.1853261383604,
    "PCM POLARIZATION ENERGY": 0.0,
    "PE ENERGY": 0.0,
    "SCF DIPOLE X": 0.0,
    "SCF DIPOLE Y": 0.0,
    "SCF DIPOLE Z": 0.0,
    "SCF ITERATION ENERGY": -149.25168651365505,
    "SCF ITERATIONS": 9.0,
    "SCF TOTAL ENERGY": -149.25168651365505,
    "TWO-ELECTRON ENERGY": 91.20556902474284
}