{
    "CC D1 DIAGNOSTIC": 0.17222038474519136,
    "CC D2 DIAGNOSTIC": 0.2177294172878225,
    "CC NEW D1 DIAGNOSTIC": 0.17222038474519136,
    "CC T1 DIAGNOSTIC": 0.06945428903407336,
    "CCSD CORRELATION ENERGY": -0.31439995925472647,
    "CCSD OPPOSITE-SPIN CORRELATION ENERGY": -0.25313454705082783,
    "CCSD SAME-SPIN CORRELATION ENERGY": -0.061265412203898695,
    "CCSD TOTAL ENERGY": -112.80342319998327,
    "CURRENT CORRELATION ENERGY": -0.31439995925472647,
    "CURRENT DIPOLE X": 0.0,
    "CURRENT DIPOLE Y": 0.0,
    "CURRENT DIPOLE Z": -2.705341586319338,
    "CURRENT ENERGY": -112.80342319998327,
    "CURRENT REFERENCE ENERGY": -112.48902324072881,
    "HF TOTAL ENERGY": -112.48902324072881,
    "LCCSD (+LMP2) TOTAL ENERGY": -112.80342967984068,
    "MP2 CORRELATION ENERGY": -0.33417774894183516,
    "MP2 OPPOSITE-SPIN CORRELATION ENERGY": -0.2465775527092883,
    "MP2 SAME-SPIN CORRELATION ENERGY": -0.08760019623254686,
    "MP2 TOTAL ENERGY": -112.82320098967038,
    "NUCLEAR REPULSION ENERGY": 15.945428127191926,
    "ONE-ELECTRON ENERGY": -185.29870258521512,
    "PCM POLARIZATION ENERGY": 0.0,
    "PE ENERGY": 0.0,
    "SCF DIPOLE X": 0.0,
    "SCF DIPOLE Y": 0.0,
    "SCF DIPOLE Z": -2.705341586319338,
    "SCF ITERATION ENERGY": -112.48902324072881,
    "SCF ITERATIONS": 12.0,
    "SCF TOTAL ENERGY": -112.48902324072881,
    "TWO-ELECTRON ENERGY": 56.864251217294395
}