{
    "CC D1 DIAGNOSTIC": 0.45326661950021047,
    "CC D2 DIAGNOSTIC": 0.41038709724782524,
    "CC NEW D1 DIAGNOSTIC": 0.45326661950021047,
    "CC T1 DIAGNOSTIC": 0.14967212913330985,
    "CCSD CORRELATION ENERGY": -0.4685536122183615,
    "CCSD OPPOSITE-SPIN CORRELATION ENERGY": -0.3607427902221733,
    "CCSD SAME-SPIN CORRELATION ENERGY": -0.10781082199618902,
    "CCSD TOTAL ENERGY": -187.55110660499557,
    "CURRENT CORRELATION ENERGY": -0.4685536122183615,
    "CURRENT DIPOLE X": 0.0,
    "CURRENT DIPOLE Y": 0.0,
    "CURRENT DIPOLE Z": 0.0,
    "CURRENT ENERGY": -187.55110660499557,
    "CURRENT REFERENCE ENERGY": -187.08255299277613,
    "HF TOTAL ENERGY": -187.08255299277613,
    "LCCSD (+LMP2) TOTAL ENERGY": -187.5531534975279,
    "MP2 CORRELATION ENERGY": -0.3464973478564479,
    "MP2 OPPOSITE-SPIN CORRELATION ENERGY": -0.2717271064592111,
    "MP2 SAME-SPIN CORRELATION ENERGY": -0.07477024139723681,
    "MP2 TOTAL ENERGY": -187.42905034063367,
    "NUCLEAR REPULSION ENERGY": 34.92021220255503,
    "ONE-ELECTRON ENERGY": -326.3273006571572,
    "PCM POLARIZATION ENERGY": 0.0,
    "PE ENERGY": 0.0,
    "SCF DIPOLE X": 0.0,
    "SCF DIPOLE Y": 0.0,
    "SCF DIPOLE Z": 0.0,
    "SCF ITERATION ENERGY": -187.08255299277613,
    "SCF ITERATIONS": 13.0,
    "SCF TOTAL ENERGY": -187.08255299277613,
    "TWO-ELECTRON ENERGY": 104.32453546182603
}