{
    "CC D1 DIAGNOSTIC": 0.29453073979746547,
    "CC D2 DIAGNOSTIC": 0.26971876959557595,
    "CC NEW D1 DIAGNOSTIC": 0.29453073979746547,
    "CC T1 DIAGNOSTIC": 0.09755693590672868,
    "CCSD CORRELATION ENERGY": -0.48129531747200854,
    "CCSD OPPOSITE-SPIN CORRELATION ENERGY": -0.3744458124818449,
    "CCSD SAME-SPIN CORRELATION ENERGY": -0.10684950499016349,
    "CCSD TOTAL ENERGY": -187.6501576688919,
    "CURRENT CORRELATION ENERGY": -0.48129531747200854,
    "CURRENT DIPOLE X": 0.0,
    "CURRENT DIPOLE Y": 0.0,
    "CURRENT DIPOLE Z": 0.0,
    "CURRENT ENERGY": -187.6501576688919,
    "CURRENT REFERENCE ENERGY": -187.1688623514175,
    "HF TOTAL ENERGY": -187.1688623514175,
    "LCCSD (+LMP2) TOTAL ENERGY": -187.6499594932139,
    "MP2 CORRELATION ENERGY": -0.42500131444923456,
    "MP2 OPPOSITE-SPIN CORRELATION ENERGY": -0.3197899612319003,
    "MP2 SAME-SPIN CORRELATION ENERGY": -0.10521135321733427,
    "MP2 TOTAL ENERGY": -187.59386366586912,
    "NUCLEAR REPULSION ENERGY": 39.013609001986225,
    "ONE-ELECTRON ENERGY": -334.17230494513854,
    "PCM POLARIZATION ENERGY": 0.0,
    "PE ENERGY": 0.0,
    "SCF DIPOLE X": 0.0,
    "SCF DIPOLE Y": 0.0,
    "SCF DIPOLE Z": 0.0,
    "SCF ITERATION ENERGY": -187.1688623514175,
    "SCF ITERATIONS": 12.0,
    "SCF TOTAL ENERGY": -187.1688623514175,
    "TWO-ELECTRON ENERGY": 107.98983359173485
}