{
    "CC D1 DIAGNOSTIC": 0.08770010173752801,
    "CC D2 DIAGNOSTIC": 0.6979276529631435,
    "CC NEW D1 DIAGNOSTIC": 0.08770010173752801,
    "CC T1 DIAGNOSTIC": 0.029141706168862844,
    "CCSD CORRELATION ENERGY": -0.5195820918327401,
    "CCSD OPPOSITE-SPIN CORRELATION ENERGY": -0.5074599668610573,
    "CCSD SAME-SPIN CORRELATION ENERGY": -0.012122124971682857,
    "CCSD TOTAL ENERGY": -149.75000083494254,
    "CURRENT CORRELATION ENERGY": -0.5195820918327401,
    "CURRENT DIPOLE X": 0.0,
    "CURRENT DIPOLE Y": 0.0,
    "CURRENT DIPOLE Z": 0.0,
    "CURRENT ENERGY": -149.75000083494254,
    "CURRENT REFERENCE ENERGY": -149.2304187431098,
    "HF TOTAL ENERGY": -149.2304187431098,
    "LCCSD (+LMP2) TOTAL ENERGY": -149.7460275580691,
    "MP2 CORRELATION ENERGY": -0.6486040121003122,
    "MP2 OPPOSITE-SPIN CORRELATION ENERGY": -0.4776165784094688,
    "MP2 SAME-SPIN CORRELATION ENERGY": -0.17098743369084335,
    "MP2 TOTAL ENERGY": -149.87902275521012,
    "NUCLEAR REPULSION ENERGY": 17.192859579319187,
    "ONE-ELECTRON ENERGY": -239.89328785774046,
    "PCM POLARIZATION ENERGY": 0.0,
    "PE ENERGY": 0.0,
    "SCF DIPOLE X": 0.0,
    "SCF DIPOLE Y": 0.0,
    "SCF DIPOLE Z": 0.0,
    "SCF ITERATION ENERGY": -149.2304187431098,
    "SCF ITERATIONS": 9.0,
    "SCF TOTAL ENERGY": -149.2304187431098,
    "TWO-ELECTRON ENERGY": 73.47000953531146
}