{
    "CURRENT CORRELATION ENERGY": -0.029024756690215536,
    "CURRENT DIPOLE X": 0.0,
    "CURRENT DIPOLE Y": 0.0,
    "CURRENT DIPOLE Z": -2.3104350738035215e-15,
    "CURRENT ENERGY": -1.0384534475692067,
    "CURRENT REFERENCE ENERGY": -1.0094286908789911,
    "CUSTOM SCS-MP2 CORRELATION ENERGY": -0.0348297080282586,
    "CUSTOM SCS-MP2 TOTAL ENERGY": -1.0442583989072498,
    "HF TOTAL ENERGY": -1.0094286908789911,
    "MP2 CORRELATION ENERGY": -0.029024756690215536,
    "MP2 OPPOSITE-SPIN CORRELATION ENERGY": -0.0290247566902155,
    "MP2 SAME-SPIN CORRELATION ENERGY": 0.0,
    "MP2 TOTAL ENERGY": -1.0384534475692067,
    "NUCLEAR REPULSION ENERGY": 0.3652068073638028,
    "ONE-ELECTRON ENERGY": -1.8497459046131812,
    "PCM POLARIZATION ENERGY": 0.0,
    "PE ENERGY": 0.0,
    "SCF DIPOLE X": 0.0,
    "SCF DIPOLE Y": 0.0,
    "SCF DIPOLE Z": -2.3104350738035215e-15,
    "SCF ITERATION ENERGY": -1.0094286908789911,
    "SCF ITERATIONS": 5.0,
    "SCF TOTAL ENERGY": -1.0094286908789911,
    "SCS-MP2 CORRELATION ENERGY": -0.0348297080282586,
    "SCS-MP2 TOTAL ENERGY": -1.0442583989072498,
    "SCS-MP2-VDW CORRELATION ENERGY": -0.03715168856347595,
    "SCS-MP2-VDW TOTAL ENERGY": -1.046580379442467,
    "SCSN-MP2 CORRELATION ENERGY": 0.0,
    "SCSN-MP2 TOTAL ENERGY": -1.0094286908789911,
    "SOS-MP2 CORRELATION ENERGY": 0.0,
    "SOS-MP2 TOTAL ENERGY": -1.0094286908789911,
    "SOS-PI-MP2 CORRELATION ENERGY": -0.04063465936630162,
    "SOS-PI-MP2 TOTAL ENERGY": -1.0500633502452927,
    "TWO-ELECTRON ENERGY": 0.47511040637038726
}