{
    "CC D1 DIAGNOSTIC": 0.057499990344187915,
    "CC D2 DIAGNOSTIC": 0.23695547051322735,
    "CC NEW D1 DIAGNOSTIC": 0.057499990344187915,
    "CC T1 DIAGNOSTIC": 0.018627660333855267,
    "CCSD CORRELATION ENERGY": -0.19150704165288188,
    "CCSD OPPOSITE-SPIN CORRELATION ENERGY": -0.1588884434639361,
    "CCSD SAME-SPIN CORRELATION ENERGY": -0.032618598188946024,
    "CCSD TOTAL ENERGY": -100.09953988906435,
    "CURRENT CORRELATION ENERGY": -0.19150704165288188,
    "CURRENT DIPOLE X": 0.0,
    "CURRENT DIPOLE Y": 0.0,
    "CURRENT DIPOLE Z": -3.029586891201559,
    "CURRENT ENERGY": -100.09953988906435,
    "CURRENT REFERENCE ENERGY": -99.90803284741149,
    "HF TOTAL ENERGY": -99.90803284741149,
    "LCCSD (+LMP2) TOTAL ENERGY": -100.0761387315934,
    "MP2 CORRELATION ENERGY": -0.18681500533364956,
    "MP2 OPPOSITE-SPIN CORRELATION ENERGY": -0.14331901475944778,
    "MP2 SAME-SPIN CORRELATION ENERGY": -0.04349599057420178,
    "MP2 TOTAL ENERGY": -100.09484785274512,
    "NUCLEAR REPULSION ENERGY": 3.3196370728895626,
    "ONE-ELECTRON ENERGY": -147.32027082176532,
    "PCM POLARIZATION ENERGY": 0.0,
    "PE ENERGY": 0.0,
    "SCF DIPOLE X": 0.0,
    "SCF DIPOLE Y": 0.0,
    "SCF DIPOLE Z": -3.029586891201559,
    "SCF ITERATION ENERGY": -99.90803284741149,
    "SCF ITERATIONS": 10.0,
    "SCF TOTAL ENERGY": -99.90803284741149,
    "TWO-ELECTRON ENERGY": 44.09260090146428
}