{
    "CC D1 DIAGNOSTIC": 0.014962042153442726,
    "CC D2 DIAGNOSTIC": 0.14027358271524318,
    "CC NEW D1 DIAGNOSTIC": 0.014962042153442726,
    "CC T1 DIAGNOSTIC": 0.005432666660864969,
    "CCSD CORRELATION ENERGY": -0.11471401754012753,
    "CCSD OPPOSITE-SPIN CORRELATION ENERGY": -0.09481746436722159,
    "CCSD SAME-SPIN CORRELATION ENERGY": -0.019896553172906048,
    "CCSD TOTAL ENERGY": -460.1785520955889,
    "CURRENT CORRELATION ENERGY": -0.11471401754012753,
    "CURRENT DIPOLE X": 0.0,
    "CURRENT DIPOLE Y": 0.0,
    "CURRENT DIPOLE Z": -1.931124705476353,
    "CURRENT ENERGY": -460.1785520955889,
    "CURRENT REFERENCE ENERGY": -460.0638380780485,
    "HF TOTAL ENERGY": -460.06383807804855,
    "LCCSD (+LMP2) TOTAL ENERGY": -460.1826674976651,
    "MP2 CORRELATION ENERGY": -0.10413133024373095,
    "MP2 OPPOSITE-SPIN CORRELATION ENERGY": -0.08316353233310224,
    "MP2 SAME-SPIN CORRELATION ENERGY": -0.020967797910628708,
    "MP2 TOTAL ENERGY": -460.1679694082925,
    "NUCLEAR REPULSION ENERGY": 6.509841831624037,
    "ONE-ELECTRON ENERGY": -648.5918928977378,
    "PCM POLARIZATION ENERGY": 0.0,
    "PE ENERGY": 0.0,
    "SCF DIPOLE X": 0.0,
    "SCF DIPOLE Y": 0.0,
    "SCF DIPOLE Z": -1.931124705476353,
    "SCF ITERATION ENERGY": -460.0638380780485,
    "SCF ITERATIONS": 9.0,
    "SCF TOTAL ENERGY": -460.0638380780485,
    "TWO-ELECTRON ENERGY": 182.01821298806524
}