{
    "CC D1 DIAGNOSTIC": 0.11893985860092245,
    "CC D2 DIAGNOSTIC": 0.1918261928357165,
    "CC NEW D1 DIAGNOSTIC": 0.11893985860092245,
    "CC T1 DIAGNOSTIC": 0.038044324971663095,
    "CCSD CORRELATION ENERGY": -0.4623519497081458,
    "CCSD OPPOSITE-SPIN CORRELATION ENERGY": -0.3656675427692738,
    "CCSD SAME-SPIN CORRELATION ENERGY": -0.09668440693887198,
    "CCSD TOTAL ENERGY": -187.87540711715315,
    "CURRENT CORRELATION ENERGY": -0.4623519497081458,
    "CURRENT DIPOLE X": 0.0,
    "CURRENT DIPOLE Y": 0.0,
    "CURRENT DIPOLE Z": 0.0,
    "CURRENT ENERGY": -187.87540711715315,
    "CURRENT REFERENCE ENERGY": -187.41305516744455,
    "HF TOTAL ENERGY": -187.41305516744455,
    "LCCSD (+LMP2) TOTAL ENERGY": -187.87680021372356,
    "MP2 CORRELATION ENERGY": -0.48829964771061857,
    "MP2 OPPOSITE-SPIN CORRELATION ENERGY": -0.3589076659710482,
    "MP2 SAME-SPIN CORRELATION ENERGY": -0.1293919817395704,
    "MP2 TOTAL ENERGY": -187.90135481515563,
    "NUCLEAR REPULSION ENERGY": 47.96869007183716,
    "ONE-ELECTRON ENERGY": -351.5110256045549,
    "PCM POLARIZATION ENERGY": 0.0,
    "PE ENERGY": 0.0,
    "SCF DIPOLE X": 0.0,
    "SCF DIPOLE Y": 0.0,
    "SCF DIPOLE Z": 0.0,
    "SCF ITERATION ENERGY": -187.41305516744455,
    "SCF ITERATIONS": 11.0,
    "SCF TOTAL ENERGY": -187.41305516744455,
    "TWO-ELECTRON ENERGY": 116.12928036527317
}