{
    "CC D1 DIAGNOSTIC": 0.013296970764689645,
    "CC D2 DIAGNOSTIC": 0.11798644701015716,
    "CC NEW D1 DIAGNOSTIC": 0.013296970764689645,
    "CC T1 DIAGNOSTIC": 0.006650425348318892,
    "CCSD CORRELATION ENERGY": -0.1622071322140334,
    "CCSD OPPOSITE-SPIN CORRELATION ENERGY": -0.13413262818189686,
    "CCSD SAME-SPIN CORRELATION ENERGY": -0.02807450403213657,
    "CCSD TOTAL ENERGY": -76.17271567226022,
    "CURRENT CORRELATION ENERGY": -0.1622071322140334,
    "CURRENT DIPOLE X": 0.0,
    "CURRENT DIPOLE Y": 0.0,
    "CURRENT DIPOLE Z": -2.522425934469646,
    "CURRENT ENERGY": -76.17271567226022,
    "CURRENT REFERENCE ENERGY": -76.01050854004613,
    "HF TOTAL ENERGY": -76.01050854004612,
    "LCCSD (+LMP2) TOTAL ENERGY": -76.16004929512083,
    "MP2 CORRELATION ENERGY": -0.15618441495366828,
    "MP2 OPPOSITE-SPIN CORRELATION ENERGY": -0.12172487826590932,
    "MP2 SAME-SPIN CORRELATION ENERGY": -0.03445953668775896,
    "MP2 TOTAL ENERGY": -76.16669295499986,
    "NUCLEAR REPULSION ENERGY": 9.155663160283089,
    "ONE-ELECTRON ENERGY": -122.9836945656469,
    "PCM POLARIZATION ENERGY": 0.0,
    "PE ENERGY": 0.0,
    "SCF DIPOLE X": 0.0,
    "SCF DIPOLE Y": 0.0,
    "SCF DIPOLE Z": -2.522425934469646,
    "SCF ITERATION ENERGY": -76.01050854004613,
    "SCF ITERATIONS": 10.0,
    "SCF TOTAL ENERGY": -76.01050854004613,
    "TWO-ELECTRON ENERGY": 37.81752286531769
}