{
    "CC D1 DIAGNOSTIC": 0.03690934477720555,
    "CC D2 DIAGNOSTIC": 0.2224738893022204,
    "CC NEW D1 DIAGNOSTIC": 0.03690934477720555,
    "CC T1 DIAGNOSTIC": 0.015144271850657413,
    "CCSD CORRELATION ENERGY": -0.3171459153507322,
    "CCSD OPPOSITE-SPIN CORRELATION ENERGY": -0.2619749669329244,
    "CCSD SAME-SPIN CORRELATION ENERGY": -0.05517094841780773,
    "CCSD TOTAL ENERGY": -109.1238871008574,
    "CURRENT CORRELATION ENERGY": -0.3171459153507322,
    "CURRENT DIPOLE X": 0.0,
    "CURRENT DIPOLE Y": 0.0,
    "CURRENT DIPOLE Z": 5.643810867306312e-16,
    "CURRENT ENERGY": -109.1238871008574,
    "CURRENT REFERENCE ENERGY": -108.80674118550695,
    "HF TOTAL ENERGY": -108.80674118550695,
    "LCCSD (+LMP2) TOTAL ENERGY": -109.15369493799213,
    "MP2 CORRELATION ENERGY": -0.35484918527634396,
    "MP2 OPPOSITE-SPIN CORRELATION ENERGY": -0.2608988785441818,
    "MP2 SAME-SPIN CORRELATION ENERGY": -0.09395030673216215,
    "MP2 TOTAL ENERGY": -109.16159037078302,
    "NUCLEAR REPULSION ENERGY": 20.077848176043464,
    "ONE-ELECTRON ENERGY": -186.87306862904288,
    "PCM POLARIZATION ENERGY": 0.0,
    "PE ENERGY": 0.0,
    "SCF DIPOLE X": 0.0,
    "SCF DIPOLE Y": 0.0,
    "SCF DIPOLE Z": 5.643810867306312e-16,
    "SCF ITERATION ENERGY": -108.80674118550695,
    "SCF ITERATIONS": 8.0,
    "SCF TOTAL ENERGY": -108.80674118550695,
    "TWO-ELECTRON ENERGY": 57.98847926749247
}