{
    "CC D1 DIAGNOSTIC": 0.036049049701186664,
    "CC D2 DIAGNOSTIC": 0.32234961287315045,
    "CC NEW D1 DIAGNOSTIC": 0.036049049701186664,
    "CC T1 DIAGNOSTIC": 0.008900308751373102,
    "CCSD CORRELATION ENERGY": -0.26398818494245935,
    "CCSD OPPOSITE-SPIN CORRELATION ENERGY": -0.2112968106067754,
    "CCSD SAME-SPIN CORRELATION ENERGY": -0.052691374335683994,
    "CCSD TOTAL ENERGY": -257.8785260989216,
    "CURRENT CORRELATION ENERGY": -0.26398818494245935,
    "CURRENT DIPOLE X": 0.0,
    "CURRENT DIPOLE Y": 0.0,
    "CURRENT DIPOLE Z": 3.536613529846413,
    "CURRENT ENERGY": -257.8785260989216,
    "CURRENT REFERENCE ENERGY": -257.6145379139789,
    "HF TOTAL ENERGY": -257.6145379139789,
    "LCCSD (+LMP2) TOTAL ENERGY": -257.87785635451536,
    "MP2 CORRELATION ENERGY": -0.24442777963170076,
    "MP2 OPPOSITE-SPIN CORRELATION ENERGY": -0.18852775365410354,
    "MP2 SAME-SPIN CORRELATION ENERGY": -0.05590002597759722,
    "MP2 TOTAL ENERGY": -257.85896569361086,
    "NUCLEAR REPULSION ENERGY": 74.46657305292622,
    "ONE-ELECTRON ENERGY": -496.4514074756305,
    "PCM POLARIZATION ENERGY": 0.0,
    "PE ENERGY": 0.0,
    "SCF DIPOLE X": 0.0,
    "SCF DIPOLE Y": 0.0,
    "SCF DIPOLE Z": 3.536613529846413,
    "SCF ITERATION ENERGY": -257.6145379139789,
    "SCF ITERATIONS": 11.0,
    "SCF TOTAL ENERGY": -257.6145379139789,
    "TWO-ELECTRON ENERGY": 164.37029650872543
}