{
    "CC D1 DIAGNOSTIC": 0.04808603268351033,
    "CC D2 DIAGNOSTIC": 0.09038859228759902,
    "CC NEW D1 DIAGNOSTIC": 0.04808603268351033,
    "CC T1 DIAGNOSTIC": 0.014391084293881867,
    "CCSD CORRELATION ENERGY": -0.2863662745199084,
    "CCSD OPPOSITE-SPIN CORRELATION ENERGY": -0.22208196051312346,
    "CCSD SAME-SPIN CORRELATION ENERGY": -0.06428431400678503,
    "CCSD TOTAL ENERGY": -261.44245811258406,
    "CURRENT CORRELATION ENERGY": -0.2863662745199084,
    "CURRENT DIPOLE X": 0.0,
    "CURRENT DIPOLE Y": 0.0,
    "CURRENT DIPOLE Z": -6.449487170926052,
    "CURRENT ENERGY": -261.44245811258406,
    "CURRENT REFERENCE ENERGY": -261.15609183806373,
    "HF TOTAL ENERGY": -261.15609183806373,
    "LCCSD (+LMP2) TOTAL ENERGY": -261.4424584229586,
    "MP2 CORRELATION ENERGY": -0.28719128961520546,
    "MP2 OPPOSITE-SPIN CORRELATION ENERGY": -0.21328862720251285,
    "MP2 SAME-SPIN CORRELATION ENERGY": -0.07390266241269261,
    "MP2 TOTAL ENERGY": -261.4432831276793,
    "NUCLEAR REPULSION ENERGY": 37.704593950848725,
    "ONE-ELECTRON ENERGY": -445.2937590656891,
    "PCM POLARIZATION ENERGY": 0.0,
    "PE ENERGY": 0.0,
    "SCF DIPOLE X": 0.0,
    "SCF DIPOLE Y": 0.0,
    "SCF DIPOLE Z": -6.449487170926052,
    "SCF ITERATION ENERGY": -261.15609183806373,
    "SCF ITERATIONS": 11.0,
    "SCF TOTAL ENERGY": -261.15609183806373,
    "TWO-ELECTRON ENERGY": 146.43307327677664
}