{
    "CC D1 DIAGNOSTIC": 0.07602779569549693,
    "CC D2 DIAGNOSTIC": 0.5827126785729793,
    "CC NEW D1 DIAGNOSTIC": 0.07602779569549693,
    "CC T1 DIAGNOSTIC": 0.0320020719042044,
    "CCSD CORRELATION ENERGY": -0.5028989615550128,
    "CCSD OPPOSITE-SPIN CORRELATION ENERGY": -0.5128604441954493,
    "CCSD SAME-SPIN CORRELATION ENERGY": 0.009961482640436281,
    "CCSD TOTAL ENERGY": -108.91225146122882,
    "CURRENT CORRELATION ENERGY": -0.5028989615550128,
    "CURRENT DIPOLE X": 0.0,
    "CURRENT DIPOLE Y": 0.0,
    "CURRENT DIPOLE Z": 5.643810867306312e-16,
    "CURRENT ENERGY": -108.91225146122882,
    "CURRENT REFERENCE ENERGY": -108.40935249967377,
    "HF TOTAL ENERGY": -108.40935249967377,
    "LCCSD (+LMP2) TOTAL ENERGY": -108.91472307767397,
    "MP2 CORRELATION ENERGY": -0.7047152178299835,
    "MP2 OPPOSITE-SPIN CORRELATION ENERGY": -0.4946860396737912,
    "MP2 SAME-SPIN CORRELATION ENERGY": -0.21002917815619226,
    "MP2 TOTAL ENERGY": -109.11406771750379,
    "NUCLEAR REPULSION ENERGY": 13.908374612515285,
    "ONE-ELECTRON ENERGY": -174.41142347717613,
    "PCM POLARIZATION ENERGY": 0.0,
    "PE ENERGY": 0.0,
    "SCF DIPOLE X": 0.0,
    "SCF DIPOLE Y": 0.0,
    "SCF DIPOLE Z": 5.643810867306312e-16,
    "SCF ITERATION ENERGY": -108.40935249967377,
    "SCF ITERATIONS": 8.0,
    "SCF TOTAL ENERGY": -108.40935249967377,
    "TWO-ELECTRON ENERGY": 52.09369636498708
}