{
    "CC D1 DIAGNOSTIC": 0.04214933186884562,
    "CC D2 DIAGNOSTIC": 0.2475574185075392,
    "CC NEW D1 DIAGNOSTIC": 0.04214933186884562,
    "CC T1 DIAGNOSTIC": 0.017326440418559824,
    "CCSD CORRELATION ENERGY": -0.3376057577888561,
    "CCSD OPPOSITE-SPIN CORRELATION ENERGY": -0.2824099184768201,
    "CCSD SAME-SPIN CORRELATION ENERGY": -0.05519583931203609,
    "CCSD TOTAL ENERGY": -109.08449891175178,
    "CURRENT CORRELATION ENERGY": -0.3376057577888561,
    "CURRENT DIPOLE X": 0.0,
    "CURRENT DIPOLE Y": 0.0,
    "CURRENT DIPOLE Z": 1.6931432601918935e-15,
    "CURRENT ENERGY": -109.08449891175178,
    "CURRENT REFERENCE ENERGY": -108.7468931539631,
    "HF TOTAL ENERGY": -108.7468931539631,
    "LCCSD (+LMP2) TOTAL ENERGY": -109.10307073437166,
    "MP2 CORRELATION ENERGY": -0.3923086307088691,
    "MP2 OPPOSITE-SPIN CORRELATION ENERGY": -0.28614777461124313,
    "MP2 SAME-SPIN CORRELATION ENERGY": -0.10616085609762599,
    "MP2 TOTAL ENERGY": -109.1392017846718,
    "NUCLEAR REPULSION ENERGY": 18.86657031533152,
    "ONE-ELECTRON ENERGY": -184.4410533681057,
    "PCM POLARIZATION ENERGY": 0.0,
    "PE ENERGY": 0.0,
    "SCF DIPOLE X": 0.0,
    "SCF DIPOLE Y": 0.0,
    "SCF DIPOLE Z": 1.6931432601918935e-15,
    "SCF ITERATION ENERGY": -108.7468931539631,
    "SCF ITERATIONS": 8.0,
    "SCF TOTAL ENERGY": -108.7468931539631,
    "TWO-ELECTRON ENERGY": 56.827589898811084
}