{
    "CC D1 DIAGNOSTIC": 0.01146984515608503,
    "CC D2 DIAGNOSTIC": 0.10914691921451378,
    "CC NEW D1 DIAGNOSTIC": 0.01146984515608503,
    "CC T1 DIAGNOSTIC": 0.0046232348430117545,
    "CCSD CORRELATION ENERGY": -0.10881918160033141,
    "CCSD OPPOSITE-SPIN CORRELATION ENERGY": -0.08949668408205463,
    "CCSD SAME-SPIN CORRELATION ENERGY": -0.019322497518276638,
    "CCSD TOTAL ENERGY": -460.1640667236549,
    "CURRENT CORRELATION ENERGY": -0.10881918160033141,
    "CURRENT DIPOLE X": 0.0,
    "CURRENT DIPOLE Y": 0.0,
    "CURRENT DIPOLE Z": -1.8327236266824263,
    "CURRENT ENERGY": -460.1640667236549,
    "CURRENT REFERENCE ENERGY": -460.0552475420545,
    "HF TOTAL ENERGY": -460.05524754205453,
    "LCCSD (+LMP2) TOTAL ENERGY": -460.1662659166494,
    "MP2 CORRELATION ENERGY": -0.09976376451601665,
    "MP2 OPPOSITE-SPIN CORRELATION ENERGY": -0.07969399495129732,
    "MP2 SAME-SPIN CORRELATION ENERGY": -0.020069769564719328,
    "MP2 TOTAL ENERGY": -460.1550113065706,
    "NUCLEAR REPULSION ENERGY": 7.634142872906653,
    "ONE-ELECTRON ENERGY": -650.6987326502433,
    "PCM POLARIZATION ENERGY": 0.0,
    "PE ENERGY": 0.0,
    "SCF DIPOLE X": 0.0,
    "SCF DIPOLE Y": 0.0,
    "SCF DIPOLE Z": -1.8327236266824263,
    "SCF ITERATION ENERGY": -460.0552475420545,
    "SCF ITERATIONS": 8.0,
    "SCF TOTAL ENERGY": -460.0552475420545,
    "TWO-ELECTRON ENERGY": 183.00934223528213
}