{
    "CURRENT CORRELATION ENERGY": -0.15682335796714142,
    "CURRENT DIPOLE X": 0.0,
    "CURRENT DIPOLE Y": 0.0,
    "CURRENT DIPOLE Z": -2.7133451252379333,
    "CURRENT ENERGY": -76.16323280430849,
    "CURRENT REFERENCE ENERGY": -76.00640944634135,
    "CUSTOM SCS-MP2 CORRELATION ENERGY": -0.15844586358530224,
    "CUSTOM SCS-MP2 TOTAL ENERGY": -76.16485530992665,
    "HF TOTAL ENERGY": -76.00640944634137,
    "MP2 CORRELATION ENERGY": -0.15682335796714142,
    "MP2 OPPOSITE-SPIN CORRELATION ENERGY": -0.12250547414952648,
    "MP2 SAME-SPIN CORRELATION ENERGY": -0.03431788381761143,
    "MP2 TOTAL ENERGY": -76.16323280430849,
    "NUCLEAR REPULSION ENERGY": 9.181580376752255,
    "ONE-ELECTRON ENERGY": -122.97195827588047,
    "PCM POLARIZATION ENERGY": 0.0,
    "PE ENERGY": 0.0,
    "SCF DIPOLE X": 0.0,
    "SCF DIPOLE Y": 0.0,
    "SCF DIPOLE Z": -2.7133451252379333,
    "SCF ITERATION ENERGY": -76.00640944634135,
    "SCF ITERATIONS": 10.0,
    "SCF TOTAL ENERGY": -76.00640944634135,
    "SCS-MP2 CORRELATION ENERGY": -0.15844586358530224,
    "SCS-MP2 TOTAL ENERGY": -76.16485530992665,
    "SCS-MP2-VDW CORRELATION ENERGY": -0.17396594882019656,
    "SCS-MP2-VDW TOTAL ENERGY": -76.18037539516155,
    "SCSN-MP2 CORRELATION ENERGY": -0.06039947551900582,
    "SCSN-MP2 TOTAL ENERGY": -76.06680892186036,
    "SOS-MP2 CORRELATION ENERGY": -0.1592571163943859,
    "SOS-MP2 TOTAL ENERGY": -76.16566656273574,
    "SOS-PI-MP2 CORRELATION ENERGY": -0.17150766380933646,
    "SOS-PI-MP2 TOTAL ENERGY": -76.17791711015069,
    "TWO-ELECTRON ENERGY": 37.78396845278686
}