{
    "CC D1 DIAGNOSTIC": 0.014100876974545233,
    "CC D2 DIAGNOSTIC": 0.11534853019508035,
    "CC NEW D1 DIAGNOSTIC": 0.014100876974545233,
    "CC T1 DIAGNOSTIC": 0.006704896874027985,
    "CCSD CORRELATION ENERGY": -0.16160348640521566,
    "CCSD OPPOSITE-SPIN CORRELATION ENERGY": -0.13307829326261025,
    "CCSD SAME-SPIN CORRELATION ENERGY": -0.028525193142605376,
    "CCSD TOTAL ENERGY": -76.16765849578547,
    "CURRENT CORRELATION ENERGY": -0.16160348640521566,
    "CURRENT DIPOLE X": 0.0,
    "CURRENT DIPOLE Y": 0.0,
    "CURRENT DIPOLE Z": -2.204519379745476,
    "CURRENT ENERGY": -76.16765849578547,
    "CURRENT REFERENCE ENERGY": -76.00605500938028,
    "HF TOTAL ENERGY": -76.00605500938029,
    "LCCSD (+LMP2) TOTAL ENERGY": -76.16096139977051,
    "MP2 CORRELATION ENERGY": -0.15581664788710034,
    "MP2 OPPOSITE-SPIN CORRELATION ENERGY": -0.12101475200774764,
    "MP2 SAME-SPIN CORRELATION ENERGY": -0.0348018958793527,
    "MP2 TOTAL ENERGY": -76.16187165726737,
    "NUCLEAR REPULSION ENERGY": 9.130485670932824,
    "ONE-ELECTRON ENERGY": -123.0086859424779,
    "PCM POLARIZATION ENERGY": 0.0,
    "PE ENERGY": 0.0,
    "SCF DIPOLE X": 0.0,
    "SCF DIPOLE Y": 0.0,
    "SCF DIPOLE Z": -2.204519379745476,
    "SCF ITERATION ENERGY": -76.00605500938028,
    "SCF ITERATIONS": 10.0,
    "SCF TOTAL ENERGY": -76.00605500938028,
    "TWO-ELECTRON ENERGY": 37.87214526216478
}