{
    "CC D1 DIAGNOSTIC": 0.027498848361624747,
    "CC D2 DIAGNOSTIC": 0.22347368438929577,
    "CC NEW D1 DIAGNOSTIC": 0.027498848361624747,
    "CC T1 DIAGNOSTIC": 0.00907303348515498,
    "CCSD CORRELATION ENERGY": -0.2834638000339231,
    "CCSD OPPOSITE-SPIN CORRELATION ENERGY": -0.22925824685920881,
    "CCSD SAME-SPIN CORRELATION ENERGY": -0.054205553174714205,
    "CCSD TOTAL ENERGY": -149.74998429815338,
    "CURRENT CORRELATION ENERGY": -0.2834638000339231,
    "CURRENT DIPOLE X": 0.0,
    "CURRENT DIPOLE Y": 0.0,
    "CURRENT DIPOLE Z": 0.0,
    "CURRENT ENERGY": -149.74998429815338,
    "CURRENT REFERENCE ENERGY": -149.46652049811908,
    "HF TOTAL ENERGY": -149.4665204981191,
    "LCCSD (+LMP2) TOTAL ENERGY": -149.76036007370962,
    "MP2 CORRELATION ENERGY": -0.2795572939948406,
    "MP2 OPPOSITE-SPIN CORRELATION ENERGY": -0.21290008129963586,
    "MP2 SAME-SPIN CORRELATION ENERGY": -0.06665721269520472,
    "MP2 TOTAL ENERGY": -149.74607779211428,
    "NUCLEAR REPULSION ENERGY": 32.01710667502669,
    "ONE-ELECTRON ENERGY": -268.6989509123724,
    "PCM POLARIZATION ENERGY": 0.0,
    "PE ENERGY": 0.0,
    "SCF DIPOLE X": 0.0,
    "SCF DIPOLE Y": 0.0,
    "SCF DIPOLE Z": 0.0,
    "SCF ITERATION ENERGY": -149.46652049811908,
    "SCF ITERATIONS": 9.0,
    "SCF TOTAL ENERGY": -149.46652049811908,
    "TWO-ELECTRON ENERGY": 87.21532373922662
}