{
    "CC D1 DIAGNOSTIC": 0.023002977528761716,
    "CC D2 DIAGNOSTIC": 0.1786977732367449,
    "CC NEW D1 DIAGNOSTIC": 0.023002977528761716,
    "CC T1 DIAGNOSTIC": 0.0068896673156395765,
    "CCSD CORRELATION ENERGY": -0.12172640723587315,
    "CCSD OPPOSITE-SPIN CORRELATION ENERGY": -0.10141239643621915,
    "CCSD SAME-SPIN CORRELATION ENERGY": -0.020314010799654517,
    "CCSD TOTAL ENERGY": -460.1626974211573,
    "CURRENT CORRELATION ENERGY": -0.12172640723587315,
    "CURRENT DIPOLE X": 0.0,
    "CURRENT DIPOLE Y": 0.0,
    "CURRENT DIPOLE Z": -2.0497969559646276,
    "CURRENT ENERGY": -460.1626974211573,
    "CURRENT REFERENCE ENERGY": -460.0409710139213,
    "HF TOTAL ENERGY": -460.0409710139213,
    "LCCSD (+LMP2) TOTAL ENERGY": -460.19157862098984,
    "MP2 CORRELATION ENERGY": -0.10902268720451895,
    "MP2 OPPOSITE-SPIN CORRELATION ENERGY": -0.08721586979683071,
    "MP2 SAME-SPIN CORRELATION ENERGY": -0.021806817407688237,
    "MP2 TOTAL ENERGY": -460.14999370112594,
    "NUCLEAR REPULSION ENERGY": 5.728660811829153,
    "ONE-ELECTRON ENERGY": -647.0869765394085,
    "PCM POLARIZATION ENERGY": 0.0,
    "PE ENERGY": 0.0,
    "SCF DIPOLE X": 0.0,
    "SCF DIPOLE Y": 0.0,
    "SCF DIPOLE Z": -2.0497969559646276,
    "SCF ITERATION ENERGY": -460.0409710139213,
    "SCF ITERATIONS": 9.0,
    "SCF TOTAL ENERGY": -460.0409710139213,
    "TWO-ELECTRON ENERGY": 181.31734471365806
}