{
    "CC D1 DIAGNOSTIC": 0.016932637039626112,
    "CC D2 DIAGNOSTIC": 0.20072043553147684,
    "CC NEW D1 DIAGNOSTIC": 0.016932637039626112,
    "CC T1 DIAGNOSTIC": 0.006691541025619852,
    "CCSD CORRELATION ENERGY": -0.2571938499011186,
    "CCSD OPPOSITE-SPIN CORRELATION ENERGY": -0.2072209264872307,
    "CCSD SAME-SPIN CORRELATION ENERGY": -0.0499729234138879,
    "CCSD TOTAL ENERGY": -149.44410465590252,
    "CURRENT CORRELATION ENERGY": -0.2571938499011186,
    "CURRENT DIPOLE X": 0.0,
    "CURRENT DIPOLE Y": 0.0,
    "CURRENT DIPOLE Z": 0.0,
    "CURRENT ENERGY": -149.44410465590252,
    "CURRENT REFERENCE ENERGY": -149.18691080600132,
    "HF TOTAL ENERGY": -149.18691080600132,
    "LCCSD (+LMP2) TOTAL ENERGY": -149.48794320349015,
    "MP2 CORRELATION ENERGY": -0.24742988577015443,
    "MP2 OPPOSITE-SPIN CORRELATION ENERGY": -0.1900393567456975,
    "MP2 SAME-SPIN CORRELATION ENERGY": -0.05739052902445693,
    "MP2 TOTAL ENERGY": -149.43434069177155,
    "NUCLEAR REPULSION ENERGY": 37.651401983760444,
    "ONE-ELECTRON ENERGY": -278.79347962178826,
    "PCM POLARIZATION ENERGY": 0.0,
    "PE ENERGY": 0.0,
    "SCF DIPOLE X": 0.0,
    "SCF DIPOLE Y": 0.0,
    "SCF DIPOLE Z": 0.0,
    "SCF ITERATION ENERGY": -149.18691080600132,
    "SCF ITERATIONS": 9.0,
    "SCF TOTAL ENERGY": -149.18691080600132,
    "TWO-ELECTRON ENERGY": 91.95516683202648
}