{
    "CC D1 DIAGNOSTIC": 0.01931200218506777,
    "CC D2 DIAGNOSTIC": 0.11160824325061959,
    "CC NEW D1 DIAGNOSTIC": 0.01931200218506777,
    "CC T1 DIAGNOSTIC": 0.008017994252958493,
    "CCSD CORRELATION ENERGY": -0.34275543056305235,
    "CCSD OPPOSITE-SPIN CORRELATION ENERGY": -0.26729073087238475,
    "CCSD SAME-SPIN CORRELATION ENERGY": -0.07546469969066744,
    "CCSD TOTAL ENERGY": -187.02126064377217,
    "CURRENT CORRELATION ENERGY": -0.34275543056305235,
    "CURRENT DIPOLE X": 0.0,
    "CURRENT DIPOLE Y": 0.0,
    "CURRENT DIPOLE Z": 0.0,
    "CURRENT ENERGY": -187.02126064377217,
    "CURRENT REFERENCE ENERGY": -186.6785052132088,
    "HF TOTAL ENERGY": -186.6785052132088,
    "LCCSD (+LMP2) TOTAL ENERGY": -187.02550648317708,
    "MP2 CORRELATION ENERGY": -0.34207918864262693,
    "MP2 OPPOSITE-SPIN CORRELATION ENERGY": -0.255759708096301,
    "MP2 SAME-SPIN CORRELATION ENERGY": -0.08631948054632593,
    "MP2 TOTAL ENERGY": -187.02058440185175,
    "NUCLEAR REPULSION ENERGY": 79.99526356193614,
    "ONE-ELECTRON ENERGY": -412.3472811995552,
    "PCM POLARIZATION ENERGY": 0.0,
    "PE ENERGY": 0.0,
    "SCF DIPOLE X": 0.0,
    "SCF DIPOLE Y": 0.0,
    "SCF DIPOLE Z": 0.0,
    "SCF ITERATION ENERGY": -186.6785052132088,
    "SCF ITERATIONS": 9.0,
    "SCF TOTAL ENERGY": -186.6785052132088,
    "TWO-ELECTRON ENERGY": 145.67351242441023
}