{
    "CC D1 DIAGNOSTIC": 0.04698446636952039,
    "CC D2 DIAGNOSTIC": 0.2908343854403717,
    "CC NEW D1 DIAGNOSTIC": 0.04698446636952039,
    "CC T1 DIAGNOSTIC": 0.014617311042646108,
    "CCSD CORRELATION ENERGY": -0.34021192156949565,
    "CCSD OPPOSITE-SPIN CORRELATION ENERGY": -0.28004737576997696,
    "CCSD SAME-SPIN CORRELATION ENERGY": -0.06016454579951874,
    "CCSD TOTAL ENERGY": -149.83029298919004,
    "CURRENT CORRELATION ENERGY": -0.34021192156949565,
    "CURRENT DIPOLE X": 0.0,
    "CURRENT DIPOLE Y": 0.0,
    "CURRENT DIPOLE Z": 0.0,
    "CURRENT ENERGY": -149.83029298919004,
    "CURRENT REFERENCE ENERGY": -149.49008106762068,
    "HF TOTAL ENERGY": -149.49008106762068,
    "LCCSD (+LMP2) TOTAL ENERGY": -149.81443795901015,
    "MP2 CORRELATION ENERGY": -0.36021663080841515,
    "MP2 OPPOSITE-SPIN CORRELATION ENERGY": -0.2698719895214266,
    "MP2 SAME-SPIN CORRELATION ENERGY": -0.09034464128698855,
    "MP2 TOTAL ENERGY": -149.85029769842896,
    "NUCLEAR REPULSION ENERGY": 25.625859144840756,
    "ONE-ELECTRON ENERGY": -256.5510132087894,
    "PCM POLARIZATION ENERGY": 0.0,
    "PE ENERGY": 0.0,
    "SCF DIPOLE X": 0.0,
    "SCF DIPOLE Y": 0.0,
    "SCF DIPOLE Z": 0.0,
    "SCF ITERATION ENERGY": -149.49008106762068,
    "SCF ITERATIONS": 9.0,
    "SCF TOTAL ENERGY": -149.49008106762068,
    "TWO-ELECTRON ENERGY": 81.43507299632799
}