{
    "CC D1 DIAGNOSTIC": 0.044051316823130765,
    "CC D2 DIAGNOSTIC": 0.25764446225634957,
    "CC NEW D1 DIAGNOSTIC": 0.044051316823130765,
    "CC T1 DIAGNOSTIC": 0.0181340462476588,
    "CCSD CORRELATION ENERGY": -0.345327611653288,
    "CCSD OPPOSITE-SPIN CORRELATION ENERGY": -0.29048046760325974,
    "CCSD SAME-SPIN CORRELATION ENERGY": -0.05484714405002833,
    "CCSD TOTAL ENERGY": -109.06952189353295,
    "CURRENT CORRELATION ENERGY": -0.345327611653288,
    "CURRENT DIPOLE X": 0.0,
    "CURRENT DIPOLE Y": 0.0,
    "CURRENT DIPOLE Z": 2.2575243469225247e-15,
    "CURRENT ENERGY": -109.06952189353295,
    "CURRENT REFERENCE ENERGY": -108.72419428187962,
    "HF TOTAL ENERGY": -108.72419428187962,
    "LCCSD (+LMP2) TOTAL ENERGY": -109.08809626239226,
    "MP2 CORRELATION ENERGY": -0.40711686764277333,
    "MP2 OPPOSITE-SPIN CORRELATION ENERGY": -0.2960999309872893,
    "MP2 SAME-SPIN CORRELATION ENERGY": -0.11101693665548401,
    "MP2 TOTAL ENERGY": -109.13131114952243,
    "NUCLEAR REPULSION ENERGY": 18.461563439152666,
    "ONE-ELECTRON ENERGY": -183.62455475494338,
    "PCM POLARIZATION ENERGY": 0.0,
    "PE ENERGY": 0.0,
    "SCF DIPOLE X": 0.0,
    "SCF DIPOLE Y": 0.0,
    "SCF DIPOLE Z": 2.2575243469225247e-15,
    "SCF ITERATION ENERGY": -108.72419428187962,
    "SCF ITERATIONS": 8.0,
    "SCF TOTAL ENERGY": -108.72419428187962,
    "TWO-ELECTRON ENERGY": 56.4387970339111
}