{
    "CC D1 DIAGNOSTIC": 0.07350511265357457,
    "CC D2 DIAGNOSTIC": 0.27469035041086465,
    "CC NEW D1 DIAGNOSTIC": 0.07350511265357457,
    "CC T1 DIAGNOSTIC": 0.023543994406107705,
    "CCSD CORRELATION ENERGY": -0.1990759047229674,
    "CCSD OPPOSITE-SPIN CORRELATION ENERGY": -0.16675150730310329,
    "CCSD SAME-SPIN CORRELATION ENERGY": -0.03232439741986454,
    "CCSD TOTAL ENERGY": -100.08001748097563,
    "CURRENT CORRELATION ENERGY": -0.1990759047229674,
    "CURRENT DIPOLE X": 0.0,
    "CURRENT DIPOLE Y": 0.0,
    "CURRENT DIPOLE Z": -3.1828828935646616,
    "CURRENT ENERGY": -100.08001748097563,
    "CURRENT REFERENCE ENERGY": -99.88094157625257,
    "HF TOTAL ENERGY": -99.88094157625255,
    "LCCSD (+LMP2) TOTAL ENERGY": -100.08520570213456,
    "MP2 CORRELATION ENERGY": -0.1925591959497056,
    "MP2 OPPOSITE-SPIN CORRELATION ENERGY": -0.14831447261411584,
    "MP2 SAME-SPIN CORRELATION ENERGY": -0.044244723335589764,
    "MP2 TOTAL ENERGY": -100.07350077220237,
    "NUCLEAR REPULSION ENERGY": 3.09219048714509,
    "ONE-ELECTRON ENERGY": -146.90490724773338,
    "PCM POLARIZATION ENERGY": 0.0,
    "PE ENERGY": 0.0,
    "SCF DIPOLE X": 0.0,
    "SCF DIPOLE Y": 0.0,
    "SCF DIPOLE Z": -3.1828828935646616,
    "SCF ITERATION ENERGY": -99.88094157625257,
    "SCF ITERATIONS": 10.0,
    "SCF TOTAL ENERGY": -99.88094157625257,
    "TWO-ELECTRON ENERGY": 43.93177518433571
}