{
    "CC D1 DIAGNOSTIC": 0.5973604369206525,
    "CC D2 DIAGNOSTIC": 0.47026430821197146,
    "CC NEW D1 DIAGNOSTIC": 0.5973604369206525,
    "CC T1 DIAGNOSTIC": 0.24879690122450077,
    "CCSD CORRELATION ENERGY": -0.3382815297867914,
    "CCSD OPPOSITE-SPIN CORRELATION ENERGY": -0.2543213145850753,
    "CCSD SAME-SPIN CORRELATION ENERGY": -0.0839602152017141,
    "CCSD TOTAL ENERGY": -112.68618002963221,
    "CURRENT CORRELATION ENERGY": -0.3382815297867914,
    "CURRENT DIPOLE X": 0.0,
    "CURRENT DIPOLE Y": 0.0,
    "CURRENT DIPOLE Z": -2.77548891211414,
    "CURRENT ENERGY": -112.68618002963221,
    "CURRENT REFERENCE ENERGY": -112.34789849984479,
    "HF TOTAL ENERGY": -112.34789849984479,
    "LCCSD (+LMP2) TOTAL ENERGY": -112.6894353000612,
    "MP2 CORRELATION ENERGY": -0.21592430366674917,
    "MP2 OPPOSITE-SPIN CORRELATION ENERGY": -0.1733453319890097,
    "MP2 SAME-SPIN CORRELATION ENERGY": -0.04257897167773947,
    "MP2 TOTAL ENERGY": -112.56382280351217,
    "NUCLEAR REPULSION ENERGY": 12.796710674227443,
    "ONE-ELECTRON ENERGY": -179.33778843607215,
    "PCM POLARIZATION ENERGY": 0.0,
    "PE ENERGY": 0.0,
    "SCF DIPOLE X": 0.0,
    "SCF DIPOLE Y": 0.0,
    "SCF DIPOLE Z": -2.77548891211414,
    "SCF ITERATION ENERGY": -112.34789849984479,
    "SCF ITERATIONS": 15.0,
    "SCF TOTAL ENERGY": -112.34789849984479,
    "TWO-ELECTRON ENERGY": 54.1931792619999
}