{
    "CC D1 DIAGNOSTIC": 0.04784764282321062,
    "CC D2 DIAGNOSTIC": 0.2798195778225517,
    "CC NEW D1 DIAGNOSTIC": 0.04784764282321062,
    "CC T1 DIAGNOSTIC": 0.019766638444410685,
    "CCSD CORRELATION ENERGY": -0.36123208988476935,
    "CCSD OPPOSITE-SPIN CORRELATION ENERGY": -0.30783312401681584,
    "CCSD SAME-SPIN CORRELATION ENERGY": -0.053398965867953785,
    "CCSD TOTAL ENERGY": -109.03971675002128,
    "CURRENT CORRELATION ENERGY": -0.36123208988476935,
    "CURRENT DIPOLE X": 0.0,
    "CURRENT DIPOLE Y": 0.0,
    "CURRENT DIPOLE Z": -5.643810867306312e-16,
    "CURRENT ENERGY": -109.03971675002128,
    "CURRENT REFERENCE ENERGY": -108.67848466013649,
    "HF TOTAL ENERGY": -108.67848466013649,
    "LCCSD (+LMP2) TOTAL ENERGY": -109.08733068734222,
    "MP2 CORRELATION ENERGY": -0.43861034438306984,
    "MP2 OPPOSITE-SPIN CORRELATION ENERGY": -0.31722527665728456,
    "MP2 SAME-SPIN CORRELATION ENERGY": -0.12138506772578528,
    "MP2 TOTAL ENERGY": -109.11709500451958,
    "NUCLEAR REPULSION ENERGY": 17.701567688655818,
    "ONE-ELECTRON ENERGY": -182.0891383375294,
    "PCM POLARIZATION ENERGY": 0.0,
    "PE ENERGY": 0.0,
    "SCF DIPOLE X": 0.0,
    "SCF DIPOLE Y": 0.0,
    "SCF DIPOLE Z": -5.643810867306312e-16,
    "SCF ITERATION ENERGY": -108.67848466013649,
    "SCF ITERATIONS": 9.0,
    "SCF TOTAL ENERGY": -108.67848466013649,
    "TWO-ELECTRON ENERGY": 55.709085988737094
}