{
    "CC D1 DIAGNOSTIC": 0.0867607747698916,
    "CC D2 DIAGNOSTIC": 0.09616752253966335,
    "CC NEW D1 DIAGNOSTIC": 0.0867607747698916,
    "CC T1 DIAGNOSTIC": 0.021161724176653282,
    "CCSD CORRELATION ENERGY": -0.2861380293693188,
    "CCSD OPPOSITE-SPIN CORRELATION ENERGY": -0.22141701894593946,
    "CCSD SAME-SPIN CORRELATION ENERGY": -0.06472101042337941,
    "CCSD TOTAL ENERGY": -261.1868870168554,
    "CURRENT CORRELATION ENERGY": -0.2861380293693188,
    "CURRENT DIPOLE X": 0.0,
    "CURRENT DIPOLE Y": 0.0,
    "CURRENT DIPOLE Z": -5.842743736492729,
    "CURRENT ENERGY": -261.1868870168554,
    "CURRENT REFERENCE ENERGY": -260.9007489874856,
    "HF TOTAL ENERGY": -260.9007489874856,
    "LCCSD (+LMP2) TOTAL ENERGY": -261.1868944932942,
    "MP2 CORRELATION ENERGY": -0.28640810892897195,
    "MP2 OPPOSITE-SPIN CORRELATION ENERGY": -0.2124110878335412,
    "MP2 SAME-SPIN CORRELATION ENERGY": -0.07399702109543074,
    "MP2 TOTAL ENERGY": -261.18715709641504,
    "NUCLEAR REPULSION ENERGY": 42.552327458814986,
    "ONE-ELECTRON ENERGY": -454.53078261025615,
    "PCM POLARIZATION ENERGY": 0.0,
    "PE ENERGY": 0.0,
    "SCF DIPOLE X": 0.0,
    "SCF DIPOLE Y": 0.0,
    "SCF DIPOLE Z": -5.842743736492729,
    "SCF ITERATION ENERGY": -260.9007489874856,
    "SCF ITERATIONS": 11.0,
    "SCF TOTAL ENERGY": -260.9007489874856,
    "TWO-ELECTRON ENERGY": 151.07770616395558
}