{
    "CC D1 DIAGNOSTIC": 0.020025578432085862,
    "CC D2 DIAGNOSTIC": 0.16533968192410323,
    "CC NEW D1 DIAGNOSTIC": 0.020025578432085862,
    "CC T1 DIAGNOSTIC": 0.006330501296678771,
    "CCSD CORRELATION ENERGY": -0.11933613981414691,
    "CCSD OPPOSITE-SPIN CORRELATION ENERGY": -0.09913641597900437,
    "CCSD SAME-SPIN CORRELATION ENERGY": -0.020199723835142888,
    "CCSD TOTAL ENERGY": -460.169296240628,
    "CURRENT CORRELATION ENERGY": -0.11933613981414691,
    "CURRENT DIPOLE X": 0.0,
    "CURRENT DIPOLE Y": 0.0,
    "CURRENT DIPOLE Z": -2.008467720746462,
    "CURRENT ENERGY": -460.169296240628,
    "CURRENT REFERENCE ENERGY": -460.04996010081334,
    "HF TOTAL ENERGY": -460.04996010081334,
    "LCCSD (+LMP2) TOTAL ENERGY": -460.1675227932558,
    "MP2 CORRELATION ENERGY": -0.10739210459708665,
    "MP2 OPPOSITE-SPIN CORRELATION ENERGY": -0.08584849819212415,
    "MP2 SAME-SPIN CORRELATION ENERGY": -0.0215436064049625,
    "MP2 TOTAL ENERGY": -460.1573522054109,
    "NUCLEAR REPULSION ENERGY": 5.957425969040299,
    "ONE-ELECTRON ENERGY": -647.5307985746399,
    "PCM POLARIZATION ENERGY": 0.0,
    "PE ENERGY": 0.0,
    "SCF DIPOLE X": 0.0,
    "SCF DIPOLE Y": 0.0,
    "SCF DIPOLE Z": -2.008467720746462,
    "SCF ITERATION ENERGY": -460.04996010081334,
    "SCF ITERATIONS": 9.0,
    "SCF TOTAL ENERGY": -460.04996010081334,
    "TWO-ELECTRON ENERGY": 181.5234125047863
}