{
    "CC D1 DIAGNOSTIC": 0.04642487310763879,
    "CC D2 DIAGNOSTIC": 0.271157773661141,
    "CC NEW D1 DIAGNOSTIC": 0.04642487310763879,
    "CC T1 DIAGNOSTIC": 0.01915187979583137,
    "CCSD CORRELATION ENERGY": -0.35519349037944675,
    "CCSD OPPOSITE-SPIN CORRELATION ENERGY": -0.3011219541604387,
    "CCSD SAME-SPIN CORRELATION ENERGY": -0.054071536219008176,
    "CCSD TOTAL ENERGY": -109.0508125612125,
    "CURRENT CORRELATION ENERGY": -0.35519349037944675,
    "CURRENT DIPOLE X": 0.0,
    "CURRENT DIPOLE Y": 0.0,
    "CURRENT DIPOLE Z": -5.643810867306312e-16,
    "CURRENT ENERGY": -109.0508125612125,
    "CURRENT REFERENCE ENERGY": -108.69561907083313,
    "HF TOTAL ENERGY": -108.69561907083313,
    "LCCSD (+LMP2) TOTAL ENERGY": -109.05160050396212,
    "MP2 CORRELATION ENERGY": -0.4265095123499324,
    "MP2 OPPOSITE-SPIN CORRELATION ENERGY": -0.3091139751355551,
    "MP2 SAME-SPIN CORRELATION ENERGY": -0.11739553721437729,
    "MP2 TOTAL ENERGY": -109.12212858318298,
    "NUCLEAR REPULSION ENERGY": 17.979118401544145,
    "ONE-ELECTRON ENERGY": -182.65029485781946,
    "PCM POLARIZATION ENERGY": 0.0,
    "PE ENERGY": 0.0,
    "SCF DIPOLE X": 0.0,
    "SCF DIPOLE Y": 0.0,
    "SCF DIPOLE Z": -5.643810867306312e-16,
    "SCF ITERATION ENERGY": -108.69561907083313,
    "SCF ITERATIONS": 9.0,
    "SCF TOTAL ENERGY": -108.69561907083313,
    "TWO-ELECTRON ENERGY": 55.97555738544217
}