{
    "CC D1 DIAGNOSTIC": 0.5445781801554335,
    "CC D2 DIAGNOSTIC": 0.4185526169729118,
    "CC NEW D1 DIAGNOSTIC": 0.5445781801554335,
    "CC T1 DIAGNOSTIC": 0.2275906092788481,
    "CCSD CORRELATION ENERGY": -0.3376665641195574,
    "CCSD OPPOSITE-SPIN CORRELATION ENERGY": -0.25501821884318,
    "CCSD SAME-SPIN CORRELATION ENERGY": -0.08264834527637582,
    "CCSD TOTAL ENERGY": -112.69301729698829,
    "CURRENT CORRELATION ENERGY": -0.3376665641195574,
    "CURRENT DIPOLE X": 0.0,
    "CURRENT DIPOLE Y": 0.0,
    "CURRENT DIPOLE Z": -2.871742593347759,
    "CURRENT ENERGY": -112.69301729698829,
    "CURRENT REFERENCE ENERGY": -112.35535073286862,
    "HF TOTAL ENERGY": -112.35535073286862,
    "LCCSD (+LMP2) TOTAL ENERGY": -112.69753465292901,
    "MP2 CORRELATION ENERGY": -0.22564863203698302,
    "MP2 OPPOSITE-SPIN CORRELATION ENERGY": -0.17943324214383205,
    "MP2 SAME-SPIN CORRELATION ENERGY": -0.046215389893150965,
    "MP2 TOTAL ENERGY": -112.58099936490571,
    "NUCLEAR REPULSION ENERGY": 13.044388945341524,
    "ONE-ELECTRON ENERGY": -179.820837169084,
    "PCM POLARIZATION ENERGY": 0.0,
    "PE ENERGY": 0.0,
    "SCF DIPOLE X": 0.0,
    "SCF DIPOLE Y": 0.0,
    "SCF DIPOLE Z": -2.871742593347759,
    "SCF ITERATION ENERGY": -112.35535073286862,
    "SCF ITERATIONS": 15.0,
    "SCF TOTAL ENERGY": -112.35535073286862,
    "TWO-ELECTRON ENERGY": 54.42109749087386
}