{
    "CC D1 DIAGNOSTIC": 0.15779574750351896,
    "CC D2 DIAGNOSTIC": 0.45295095203641567,
    "CC NEW D1 DIAGNOSTIC": 0.15779574750351896,
    "CC T1 DIAGNOSTIC": 0.03666960761500953,
    "CCSD CORRELATION ENERGY": -0.3473691221693014,
    "CCSD OPPOSITE-SPIN CORRELATION ENERGY": -0.28201483334222577,
    "CCSD SAME-SPIN CORRELATION ENERGY": -0.06535428882707506,
    "CCSD TOTAL ENERGY": -260.1275636713578,
    "CURRENT CORRELATION ENERGY": -0.3473691221693014,
    "CURRENT DIPOLE X": 0.0,
    "CURRENT DIPOLE Y": 0.0,
    "CURRENT DIPOLE Z": 3.072840762575817,
    "CURRENT ENERGY": -260.1275636713578,
    "CURRENT REFERENCE ENERGY": -259.7801945491881,
    "HF TOTAL ENERGY": -259.7801945491881,
    "LCCSD (+LMP2) TOTAL ENERGY": -260.1274927847756,
    "MP2 CORRELATION ENERGY": -0.3361526731108672,
    "MP2 OPPOSITE-SPIN CORRELATION ENERGY": -0.2546296745178254,
    "MP2 SAME-SPIN CORRELATION ENERGY": -0.0815229985930418,
    "MP2 TOTAL ENERGY": -260.11634722229934,
    "NUCLEAR REPULSION ENERGY": 54.58282841575744,
    "ONE-ELECTRON ENERGY": -469.5720378617642,
    "PCM POLARIZATION ENERGY": 0.0,
    "PE ENERGY": 0.0,
    "SCF DIPOLE X": 0.0,
    "SCF DIPOLE Y": 0.0,
    "SCF DIPOLE Z": 3.072840762575817,
    "SCF ITERATION ENERGY": -259.7801945491881,
    "SCF ITERATIONS": 13.0,
    "SCF TOTAL ENERGY": -259.7801945491881,
    "TWO-ELECTRON ENERGY": 155.20901489681867
}