{
    "CC D1 DIAGNOSTIC": 0.03340340100692752,
    "CC D2 DIAGNOSTIC": 0.2209399828856066,
    "CC NEW D1 DIAGNOSTIC": 0.03340340100692752,
    "CC T1 DIAGNOSTIC": 0.008968341230218576,
    "CCSD CORRELATION ENERGY": -0.12898483128855817,
    "CCSD OPPOSITE-SPIN CORRELATION ENERGY": -0.10846875365894906,
    "CCSD SAME-SPIN CORRELATION ENERGY": -0.02051607762960922,
    "CCSD TOTAL ENERGY": -460.1415198575268,
    "CURRENT CORRELATION ENERGY": -0.12898483128855817,
    "CURRENT DIPOLE X": 0.0,
    "CURRENT DIPOLE Y": 0.0,
    "CURRENT DIPOLE Z": -2.1805170928876216,
    "CURRENT ENERGY": -460.1415198575268,
    "CURRENT REFERENCE ENERGY": -460.0125350262384,
    "HF TOTAL ENERGY": -460.0125350262384,
    "LCCSD (+LMP2) TOTAL ENERGY": -460.19456927414427,
    "MP2 CORRELATION ENERGY": -0.11374419277322198,
    "MP2 OPPOSITE-SPIN CORRELATION ENERGY": -0.09125713450720309,
    "MP2 SAME-SPIN CORRELATION ENERGY": -0.02248705826601889,
    "MP2 TOTAL ENERGY": -460.12627921901145,
    "NUCLEAR REPULSION ENERGY": 5.181494945576294,
    "ONE-ELECTRON ENERGY": -646.0177375355017,
    "PCM POLARIZATION ENERGY": 0.0,
    "PE ENERGY": 0.0,
    "SCF DIPOLE X": 0.0,
    "SCF DIPOLE Y": 0.0,
    "SCF DIPOLE Z": -2.1805170928876216,
    "SCF ITERATION ENERGY": -460.0125350262384,
    "SCF ITERATIONS": 9.0,
    "SCF TOTAL ENERGY": -460.0125350262384,
    "TWO-ELECTRON ENERGY": 180.82370756368698
}