{
    "CC D1 DIAGNOSTIC": 0.009553603616395139,
    "CC D2 DIAGNOSTIC": 0.21822770503548236,
    "CC NEW D1 DIAGNOSTIC": 0.009553603616395139,
    "CC T1 DIAGNOSTIC": 0.004185744060559071,
    "CCSD CORRELATION ENERGY": -0.23027718221612975,
    "CCSD OPPOSITE-SPIN CORRELATION ENERGY": -0.18085376148966076,
    "CCSD SAME-SPIN CORRELATION ENERGY": -0.049423420726468964,
    "CCSD TOTAL ENERGY": -144.03643343830706,
    "CURRENT CORRELATION ENERGY": -0.23027718221612975,
    "CURRENT DIPOLE X": 0.0,
    "CURRENT DIPOLE Y": 0.0,
    "CURRENT DIPOLE Z": 0.0,
    "CURRENT ENERGY": -144.03643343830706,
    "CURRENT REFERENCE ENERGY": -143.80615625609104,
    "HF TOTAL ENERGY": -143.80615625609104,
    "LCCSD (+LMP2) TOTAL ENERGY": -144.02176518695734,
    "MP2 CORRELATION ENERGY": -0.21776048071858986,
    "MP2 OPPOSITE-SPIN CORRELATION ENERGY": -0.165100688523145,
    "MP2 SAME-SPIN CORRELATION ENERGY": -0.052659792195444866,
    "MP2 TOTAL ENERGY": -144.02391673680953,
    "NUCLEAR REPULSION ENERGY": 64.80385533743387,
    "ONE-ELECTRON ENERGY": -317.7785005733686,
    "PCM POLARIZATION ENERGY": 0.0,
    "PE ENERGY": 0.0,
    "SCF DIPOLE X": 0.0,
    "SCF DIPOLE Y": 0.0,
    "SCF DIPOLE Z": 0.0,
    "SCF ITERATION ENERGY": -143.80615625609104,
    "SCF ITERATIONS": 9.0,
    "SCF TOTAL ENERGY": -143.80615625609104,
    "TWO-ELECTRON ENERGY": 109.16848897984369
}