{
    "CC D1 DIAGNOSTIC": 0.010820007840729519,
    "CC D2 DIAGNOSTIC": 0.07802540159554551,
    "CC NEW D1 DIAGNOSTIC": 0.010820007840729519,
    "CC T1 DIAGNOSTIC": 0.004402679221222768,
    "CCSD CORRELATION ENERGY": -0.10475032159806943,
    "CCSD OPPOSITE-SPIN CORRELATION ENERGY": -0.08603738571006292,
    "CCSD SAME-SPIN CORRELATION ENERGY": -0.018712935888006724,
    "CCSD TOTAL ENERGY": -458.392423455346,
    "CURRENT CORRELATION ENERGY": -0.10475032159806943,
    "CURRENT DIPOLE X": 0.0,
    "CURRENT DIPOLE Y": 0.0,
    "CURRENT DIPOLE Z": -1.3808912278744514,
    "CURRENT ENERGY": -458.392423455346,
    "CURRENT REFERENCE ENERGY": -458.2876731337483,
    "HF TOTAL ENERGY": -458.2876731337482,
    "LCCSD (+LMP2) TOTAL ENERGY": -458.39040778837386,
    "MP2 CORRELATION ENERGY": -0.09616511908111729,
    "MP2 OPPOSITE-SPIN CORRELATION ENERGY": -0.07716629918784618,
    "MP2 SAME-SPIN CORRELATION ENERGY": -0.01899881989327111,
    "MP2 TOTAL ENERGY": -458.383838252829,
    "NUCLEAR REPULSION ENERGY": 16.27460457906009,
    "ONE-ELECTRON ENERGY": -663.2676581862727,
    "PCM POLARIZATION ENERGY": 0.0,
    "PE ENERGY": 0.0,
    "SCF DIPOLE X": 0.0,
    "SCF DIPOLE Y": 0.0,
    "SCF DIPOLE Z": -1.3808912278744514,
    "SCF ITERATION ENERGY": -458.2876731337483,
    "SCF ITERATIONS": 9.0,
    "SCF TOTAL ENERGY": -458.2876731337483,
    "TWO-ELECTRON ENERGY": 188.70538047346434
}