{
    "CC D1 DIAGNOSTIC": 0.21350097834491302,
    "CC D2 DIAGNOSTIC": 0.47027664364214955,
    "CC NEW D1 DIAGNOSTIC": 0.21350097834491302,
    "CC T1 DIAGNOSTIC": 0.047942511108349864,
    "CCSD CORRELATION ENERGY": -0.349582327493463,
    "CCSD OPPOSITE-SPIN CORRELATION ENERGY": -0.28469098291507916,
    "CCSD SAME-SPIN CORRELATION ENERGY": -0.06489134457838436,
    "CCSD TOTAL ENERGY": -260.37629915849936,
    "CURRENT CORRELATION ENERGY": -0.349582327493463,
    "CURRENT DIPOLE X": 0.0,
    "CURRENT DIPOLE Y": 0.0,
    "CURRENT DIPOLE Z": -0.1695380173733875,
    "CURRENT ENERGY": -260.37629915849936,
    "CURRENT REFERENCE ENERGY": -260.0267168310063,
    "HF TOTAL ENERGY": -260.0267168310063,
    "LCCSD (+LMP2) TOTAL ENERGY": -260.3779625815565,
    "MP2 CORRELATION ENERGY": -0.34673001116441793,
    "MP2 OPPOSITE-SPIN CORRELATION ENERGY": -0.26099296705419617,
    "MP2 SAME-SPIN CORRELATION ENERGY": -0.08573704411022176,
    "MP2 TOTAL ENERGY": -260.3734468421703,
    "NUCLEAR REPULSION ENERGY": 52.12660113704838,
    "ONE-ELECTRON ENERGY": -468.39254151345034,
    "PCM POLARIZATION ENERGY": 0.0,
    "PE ENERGY": 0.0,
    "SCF DIPOLE X": 0.0,
    "SCF DIPOLE Y": 0.0,
    "SCF DIPOLE Z": -0.1695380173733875,
    "SCF ITERATION ENERGY": -260.0267168310063,
    "SCF ITERATIONS": 13.0,
    "SCF TOTAL ENERGY": -260.0267168310063,
    "TWO-ELECTRON ENERGY": 156.23922354539567
}