{
    "CC D1 DIAGNOSTIC": 0.016823031269139237,
    "CC D2 DIAGNOSTIC": 0.0989885262227072,
    "CC NEW D1 DIAGNOSTIC": 0.016823031269139237,
    "CC T1 DIAGNOSTIC": 0.0070344241636158345,
    "CCSD CORRELATION ENERGY": -0.33017050407017984,
    "CCSD OPPOSITE-SPIN CORRELATION ENERGY": -0.25559243987325153,
    "CCSD SAME-SPIN CORRELATION ENERGY": -0.07457806419692814,
    "CCSD TOTAL ENERGY": -185.87995732167354,
    "CURRENT CORRELATION ENERGY": -0.33017050407017984,
    "CURRENT DIPOLE X": 0.0,
    "CURRENT DIPOLE Y": 0.0,
    "CURRENT DIPOLE Z": 0.0,
    "CURRENT ENERGY": -185.87995732167354,
    "CURRENT REFERENCE ENERGY": -185.54978681760326,
    "HF TOTAL ENERGY": -185.54978681760326,
    "LCCSD (+LMP2) TOTAL ENERGY": -185.88375555287473,
    "MP2 CORRELATION ENERGY": -0.327622128481676,
    "MP2 OPPOSITE-SPIN CORRELATION ENERGY": -0.24423853762330147,
    "MP2 SAME-SPIN CORRELATION ENERGY": -0.08338359085837452,
    "MP2 TOTAL ENERGY": -185.87740894608504,
    "NUCLEAR REPULSION ENERGY": 90.46444235024325,
    "ONE-ELECTRON ENERGY": -430.5738637837216,
    "PCM POLARIZATION ENERGY": 0.0,
    "PE ENERGY": 0.0,
    "SCF DIPOLE X": 0.0,
    "SCF DIPOLE Y": 0.0,
    "SCF DIPOLE Z": 0.0,
    "SCF ITERATION ENERGY": -185.54978681760326,
    "SCF ITERATIONS": 9.0,
    "SCF TOTAL ENERGY": -185.54978681760326,
    "TWO-ELECTRON ENERGY": 154.5596346158751
}