{
    "CC D1 DIAGNOSTIC": 0.03507689226228544,
    "CC D2 DIAGNOSTIC": 0.3058636519720356,
    "CC NEW D1 DIAGNOSTIC": 0.03507689226228544,
    "CC T1 DIAGNOSTIC": 0.008879574613051725,
    "CCSD CORRELATION ENERGY": -0.2700996847404456,
    "CCSD OPPOSITE-SPIN CORRELATION ENERGY": -0.21586655242752373,
    "CCSD SAME-SPIN CORRELATION ENERGY": -0.05423313231292187,
    "CCSD TOTAL ENERGY": -259.0542696581781,
    "CURRENT CORRELATION ENERGY": -0.2700996847404456,
    "CURRENT DIPOLE X": 0.0,
    "CURRENT DIPOLE Y": 0.0,
    "CURRENT DIPOLE Z": 3.623003371865522,
    "CURRENT ENERGY": -259.0542696581781,
    "CURRENT REFERENCE ENERGY": -258.78416997343766,
    "HF TOTAL ENERGY": -258.78416997343766,
    "LCCSD (+LMP2) TOTAL ENERGY": -259.05979208414885,
    "MP2 CORRELATION ENERGY": -0.2513672019208373,
    "MP2 OPPOSITE-SPIN CORRELATION ENERGY": -0.1936120312431828,
    "MP2 SAME-SPIN CORRELATION ENERGY": -0.05775517067765448,
    "MP2 TOTAL ENERGY": -259.0355371753585,
    "NUCLEAR REPULSION ENERGY": 65.36250926275656,
    "ONE-ELECTRON ENERGY": -482.33206767922394,
    "PCM POLARIZATION ENERGY": 0.0,
    "PE ENERGY": 0.0,
    "SCF DIPOLE X": 0.0,
    "SCF DIPOLE Y": 0.0,
    "SCF DIPOLE Z": 3.623003371865522,
    "SCF ITERATION ENERGY": -258.78416997343766,
    "SCF ITERATIONS": 11.0,
    "SCF TOTAL ENERGY": -258.78416997343766,
    "TWO-ELECTRON ENERGY": 158.18538844302972
}