{
    "CC D1 DIAGNOSTIC": 0.009351745416478194,
    "CC D2 DIAGNOSTIC": 0.20434042631010574,
    "CC NEW D1 DIAGNOSTIC": 0.009351745416478194,
    "CC T1 DIAGNOSTIC": 0.0042516853040411706,
    "CCSD CORRELATION ENERGY": -0.23045339343167012,
    "CCSD OPPOSITE-SPIN CORRELATION ENERGY": -0.1816580741558197,
    "CCSD SAME-SPIN CORRELATION ENERGY": -0.048795319275850346,
    "CCSD TOTAL ENERGY": -145.1022122085133,
    "CURRENT CORRELATION ENERGY": -0.23045339343167012,
    "CURRENT DIPOLE X": 0.0,
    "CURRENT DIPOLE Y": 0.0,
    "CURRENT DIPOLE Z": 0.0,
    "CURRENT ENERGY": -145.1022122085133,
    "CURRENT REFERENCE ENERGY": -144.87175881508153,
    "HF TOTAL ENERGY": -144.87175881508153,
    "LCCSD (+LMP2) TOTAL ENERGY": -145.1445764911591,
    "MP2 CORRELATION ENERGY": -0.21842379384262614,
    "MP2 OPPOSITE-SPIN CORRELATION ENERGY": -0.16621605681657733,
    "MP2 SAME-SPIN CORRELATION ENERGY": -0.052207737026048806,
    "MP2 TOTAL ENERGY": -145.09018260892424,
    "NUCLEAR REPULSION ENERGY": 61.269099591755634,
    "ONE-ELECTRON ENERGY": -313.5230985724328,
    "PCM POLARIZATION ENERGY": 0.0,
    "PE ENERGY": 0.0,
    "SCF DIPOLE X": 0.0,
    "SCF DIPOLE Y": 0.0,
    "SCF DIPOLE Z": 0.0,
    "SCF ITERATION ENERGY": -144.87175881508153,
    "SCF ITERATIONS": 9.0,
    "SCF TOTAL ENERGY": -144.87175881508153,
    "TWO-ELECTRON ENERGY": 107.38224016559562
}