{
    "CC D1 DIAGNOSTIC": 0.04973733136416903,
    "CC D2 DIAGNOSTIC": 0.0902926104945608,
    "CC NEW D1 DIAGNOSTIC": 0.04973733136416903,
    "CC T1 DIAGNOSTIC": 0.014612939793840873,
    "CCSD CORRELATION ENERGY": -0.28618725835331776,
    "CCSD OPPOSITE-SPIN CORRELATION ENERGY": -0.22191012212743091,
    "CCSD SAME-SPIN CORRELATION ENERGY": -0.06427713622588707,
    "CCSD TOTAL ENERGY": -261.42559339898054,
    "CURRENT CORRELATION ENERGY": -0.28618725835331776,
    "CURRENT DIPOLE X": 0.0,
    "CURRENT DIPOLE Y": 0.0,
    "CURRENT DIPOLE Z": -6.39595308209321,
    "CURRENT ENERGY": -261.42559339898054,
    "CURRENT REFERENCE ENERGY": -261.1394061406265,
    "HF TOTAL ENERGY": -261.1394061406265,
    "LCCSD (+LMP2) TOTAL ENERGY": -261.4255932724849,
    "MP2 CORRELATION ENERGY": -0.28697091514922163,
    "MP2 OPPOSITE-SPIN CORRELATION ENERGY": -0.21311143569619065,
    "MP2 SAME-SPIN CORRELATION ENERGY": -0.07385947945303098,
    "MP2 TOTAL ENERGY": -261.4263770557764,
    "NUCLEAR REPULSION ENERGY": 38.1181726779147,
    "ONE-ELECTRON ENERGY": -446.09724068159426,
    "PCM POLARIZATION ENERGY": 0.0,
    "PE ENERGY": 0.0,
    "SCF DIPOLE X": 0.0,
    "SCF DIPOLE Y": 0.0,
    "SCF DIPOLE Z": -6.39595308209321,
    "SCF ITERATION ENERGY": -261.1394061406265,
    "SCF ITERATIONS": 11.0,
    "SCF TOTAL ENERGY": -261.1394061406265,
    "TWO-ELECTRON ENERGY": 146.8396618630531
}