{
    "CC D1 DIAGNOSTIC": 0.06665386132600803,
    "CC D2 DIAGNOSTIC": 0.17400670469114077,
    "CC NEW D1 DIAGNOSTIC": 0.06665386132600803,
    "CC T1 DIAGNOSTIC": 0.026227142660907896,
    "CCSD CORRELATION ENERGY": -0.27329000304318074,
    "CCSD OPPOSITE-SPIN CORRELATION ENERGY": -0.2204941656961937,
    "CCSD SAME-SPIN CORRELATION ENERGY": -0.052795837346987035,
    "CCSD TOTAL ENERGY": -112.93898893206344,
    "CURRENT CORRELATION ENERGY": -0.27329000304318074,
    "CURRENT DIPOLE X": 0.0,
    "CURRENT DIPOLE Y": 0.0,
    "CURRENT DIPOLE Z": -1.1568169176429854,
    "CURRENT ENERGY": -112.93898893206344,
    "CURRENT REFERENCE ENERGY": -112.66569892902027,
    "HF TOTAL ENERGY": -112.66569892902027,
    "LCCSD (+LMP2) TOTAL ENERGY": -112.93900357089281,
    "MP2 CORRELATION ENERGY": -0.2840007083013045,
    "MP2 OPPOSITE-SPIN CORRELATION ENERGY": -0.21234738225501865,
    "MP2 SAME-SPIN CORRELATION ENERGY": -0.07165332604628588,
    "MP2 TOTAL ENERGY": -112.94969963732156,
    "NUCLEAR REPULSION ENERGY": 20.13824986581609,
    "ONE-ELECTRON ENERGY": -193.34052180634737,
    "PCM POLARIZATION ENERGY": 0.0,
    "PE ENERGY": 0.0,
    "SCF DIPOLE X": 0.0,
    "SCF DIPOLE Y": 0.0,
    "SCF DIPOLE Z": -1.1568169176429854,
    "SCF ITERATION ENERGY": -112.66569892902027,
    "SCF ITERATIONS": 10.0,
    "SCF TOTAL ENERGY": -112.66569892902027,
    "TWO-ELECTRON ENERGY": 60.53657301151103
}