{
    "CC D1 DIAGNOSTIC": 0.016435126513188673,
    "CC D2 DIAGNOSTIC": 0.09413533504518153,
    "CC NEW D1 DIAGNOSTIC": 0.016435126513188673,
    "CC T1 DIAGNOSTIC": 0.006757744567899385,
    "CCSD CORRELATION ENERGY": -0.3261856198531209,
    "CCSD OPPOSITE-SPIN CORRELATION ENERGY": -0.2512071359180832,
    "CCSD SAME-SPIN CORRELATION ENERGY": -0.07497848393503759,
    "CCSD TOTAL ENERGY": -184.8872043053922,
    "CURRENT CORRELATION ENERGY": -0.3261856198531209,
    "CURRENT DIPOLE X": 0.0,
    "CURRENT DIPOLE Y": 0.0,
    "CURRENT DIPOLE Z": 0.0,
    "CURRENT ENERGY": -184.8872043053922,
    "CURRENT REFERENCE ENERGY": -184.5610186855388,
    "HF TOTAL ENERGY": -184.5610186855388,
    "LCCSD (+LMP2) TOTAL ENERGY": -184.89010218841642,
    "MP2 CORRELATION ENERGY": -0.3233450763135266,
    "MP2 OPPOSITE-SPIN CORRELATION ENERGY": -0.24024104662254098,
    "MP2 SAME-SPIN CORRELATION ENERGY": -0.08310402969098563,
    "MP2 TOTAL ENERGY": -184.8843637618526,
    "NUCLEAR REPULSION ENERGY": 97.32275747426894,
    "ONE-ELECTRON ENERGY": -441.95770070301,
    "PCM POLARIZATION ENERGY": 0.0,
    "PE ENERGY": 0.0,
    "SCF DIPOLE X": 0.0,
    "SCF DIPOLE Y": 0.0,
    "SCF DIPOLE Z": 0.0,
    "SCF ITERATION ENERGY": -184.5610186855388,
    "SCF ITERATIONS": 9.0,
    "SCF TOTAL ENERGY": -184.5610186855388,
    "TWO-ELECTRON ENERGY": 160.07392454320225
}