{
    "CC D1 DIAGNOSTIC": 0.010826162408008683,
    "CC D2 DIAGNOSTIC": 0.07855660777199708,
    "CC NEW D1 DIAGNOSTIC": 0.010826162408008683,
    "CC T1 DIAGNOSTIC": 0.004439472110503042,
    "CCSD CORRELATION ENERGY": -0.10498628584274868,
    "CCSD OPPOSITE-SPIN CORRELATION ENERGY": -0.08621138017171213,
    "CCSD SAME-SPIN CORRELATION ENERGY": -0.0187749056710364,
    "CCSD TOTAL ENERGY": -458.0569782517519,
    "CURRENT CORRELATION ENERGY": -0.10498628584274868,
    "CURRENT DIPOLE X": 0.0,
    "CURRENT DIPOLE Y": 0.0,
    "CURRENT DIPOLE Z": -1.3380797287441153,
    "CURRENT ENERGY": -458.0569782517519,
    "CURRENT REFERENCE ENERGY": -457.95199196590926,
    "HF TOTAL ENERGY": -457.9519919659092,
    "LCCSD (+LMP2) TOTAL ENERGY": -458.1336039195816,
    "MP2 CORRELATION ENERGY": -0.09636902285840637,
    "MP2 OPPOSITE-SPIN CORRELATION ENERGY": -0.0772990330732413,
    "MP2 SAME-SPIN CORRELATION ENERGY": -0.019069989785165067,
    "MP2 TOTAL ENERGY": -458.04836098876757,
    "NUCLEAR REPULSION ENERGY": 17.213524074005864,
    "ONE-ELECTRON ENERGY": -664.2323950123041,
    "PCM POLARIZATION ENERGY": 0.0,
    "PE ENERGY": 0.0,
    "SCF DIPOLE X": 0.0,
    "SCF DIPOLE Y": 0.0,
    "SCF DIPOLE Z": -1.3380797287441153,
    "SCF ITERATION ENERGY": -457.95199196590926,
    "SCF ITERATIONS": 9.0,
    "SCF TOTAL ENERGY": -457.95199196590926,
    "TWO-ELECTRON ENERGY": 189.06687897238905
}