{
    "CC D1 DIAGNOSTIC": 0.04231766614404236,
    "CC D2 DIAGNOSTIC": 0.09865720534509269,
    "CC NEW D1 DIAGNOSTIC": 0.04231766614404236,
    "CC T1 DIAGNOSTIC": 0.019345580956986155,
    "CCSD CORRELATION ENERGY": -0.1817777395563509,
    "CCSD OPPOSITE-SPIN CORRELATION ENERGY": -0.14582296722004268,
    "CCSD SAME-SPIN CORRELATION ENERGY": -0.03595477233630823,
    "CCSD TOTAL ENERGY": -107.13051503829719,
    "CURRENT CORRELATION ENERGY": -0.1817777395563509,
    "CURRENT DIPOLE X": 0.0,
    "CURRENT DIPOLE Y": 0.0,
    "CURRENT DIPOLE Z": -7.540672700910367,
    "CURRENT ENERGY": -107.13051503829719,
    "CURRENT REFERENCE ENERGY": -106.94873729874082,
    "HF TOTAL ENERGY": -106.94873729874082,
    "LCCSD (+LMP2) TOTAL ENERGY": -107.10027065098312,
    "MP2 CORRELATION ENERGY": -0.18262602687162882,
    "MP2 OPPOSITE-SPIN CORRELATION ENERGY": -0.13830939052415736,
    "MP2 SAME-SPIN CORRELATION ENERGY": -0.04431663634747146,
    "MP2 TOTAL ENERGY": -107.13136332561247,
    "NUCLEAR REPULSION ENERGY": 7.88701568080419,
    "ONE-ELECTRON ENERGY": -167.29987103920536,
    "PCM POLARIZATION ENERGY": 0.0,
    "PE ENERGY": 0.0,
    "SCF DIPOLE X": 0.0,
    "SCF DIPOLE Y": 0.0,
    "SCF DIPOLE Z": -7.540672700910367,
    "SCF ITERATION ENERGY": -106.94873729874082,
    "SCF ITERATIONS": 10.0,
    "SCF TOTAL ENERGY": -106.94873729874082,
    "TWO-ELECTRON ENERGY": 52.46411805966035
}