{
    "CC D1 DIAGNOSTIC": 0.1376903199868928,
    "CC D2 DIAGNOSTIC": 0.11389505109250624,
    "CC NEW D1 DIAGNOSTIC": 0.1376903199868928,
    "CC T1 DIAGNOSTIC": 0.03171228201203306,
    "CCSD CORRELATION ENERGY": -0.2888781631838086,
    "CCSD OPPOSITE-SPIN CORRELATION ENERGY": -0.22323433122730676,
    "CCSD SAME-SPIN CORRELATION ENERGY": -0.06564383195650172,
    "CCSD TOTAL ENERGY": -261.02903751336936,
    "CURRENT CORRELATION ENERGY": -0.2888781631838086,
    "CURRENT DIPOLE X": 0.0,
    "CURRENT DIPOLE Y": 0.0,
    "CURRENT DIPOLE Z": -5.5027909973708145,
    "CURRENT ENERGY": -261.02903751336936,
    "CURRENT REFERENCE ENERGY": -260.7401593501855,
    "HF TOTAL ENERGY": -260.7401593501855,
    "LCCSD (+LMP2) TOTAL ENERGY": -261.0290660326468,
    "MP2 CORRELATION ENERGY": -0.2886008866266369,
    "MP2 OPPOSITE-SPIN CORRELATION ENERGY": -0.21376862874423075,
    "MP2 SAME-SPIN CORRELATION ENERGY": -0.07483225788240616,
    "MP2 TOTAL ENERGY": -261.02876023681216,
    "NUCLEAR REPULSION ENERGY": 44.743863636951374,
    "ONE-ELECTRON ENERGY": -458.51144503716097,
    "PCM POLARIZATION ENERGY": 0.0,
    "PE ENERGY": 0.0,
    "SCF DIPOLE X": 0.0,
    "SCF DIPOLE Y": 0.0,
    "SCF DIPOLE Z": -5.5027909973708145,
    "SCF ITERATION ENERGY": -260.7401593501855,
    "SCF ITERATIONS": 11.0,
    "SCF TOTAL ENERGY": -260.7401593501855,
    "TWO-ELECTRON ENERGY": 153.0274220500241
}