{
    "CC D1 DIAGNOSTIC": 0.07068040653723685,
    "CC D2 DIAGNOSTIC": 0.46219930171686613,
    "CC NEW D1 DIAGNOSTIC": 0.07068040653723685,
    "CC T1 DIAGNOSTIC": 0.02245730599619851,
    "CCSD CORRELATION ENERGY": -0.42552219795236695,
    "CCSD OPPOSITE-SPIN CORRELATION ENERGY": -0.37699105207961986,
    "CCSD SAME-SPIN CORRELATION ENERGY": -0.048531145872746984,
    "CCSD TOTAL ENERGY": -149.7765113114488,
    "CURRENT CORRELATION ENERGY": -0.42552219795236695,
    "CURRENT DIPOLE X": 0.0,
    "CURRENT DIPOLE Y": 0.0,
    "CURRENT DIPOLE Z": 0.0,
    "CURRENT ENERGY": -149.7765113114488,
    "CURRENT REFERENCE ENERGY": -149.3509891134961,
    "HF TOTAL ENERGY": -149.3509891134961,
    "LCCSD (+LMP2) TOTAL ENERGY": -149.82307925391788,
    "MP2 CORRELATION ENERGY": -0.5014813593544603,
    "MP2 OPPOSITE-SPIN CORRELATION ENERGY": -0.37111039882332086,
    "MP2 SAME-SPIN CORRELATION ENERGY": -0.1303709605311394,
    "MP2 TOTAL ENERGY": -149.85247047285088,
    "NUCLEAR REPULSION ENERGY": 20.300002876786515,
    "ONE-ELECTRON ENERGY": -246.0737013616731,
    "PCM POLARIZATION ENERGY": 0.0,
    "PE ENERGY": 0.0,
    "SCF DIPOLE X": 0.0,
    "SCF DIPOLE Y": 0.0,
    "SCF DIPOLE Z": 0.0,
    "SCF ITERATION ENERGY": -149.3509891134961,
    "SCF ITERATIONS": 9.0,
    "SCF TOTAL ENERGY": -149.3509891134961,
    "TWO-ELECTRON ENERGY": 76.4227093713905
}