{
    "CC D1 DIAGNOSTIC": 0.010819517338845102,
    "CC D2 DIAGNOSTIC": 0.07790614737455179,
    "CC NEW D1 DIAGNOSTIC": 0.010819517338845102,
    "CC T1 DIAGNOSTIC": 0.004393958820193975,
    "CCSD CORRELATION ENERGY": -0.10469364869385984,
    "CCSD OPPOSITE-SPIN CORRELATION ENERGY": -0.08599363107836738,
    "CCSD SAME-SPIN CORRELATION ENERGY": -0.01870001761549263,
    "CCSD TOTAL ENERGY": -458.4678803629353,
    "CURRENT CORRELATION ENERGY": -0.10469364869385984,
    "CURRENT DIPOLE X": 0.0,
    "CURRENT DIPOLE Y": 0.0,
    "CURRENT DIPOLE Z": -1.3911368644835582,
    "CURRENT ENERGY": -458.4678803629353,
    "CURRENT REFERENCE ENERGY": -458.3631867142415,
    "HF TOTAL ENERGY": -458.3631867142415,
    "LCCSD (+LMP2) TOTAL ENERGY": -458.4532885251819,
    "MP2 CORRELATION ENERGY": -0.09611970773395745,
    "MP2 OPPOSITE-SPIN CORRELATION ENERGY": -0.07713503040898106,
    "MP2 SAME-SPIN CORRELATION ENERGY": -0.018984677324976384,
    "MP2 TOTAL ENERGY": -458.45930642197544,
    "NUCLEAR REPULSION ENERGY": 16.055663710283497,
    "ONE-ELECTRON ENERGY": -663.0331645028575,
    "PCM POLARIZATION ENERGY": 0.0,
    "PE ENERGY": 0.0,
    "SCF DIPOLE X": 0.0,
    "SCF DIPOLE Y": 0.0,
    "SCF DIPOLE Z": -1.3911368644835582,
    "SCF ITERATION ENERGY": -458.3631867142415,
    "SCF ITERATIONS": 9.0,
    "SCF TOTAL ENERGY": -458.3631867142415,
    "TWO-ELECTRON ENERGY": 188.61431407833248
}