{
    "CC D1 DIAGNOSTIC": 0.08665405114477154,
    "CC D2 DIAGNOSTIC": 0.6798041604142318,
    "CC NEW D1 DIAGNOSTIC": 0.08665405114477154,
    "CC T1 DIAGNOSTIC": 0.028652810091621524,
    "CCSD CORRELATION ENERGY": -0.5118155783161468,
    "CCSD OPPOSITE-SPIN CORRELATION ENERGY": -0.4965956798556488,
    "CCSD SAME-SPIN CORRELATION ENERGY": -0.015219898460498205,
    "CCSD TOTAL ENERGY": -149.75053525037396,
    "CURRENT CORRELATION ENERGY": -0.5118155783161468,
    "CURRENT DIPOLE X": 0.0,
    "CURRENT DIPOLE Y": 0.0,
    "CURRENT DIPOLE Z": 0.0,
    "CURRENT ENERGY": -149.75053525037396,
    "CURRENT REFERENCE ENERGY": -149.2387196720581,
    "HF TOTAL ENERGY": -149.2387196720581,
    "LCCSD (+LMP2) TOTAL ENERGY": -149.78602672518235,
    "MP2 CORRELATION ENERGY": -0.6367607251356706,
    "MP2 OPPOSITE-SPIN CORRELATION ENERGY": -0.4690325289800874,
    "MP2 SAME-SPIN CORRELATION ENERGY": -0.1677281961555832,
    "MP2 TOTAL ENERGY": -149.87548039719348,
    "NUCLEAR REPULSION ENERGY": 17.392518593788694,
    "ONE-ELECTRON ENERGY": -240.29155545773602,
    "PCM POLARIZATION ENERGY": 0.0,
    "PE ENERGY": 0.0,
    "SCF DIPOLE X": 0.0,
    "SCF DIPOLE Y": 0.0,
    "SCF DIPOLE Z": 0.0,
    "SCF ITERATION ENERGY": -149.2387196720581,
    "SCF ITERATIONS": 9.0,
    "SCF TOTAL ENERGY": -149.2387196720581,
    "TWO-ELECTRON ENERGY": 73.66031719188923
}