{
    "CC D1 DIAGNOSTIC": 0.024645693149569995,
    "CC D2 DIAGNOSTIC": 0.18576801545882515,
    "CC NEW D1 DIAGNOSTIC": 0.024645693149569995,
    "CC T1 DIAGNOSTIC": 0.007206277321929613,
    "CCSD CORRELATION ENERGY": -0.12297158649011429,
    "CCSD OPPOSITE-SPIN CORRELATION ENERGY": -0.1026082656069602,
    "CCSD SAME-SPIN CORRELATION ENERGY": -0.020363320883153554,
    "CCSD TOTAL ENERGY": -460.15908234049584,
    "CURRENT CORRELATION ENERGY": -0.12297158649011429,
    "CURRENT DIPOLE X": 0.0,
    "CURRENT DIPOLE Y": 0.0,
    "CURRENT DIPOLE Z": -2.071687901556584,
    "CURRENT ENERGY": -460.15908234049584,
    "CURRENT REFERENCE ENERGY": -460.0361107540057,
    "HF TOTAL ENERGY": -460.0361107540057,
    "LCCSD (+LMP2) TOTAL ENERGY": -460.15914166255914,
    "MP2 CORRELATION ENERGY": -0.10985703277675192,
    "MP2 OPPOSITE-SPIN CORRELATION ENERGY": -0.08792141169154521,
    "MP2 SAME-SPIN CORRELATION ENERGY": -0.021935621085206705,
    "MP2 TOTAL ENERGY": -460.1459677867825,
    "NUCLEAR REPULSION ENERGY": 5.620742554777426,
    "ONE-ELECTRON ENERGY": -646.8768374364394,
    "PCM POLARIZATION ENERGY": 0.0,
    "PE ENERGY": 0.0,
    "SCF DIPOLE X": 0.0,
    "SCF DIPOLE Y": 0.0,
    "SCF DIPOLE Z": -2.071687901556584,
    "SCF ITERATION ENERGY": -460.0361107540057,
    "SCF ITERATIONS": 9.0,
    "SCF TOTAL ENERGY": -460.0361107540057,
    "TWO-ELECTRON ENERGY": 181.21998412765626
}