{
    "CC D1 DIAGNOSTIC": 0.014070626219666149,
    "CC D2 DIAGNOSTIC": 0.1109598056314684,
    "CC NEW D1 DIAGNOSTIC": 0.014070626219666149,
    "CC T1 DIAGNOSTIC": 0.006273116843064436,
    "CCSD CORRELATION ENERGY": -0.16010985323636193,
    "CCSD OPPOSITE-SPIN CORRELATION ENERGY": -0.12839994521131415,
    "CCSD SAME-SPIN CORRELATION ENERGY": -0.03170990802504778,
    "CCSD TOTAL ENERGY": -100.18172539783119,
    "CURRENT CORRELATION ENERGY": -0.16010985323636193,
    "CURRENT DIPOLE X": 0.0,
    "CURRENT DIPOLE Y": 0.0,
    "CURRENT DIPOLE Z": -2.3207938944417847,
    "CURRENT ENERGY": -100.18172539783119,
    "CURRENT REFERENCE ENERGY": -100.02161554459491,
    "HF TOTAL ENERGY": -100.02161554459491,
    "LCCSD (+LMP2) TOTAL ENERGY": -100.1046280702078,
    "MP2 CORRELATION ENERGY": -0.15883448486755536,
    "MP2 OPPOSITE-SPIN CORRELATION ENERGY": -0.12060645966980973,
    "MP2 SAME-SPIN CORRELATION ENERGY": -0.038228025197745624,
    "MP2 TOTAL ENERGY": -100.18045002946238,
    "NUCLEAR REPULSION ENERGY": 5.250727890913961,
    "ONE-ELECTRON ENERGY": -150.71494744899454,
    "PCM POLARIZATION ENERGY": 0.0,
    "PE ENERGY": 0.0,
    "SCF DIPOLE X": 0.0,
    "SCF DIPOLE Y": 0.0,
    "SCF DIPOLE Z": -2.3207938944417847,
    "SCF ITERATION ENERGY": -100.02161554459491,
    "SCF ITERATIONS": 9.0,
    "SCF TOTAL ENERGY": -100.02161554459491,
    "TWO-ELECTRON ENERGY": 45.44260401348566
}