{
    "CC D1 DIAGNOSTIC": 0.014988867350353971,
    "CC D2 DIAGNOSTIC": 0.11386756885469551,
    "CC NEW D1 DIAGNOSTIC": 0.014988867350353971,
    "CC T1 DIAGNOSTIC": 0.006850076136533904,
    "CCSD CORRELATION ENERGY": -0.16110775349274722,
    "CCSD OPPOSITE-SPIN CORRELATION ENERGY": -0.13230117603319902,
    "CCSD SAME-SPIN CORRELATION ENERGY": -0.02880657745954815,
    "CCSD TOTAL ENERGY": -76.15870919030108,
    "CURRENT CORRELATION ENERGY": -0.16110775349274722,
    "CURRENT DIPOLE X": 0.0,
    "CURRENT DIPOLE Y": 0.0,
    "CURRENT DIPOLE Z": -1.9125779975516775,
    "CURRENT ENERGY": -76.15870919030108,
    "CURRENT REFERENCE ENERGY": -75.99760143680837,
    "HF TOTAL ENERGY": -75.99760143680837,
    "LCCSD (+LMP2) TOTAL ENERGY": -76.1650224359861,
    "MP2 CORRELATION ENERGY": -0.15555172455216829,
    "MP2 OPPOSITE-SPIN CORRELATION ENERGY": -0.12051055811774701,
    "MP2 SAME-SPIN CORRELATION ENERGY": -0.035041166434421275,
    "MP2 TOTAL ENERGY": -76.1531531613605,
    "NUCLEAR REPULSION ENERGY": 9.11696417164186,
    "ONE-ELECTRON ENERGY": -123.03437039958041,
    "PCM POLARIZATION ENERGY": 0.0,
    "PE ENERGY": 0.0,
    "SCF DIPOLE X": 0.0,
    "SCF DIPOLE Y": 0.0,
    "SCF DIPOLE Z": -1.9125779975516775,
    "SCF ITERATION ENERGY": -75.99760143680837,
    "SCF ITERATIONS": 10.0,
    "SCF TOTAL ENERGY": -75.99760143680837,
    "TWO-ELECTRON ENERGY": 37.91980479113019
}