{
    "CC D1 DIAGNOSTIC": 0.01082346226129788,
    "CC D2 DIAGNOSTIC": 0.0773514294981217,
    "CC NEW D1 DIAGNOSTIC": 0.01082346226129788,
    "CC T1 DIAGNOSTIC": 0.004346174002232149,
    "CCSD CORRELATION ENERGY": -0.10438664496205802,
    "CCSD OPPOSITE-SPIN CORRELATION ENERGY": -0.0857473283414586,
    "CCSD SAME-SPIN CORRELATION ENERGY": -0.01863931662059938,
    "CCSD TOTAL ENERGY": -458.8602415045808,
    "CURRENT CORRELATION ENERGY": -0.10438664496205802,
    "CURRENT DIPOLE X": 0.0,
    "CURRENT DIPOLE Y": 0.0,
    "CURRENT DIPOLE Z": -1.448627762990594,
    "CURRENT ENERGY": -458.8602415045808,
    "CURRENT REFERENCE ENERGY": -458.75585485961835,
    "HF TOTAL ENERGY": -458.7558548596183,
    "LCCSD (+LMP2) TOTAL ENERGY": -458.921073351962,
    "MP2 CORRELATION ENERGY": -0.09589459233443207,
    "MP2 OPPOSITE-SPIN CORRELATION ENERGY": -0.07697039220324679,
    "MP2 SAME-SPIN CORRELATION ENERGY": -0.018924200131185273,
    "MP2 TOTAL ENERGY": -458.8517494519532,
    "NUCLEAR REPULSION ENERGY": 14.856485507855686,
    "ONE-ELECTRON ENERGY": -661.6804971064046,
    "PCM POLARIZATION ENERGY": 0.0,
    "PE ENERGY": 0.0,
    "SCF DIPOLE X": 0.0,
    "SCF DIPOLE Y": 0.0,
    "SCF DIPOLE Z": -1.448627762990594,
    "SCF ITERATION ENERGY": -458.75585485961835,
    "SCF ITERATIONS": 9.0,
    "SCF TOTAL ENERGY": -458.75585485961835,
    "TWO-ELECTRON ENERGY": 188.06815673893055
}