{
    "CC D1 DIAGNOSTIC": 0.01258617171432465,
    "CC D2 DIAGNOSTIC": 0.11128991146449972,
    "CC NEW D1 DIAGNOSTIC": 0.01258617171432465,
    "CC T1 DIAGNOSTIC": 0.006466741227646094,
    "CCSD CORRELATION ENERGY": -0.1579192812677943,
    "CCSD OPPOSITE-SPIN CORRELATION ENERGY": -0.12928063047540903,
    "CCSD SAME-SPIN CORRELATION ENERGY": -0.02863865079238534,
    "CCSD TOTAL ENERGY": -76.12745803019261,
    "CURRENT CORRELATION ENERGY": -0.1579192812677943,
    "CURRENT DIPOLE X": 0.0,
    "CURRENT DIPOLE Y": 0.0,
    "CURRENT DIPOLE Z": -0.3981433305353403,
    "CURRENT ENERGY": -76.12745803019261,
    "CURRENT REFERENCE ENERGY": -75.96953874892482,
    "HF TOTAL ENERGY": -75.96953874892483,
    "LCCSD (+LMP2) TOTAL ENERGY": -76.1297819980144,
    "MP2 CORRELATION ENERGY": -0.15317049089991006,
    "MP2 OPPOSITE-SPIN CORRELATION ENERGY": -0.1183055922782377,
    "MP2 SAME-SPIN CORRELATION ENERGY": -0.03486489862167236,
    "MP2 TOTAL ENERGY": -76.12270923982473,
    "NUCLEAR REPULSION ENERGY": 9.095800750998468,
    "ONE-ELECTRON ENERGY": -123.12277761685871,
    "PCM POLARIZATION ENERGY": 0.0,
    "PE ENERGY": 0.0,
    "SCF DIPOLE X": 0.0,
    "SCF DIPOLE Y": 0.0,
    "SCF DIPOLE Z": -0.3981433305353403,
    "SCF ITERATION ENERGY": -75.96953874892482,
    "SCF ITERATIONS": 10.0,
    "SCF TOTAL ENERGY": -75.96953874892482,
    "TWO-ELECTRON ENERGY": 38.05743811693542
}