{
    "CC D1 DIAGNOSTIC": 0.08528100842615435,
    "CC D2 DIAGNOSTIC": 0.301625191210357,
    "CC NEW D1 DIAGNOSTIC": 0.08528100842615435,
    "CC T1 DIAGNOSTIC": 0.027197640084028554,
    "CCSD CORRELATION ENERGY": -0.20427815782169503,
    "CCSD OPPOSITE-SPIN CORRELATION ENERGY": -0.1722142103098589,
    "CCSD SAME-SPIN CORRELATION ENERGY": -0.0320639475118365,
    "CCSD TOTAL ENERGY": -100.06855193815996,
    "CURRENT CORRELATION ENERGY": -0.20427815782169503,
    "CURRENT DIPOLE X": 0.0,
    "CURRENT DIPOLE Y": 0.0,
    "CURRENT DIPOLE Z": -3.2821522503206952,
    "CURRENT ENERGY": -100.06855193815996,
    "CURRENT REFERENCE ENERGY": -99.8642737803383,
    "HF TOTAL ENERGY": -99.8642737803383,
    "LCCSD (+LMP2) TOTAL ENERGY": -100.0714452769632,
    "MP2 CORRELATION ENERGY": -0.19634546297273098,
    "MP2 OPPOSITE-SPIN CORRELATION ENERGY": -0.15165875463668108,
    "MP2 SAME-SPIN CORRELATION ENERGY": -0.0446867083360499,
    "MP2 TOTAL ENERGY": -100.060619243311,
    "NUCLEAR REPULSION ENERGY": 2.9617387009686564,
    "ONE-ELECTRON ENERGY": -146.66501776246955,
    "PCM POLARIZATION ENERGY": 0.0,
    "PE ENERGY": 0.0,
    "SCF DIPOLE X": 0.0,
    "SCF DIPOLE Y": 0.0,
    "SCF DIPOLE Z": -3.2821522503206952,
    "SCF ITERATION ENERGY": -99.8642737803383,
    "SCF ITERATIONS": 10.0,
    "SCF TOTAL ENERGY": -99.8642737803383,
    "TWO-ELECTRON ENERGY": 43.83900528116259
}