{
    "CC D1 DIAGNOSTIC": 0.42770402248480693,
    "CC D2 DIAGNOSTIC": 0.3817727664056424,
    "CC NEW D1 DIAGNOSTIC": 0.42770402248480693,
    "CC T1 DIAGNOSTIC": 0.14145037477589603,
    "CCSD CORRELATION ENERGY": -0.47081203613086986,
    "CCSD OPPOSITE-SPIN CORRELATION ENERGY": -0.36272877222486766,
    "CCSD SAME-SPIN CORRELATION ENERGY": -0.10808326390600237,
    "CCSD TOTAL ENERGY": -187.5631925101757,
    "CURRENT CORRELATION ENERGY": -0.47081203613086986,
    "CURRENT DIPOLE X": 0.0,
    "CURRENT DIPOLE Y": 0.0,
    "CURRENT DIPOLE Z": 0.0,
    "CURRENT ENERGY": -187.5631925101757,
    "CURRENT REFERENCE ENERGY": -187.0923804740433,
    "HF TOTAL ENERGY": -187.0923804740433,
    "LCCSD (+LMP2) TOTAL ENERGY": -187.56350666899667,
    "MP2 CORRELATION ENERGY": -0.35638753885564795,
    "MP2 OPPOSITE-SPIN CORRELATION ENERGY": -0.27772638901464597,
    "MP2 SAME-SPIN CORRELATION ENERGY": -0.07866114984100198,
    "MP2 TOTAL ENERGY": -187.44876801290047,
    "NUCLEAR REPULSION ENERGY": 35.47158397417432,
    "ONE-ELECTRON ENERGY": -327.38764656909507,
    "PCM POLARIZATION ENERGY": 0.0,
    "PE ENERGY": 0.0,
    "SCF DIPOLE X": 0.0,
    "SCF DIPOLE Y": 0.0,
    "SCF DIPOLE Z": 0.0,
    "SCF ITERATION ENERGY": -187.0923804740433,
    "SCF ITERATIONS": 13.0,
    "SCF TOTAL ENERGY": -187.0923804740433,
    "TWO-ELECTRON ENERGY": 104.82368212087745
}