{
    "CC D1 DIAGNOSTIC": 0.035060311480324506,
    "CC D2 DIAGNOSTIC": 0.17922290379394923,
    "CC NEW D1 DIAGNOSTIC": 0.035060311480324506,
    "CC T1 DIAGNOSTIC": 0.011926919006743905,
    "CCSD CORRELATION ENERGY": -0.17888478337994845,
    "CCSD OPPOSITE-SPIN CORRELATION ENERGY": -0.14611572421785443,
    "CCSD SAME-SPIN CORRELATION ENERGY": -0.03276905916209433,
    "CCSD TOTAL ENERGY": -100.13905704904344,
    "CURRENT CORRELATION ENERGY": -0.17888478337994845,
    "CURRENT DIPOLE X": 0.0,
    "CURRENT DIPOLE Y": 0.0,
    "CURRENT DIPOLE Z": -2.7537507727956125,
    "CURRENT ENERGY": -100.13905704904344,
    "CURRENT REFERENCE ENERGY": -99.9601722656635,
    "HF TOTAL ENERGY": -99.96017226566352,
    "LCCSD (+LMP2) TOTAL ENERGY": -100.15336377721023,
    "MP2 CORRELATION ENERGY": -0.17646844212130317,
    "MP2 OPPOSITE-SPIN CORRELATION ENERGY": -0.13458914893828533,
    "MP2 SAME-SPIN CORRELATION ENERGY": -0.041879293183017835,
    "MP2 TOTAL ENERGY": -100.1366407077848,
    "NUCLEAR REPULSION ENERGY": 3.844853486044504,
    "ONE-ELECTRON ENERGY": -148.26647088447024,
    "PCM POLARIZATION ENERGY": 0.0,
    "PE ENERGY": 0.0,
    "SCF DIPOLE X": 0.0,
    "SCF DIPOLE Y": 0.0,
    "SCF DIPOLE Z": -2.7537507727956125,
    "SCF ITERATION ENERGY": -99.9601722656635,
    "SCF ITERATIONS": 10.0,
    "SCF TOTAL ENERGY": -99.9601722656635,
    "TWO-ELECTRON ENERGY": 44.461445132762215
}