{
    "CC D1 DIAGNOSTIC": 0.14807973808722025,
    "CC D2 DIAGNOSTIC": 0.11834782543010504,
    "CC NEW D1 DIAGNOSTIC": 0.14807973808722025,
    "CC T1 DIAGNOSTIC": 0.03393766810070544,
    "CCSD CORRELATION ENERGY": -0.289533589139316,
    "CCSD OPPOSITE-SPIN CORRELATION ENERGY": -0.22370317454056665,
    "CCSD SAME-SPIN CORRELATION ENERGY": -0.06583041459874889,
    "CCSD TOTAL ENERGY": -261.0063041595853,
    "CURRENT CORRELATION ENERGY": -0.289533589139316,
    "CURRENT DIPOLE X": 0.0,
    "CURRENT DIPOLE Y": 0.0,
    "CURRENT DIPOLE Z": -5.446197628857508,
    "CURRENT ENERGY": -261.0063041595853,
    "CURRENT REFERENCE ENERGY": -260.7167705704461,
    "HF TOTAL ENERGY": -260.7167705704461,
    "LCCSD (+LMP2) TOTAL ENERGY": -261.0069419472431,
    "MP2 CORRELATION ENERGY": -0.2891357651024854,
    "MP2 OPPOSITE-SPIN CORRELATION ENERGY": -0.21412300307464252,
    "MP2 SAME-SPIN CORRELATION ENERGY": -0.07501276202784288,
    "MP2 TOTAL ENERGY": -261.00590633554845,
    "NUCLEAR REPULSION ENERGY": 45.033780679955385,
    "ONE-ELECTRON ENERGY": -459.0228305411396,
    "PCM POLARIZATION ENERGY": 0.0,
    "PE ENERGY": 0.0,
    "SCF DIPOLE X": 0.0,
    "SCF DIPOLE Y": 0.0,
    "SCF DIPOLE Z": -5.446197628857508,
    "SCF ITERATION ENERGY": -260.7167705704461,
    "SCF ITERATIONS": 11.0,
    "SCF TOTAL ENERGY": -260.7167705704461,
    "TWO-ELECTRON ENERGY": 153.27227929073817
}