{
    "CC D1 DIAGNOSTIC": 0.14574972826376353,
    "CC D2 DIAGNOSTIC": 0.43749535599769035,
    "CC NEW D1 DIAGNOSTIC": 0.14574972826376353,
    "CC T1 DIAGNOSTIC": 0.04617670755514311,
    "CCSD CORRELATION ENERGY": -0.2292397090688598,
    "CCSD OPPOSITE-SPIN CORRELATION ENERGY": -0.19875268258976622,
    "CCSD SAME-SPIN CORRELATION ENERGY": -0.030487026479094487,
    "CCSD TOTAL ENERGY": -100.03116155875553,
    "CURRENT CORRELATION ENERGY": -0.2292397090688598,
    "CURRENT DIPOLE X": 0.0,
    "CURRENT DIPOLE Y": 0.0,
    "CURRENT DIPOLE Z": -3.700563486198575,
    "CURRENT ENERGY": -100.03116155875553,
    "CURRENT REFERENCE ENERGY": -99.80192184968661,
    "HF TOTAL ENERGY": -99.80192184968661,
    "LCCSD (+LMP2) TOTAL ENERGY": -100.032385587151,
    "MP2 CORRELATION ENERGY": -0.21340109750923153,
    "MP2 OPPOSITE-SPIN CORRELATION ENERGY": -0.1671387757854598,
    "MP2 SAME-SPIN CORRELATION ENERGY": -0.04626232172377173,
    "MP2 TOTAL ENERGY": -100.0153229471959,
    "NUCLEAR REPULSION ENERGY": 2.513942663952175,
    "ONE-ELECTRON ENERGY": -145.83444406648587,
    "PCM POLARIZATION ENERGY": 0.0,
    "PE ENERGY": 0.0,
    "SCF DIPOLE X": 0.0,
    "SCF DIPOLE Y": 0.0,
    "SCF DIPOLE Z": -3.700563486198575,
    "SCF ITERATION ENERGY": -99.80192184968661,
    "SCF ITERATIONS": 10.0,
    "SCF TOTAL ENERGY": -99.80192184968661,
    "TWO-ELECTRON ENERGY": 43.518579552847086
}