{
    "CC D1 DIAGNOSTIC": 0.06629805535370842,
    "CC D2 DIAGNOSTIC": 0.2579075324383594,
    "CC NEW D1 DIAGNOSTIC": 0.06629805535370842,
    "CC T1 DIAGNOSTIC": 0.021321469293738952,
    "CCSD CORRELATION ENERGY": -0.19575689825844872,
    "CCSD OPPOSITE-SPIN CORRELATION ENERGY": -0.16328922436663343,
    "CCSD SAME-SPIN CORRELATION ENERGY": -0.03246767389181612,
    "CCSD TOTAL ENERGY": -100.08815424369493,
    "CURRENT CORRELATION ENERGY": -0.19575689825844872,
    "CURRENT DIPOLE X": 0.0,
    "CURRENT DIPOLE Y": 0.0,
    "CURRENT DIPOLE Z": -3.1169469791438935,
    "CURRENT ENERGY": -100.08815424369493,
    "CURRENT REFERENCE ENERGY": -99.89239734543638,
    "HF TOTAL ENERGY": -99.8923973454364,
    "LCCSD (+LMP2) TOTAL ENERGY": -100.08602476144857,
    "MP2 CORRELATION ENERGY": -0.19007759813021965,
    "MP2 OPPOSITE-SPIN CORRELATION ENERGY": -0.14614428674709654,
    "MP2 SAME-SPIN CORRELATION ENERGY": -0.04393331138312312,
    "MP2 TOTAL ENERGY": -100.0824749435667,
    "NUCLEAR REPULSION ENERGY": 3.1857357455797306,
    "ONE-ELECTRON ENERGY": -147.07618787929778,
    "PCM POLARIZATION ENERGY": 0.0,
    "PE ENERGY": 0.0,
    "SCF DIPOLE X": 0.0,
    "SCF DIPOLE Y": 0.0,
    "SCF DIPOLE Z": -3.1169469791438935,
    "SCF ITERATION ENERGY": -99.89239734543638,
    "SCF ITERATIONS": 10.0,
    "SCF TOTAL ENERGY": -99.89239734543638,
    "TWO-ELECTRON ENERGY": 43.99805478828165
}