{
    "CC D1 DIAGNOSTIC": 0.04108961096096799,
    "CC D2 DIAGNOSTIC": 0.34472991179152884,
    "CC NEW D1 DIAGNOSTIC": 0.04108961096096799,
    "CC T1 DIAGNOSTIC": 0.010035707235260743,
    "CCSD CORRELATION ENERGY": -0.2608164347677853,
    "CCSD OPPOSITE-SPIN CORRELATION ENERGY": -0.20886961668609455,
    "CCSD SAME-SPIN CORRELATION ENERGY": -0.05194681808169099,
    "CCSD TOTAL ENERGY": -254.74427295109479,
    "CURRENT CORRELATION ENERGY": -0.2608164347677853,
    "CURRENT DIPOLE X": 0.0,
    "CURRENT DIPOLE Y": 0.0,
    "CURRENT DIPOLE Z": 3.4581202248217706,
    "CURRENT ENERGY": -254.74427295109479,
    "CURRENT REFERENCE ENERGY": -254.48345651632684,
    "HF TOTAL ENERGY": -254.48345651632684,
    "LCCSD (+LMP2) TOTAL ENERGY": -254.74125277687753,
    "MP2 CORRELATION ENERGY": -0.2401419383461359,
    "MP2 OPPOSITE-SPIN CORRELATION ENERGY": -0.1851079477461067,
    "MP2 SAME-SPIN CORRELATION ENERGY": -0.0550339906000292,
    "MP2 TOTAL ENERGY": -254.72359845467315,
    "NUCLEAR REPULSION ENERGY": 91.0508316804338,
    "ONE-ELECTRON ENERGY": -520.3892138491713,
    "PCM POLARIZATION ENERGY": 0.0,
    "PE ENERGY": 0.0,
    "SCF DIPOLE X": 0.0,
    "SCF DIPOLE Y": 0.0,
    "SCF DIPOLE Z": 3.4581202248217706,
    "SCF ITERATION ENERGY": -254.48345651632684,
    "SCF ITERATIONS": 10.0,
    "SCF TOTAL ENERGY": -254.48345651632684,
    "TWO-ELECTRON ENERGY": 174.8549256524106
}