{
    "CURRENT CORRELATION ENERGY": -0.033419606889390385,
    "CURRENT DIPOLE X": 0.0,
    "CURRENT DIPOLE Y": 0.0,
    "CURRENT DIPOLE Z": -6.30519495331877e-15,
    "CURRENT ENERGY": -1.0103833809204783,
    "CURRENT REFERENCE ENERGY": -0.9769637740310879,
    "CUSTOM SCS-MP2 CORRELATION ENERGY": -0.040103528267268505,
    "CUSTOM SCS-MP2 TOTAL ENERGY": -1.0170673022983565,
    "HF TOTAL ENERGY": -0.9769637740310879,
    "MP2 CORRELATION ENERGY": -0.033419606889390385,
    "MP2 OPPOSITE-SPIN CORRELATION ENERGY": -0.03341960688939042,
    "MP2 SAME-SPIN CORRELATION ENERGY": 0.0,
    "MP2 TOTAL ENERGY": -1.0103833809204783,
    "NUCLEAR REPULSION ENERGY": 0.324121041535375,
    "ONE-ELECTRON ENERGY": -1.7485183357987717,
    "PCM POLARIZATION ENERGY": 0.0,
    "PE ENERGY": 0.0,
    "SCF DIPOLE X": 0.0,
    "SCF DIPOLE Y": 0.0,
    "SCF DIPOLE Z": -6.30519495331877e-15,
    "SCF ITERATION ENERGY": -0.9769637740310879,
    "SCF ITERATIONS": 5.0,
    "SCF TOTAL ENERGY": -0.9769637740310879,
    "SCS-MP2 CORRELATION ENERGY": -0.040103528267268505,
    "SCS-MP2 TOTAL ENERGY": -1.0170673022983565,
    "SCS-MP2-VDW CORRELATION ENERGY": -0.04277709681841979,
    "SCS-MP2-VDW TOTAL ENERGY": -1.0197408708495077,
    "SCSN-MP2 CORRELATION ENERGY": 0.0,
    "SCSN-MP2 TOTAL ENERGY": -0.9769637740310879,
    "SOS-MP2 CORRELATION ENERGY": 0.0,
    "SOS-MP2 TOTAL ENERGY": -0.9769637740310879,
    "SOS-PI-MP2 CORRELATION ENERGY": -0.046787449645146584,
    "SOS-PI-MP2 TOTAL ENERGY": -1.0237512236762345,
    "TWO-ELECTRON ENERGY": 0.44743352023230876
}