{
    "CC D1 DIAGNOSTIC": 0.09096101849495389,
    "CC D2 DIAGNOSTIC": 0.09739211583877891,
    "CC NEW D1 DIAGNOSTIC": 0.09096101849495389,
    "CC T1 DIAGNOSTIC": 0.021995483184977436,
    "CCSD CORRELATION ENERGY": -0.28631335738801644,
    "CCSD OPPOSITE-SPIN CORRELATION ENERGY": -0.2215185350928365,
    "CCSD SAME-SPIN CORRELATION ENERGY": -0.06479482229517977,
    "CCSD TOTAL ENERGY": -261.16936917544757,
    "CURRENT CORRELATION ENERGY": -0.28631335738801644,
    "CURRENT DIPOLE X": 0.0,
    "CURRENT DIPOLE Y": 0.0,
    "CURRENT DIPOLE Z": -5.807379894971702,
    "CURRENT ENERGY": -261.16936917544757,
    "CURRENT REFERENCE ENERGY": -260.88305581805866,
    "HF TOTAL ENERGY": -260.88305581805866,
    "LCCSD (+LMP2) TOTAL ENERGY": -261.1694084523354,
    "MP2 CORRELATION ENERGY": -0.28653931902860913,
    "MP2 OPPOSITE-SPIN CORRELATION ENERGY": -0.21248151348655345,
    "MP2 SAME-SPIN CORRELATION ENERGY": -0.07405780554205568,
    "MP2 TOTAL ENERGY": -261.1695951370882,
    "NUCLEAR REPULSION ENERGY": 42.814456786076654,
    "ONE-ELECTRON ENERGY": -455.0156680935455,
    "PCM POLARIZATION ENERGY": 0.0,
    "PE ENERGY": 0.0,
    "SCF DIPOLE X": 0.0,
    "SCF DIPOLE Y": 0.0,
    "SCF DIPOLE Z": -5.807379894971702,
    "SCF ITERATION ENERGY": -260.88305581805866,
    "SCF ITERATIONS": 11.0,
    "SCF TOTAL ENERGY": -260.88305581805866,
    "TWO-ELECTRON ENERGY": 151.31815548941015
}