{
    "CC D1 DIAGNOSTIC": 0.03577096125226884,
    "CC D2 DIAGNOSTIC": 0.09562829155802748,
    "CC NEW D1 DIAGNOSTIC": 0.03577096125226884,
    "CC T1 DIAGNOSTIC": 0.015624668200407688,
    "CCSD CORRELATION ENERGY": -0.1784598495573362,
    "CCSD OPPOSITE-SPIN CORRELATION ENERGY": -0.14291137846385882,
    "CCSD SAME-SPIN CORRELATION ENERGY": -0.03554847109347742,
    "CCSD TOTAL ENERGY": -107.13045645907839,
    "CURRENT CORRELATION ENERGY": -0.1784598495573362,
    "CURRENT DIPOLE X": 0.0,
    "CURRENT DIPOLE Y": 0.0,
    "CURRENT DIPOLE Z": -5.82798163664334,
    "CURRENT ENERGY": -107.13045645907839,
    "CURRENT REFERENCE ENERGY": -106.95199660952112,
    "HF TOTAL ENERGY": -106.95199660952112,
    "LCCSD (+LMP2) TOTAL ENERGY": -107.12958935564124,
    "MP2 CORRELATION ENERGY": -0.17892191975281008,
    "MP2 OPPOSITE-SPIN CORRELATION ENERGY": -0.13558970910247295,
    "MP2 SAME-SPIN CORRELATION ENERGY": -0.04333221065033713,
    "MP2 TOTAL ENERGY": -107.13091852927386,
    "NUCLEAR REPULSION ENERGY": 10.11839556202815,
    "ONE-ELECTRON ENERGY": -171.37571104775864,
    "PCM POLARIZATION ENERGY": 0.0,
    "PE ENERGY": 0.0,
    "SCF DIPOLE X": 0.0,
    "SCF DIPOLE Y": 0.0,
    "SCF DIPOLE Z": -5.82798163664334,
    "SCF ITERATION ENERGY": -106.95199660952112,
    "SCF ITERATIONS": 10.0,
    "SCF TOTAL ENERGY": -106.95199660952112,
    "TWO-ELECTRON ENERGY": 54.30531887620937
}