{
    "CC D1 DIAGNOSTIC": 0.031161636336212717,
    "CC D2 DIAGNOSTIC": 0.09494991203773274,
    "CC NEW D1 DIAGNOSTIC": 0.031161636336212717,
    "CC T1 DIAGNOSTIC": 0.013894578463970221,
    "CCSD CORRELATION ENERGY": -0.1762020623498747,
    "CCSD OPPOSITE-SPIN CORRELATION ENERGY": -0.1408113917721999,
    "CCSD SAME-SPIN CORRELATION ENERGY": -0.03539067057767484,
    "CCSD TOTAL ENERGY": -107.05719777776122,
    "CURRENT CORRELATION ENERGY": -0.1762020623498747,
    "CURRENT DIPOLE X": 0.0,
    "CURRENT DIPOLE Y": 0.0,
    "CURRENT DIPOLE Z": -4.9354367585548715,
    "CURRENT ENERGY": -107.05719777776122,
    "CURRENT REFERENCE ENERGY": -106.88099571541146,
    "HF TOTAL ENERGY": -106.88099571541146,
    "LCCSD (+LMP2) TOTAL ENERGY": -107.05606689716367,
    "MP2 CORRELATION ENERGY": -0.176511525323371,
    "MP2 OPPOSITE-SPIN CORRELATION ENERGY": -0.13371208132774637,
    "MP2 SAME-SPIN CORRELATION ENERGY": -0.04279944399562463,
    "MP2 TOTAL ENERGY": -107.05750724073472,
    "NUCLEAR REPULSION ENERGY": 11.82232496020753,
    "ONE-ELECTRON ENERGY": -174.39893763891115,
    "PCM POLARIZATION ENERGY": 0.0,
    "PE ENERGY": 0.0,
    "SCF DIPOLE X": 0.0,
    "SCF DIPOLE Y": 0.0,
    "SCF DIPOLE Z": -4.9354367585548715,
    "SCF ITERATION ENERGY": -106.88099571541146,
    "SCF ITERATIONS": 9.0,
    "SCF TOTAL ENERGY": -106.88099571541146,
    "TWO-ELECTRON ENERGY": 55.69561696329215
}