{
    "CC D1 DIAGNOSTIC": 0.05041912621158193,
    "CC D2 DIAGNOSTIC": 0.1615345187277952,
    "CC NEW D1 DIAGNOSTIC": 0.05041912621158193,
    "CC T1 DIAGNOSTIC": 0.01998391199075867,
    "CCSD CORRELATION ENERGY": -0.2606194515498041,
    "CCSD OPPOSITE-SPIN CORRELATION ENERGY": -0.21000635365814405,
    "CCSD SAME-SPIN CORRELATION ENERGY": -0.0506130978916601,
    "CCSD TOTAL ENERGY": -112.95665659158541,
    "CURRENT CORRELATION ENERGY": -0.2606194515498041,
    "CURRENT DIPOLE X": 0.0,
    "CURRENT DIPOLE Y": 0.0,
    "CURRENT DIPOLE Z": -0.6693178307903608,
    "CURRENT ENERGY": -112.95665659158541,
    "CURRENT REFERENCE ENERGY": -112.69603714003566,
    "HF TOTAL ENERGY": -112.69603714003566,
    "LCCSD (+LMP2) TOTAL ENERGY": -112.95558613869433,
    "MP2 CORRELATION ENERGY": -0.2659632456379275,
    "MP2 OPPOSITE-SPIN CORRELATION ENERGY": -0.20006897674130011,
    "MP2 SAME-SPIN CORRELATION ENERGY": -0.06589426889662739,
    "MP2 TOTAL ENERGY": -112.96200038567355,
    "NUCLEAR REPULSION ENERGY": 21.83456032967534,
    "ONE-ELECTRON ENERGY": -196.56566606902192,
    "PCM POLARIZATION ENERGY": 0.0,
    "PE ENERGY": 0.0,
    "SCF DIPOLE X": 0.0,
    "SCF DIPOLE Y": 0.0,
    "SCF DIPOLE Z": -0.6693178307903608,
    "SCF ITERATION ENERGY": -112.69603714003566,
    "SCF ITERATIONS": 10.0,
    "SCF TOTAL ENERGY": -112.69603714003566,
    "TWO-ELECTRON ENERGY": 62.03506859931091
}