{
    "CC D1 DIAGNOSTIC": 0.011496441595555058,
    "CC D2 DIAGNOSTIC": 0.11109915292446512,
    "CC NEW D1 DIAGNOSTIC": 0.011496441595555058,
    "CC T1 DIAGNOSTIC": 0.00466354377591532,
    "CCSD CORRELATION ENERGY": -0.10918608065503976,
    "CCSD OPPOSITE-SPIN CORRELATION ENERGY": -0.08982067621556449,
    "CCSD SAME-SPIN CORRELATION ENERGY": -0.019365404439475556,
    "CCSD TOTAL ENERGY": -460.16717558508816,
    "CURRENT CORRELATION ENERGY": -0.10918608065503976,
    "CURRENT DIPOLE X": 0.0,
    "CURRENT DIPOLE Y": 0.0,
    "CURRENT DIPOLE Z": -1.8393318354465833,
    "CURRENT ENERGY": -460.16717558508816,
    "CURRENT REFERENCE ENERGY": -460.0579895044336,
    "HF TOTAL ENERGY": -460.0579895044335,
    "LCCSD (+LMP2) TOTAL ENERGY": -460.1677254384274,
    "MP2 CORRELATION ENERGY": -0.10004328638380991,
    "MP2 OPPOSITE-SPIN CORRELATION ENERGY": -0.07991045894157535,
    "MP2 SAME-SPIN CORRELATION ENERGY": -0.02013282744223456,
    "MP2 TOTAL ENERGY": -460.15803279081695,
    "NUCLEAR REPULSION ENERGY": 7.537711594512041,
    "ONE-ELECTRON ENERGY": -650.520984536452,
    "PCM POLARIZATION ENERGY": 0.0,
    "PE ENERGY": 0.0,
    "SCF DIPOLE X": 0.0,
    "SCF DIPOLE Y": 0.0,
    "SCF DIPOLE Z": -1.8393318354465833,
    "SCF ITERATION ENERGY": -460.0579895044336,
    "SCF ITERATIONS": 9.0,
    "SCF TOTAL ENERGY": -460.0579895044336,
    "TWO-ELECTRON ENERGY": 182.9252834375064
}