{
    "CC D1 DIAGNOSTIC": 0.04167338945801733,
    "CC D2 DIAGNOSTIC": 0.24512517335873218,
    "CC NEW D1 DIAGNOSTIC": 0.04167338945801733,
    "CC T1 DIAGNOSTIC": 0.01712556557322244,
    "CCSD CORRELATION ENERGY": -0.33569861200786566,
    "CCSD OPPOSITE-SPIN CORRELATION ENERGY": -0.2804491529050575,
    "CCSD SAME-SPIN CORRELATION ENERGY": -0.05524945910280804,
    "CCSD TOTAL ENERGY": -109.0882197646193,
    "CURRENT CORRELATION ENERGY": -0.33569861200786566,
    "CURRENT DIPOLE X": 0.0,
    "CURRENT DIPOLE Y": 0.0,
    "CURRENT DIPOLE Z": 5.643810867306312e-16,
    "CURRENT ENERGY": -109.0882197646193,
    "CURRENT REFERENCE ENERGY": -108.75252115261154,
    "HF TOTAL ENERGY": -108.75252115261154,
    "LCCSD (+LMP2) TOTAL ENERGY": -109.0882197646193,
    "MP2 CORRELATION ENERGY": -0.3887052723887606,
    "MP2 OPPOSITE-SPIN CORRELATION ENERGY": -0.28372387927024345,
    "MP2 SAME-SPIN CORRELATION ENERGY": -0.10498139311851717,
    "MP2 TOTAL ENERGY": -109.1412264250002,
    "NUCLEAR REPULSION ENERGY": 18.970613901629306,
    "ONE-ELECTRON ENERGY": -184.65057189657531,
    "PCM POLARIZATION ENERGY": 0.0,
    "PE ENERGY": 0.0,
    "SCF DIPOLE X": 0.0,
    "SCF DIPOLE Y": 0.0,
    "SCF DIPOLE Z": 5.643810867306312e-16,
    "SCF ITERATION ENERGY": -108.75252115261154,
    "SCF ITERATIONS": 8.0,
    "SCF TOTAL ENERGY": -108.75252115261154,
    "TWO-ELECTRON ENERGY": 56.92743684233445
}