{
    "CC D1 DIAGNOSTIC": 0.05426354446361196,
    "CC D2 DIAGNOSTIC": 0.29493925628412376,
    "CC NEW D1 DIAGNOSTIC": 0.05426354446361196,
    "CC T1 DIAGNOSTIC": 0.013458771988080459,
    "CCSD CORRELATION ENERGY": -0.14094028395125752,
    "CCSD OPPOSITE-SPIN CORRELATION ENERGY": -0.12042763970367959,
    "CCSD SAME-SPIN CORRELATION ENERGY": -0.020512644247579787,
    "CCSD TOTAL ENERGY": -460.1118300807268,
    "CURRENT CORRELATION ENERGY": -0.14094028395125752,
    "CURRENT DIPOLE X": 0.0,
    "CURRENT DIPOLE Y": 0.0,
    "CURRENT DIPOLE Z": -2.407066317445253,
    "CURRENT ENERGY": -460.1118300807268,
    "CURRENT REFERENCE ENERGY": -459.9708897967755,
    "HF TOTAL ENERGY": -459.9708897967755,
    "LCCSD (+LMP2) TOTAL ENERGY": -460.11100914190683,
    "MP2 CORRELATION ENERGY": -0.12086118679394096,
    "MP2 OPPOSITE-SPIN CORRELATION ENERGY": -0.09754493908942063,
    "MP2 SAME-SPIN CORRELATION ENERGY": -0.02331624770452033,
    "MP2 TOTAL ENERGY": -460.0917509835695,
    "NUCLEAR REPULSION ENERGY": 4.566853325756659,
    "ONE-ELECTRON ENERGY": -644.8139388807467,
    "PCM POLARIZATION ENERGY": 0.0,
    "PE ENERGY": 0.0,
    "SCF DIPOLE X": 0.0,
    "SCF DIPOLE Y": 0.0,
    "SCF DIPOLE Z": -2.407066317445253,
    "SCF ITERATION ENERGY": -459.9708897967755,
    "SCF ITERATIONS": 9.0,
    "SCF TOTAL ENERGY": -459.9708897967755,
    "TWO-ELECTRON ENERGY": 180.27619575821447
}