{
    "CC D1 DIAGNOSTIC": 0.3153319714136845,
    "CC D2 DIAGNOSTIC": 0.4218420425521887,
    "CC NEW D1 DIAGNOSTIC": 0.3153319714136845,
    "CC T1 DIAGNOSTIC": 0.07162182699177495,
    "CCSD CORRELATION ENERGY": -0.3279661901840024,
    "CCSD OPPOSITE-SPIN CORRELATION ENERGY": -0.25968476740418345,
    "CCSD SAME-SPIN CORRELATION ENERGY": -0.06828142277981752,
    "CCSD TOTAL ENERGY": -259.9867235164332,
    "CURRENT CORRELATION ENERGY": -0.3279661901840024,
    "CURRENT DIPOLE X": 0.0,
    "CURRENT DIPOLE Y": 0.0,
    "CURRENT DIPOLE Z": 4.031014914620959,
    "CURRENT ENERGY": -259.9867235164332,
    "CURRENT REFERENCE ENERGY": -259.65875732624926,
    "HF TOTAL ENERGY": -259.65875732624926,
    "LCCSD (+LMP2) TOTAL ENERGY": -259.9867235164332,
    "MP2 CORRELATION ENERGY": -0.3077349438914744,
    "MP2 OPPOSITE-SPIN CORRELATION ENERGY": -0.232734505057191,
    "MP2 SAME-SPIN CORRELATION ENERGY": -0.07500043883428337,
    "MP2 TOTAL ENERGY": -259.9664922701407,
    "NUCLEAR REPULSION ENERGY": 55.89984036144596,
    "ONE-ELECTRON ENERGY": -470.00050571158386,
    "PCM POLARIZATION ENERGY": 0.0,
    "PE ENERGY": 0.0,
    "SCF DIPOLE X": 0.0,
    "SCF DIPOLE Y": 0.0,
    "SCF DIPOLE Z": 4.031014914620959,
    "SCF ITERATION ENERGY": -259.65875732624926,
    "SCF ITERATIONS": 13.0,
    "SCF TOTAL ENERGY": -259.65875732624926,
    "TWO-ELECTRON ENERGY": 154.44190802388863
}