{
    "CC D1 DIAGNOSTIC": 0.04416701522509009,
    "CC D2 DIAGNOSTIC": 0.1557216039036532,
    "CC NEW D1 DIAGNOSTIC": 0.04416701522509009,
    "CC T1 DIAGNOSTIC": 0.017630773110298013,
    "CCSD CORRELATION ENERGY": -0.2548975537313091,
    "CCSD OPPOSITE-SPIN CORRELATION ENERGY": -0.2052557547679562,
    "CCSD SAME-SPIN CORRELATION ENERGY": -0.04964179896335286,
    "CCSD TOTAL ENERGY": -112.95431326812671,
    "CURRENT CORRELATION ENERGY": -0.2548975537313091,
    "CURRENT DIPOLE X": 0.0,
    "CURRENT DIPOLE Y": 0.0,
    "CURRENT DIPOLE Z": -0.44965595722563584,
    "CURRENT ENERGY": -112.95431326812671,
    "CURRENT REFERENCE ENERGY": -112.69941571439549,
    "HF TOTAL ENERGY": -112.69941571439549,
    "LCCSD (+LMP2) TOTAL ENERGY": -112.95433841899444,
    "MP2 CORRELATION ENERGY": -0.2580407270052716,
    "MP2 OPPOSITE-SPIN CORRELATION ENERGY": -0.19463837558303626,
    "MP2 SAME-SPIN CORRELATION ENERGY": -0.06340235142223533,
    "MP2 TOTAL ENERGY": -112.95745644140067,
    "NUCLEAR REPULSION ENERGY": 22.717756028403777,
    "ONE-ELECTRON ENERGY": -198.23005368025787,
    "PCM POLARIZATION ENERGY": 0.0,
    "PE ENERGY": 0.0,
    "SCF DIPOLE X": 0.0,
    "SCF DIPOLE Y": 0.0,
    "SCF DIPOLE Z": -0.44965595722563584,
    "SCF ITERATION ENERGY": -112.69941571439549,
    "SCF ITERATIONS": 10.0,
    "SCF TOTAL ENERGY": -112.69941571439549,
    "TWO-ELECTRON ENERGY": 62.8128819374586
}