{
    "CC D1 DIAGNOSTIC": 0.046432197840653354,
    "CC D2 DIAGNOSTIC": 0.2882760103202756,
    "CC NEW D1 DIAGNOSTIC": 0.046432197840653354,
    "CC T1 DIAGNOSTIC": 0.014445470617959422,
    "CCSD CORRELATION ENERGY": -0.3384692171293288,
    "CCSD OPPOSITE-SPIN CORRELATION ENERGY": -0.2783679477740868,
    "CCSD SAME-SPIN CORRELATION ENERGY": -0.06010126935524196,
    "CCSD TOTAL ENERGY": -149.8307524162577,
    "CURRENT CORRELATION ENERGY": -0.3384692171293288,
    "CURRENT DIPOLE X": 0.0,
    "CURRENT DIPOLE Y": 0.0,
    "CURRENT DIPOLE Z": 0.0,
    "CURRENT ENERGY": -149.8307524162577,
    "CURRENT REFERENCE ENERGY": -149.4922831991283,
    "HF TOTAL ENERGY": -149.49228319912834,
    "LCCSD (+LMP2) TOTAL ENERGY": -149.87525033371452,
    "MP2 CORRELATION ENERGY": -0.3575169283499307,
    "MP2 OPPOSITE-SPIN CORRELATION ENERGY": -0.2679563265162091,
    "MP2 SAME-SPIN CORRELATION ENERGY": -0.08956060183372161,
    "MP2 TOTAL ENERGY": -149.8498001274783,
    "NUCLEAR REPULSION ENERGY": 25.77285260073851,
    "ONE-ELECTRON ENERGY": -256.8367904366921,
    "PCM POLARIZATION ENERGY": 0.0,
    "PE ENERGY": 0.0,
    "SCF DIPOLE X": 0.0,
    "SCF DIPOLE Y": 0.0,
    "SCF DIPOLE Z": 0.0,
    "SCF ITERATION ENERGY": -149.4922831991283,
    "SCF ITERATIONS": 9.0,
    "SCF TOTAL ENERGY": -149.4922831991283,
    "TWO-ELECTRON ENERGY": 81.5716546368253
}