{
    "CC D1 DIAGNOSTIC": 0.08464386960188293,
    "CC D2 DIAGNOSTIC": 0.10620710382496956,
    "CC NEW D1 DIAGNOSTIC": 0.08464386960188293,
    "CC T1 DIAGNOSTIC": 0.025739896057466866,
    "CCSD CORRELATION ENERGY": -0.180203103748128,
    "CCSD OPPOSITE-SPIN CORRELATION ENERGY": -0.1426831303723995,
    "CCSD SAME-SPIN CORRELATION ENERGY": -0.037519973375728266,
    "CCSD TOTAL ENERGY": -106.24935633107775,
    "CURRENT CORRELATION ENERGY": -0.180203103748128,
    "CURRENT DIPOLE X": 0.0,
    "CURRENT DIPOLE Y": 0.0,
    "CURRENT DIPOLE Z": -2.655645720637674,
    "CURRENT ENERGY": -106.24935633107775,
    "CURRENT REFERENCE ENERGY": -106.06915322732972,
    "HF TOTAL ENERGY": -106.06915322732972,
    "LCCSD (+LMP2) TOTAL ENERGY": -106.20355340768599,
    "MP2 CORRELATION ENERGY": -0.18119656340808804,
    "MP2 OPPOSITE-SPIN CORRELATION ENERGY": -0.13635680833310654,
    "MP2 SAME-SPIN CORRELATION ENERGY": -0.0448397550749815,
    "MP2 TOTAL ENERGY": -106.25034979073772,
    "NUCLEAR REPULSION ENERGY": 17.49704094110714,
    "ONE-ELECTRON ENERGY": -183.20519958153892,
    "PCM POLARIZATION ENERGY": 0.0,
    "PE ENERGY": 0.0,
    "SCF DIPOLE X": 0.0,
    "SCF DIPOLE Y": 0.0,
    "SCF DIPOLE Z": -2.655645720637674,
    "SCF ITERATION ENERGY": -106.06915322732972,
    "SCF ITERATIONS": 11.0,
    "SCF TOTAL ENERGY": -106.06915322732972,
    "TWO-ELECTRON ENERGY": 59.639005413102055
}