{
    "CC D1 DIAGNOSTIC": 0.07951771315003002,
    "CC D2 DIAGNOSTIC": 0.09414664140361192,
    "CC NEW D1 DIAGNOSTIC": 0.07951771315003002,
    "CC T1 DIAGNOSTIC": 0.019750373367257767,
    "CCSD CORRELATION ENERGY": -0.28587791940989304,
    "CCSD OPPOSITE-SPIN CORRELATION ENERGY": -0.2212801569581032,
    "CCSD SAME-SPIN CORRELATION ENERGY": -0.06459776245178944,
    "CCSD TOTAL ENERGY": -261.2201772629493,
    "CURRENT CORRELATION ENERGY": -0.28587791940989304,
    "CURRENT DIPOLE X": 0.0,
    "CURRENT DIPOLE Y": 0.0,
    "CURRENT DIPOLE Z": -5.909924217213932,
    "CURRENT ENERGY": -261.2201772629493,
    "CURRENT REFERENCE ENERGY": -260.9342993435386,
    "HF TOTAL ENERGY": -260.9342993435386,
    "LCCSD (+LMP2) TOTAL ENERGY": -261.22055923087726,
    "MP2 CORRELATION ENERGY": -0.28622570931702174,
    "MP2 OPPOSITE-SPIN CORRELATION ENERGY": -0.2123246344361686,
    "MP2 SAME-SPIN CORRELATION ENERGY": -0.07390107488085312,
    "MP2 TOTAL ENERGY": -261.22052505285643,
    "NUCLEAR REPULSION ENERGY": 42.03758156213578,
    "ONE-ELECTRON ENERGY": -453.5730498727393,
    "PCM POLARIZATION ENERGY": 0.0,
    "PE ENERGY": 0.0,
    "SCF DIPOLE X": 0.0,
    "SCF DIPOLE Y": 0.0,
    "SCF DIPOLE Z": -5.909924217213932,
    "SCF ITERATION ENERGY": -260.9342993435386,
    "SCF ITERATIONS": 11.0,
    "SCF TOTAL ENERGY": -260.9342993435386,
    "TWO-ELECTRON ENERGY": 150.60116896706495
}