{
    "CC D1 DIAGNOSTIC": 0.017377366819802655,
    "CC D2 DIAGNOSTIC": 0.11766203223893479,
    "CC NEW D1 DIAGNOSTIC": 0.017377366819802655,
    "CC T1 DIAGNOSTIC": 0.006039168955418137,
    "CCSD CORRELATION ENERGY": -0.20740197224731627,
    "CCSD OPPOSITE-SPIN CORRELATION ENERGY": -0.1643479488140762,
    "CCSD SAME-SPIN CORRELATION ENERGY": -0.043054023433239996,
    "CCSD TOTAL ENERGY": -110.37284888569656,
    "CURRENT CORRELATION ENERGY": -0.20740197224731627,
    "CURRENT DIPOLE X": 0.0,
    "CURRENT DIPOLE Y": 0.0,
    "CURRENT DIPOLE Z": 1.3271658510259245,
    "CURRENT ENERGY": -110.37284888569656,
    "CURRENT REFERENCE ENERGY": -110.16544691344922,
    "HF TOTAL ENERGY": -110.16544691344922,
    "LCCSD (+LMP2) TOTAL ENERGY": -110.37221897920118,
    "MP2 CORRELATION ENERGY": -0.19845077433694497,
    "MP2 OPPOSITE-SPIN CORRELATION ENERGY": -0.15191793453987018,
    "MP2 SAME-SPIN CORRELATION ENERGY": -0.04653283979707479,
    "MP2 TOTAL ENERGY": -110.36389768778619,
    "NUCLEAR REPULSION ENERGY": 41.431973084588854,
    "ONE-ELECTRON ENERGY": -228.95349116858011,
    "PCM POLARIZATION ENERGY": 0.0,
    "PE ENERGY": 0.0,
    "SCF DIPOLE X": 0.0,
    "SCF DIPOLE Y": 0.0,
    "SCF DIPOLE Z": 1.3271658510259245,
    "SCF ITERATION ENERGY": -110.16544691344922,
    "SCF ITERATIONS": 10.0,
    "SCF TOTAL ENERGY": -110.16544691344922,
    "TWO-ELECTRON ENERGY": 77.35607117054204
}