{
    "CC D1 DIAGNOSTIC": 0.03269540384202765,
    "CC D2 DIAGNOSTIC": 0.2125947001585935,
    "CC NEW D1 DIAGNOSTIC": 0.03269540384202765,
    "CC T1 DIAGNOSTIC": 0.011582370624939855,
    "CCSD CORRELATION ENERGY": -0.29034439645058174,
    "CCSD OPPOSITE-SPIN CORRELATION ENERGY": -0.24267624667463267,
    "CCSD SAME-SPIN CORRELATION ENERGY": -0.04766814977594924,
    "CCSD TOTAL ENERGY": -110.2331638265475,
    "CURRENT CORRELATION ENERGY": -0.29034439645058174,
    "CURRENT DIPOLE X": 0.0,
    "CURRENT DIPOLE Y": 1.1287621734612623e-15,
    "CURRENT DIPOLE Z": -3.7240815142813886,
    "CURRENT ENERGY": -110.2331638265475,
    "CURRENT REFERENCE ENERGY": -109.94281943009682,
    "HF TOTAL ENERGY": -109.94281943009682,
    "LCCSD (+LMP2) TOTAL ENERGY": -110.23335807086112,
    "MP2 CORRELATION ENERGY": -0.2760213767257429,
    "MP2 OPPOSITE-SPIN CORRELATION ENERGY": -0.215826026210519,
    "MP2 SAME-SPIN CORRELATION ENERGY": -0.0601953505152239,
    "MP2 TOTAL ENERGY": -110.21884080682266,
    "NUCLEAR REPULSION ENERGY": 32.18145538777206,
    "ONE-ELECTRON ENERGY": -212.4526390034942,
    "PCM POLARIZATION ENERGY": 0.0,
    "PE ENERGY": 0.0,
    "SCF DIPOLE X": 0.0,
    "SCF DIPOLE Y": 1.1287621734612623e-15,
    "SCF DIPOLE Z": -3.7240815142813886,
    "SCF ITERATION ENERGY": -109.94281943009682,
    "SCF ITERATIONS": 10.0,
    "SCF TOTAL ENERGY": -109.94281943009682,
    "TWO-ELECTRON ENERGY": 70.3283641856253
}