{
    "CURRENT CORRELATION ENERGY": -0.15525224761061907,
    "CURRENT DIPOLE X": 0.0,
    "CURRENT DIPOLE Y": 0.0,
    "CURRENT DIPOLE Z": -1.6839223112661736,
    "CURRENT ENERGY": -76.14602885281488,
    "CURRENT REFERENCE ENERGY": -75.99077660520426,
    "CUSTOM SCS-MP2 CORRELATION ENERGY": -0.1558460158731161,
    "CUSTOM SCS-MP2 TOTAL ENERGY": -76.14662262107737,
    "HF TOTAL ENERGY": -75.99077660520426,
    "MP2 CORRELATION ENERGY": -0.15525224761061907,
    "MP2 OPPOSITE-SPIN CORRELATION ENERGY": -0.12010992308028273,
    "MP2 SAME-SPIN CORRELATION ENERGY": -0.035142324530330546,
    "MP2 TOTAL ENERGY": -76.14602885281488,
    "NUCLEAR REPULSION ENERGY": 9.110027913549002,
    "ONE-ELECTRON ENERGY": -123.05422418213989,
    "PCM POLARIZATION ENERGY": 0.0,
    "PE ENERGY": 0.0,
    "SCF DIPOLE X": 0.0,
    "SCF DIPOLE Y": 0.0,
    "SCF DIPOLE Z": -1.6839223112661736,
    "SCF ITERATION ENERGY": -75.99077660520426,
    "SCF ITERATIONS": 10.0,
    "SCF TOTAL ENERGY": -75.99077660520426,
    "SCS-MP2 CORRELATION ENERGY": -0.1558460158731161,
    "SCS-MP2 TOTAL ENERGY": -76.14662262107737,
    "SCS-MP2-VDW CORRELATION ENERGY": -0.1713118638079294,
    "SCS-MP2-VDW TOTAL ENERGY": -76.16208846901219,
    "SCSN-MP2 CORRELATION ENERGY": -0.06185049117337371,
    "SCSN-MP2 TOTAL ENERGY": -76.05262709637763,
    "SOS-MP2 CORRELATION ENERGY": 0.0,
    "SOS-MP2 TOTAL ENERGY": -75.99077660520426,
    "SOS-PI-MP2 CORRELATION ENERGY": -0.16815389231238953,
    "SOS-PI-MP2 TOTAL ENERGY": -76.15893049751665,
    "TWO-ELECTRON ENERGY": 37.953419663386626
}