{
    "CC D1 DIAGNOSTIC": 0.011430077273298834,
    "CC D2 DIAGNOSTIC": 0.10632441418574591,
    "CC NEW D1 DIAGNOSTIC": 0.011430077273298834,
    "CC T1 DIAGNOSTIC": 0.0045675009921880005,
    "CCSD CORRELATION ENERGY": -0.10829209277916432,
    "CCSD OPPOSITE-SPIN CORRELATION ENERGY": -0.0890331808750244,
    "CCSD SAME-SPIN CORRELATION ENERGY": -0.01925891190413992,
    "CCSD TOTAL ENERGY": -460.158536485556,
    "CURRENT CORRELATION ENERGY": -0.10829209277916432,
    "CURRENT DIPOLE X": 0.0,
    "CURRENT DIPOLE Y": 0.0,
    "CURRENT DIPOLE Z": -1.822884915254075,
    "CURRENT ENERGY": -460.158536485556,
    "CURRENT REFERENCE ENERGY": -460.05024439277656,
    "HF TOTAL ENERGY": -460.05024439277656,
    "LCCSD (+LMP2) TOTAL ENERGY": -460.1660961298697,
    "MP2 CORRELATION ENERGY": -0.09935993222911729,
    "MP2 OPPOSITE-SPIN CORRELATION ENERGY": -0.07938301597076161,
    "MP2 SAME-SPIN CORRELATION ENERGY": -0.01997691625835568,
    "MP2 TOTAL ENERGY": -460.14960432500595,
    "NUCLEAR REPULSION ENERGY": 7.783506537811346,
    "ONE-ELECTRON ENERGY": -650.9728839749475,
    "PCM POLARIZATION ENERGY": 0.0,
    "PE ENERGY": 0.0,
    "SCF DIPOLE X": 0.0,
    "SCF DIPOLE Y": 0.0,
    "SCF DIPOLE Z": -1.822884915254075,
    "SCF ITERATION ENERGY": -460.05024439277656,
    "SCF ITERATIONS": 9.0,
    "SCF TOTAL ENERGY": -460.05024439277656,
    "TWO-ELECTRON ENERGY": 183.1391330443596
}