{
    "CC D1 DIAGNOSTIC": 0.009289964631030214,
    "CC D2 DIAGNOSTIC": 0.19718869707780226,
    "CC NEW D1 DIAGNOSTIC": 0.009289964631030214,
    "CC T1 DIAGNOSTIC": 0.004334857777309938,
    "CCSD CORRELATION ENERGY": -0.23090048843160418,
    "CCSD OPPOSITE-SPIN CORRELATION ENERGY": -0.1825181046954115,
    "CCSD SAME-SPIN CORRELATION ENERGY": -0.048382383736192774,
    "CCSD TOTAL ENERGY": -145.7706520529513,
    "CURRENT CORRELATION ENERGY": -0.23090048843160418,
    "CURRENT DIPOLE X": 0.0,
    "CURRENT DIPOLE Y": 0.0,
    "CURRENT DIPOLE Z": 0.0,
    "CURRENT ENERGY": -145.7706520529513,
    "CURRENT REFERENCE ENERGY": -145.53975156451966,
    "HF TOTAL ENERGY": -145.53975156451966,
    "LCCSD (+LMP2) TOTAL ENERGY": -145.80124567367713,
    "MP2 CORRELATION ENERGY": -0.21902214186820604,
    "MP2 OPPOSITE-SPIN CORRELATION ENERGY": -0.16709457131033198,
    "MP2 SAME-SPIN CORRELATION ENERGY": -0.05192757055787406,
    "MP2 TOTAL ENERGY": -145.7587737063879,
    "NUCLEAR REPULSION ENERGY": 58.86114371260367,
    "ONE-ELECTRON ENERGY": -310.5022765710686,
    "PCM POLARIZATION ENERGY": 0.0,
    "PE ENERGY": 0.0,
    "SCF DIPOLE X": 0.0,
    "SCF DIPOLE Y": 0.0,
    "SCF DIPOLE Z": 0.0,
    "SCF ITERATION ENERGY": -145.53975156451966,
    "SCF ITERATIONS": 9.0,
    "SCF TOTAL ENERGY": -145.53975156451966,
    "TWO-ELECTRON ENERGY": 106.10138129394525
}