{
    "CC D1 DIAGNOSTIC": 0.008928309092652055,
    "CC D2 DIAGNOSTIC": 0.08689393394607633,
    "CC NEW D1 DIAGNOSTIC": 0.008928309092652055,
    "CC T1 DIAGNOSTIC": 0.005161771283678438,
    "CCSD CORRELATION ENERGY": -0.1505926050930109,
    "CCSD OPPOSITE-SPIN CORRELATION ENERGY": -0.12014490320111977,
    "CCSD SAME-SPIN CORRELATION ENERGY": -0.030447701891891096,
    "CCSD TOTAL ENERGY": -100.10650935196863,
    "CURRENT CORRELATION ENERGY": -0.1505926050930109,
    "CURRENT DIPOLE X": 0.0,
    "CURRENT DIPOLE Y": 0.0,
    "CURRENT DIPOLE Z": -2.082389516636092,
    "CURRENT ENERGY": -100.10650935196863,
    "CURRENT REFERENCE ENERGY": -99.95591674687562,
    "HF TOTAL ENERGY": -99.95591674687562,
    "LCCSD (+LMP2) TOTAL ENERGY": -100.09887655359559,
    "MP2 CORRELATION ENERGY": -0.14888386811929263,
    "MP2 OPPOSITE-SPIN CORRELATION ENERGY": -0.11316528567142198,
    "MP2 SAME-SPIN CORRELATION ENERGY": -0.035718582447870656,
    "MP2 TOTAL ENERGY": -100.10480061499491,
    "NUCLEAR REPULSION ENERGY": 6.558867711487681,
    "ONE-ELECTRON ENERGY": -152.81687359921844,
    "PCM POLARIZATION ENERGY": 0.0,
    "PE ENERGY": 0.0,
    "SCF DIPOLE X": 0.0,
    "SCF DIPOLE Y": 0.0,
    "SCF DIPOLE Z": -2.082389516636092,
    "SCF ITERATION ENERGY": -99.95591674687562,
    "SCF ITERATIONS": 9.0,
    "SCF TOTAL ENERGY": -99.95591674687562,
    "TWO-ELECTRON ENERGY": 46.30208914085513
}