{
    "CURRENT CORRELATION ENERGY": -0.016829023543668775,
    "CURRENT DIPOLE X": 0.0,
    "CURRENT DIPOLE Y": 0.0,
    "CURRENT DIPOLE Z": -4.801648464450448e-15,
    "CURRENT ENERGY": -1.1138242177686128,
    "CURRENT REFERENCE ENERGY": -1.096995194224944,
    "CUSTOM SCS-MP2 CORRELATION ENERGY": -0.020194828252402642,
    "CUSTOM SCS-MP2 TOTAL ENERGY": -1.1171900224773468,
    "HF TOTAL ENERGY": -1.096995194224944,
    "MP2 CORRELATION ENERGY": -0.016829023543668775,
    "MP2 OPPOSITE-SPIN CORRELATION ENERGY": -0.01682902354366887,
    "MP2 SAME-SPIN CORRELATION ENERGY": 0.0,
    "MP2 TOTAL ENERGY": -1.1138242177686128,
    "NUCLEAR REPULSION ENERGY": 0.9428975753756366,
    "ONE-ELECTRON ENERGY": -2.7649300826238044,
    "PCM POLARIZATION ENERGY": 0.0,
    "PE ENERGY": 0.0,
    "SCF DIPOLE X": 0.0,
    "SCF DIPOLE Y": 0.0,
    "SCF DIPOLE Z": -4.801648464450448e-15,
    "SCF ITERATION ENERGY": -1.096995194224944,
    "SCF ITERATIONS": 6.0,
    "SCF TOTAL ENERGY": -1.096995194224944,
    "SCS-MP2 CORRELATION ENERGY": -0.020194828252402642,
    "SCS-MP2 TOTAL ENERGY": -1.1171900224773468,
    "SCS-MP2-VDW CORRELATION ENERGY": -0.021541150135896192,
    "SCS-MP2-VDW TOTAL ENERGY": -1.1185363443608403,
    "SCSN-MP2 CORRELATION ENERGY": 0.0,
    "SCSN-MP2 TOTAL ENERGY": -1.096995194224944,
    "SOS-MP2 CORRELATION ENERGY": -0.021877730606769452,
    "SOS-MP2 TOTAL ENERGY": -1.1188729248317135,
    "SOS-PI-MP2 CORRELATION ENERGY": -0.02356063296113642,
    "SOS-PI-MP2 TOTAL ENERGY": -1.1205558271860805,
    "TWO-ELECTRON ENERGY": 0.7250373130232237
}