{
    "CC D1 DIAGNOSTIC": 0.042541080678930095,
    "CC D2 DIAGNOSTIC": 0.25459663621366274,
    "CC NEW D1 DIAGNOSTIC": 0.042541080678930095,
    "CC T1 DIAGNOSTIC": 0.010898991335638894,
    "CCSD CORRELATION ENERGY": -0.1345131674032469,
    "CCSD OPPOSITE-SPIN CORRELATION ENERGY": -0.1139579933668231,
    "CCSD SAME-SPIN CORRELATION ENERGY": -0.020555174036423138,
    "CCSD TOTAL ENERGY": -460.1266769417687,
    "CURRENT CORRELATION ENERGY": -0.1345131674032469,
    "CURRENT DIPOLE X": 0.0,
    "CURRENT DIPOLE Y": 0.0,
    "CURRENT DIPOLE Z": -2.284135109971876,
    "CURRENT ENERGY": -460.1266769417687,
    "CURRENT REFERENCE ENERGY": -459.9921637743656,
    "HF TOTAL ENERGY": -459.9921637743656,
    "LCCSD (+LMP2) TOTAL ENERGY": -460.1722173676343,
    "MP2 CORRELATION ENERGY": -0.11712505249443667,
    "MP2 OPPOSITE-SPIN CORRELATION ENERGY": -0.09421763457882891,
    "MP2 SAME-SPIN CORRELATION ENERGY": -0.022907417915607756,
    "MP2 TOTAL ENERGY": -460.1092888268599,
    "NUCLEAR REPULSION ENERGY": 4.864691586132094,
    "ONE-ELECTRON ENERGY": -645.3964792207541,
    "PCM POLARIZATION ENERGY": 0.0,
    "PE ENERGY": 0.0,
    "SCF DIPOLE X": 0.0,
    "SCF DIPOLE Y": 0.0,
    "SCF DIPOLE Z": -2.284135109971876,
    "SCF ITERATION ENERGY": -459.9921637743656,
    "SCF ITERATIONS": 9.0,
    "SCF TOTAL ENERGY": -459.9921637743656,
    "TWO-ELECTRON ENERGY": 180.53962386025646
}