{
    "CC D1 DIAGNOSTIC": 0.038484449405650746,
    "CC D2 DIAGNOSTIC": 0.09139540920733548,
    "CC NEW D1 DIAGNOSTIC": 0.038484449405650746,
    "CC T1 DIAGNOSTIC": 0.013595390099604988,
    "CCSD CORRELATION ENERGY": -0.28901914888071467,
    "CCSD OPPOSITE-SPIN CORRELATION ENERGY": -0.2244260267328302,
    "CCSD SAME-SPIN CORRELATION ENERGY": -0.06459312214788435,
    "CCSD TOTAL ENERGY": -261.5699628240624,
    "CURRENT CORRELATION ENERGY": -0.28901914888071467,
    "CURRENT DIPOLE X": 0.0,
    "CURRENT DIPOLE Y": 0.0,
    "CURRENT DIPOLE Z": -7.092239477897266,
    "CURRENT ENERGY": -261.5699628240624,
    "CURRENT REFERENCE ENERGY": -261.280943675181,
    "HF TOTAL ENERGY": -261.280943675181,
    "LCCSD (+LMP2) TOTAL ENERGY": -261.56633482771446,
    "MP2 CORRELATION ENERGY": -0.2902838080205808,
    "MP2 OPPOSITE-SPIN CORRELATION ENERGY": -0.21564168204033904,
    "MP2 SAME-SPIN CORRELATION ENERGY": -0.07464212598024175,
    "MP2 TOTAL ENERGY": -261.5712274832023,
    "NUCLEAR REPULSION ENERGY": 33.36102472771096,
    "ONE-ELECTRON ENERGY": -436.7408165744015,
    "PCM POLARIZATION ENERGY": 0.0,
    "PE ENERGY": 0.0,
    "SCF DIPOLE X": 0.0,
    "SCF DIPOLE Y": 0.0,
    "SCF DIPOLE Z": -7.092239477897266,
    "SCF ITERATION ENERGY": -261.280943675181,
    "SCF ITERATIONS": 10.0,
    "SCF TOTAL ENERGY": -261.280943675181,
    "TWO-ELECTRON ENERGY": 142.09884817150953
}