{
    "CC D1 DIAGNOSTIC": 0.07091585346582005,
    "CC D2 DIAGNOSTIC": 0.09189300373329219,
    "CC NEW D1 DIAGNOSTIC": 0.07091585346582005,
    "CC T1 DIAGNOSTIC": 0.01813004152458215,
    "CCSD CORRELATION ENERGY": -0.28566655351433995,
    "CCSD OPPOSITE-SPIN CORRELATION ENERGY": -0.22120410880274216,
    "CCSD SAME-SPIN CORRELATION ENERGY": -0.06446244471159779,
    "CCSD TOTAL ENERGY": -261.2659881150834,
    "CURRENT CORRELATION ENERGY": -0.28566655351433995,
    "CURRENT DIPOLE X": 0.0,
    "CURRENT DIPOLE Y": 0.0,
    "CURRENT DIPOLE Z": -6.0040405890850845,
    "CURRENT ENERGY": -261.2659881150834,
    "CURRENT REFERENCE ENERGY": -260.9803215615687,
    "HF TOTAL ENERGY": -260.9803215615687,
    "LCCSD (+LMP2) TOTAL ENERGY": -261.26577110240544,
    "MP2 CORRELATION ENERGY": -0.28611243211638554,
    "MP2 OPPOSITE-SPIN CORRELATION ENERGY": -0.2123028980449855,
    "MP2 SAME-SPIN CORRELATION ENERGY": -0.07380953407140003,
    "MP2 TOTAL ENERGY": -261.2664339936855,
    "NUCLEAR REPULSION ENERGY": 41.28839694023632,
    "ONE-ELECTRON ENERGY": -452.1672542664526,
    "PCM POLARIZATION ENERGY": 0.0,
    "PE ENERGY": 0.0,
    "SCF DIPOLE X": 0.0,
    "SCF DIPOLE Y": 0.0,
    "SCF DIPOLE Z": -6.0040405890850845,
    "SCF ITERATION ENERGY": -260.9803215615687,
    "SCF ITERATIONS": 11.0,
    "SCF TOTAL ENERGY": -260.9803215615687,
    "TWO-ELECTRON ENERGY": 149.89853576464753
}