{
    "CC D1 DIAGNOSTIC": 0.04149507395527974,
    "CC D2 DIAGNOSTIC": 0.31144137453307913,
    "CC NEW D1 DIAGNOSTIC": 0.04149507395527974,
    "CC T1 DIAGNOSTIC": 0.014657799730787265,
    "CCSD CORRELATION ENERGY": -0.30125143800032683,
    "CCSD OPPOSITE-SPIN CORRELATION ENERGY": -0.25468277767870073,
    "CCSD SAME-SPIN CORRELATION ENERGY": -0.04656866032162599,
    "CCSD TOTAL ENERGY": -110.14655362716778,
    "CURRENT CORRELATION ENERGY": -0.30125143800032683,
    "CURRENT DIPOLE X": -5.643810867306312e-16,
    "CURRENT DIPOLE Y": 2.2575243469225247e-15,
    "CURRENT DIPOLE Z": 1.8465174009129328,
    "CURRENT ENERGY": -110.14655362716778,
    "CURRENT REFERENCE ENERGY": -109.84530218916731,
    "HF TOTAL ENERGY": -109.84530218916731,
    "LCCSD (+LMP2) TOTAL ENERGY": -110.14427574687417,
    "MP2 CORRELATION ENERGY": -0.2816321358656869,
    "MP2 OPPOSITE-SPIN CORRELATION ENERGY": -0.22056466995186905,
    "MP2 SAME-SPIN CORRELATION ENERGY": -0.06106746591381787,
    "MP2 TOTAL ENERGY": -110.12693432503315,
    "NUCLEAR REPULSION ENERGY": 32.133998515413545,
    "ONE-ELECTRON ENERGY": -212.5018075826958,
    "PCM POLARIZATION ENERGY": 0.0,
    "PE ENERGY": 0.0,
    "SCF DIPOLE X": -5.643810867306312e-16,
    "SCF DIPOLE Y": 2.2575243469225247e-15,
    "SCF DIPOLE Z": 1.8465174009129328,
    "SCF ITERATION ENERGY": -109.84530218916731,
    "SCF ITERATIONS": 10.0,
    "SCF TOTAL ENERGY": -109.84530218916731,
    "TWO-ELECTRON ENERGY": 70.52250687811494
}