{
    "CC D1 DIAGNOSTIC": 0.3767510363941147,
    "CC D2 DIAGNOSTIC": 0.35335408284981845,
    "CC NEW D1 DIAGNOSTIC": 0.3767510363941147,
    "CC T1 DIAGNOSTIC": 0.08440829777874374,
    "CCSD CORRELATION ENERGY": -0.31617221318846117,
    "CCSD OPPOSITE-SPIN CORRELATION ENERGY": -0.24701237013312394,
    "CCSD SAME-SPIN CORRELATION ENERGY": -0.06915984305533879,
    "CCSD TOTAL ENERGY": -260.64956212738036,
    "CURRENT CORRELATION ENERGY": -0.31617221318846117,
    "CURRENT DIPOLE X": 0.0,
    "CURRENT DIPOLE Y": 0.0,
    "CURRENT DIPOLE Z": -3.6472065585220705,
    "CURRENT ENERGY": -260.64956212738036,
    "CURRENT REFERENCE ENERGY": -260.3333899141918,
    "HF TOTAL ENERGY": -260.3333899141918,
    "LCCSD (+LMP2) TOTAL ENERGY": -260.65027937857633,
    "MP2 CORRELATION ENERGY": -0.3119690627620004,
    "MP2 OPPOSITE-SPIN CORRELATION ENERGY": -0.23118034285154684,
    "MP2 SAME-SPIN CORRELATION ENERGY": -0.08078871991045358,
    "MP2 TOTAL ENERGY": -260.6453589769539,
    "NUCLEAR REPULSION ENERGY": 49.17603880853617,
    "ONE-ELECTRON ENERGY": -465.5090230641866,
    "PCM POLARIZATION ENERGY": 0.0,
    "PE ENERGY": 0.0,
    "SCF DIPOLE X": 0.0,
    "SCF DIPOLE Y": 0.0,
    "SCF DIPOLE Z": -3.6472065585220705,
    "SCF ITERATION ENERGY": -260.3333899141918,
    "SCF ITERATIONS": 12.0,
    "SCF TOTAL ENERGY": -260.3333899141918,
    "TWO-ELECTRON ENERGY": 155.99959434145862
}