{
    "CC D1 DIAGNOSTIC": 0.009325832919982848,
    "CC D2 DIAGNOSTIC": 0.08939361815164469,
    "CC NEW D1 DIAGNOSTIC": 0.009325832919982848,
    "CC T1 DIAGNOSTIC": 0.00524442064277653,
    "CCSD CORRELATION ENERGY": -0.15174737855143125,
    "CCSD OPPOSITE-SPIN CORRELATION ENERGY": -0.12112498634158873,
    "CCSD SAME-SPIN CORRELATION ENERGY": -0.030622392209842517,
    "CCSD TOTAL ENERGY": -100.1260852729191,
    "CURRENT CORRELATION ENERGY": -0.15174737855143125,
    "CURRENT DIPOLE X": 0.0,
    "CURRENT DIPOLE Y": 0.0,
    "CURRENT DIPOLE Z": -2.113065162147555,
    "CURRENT ENERGY": -100.1260852729191,
    "CURRENT REFERENCE ENERGY": -99.97433789436766,
    "HF TOTAL ENERGY": -99.97433789436766,
    "LCCSD (+LMP2) TOTAL ENERGY": -100.14247066369866,
    "MP2 CORRELATION ENERGY": -0.15011289803908753,
    "MP2 OPPOSITE-SPIN CORRELATION ENERGY": -0.11407276380035514,
    "MP2 SAME-SPIN CORRELATION ENERGY": -0.036040134238732396,
    "MP2 TOTAL ENERGY": -100.12445079240675,
    "NUCLEAR REPULSION ENERGY": 6.360781102751476,
    "ONE-ELECTRON ENERGY": -152.51188845036114,
    "PCM POLARIZATION ENERGY": 0.0,
    "PE ENERGY": 0.0,
    "SCF DIPOLE X": 0.0,
    "SCF DIPOLE Y": 0.0,
    "SCF DIPOLE Z": -2.113065162147555,
    "SCF ITERATION ENERGY": -99.97433789436766,
    "SCF ITERATIONS": 9.0,
    "SCF TOTAL ENERGY": -99.97433789436766,
    "TWO-ELECTRON ENERGY": 46.176769453242
}