{
    "CC D1 DIAGNOSTIC": 0.04274380861006736,
    "CC D2 DIAGNOSTIC": 0.0999574661029894,
    "CC NEW D1 DIAGNOSTIC": 0.04274380861006736,
    "CC T1 DIAGNOSTIC": 0.019699664500819895,
    "CCSD CORRELATION ENERGY": -0.1819971661198034,
    "CCSD OPPOSITE-SPIN CORRELATION ENERGY": -0.14601668361832337,
    "CCSD SAME-SPIN CORRELATION ENERGY": -0.03598048250148006,
    "CCSD TOTAL ENERGY": -107.12732556469851,
    "CURRENT CORRELATION ENERGY": -0.1819971661198034,
    "CURRENT DIPOLE X": 0.0,
    "CURRENT DIPOLE Y": 0.0,
    "CURRENT DIPOLE Z": -7.7042219431879175,
    "CURRENT ENERGY": -107.12732556469851,
    "CURRENT REFERENCE ENERGY": -106.94532839857865,
    "HF TOTAL ENERGY": -106.94532839857865,
    "LCCSD (+LMP2) TOTAL ENERGY": -107.12623363378125,
    "MP2 CORRELATION ENERGY": -0.18287553935935805,
    "MP2 OPPOSITE-SPIN CORRELATION ENERGY": -0.13849167612251687,
    "MP2 SAME-SPIN CORRELATION ENERGY": -0.04438386323684118,
    "MP2 TOTAL ENERGY": -107.12820393793807,
    "NUCLEAR REPULSION ENERGY": 7.726274872092148,
    "ONE-ELECTRON ENERGY": -167.0038788410697,
    "PCM POLARIZATION ENERGY": 0.0,
    "PE ENERGY": 0.0,
    "SCF DIPOLE X": 0.0,
    "SCF DIPOLE Y": 0.0,
    "SCF DIPOLE Z": -7.7042219431879175,
    "SCF ITERATION ENERGY": -106.94532839857865,
    "SCF ITERATIONS": 10.0,
    "SCF TOTAL ENERGY": -106.94532839857865,
    "TWO-ELECTRON ENERGY": 52.332275570398906
}