{
    "CC D1 DIAGNOSTIC": 0.00968910418059631,
    "CC D2 DIAGNOSTIC": 0.18651254748377502,
    "CC NEW D1 DIAGNOSTIC": 0.00968910418059631,
    "CC T1 DIAGNOSTIC": 0.0045998935434762725,
    "CCSD CORRELATION ENERGY": -0.23267870816488787,
    "CCSD OPPOSITE-SPIN CORRELATION ENERGY": -0.18499004900113022,
    "CCSD SAME-SPIN CORRELATION ENERGY": -0.04768865916375786,
    "CCSD TOTAL ENERGY": -146.98895031348803,
    "CURRENT CORRELATION ENERGY": -0.23267870816488787,
    "CURRENT DIPOLE X": 0.0,
    "CURRENT DIPOLE Y": 0.0,
    "CURRENT DIPOLE Z": 0.0,
    "CURRENT ENERGY": -146.98895031348803,
    "CURRENT REFERENCE ENERGY": -146.7562716053232,
    "HF TOTAL ENERGY": -146.75627160532318,
    "LCCSD (+LMP2) TOTAL ENERGY": -147.1753997389022,
    "MP2 CORRELATION ENERGY": -0.22085885021540383,
    "MP2 OPPOSITE-SPIN CORRELATION ENERGY": -0.1693016462681084,
    "MP2 SAME-SPIN CORRELATION ENERGY": -0.05155720394729543,
    "MP2 TOTAL ENERGY": -146.97713045553854,
    "NUCLEAR REPULSION ENERGY": 53.91680764074498,
    "ONE-ELECTRON ENERGY": -303.9647738346123,
    "PCM POLARIZATION ENERGY": 0.0,
    "PE ENERGY": 0.0,
    "SCF DIPOLE X": 0.0,
    "SCF DIPOLE Y": 0.0,
    "SCF DIPOLE Z": 0.0,
    "SCF ITERATION ENERGY": -146.7562716053232,
    "SCF ITERATIONS": 9.0,
    "SCF TOTAL ENERGY": -146.7562716053232,
    "TWO-ELECTRON ENERGY": 103.29169458854412
}