{
    "CC D1 DIAGNOSTIC": 0.37280120631661584,
    "CC D2 DIAGNOSTIC": 0.32894727903865406,
    "CC NEW D1 DIAGNOSTIC": 0.37280120631661584,
    "CC T1 DIAGNOSTIC": 0.12357503707715506,
    "CCSD CORRELATION ENERGY": -0.47569698059573734,
    "CCSD OPPOSITE-SPIN CORRELATION ENERGY": -0.36752365033728457,
    "CCSD SAME-SPIN CORRELATION ENERGY": -0.10817333025845077,
    "CCSD TOTAL ENERGY": -187.59365832934805,
    "CURRENT CORRELATION ENERGY": -0.47569698059573734,
    "CURRENT DIPOLE X": 0.0,
    "CURRENT DIPOLE Y": 0.0,
    "CURRENT DIPOLE Z": 0.0,
    "CURRENT ENERGY": -187.59365832934805,
    "CURRENT REFERENCE ENERGY": -187.11796134875124,
    "HF TOTAL ENERGY": -187.11796134875124,
    "LCCSD (+LMP2) TOTAL ENERGY": -187.60309511102338,
    "MP2 CORRELATION ENERGY": -0.3814532348680961,
    "MP2 OPPOSITE-SPIN CORRELATION ENERGY": -0.2930006691622659,
    "MP2 SAME-SPIN CORRELATION ENERGY": -0.08845256570583021,
    "MP2 TOTAL ENERGY": -187.49941458362042,
    "NUCLEAR REPULSION ENERGY": 36.77817710828442,
    "ONE-ELECTRON ENERGY": -329.89339193302,
    "PCM POLARIZATION ENERGY": 0.0,
    "PE ENERGY": 0.0,
    "SCF DIPOLE X": 0.0,
    "SCF DIPOLE Y": 0.0,
    "SCF DIPOLE Z": 0.0,
    "SCF ITERATION ENERGY": -187.11796134875124,
    "SCF ITERATIONS": 13.0,
    "SCF TOTAL ENERGY": -187.11796134875124,
    "TWO-ELECTRON ENERGY": 105.99725347598434
}