{
    "CC D1 DIAGNOSTIC": 0.02216696640482158,
    "CC D2 DIAGNOSTIC": 0.11629066823335554,
    "CC NEW D1 DIAGNOSTIC": 0.02216696640482158,
    "CC T1 DIAGNOSTIC": 0.006941325625598241,
    "CCSD CORRELATION ENERGY": -0.20881842271628273,
    "CCSD OPPOSITE-SPIN CORRELATION ENERGY": -0.164820988537837,
    "CCSD SAME-SPIN CORRELATION ENERGY": -0.04399743417844565,
    "CCSD TOTAL ENERGY": -107.88503674454813,
    "CURRENT CORRELATION ENERGY": -0.20881842271628273,
    "CURRENT DIPOLE X": 0.0,
    "CURRENT DIPOLE Y": 0.0,
    "CURRENT DIPOLE Z": 1.4646684847874505,
    "CURRENT ENERGY": -107.88503674454813,
    "CURRENT REFERENCE ENERGY": -107.67621832183181,
    "HF TOTAL ENERGY": -107.67621832183181,
    "LCCSD (+LMP2) TOTAL ENERGY": -107.94132351844033,
    "MP2 CORRELATION ENERGY": -0.19974101538927858,
    "MP2 OPPOSITE-SPIN CORRELATION ENERGY": -0.15253649082369716,
    "MP2 SAME-SPIN CORRELATION ENERGY": -0.04720452456558141,
    "MP2 TOTAL ENERGY": -107.87595933722113,
    "NUCLEAR REPULSION ENERGY": 49.31415332994966,
    "ONE-ELECTRON ENERGY": -238.72286184712104,
    "PCM POLARIZATION ENERGY": 0.0,
    "PE ENERGY": 0.0,
    "SCF DIPOLE X": 0.0,
    "SCF DIPOLE Y": 0.0,
    "SCF DIPOLE Z": 1.4646684847874505,
    "SCF ITERATION ENERGY": -107.67621832183181,
    "SCF ITERATIONS": 10.0,
    "SCF TOTAL ENERGY": -107.67621832183181,
    "TWO-ELECTRON ENERGY": 81.73249019533955
}