{
    "CC D1 DIAGNOSTIC": 0.07809757964785634,
    "CC D2 DIAGNOSTIC": 0.5507907181075057,
    "CC NEW D1 DIAGNOSTIC": 0.07809757964785634,
    "CC T1 DIAGNOSTIC": 0.025138447170578948,
    "CCSD CORRELATION ENERGY": -0.4601771029746658,
    "CCSD OPPOSITE-SPIN CORRELATION ENERGY": -0.4240390969599504,
    "CCSD SAME-SPIN CORRELATION ENERGY": -0.03613800601471551,
    "CCSD TOTAL ENERGY": -149.76066191779057,
    "CURRENT CORRELATION ENERGY": -0.4601771029746658,
    "CURRENT DIPOLE X": 0.0,
    "CURRENT DIPOLE Y": 0.0,
    "CURRENT DIPOLE Z": 0.0,
    "CURRENT ENERGY": -149.76066191779057,
    "CURRENT REFERENCE ENERGY": -149.30048481481595,
    "HF TOTAL ENERGY": -149.30048481481592,
    "LCCSD (+LMP2) TOTAL ENERGY": -149.7511257589099,
    "MP2 CORRELATION ENERGY": -0.5575629557688664,
    "MP2 OPPOSITE-SPIN CORRELATION ENERGY": -0.41165509549082463,
    "MP2 SAME-SPIN CORRELATION ENERGY": -0.14590786027804176,
    "MP2 TOTAL ENERGY": -149.8580477705848,
    "NUCLEAR REPULSION ENERGY": 18.931463357003146,
    "ONE-ELECTRON ENERGY": -243.3561832027049,
    "PCM POLARIZATION ENERGY": 0.0,
    "PE ENERGY": 0.0,
    "SCF DIPOLE X": 0.0,
    "SCF DIPOLE Y": 0.0,
    "SCF DIPOLE Z": 0.0,
    "SCF ITERATION ENERGY": -149.30048481481595,
    "SCF ITERATIONS": 9.0,
    "SCF TOTAL ENERGY": -149.30048481481595,
    "TWO-ELECTRON ENERGY": 75.12423503088584
}