{
    "CC D1 DIAGNOSTIC": 0.03089253513950433,
    "CC D2 DIAGNOSTIC": 0.09252664170907143,
    "CC NEW D1 DIAGNOSTIC": 0.03089253513950433,
    "CC T1 DIAGNOSTIC": 0.013879243630711342,
    "CCSD CORRELATION ENERGY": -0.1745022745647213,
    "CCSD OPPOSITE-SPIN CORRELATION ENERGY": -0.1388042925810631,
    "CCSD SAME-SPIN CORRELATION ENERGY": -0.03569798198365823,
    "CCSD TOTAL ENERGY": -106.79301883990692,
    "CURRENT CORRELATION ENERGY": -0.1745022745647213,
    "CURRENT DIPOLE X": 0.0,
    "CURRENT DIPOLE Y": 0.0,
    "CURRENT DIPOLE Z": -3.8809926890396964,
    "CURRENT ENERGY": -106.79301883990692,
    "CURRENT REFERENCE ENERGY": -106.61851656534216,
    "HF TOTAL ENERGY": -106.61851656534216,
    "LCCSD (+LMP2) TOTAL ENERGY": -106.79269782054747,
    "MP2 CORRELATION ENERGY": -0.17484889940226558,
    "MP2 OPPOSITE-SPIN CORRELATION ENERGY": -0.13213853601301762,
    "MP2 SAME-SPIN CORRELATION ENERGY": -0.04271036338924797,
    "MP2 TOTAL ENERGY": -106.79336546474447,
    "NUCLEAR REPULSION ENERGY": 14.432838339745738,
    "ONE-ELECTRON ENERGY": -178.76498018997745,
    "PCM POLARIZATION ENERGY": 0.0,
    "PE ENERGY": 0.0,
    "SCF DIPOLE X": 0.0,
    "SCF DIPOLE Y": 0.0,
    "SCF DIPOLE Z": -3.8809926890396964,
    "SCF ITERATION ENERGY": -106.61851656534216,
    "SCF ITERATIONS": 10.0,
    "SCF TOTAL ENERGY": -106.61851656534216,
    "TWO-ELECTRON ENERGY": 57.71362528488956
}