{
    "CC D1 DIAGNOSTIC": 0.044061378167822816,
    "CC D2 DIAGNOSTIC": 0.10478733434346589,
    "CC NEW D1 DIAGNOSTIC": 0.044061378167822816,
    "CC T1 DIAGNOSTIC": 0.021081754559083697,
    "CCSD CORRELATION ENERGY": -0.1826933122603811,
    "CCSD OPPOSITE-SPIN CORRELATION ENERGY": -0.14664053510325115,
    "CCSD SAME-SPIN CORRELATION ENERGY": -0.0360527771571299,
    "CCSD TOTAL ENERGY": -107.11380476982309,
    "CURRENT CORRELATION ENERGY": -0.1826933122603811,
    "CURRENT DIPOLE X": 0.0,
    "CURRENT DIPOLE Y": 0.0,
    "CURRENT DIPOLE Z": -8.331170252923293,
    "CURRENT ENERGY": -107.11380476982309,
    "CURRENT REFERENCE ENERGY": -106.93111145756285,
    "HF TOTAL ENERGY": -106.93111145756285,
    "LCCSD (+LMP2) TOTAL ENERGY": -107.11373806840624,
    "MP2 CORRELATION ENERGY": -0.18366325161226854,
    "MP2 OPPOSITE-SPIN CORRELATION ENERGY": -0.13907241561939684,
    "MP2 SAME-SPIN CORRELATION ENERGY": -0.0445908359928717,
    "MP2 TOTAL ENERGY": -107.11477470917498,
    "NUCLEAR REPULSION ENERGY": 7.170918418486533,
    "ONE-ELECTRON ENERGY": -165.9813954218137,
    "PCM POLARIZATION ENERGY": 0.0,
    "PE ENERGY": 0.0,
    "SCF DIPOLE X": 0.0,
    "SCF DIPOLE Y": 0.0,
    "SCF DIPOLE Z": -8.331170252923293,
    "SCF ITERATION ENERGY": -106.93111145756285,
    "SCF ITERATIONS": 10.0,
    "SCF TOTAL ENERGY": -106.93111145756285,
    "TWO-ELECTRON ENERGY": 51.8793655457643
}