{
    "CC D1 DIAGNOSTIC": 0.035775796890540314,
    "CC D2 DIAGNOSTIC": 0.2344788859388442,
    "CC NEW D1 DIAGNOSTIC": 0.035775796890540314,
    "CC T1 DIAGNOSTIC": 0.011565511434495114,
    "CCSD CORRELATION ENERGY": -0.2933729283384192,
    "CCSD OPPOSITE-SPIN CORRELATION ENERGY": -0.2460589946753961,
    "CCSD SAME-SPIN CORRELATION ENERGY": -0.04731393366302333,
    "CCSD TOTAL ENERGY": -110.2026620286118,
    "CURRENT CORRELATION ENERGY": -0.2933729283384192,
    "CURRENT DIPOLE X": -1.1287621734612623e-15,
    "CURRENT DIPOLE Y": 1.1287621734612623e-15,
    "CURRENT DIPOLE Z": 1.1330635678770378,
    "CURRENT ENERGY": -110.2026620286118,
    "CURRENT REFERENCE ENERGY": -109.90928910027327,
    "HF TOTAL ENERGY": -109.90928910027327,
    "LCCSD (+LMP2) TOTAL ENERGY": -110.25969411399824,
    "MP2 CORRELATION ENERGY": -0.2777184061706708,
    "MP2 OPPOSITE-SPIN CORRELATION ENERGY": -0.21718714034853653,
    "MP2 SAME-SPIN CORRELATION ENERGY": -0.06053126582213425,
    "MP2 TOTAL ENERGY": -110.18700750644406,
    "NUCLEAR REPULSION ENERGY": 32.1204869574,
    "ONE-ELECTRON ENERGY": -212.47996580190105,
    "PCM POLARIZATION ENERGY": 0.0,
    "PE ENERGY": 0.0,
    "SCF DIPOLE X": -1.1287621734612623e-15,
    "SCF DIPOLE Y": 1.1287621734612623e-15,
    "SCF DIPOLE Z": 1.1330635678770378,
    "SCF ITERATION ENERGY": -109.90928910027327,
    "SCF ITERATIONS": 10.0,
    "SCF TOTAL ENERGY": -109.90928910027327,
    "TWO-ELECTRON ENERGY": 70.45018974422777
}