{
    "CC D1 DIAGNOSTIC": 0.017285822931807256,
    "CC D2 DIAGNOSTIC": 0.11787850221987976,
    "CC NEW D1 DIAGNOSTIC": 0.017285822931807256,
    "CC T1 DIAGNOSTIC": 0.006049439755930161,
    "CCSD CORRELATION ENERGY": -0.20762768499202316,
    "CCSD OPPOSITE-SPIN CORRELATION ENERGY": -0.1645917878753918,
    "CCSD SAME-SPIN CORRELATION ENERGY": -0.04303589711663136,
    "CCSD TOTAL ENERGY": -110.50754842747801,
    "CURRENT CORRELATION ENERGY": -0.20762768499202316,
    "CURRENT DIPOLE X": 0.0,
    "CURRENT DIPOLE Y": 0.0,
    "CURRENT DIPOLE Z": 1.3122174353536955,
    "CURRENT ENERGY": -110.50754842747801,
    "CURRENT REFERENCE ENERGY": -110.29992074248604,
    "HF TOTAL ENERGY": -110.29992074248604,
    "LCCSD (+LMP2) TOTAL ENERGY": -110.50673292160342,
    "MP2 CORRELATION ENERGY": -0.1987101684293183,
    "MP2 OPPOSITE-SPIN CORRELATION ENERGY": -0.15213894056192284,
    "MP2 SAME-SPIN CORRELATION ENERGY": -0.046571227867395454,
    "MP2 TOTAL ENERGY": -110.49863091091531,
    "NUCLEAR REPULSION ENERGY": 40.928750739431905,
    "ONE-ELECTRON ENERGY": -228.26249724143156,
    "PCM POLARIZATION ENERGY": 0.0,
    "PE ENERGY": 0.0,
    "SCF DIPOLE X": 0.0,
    "SCF DIPOLE Y": 0.0,
    "SCF DIPOLE Z": 1.3122174353536955,
    "SCF ITERATION ENERGY": -110.29992074248604,
    "SCF ITERATIONS": 10.0,
    "SCF TOTAL ENERGY": -110.29992074248604,
    "TWO-ELECTRON ENERGY": 77.03382575951362
}