{
    "CC D1 DIAGNOSTIC": 0.061783823316949094,
    "CC D2 DIAGNOSTIC": 0.16552595345118462,
    "CC NEW D1 DIAGNOSTIC": 0.061783823316949094,
    "CC T1 DIAGNOSTIC": 0.019859638383819406,
    "CCSD CORRELATION ENERGY": -0.4204620570272348,
    "CCSD OPPOSITE-SPIN CORRELATION ENERGY": -0.33222056754366164,
    "CCSD SAME-SPIN CORRELATION ENERGY": -0.08824148948357308,
    "CCSD TOTAL ENERGY": -187.97741966061346,
    "CURRENT CORRELATION ENERGY": -0.4204620570272348,
    "CURRENT DIPOLE X": 0.0,
    "CURRENT DIPOLE Y": 0.0,
    "CURRENT DIPOLE Z": 0.0,
    "CURRENT ENERGY": -187.97741966061346,
    "CURRENT REFERENCE ENERGY": -187.55695760358498,
    "HF TOTAL ENERGY": -187.55695760358498,
    "LCCSD (+LMP2) TOTAL ENERGY": -187.9798843102016,
    "MP2 CORRELATION ENERGY": -0.44035951085124303,
    "MP2 OPPOSITE-SPIN CORRELATION ENERGY": -0.32606753987783527,
    "MP2 SAME-SPIN CORRELATION ENERGY": -0.11429197097340776,
    "MP2 TOTAL ENERGY": -187.99731711443746,
    "NUCLEAR REPULSION ENERGY": 56.04657758913199,
    "ONE-ELECTRON ENERGY": -367.3297807521372,
    "PCM POLARIZATION ENERGY": 0.0,
    "PE ENERGY": 0.0,
    "SCF DIPOLE X": 0.0,
    "SCF DIPOLE Y": 0.0,
    "SCF DIPOLE Z": 0.0,
    "SCF ITERATION ENERGY": -187.55695760358498,
    "SCF ITERATIONS": 10.0,
    "SCF TOTAL ENERGY": -187.55695760358498,
    "TWO-ELECTRON ENERGY": 123.72624555942026
}