{
    "CC D1 DIAGNOSTIC": 0.01711663660952624,
    "CC D2 DIAGNOSTIC": 0.10602572414702578,
    "CC NEW D1 DIAGNOSTIC": 0.01711663660952624,
    "CC T1 DIAGNOSTIC": 0.007563313559357097,
    "CCSD CORRELATION ENERGY": -0.33723657524182216,
    "CCSD OPPOSITE-SPIN CORRELATION ENERGY": -0.2623211557251758,
    "CCSD SAME-SPIN CORRELATION ENERGY": -0.07491541951664615,
    "CCSD TOTAL ENERGY": -186.66749052152733,
    "CURRENT CORRELATION ENERGY": -0.33723657524182216,
    "CURRENT DIPOLE X": 0.0,
    "CURRENT DIPOLE Y": 0.0,
    "CURRENT DIPOLE Z": 0.0,
    "CURRENT ENERGY": -186.66749052152733,
    "CURRENT REFERENCE ENERGY": -186.33025394628592,
    "HF TOTAL ENERGY": -186.33025394628592,
    "LCCSD (+LMP2) TOTAL ENERGY": -186.64767381509142,
    "MP2 CORRELATION ENERGY": -0.3356470540906758,
    "MP2 OPPOSITE-SPIN CORRELATION ENERGY": -0.25077822972531205,
    "MP2 SAME-SPIN CORRELATION ENERGY": -0.08486882436536375,
    "MP2 TOTAL ENERGY": -186.66590100037618,
    "NUCLEAR REPULSION ENERGY": 83.72175099494558,
    "ONE-ELECTRON ENERGY": -418.9494538506625,
    "PCM POLARIZATION ENERGY": 0.0,
    "PE ENERGY": 0.0,
    "SCF DIPOLE X": 0.0,
    "SCF DIPOLE Y": 0.0,
    "SCF DIPOLE Z": 0.0,
    "SCF ITERATION ENERGY": -186.33025394628592,
    "SCF ITERATIONS": 9.0,
    "SCF TOTAL ENERGY": -186.33025394628592,
    "TWO-ELECTRON ENERGY": 148.897448909431
}