{
    "CC D1 DIAGNOSTIC": 0.013514877984593644,
    "CC D2 DIAGNOSTIC": 0.19409631374791927,
    "CC NEW D1 DIAGNOSTIC": 0.013514877984593644,
    "CC T1 DIAGNOSTIC": 0.006049606697329055,
    "CCSD CORRELATION ENERGY": -0.24941913877577288,
    "CCSD OPPOSITE-SPIN CORRELATION ENERGY": -0.20064206867076523,
    "CCSD SAME-SPIN CORRELATION ENERGY": -0.0487770701050077,
    "CCSD TOTAL ENERGY": -149.20195624962975,
    "CURRENT CORRELATION ENERGY": -0.24941913877577288,
    "CURRENT DIPOLE X": 0.0,
    "CURRENT DIPOLE Y": 0.0,
    "CURRENT DIPOLE Z": 0.0,
    "CURRENT ENERGY": -149.20195624962975,
    "CURRENT REFERENCE ENERGY": -148.95253711085383,
    "HF TOTAL ENERGY": -148.95253711085383,
    "LCCSD (+LMP2) TOTAL ENERGY": -149.19087194629054,
    "MP2 CORRELATION ENERGY": -0.23856862973057855,
    "MP2 OPPOSITE-SPIN CORRELATION ENERGY": -0.1835864398659735,
    "MP2 SAME-SPIN CORRELATION ENERGY": -0.05498218986460504,
    "MP2 TOTAL ENERGY": -149.19110574058453,
    "NUCLEAR REPULSION ENERGY": 40.3568919466654,
    "ONE-ELECTRON ENERGY": -283.39545779555596,
    "PCM POLARIZATION ENERGY": 0.0,
    "PE ENERGY": 0.0,
    "SCF DIPOLE X": 0.0,
    "SCF DIPOLE Y": 0.0,
    "SCF DIPOLE Z": 0.0,
    "SCF ITERATION ENERGY": -148.95253711085383,
    "SCF ITERATIONS": 8.0,
    "SCF TOTAL ENERGY": -148.95253711085383,
    "TWO-ELECTRON ENERGY": 94.08602873803673
}