{
    "CC D1 DIAGNOSTIC": 0.01132613710476524,
    "CC D2 DIAGNOSTIC": 0.09942369404335778,
    "CC NEW D1 DIAGNOSTIC": 0.01132613710476524,
    "CC T1 DIAGNOSTIC": 0.004444239769692411,
    "CCSD CORRELATION ENERGY": -0.10702847062366301,
    "CCSD OPPOSITE-SPIN CORRELATION ENERGY": -0.0879322712389656,
    "CCSD SAME-SPIN CORRELATION ENERGY": -0.01909619938469735,
    "CCSD TOTAL ENERGY": -460.1377795113456,
    "CURRENT CORRELATION ENERGY": -0.10702847062366301,
    "CURRENT DIPOLE X": 0.0,
    "CURRENT DIPOLE Y": 0.0,
    "CURRENT DIPOLE Z": -1.7966298288464726,
    "CURRENT ENERGY": -460.1377795113456,
    "CURRENT REFERENCE ENERGY": -460.03075104072116,
    "HF TOTAL ENERGY": -460.03075104072116,
    "LCCSD (+LMP2) TOTAL ENERGY": -460.14552273254975,
    "MP2 CORRELATION ENERGY": -0.09837873167071244,
    "MP2 OPPOSITE-SPIN CORRELATION ENERGY": -0.07863743864816831,
    "MP2 SAME-SPIN CORRELATION ENERGY": -0.019741293022544126,
    "MP2 TOTAL ENERGY": -460.1291297723927,
    "NUCLEAR REPULSION ENERGY": 8.211956438975278,
    "ONE-ELECTRON ENERGY": -651.7510663641832,
    "PCM POLARIZATION ENERGY": 0.0,
    "PE ENERGY": 0.0,
    "SCF DIPOLE X": 0.0,
    "SCF DIPOLE Y": 0.0,
    "SCF DIPOLE Z": -1.7966298288464726,
    "SCF ITERATION ENERGY": -460.03075104072116,
    "SCF ITERATIONS": 9.0,
    "SCF TOTAL ENERGY": -460.03075104072116,
    "TWO-ELECTRON ENERGY": 183.50835888448668
}