{
    "CC D1 DIAGNOSTIC": 0.0239969067209563,
    "CC D2 DIAGNOSTIC": 0.12183146951103023,
    "CC NEW D1 DIAGNOSTIC": 0.0239969067209563,
    "CC T1 DIAGNOSTIC": 0.00911007820239536,
    "CCSD CORRELATION ENERGY": -0.35445076859541585,
    "CCSD OPPOSITE-SPIN CORRELATION ENERGY": -0.27747090346025716,
    "CCSD SAME-SPIN CORRELATION ENERGY": -0.07697986513515853,
    "CCSD TOTAL ENERGY": -187.46557950600325,
    "CURRENT CORRELATION ENERGY": -0.35445076859541585,
    "CURRENT DIPOLE X": 0.0,
    "CURRENT DIPOLE Y": 0.0,
    "CURRENT DIPOLE Z": 0.0,
    "CURRENT ENERGY": -187.46557950600325,
    "CURRENT REFERENCE ENERGY": -187.11112873740717,
    "HF TOTAL ENERGY": -187.11112873740717,
    "LCCSD (+LMP2) TOTAL ENERGY": -187.44483129011883,
    "MP2 CORRELATION ENERGY": -0.3560221999506728,
    "MP2 OPPOSITE-SPIN CORRELATION ENERGY": -0.2662193447160213,
    "MP2 SAME-SPIN CORRELATION ENERGY": -0.08980285523465148,
    "MP2 TOTAL ENERGY": -187.4671509373585,
    "NUCLEAR REPULSION ENERGY": 74.06154895706723,
    "ONE-ELECTRON ENERGY": -401.5868108827052,
    "PCM POLARIZATION ENERGY": 0.0,
    "PE ENERGY": 0.0,
    "SCF DIPOLE X": 0.0,
    "SCF DIPOLE Y": 0.0,
    "SCF DIPOLE Z": 0.0,
    "SCF ITERATION ENERGY": -187.11112873740717,
    "SCF ITERATIONS": 9.0,
    "SCF TOTAL ENERGY": -187.11112873740717,
    "TWO-ELECTRON ENERGY": 140.41413318823084
}