{
    "CC D1 DIAGNOSTIC": 0.012927569137068719,
    "CC D2 DIAGNOSTIC": 0.10631869787053912,
    "CC NEW D1 DIAGNOSTIC": 0.012927569137068719,
    "CC T1 DIAGNOSTIC": 0.0060110163290602375,
    "CCSD CORRELATION ENERGY": -0.15848844253244643,
    "CCSD OPPOSITE-SPIN CORRELATION ENERGY": -0.12696133076068478,
    "CCSD SAME-SPIN CORRELATION ENERGY": -0.03152711177176165,
    "CCSD TOTAL ENERGY": -100.17868618243739,
    "CURRENT CORRELATION ENERGY": -0.15848844253244643,
    "CURRENT DIPOLE X": 0.0,
    "CURRENT DIPOLE Y": 0.0,
    "CURRENT DIPOLE Z": -2.2819152866133434,
    "CURRENT ENERGY": -100.17868618243739,
    "CURRENT REFERENCE ENERGY": -100.02019773990489,
    "HF TOTAL ENERGY": -100.02019773990487,
    "LCCSD (+LMP2) TOTAL ENERGY": -100.19391934981202,
    "MP2 CORRELATION ENERGY": -0.15717551109242678,
    "MP2 OPPOSITE-SPIN CORRELATION ENERGY": -0.11934802681459132,
    "MP2 SAME-SPIN CORRELATION ENERGY": -0.03782748427783546,
    "MP2 TOTAL ENERGY": -100.17737325099738,
    "NUCLEAR REPULSION ENERGY": 5.4312686779940975,
    "ONE-ELECTRON ENERGY": -151.01692584371608,
    "PCM POLARIZATION ENERGY": 0.0,
    "PE ENERGY": 0.0,
    "SCF DIPOLE X": 0.0,
    "SCF DIPOLE Y": 0.0,
    "SCF DIPOLE Z": -2.2819152866133434,
    "SCF ITERATION ENERGY": -100.02019773990489,
    "SCF ITERATIONS": 9.0,
    "SCF TOTAL ENERGY": -100.02019773990489,
    "TWO-ELECTRON ENERGY": 45.56545942581711
}