{
    "CC D1 DIAGNOSTIC": 0.04061679761254154,
    "CC D2 DIAGNOSTIC": 0.09537806812727467,
    "CC NEW D1 DIAGNOSTIC": 0.04061679761254154,
    "CC T1 DIAGNOSTIC": 0.018152411638040954,
    "CCSD CORRELATION ENERGY": -0.18091104685814136,
    "CCSD OPPOSITE-SPIN CORRELATION ENERGY": -0.14506445694882858,
    "CCSD SAME-SPIN CORRELATION ENERGY": -0.035846589909312776,
    "CCSD TOTAL ENERGY": -107.13915630185957,
    "CURRENT CORRELATION ENERGY": -0.18091104685814136,
    "CURRENT DIPOLE X": 0.0,
    "CURRENT DIPOLE Y": 0.0,
    "CURRENT DIPOLE Z": -6.988563758827774,
    "CURRENT ENERGY": -107.13915630185957,
    "CURRENT REFERENCE ENERGY": -106.95824525500143,
    "HF TOTAL ENERGY": -106.95824525500143,
    "LCCSD (+LMP2) TOTAL ENERGY": -107.13912081843023,
    "MP2 CORRELATION ENERGY": -0.18164273162074887,
    "MP2 OPPOSITE-SPIN CORRELATION ENERGY": -0.13759361235066203,
    "MP2 SAME-SPIN CORRELATION ENERGY": -0.04404911927008684,
    "MP2 TOTAL ENERGY": -107.13988798662218,
    "NUCLEAR REPULSION ENERGY": 8.487370605760926,
    "ONE-ELECTRON ENERGY": -168.40405774598398,
    "PCM POLARIZATION ENERGY": 0.0,
    "PE ENERGY": 0.0,
    "SCF DIPOLE X": 0.0,
    "SCF DIPOLE Y": 0.0,
    "SCF DIPOLE Z": -6.988563758827774,
    "SCF ITERATION ENERGY": -106.95824525500143,
    "SCF ITERATIONS": 10.0,
    "SCF TOTAL ENERGY": -106.95824525500143,
    "TWO-ELECTRON ENERGY": 52.958441885221625
}