{
    "CC D1 DIAGNOSTIC": 0.041416406505215476,
    "CC D2 DIAGNOSTIC": 0.26705008747281134,
    "CC NEW D1 DIAGNOSTIC": 0.041416406505215476,
    "CC T1 DIAGNOSTIC": 0.012917334582413786,
    "CCSD CORRELATION ENERGY": -0.3229969166558382,
    "CCSD OPPOSITE-SPIN CORRELATION ENERGY": -0.263859835246514,
    "CCSD SAME-SPIN CORRELATION ENERGY": -0.05913708140932411,
    "CCSD TOTAL ENERGY": -149.83070328165454,
    "CURRENT CORRELATION ENERGY": -0.3229969166558382,
    "CURRENT DIPOLE X": 0.0,
    "CURRENT DIPOLE Y": 0.0,
    "CURRENT DIPOLE Z": 0.0,
    "CURRENT ENERGY": -149.83070328165454,
    "CURRENT REFERENCE ENERGY": -149.50770636499894,
    "HF TOTAL ENERGY": -149.50770636499894,
    "LCCSD (+LMP2) TOTAL ENERGY": -149.8392208757438,
    "MP2 CORRELATION ENERGY": -0.33413823384137364,
    "MP2 OPPOSITE-SPIN CORRELATION ENERGY": -0.25140149619805485,
    "MP2 SAME-SPIN CORRELATION ENERGY": -0.08273673764331879,
    "MP2 TOTAL ENERGY": -149.84184459884008,
    "NUCLEAR REPULSION ENERGY": 27.17581030279484,
    "ONE-ELECTRON ENERGY": -259.5514495235296,
    "PCM POLARIZATION ENERGY": 0.0,
    "PE ENERGY": 0.0,
    "SCF DIPOLE X": 0.0,
    "SCF DIPOLE Y": 0.0,
    "SCF DIPOLE Z": 0.0,
    "SCF ITERATION ENERGY": -149.50770636499894,
    "SCF ITERATIONS": 9.0,
    "SCF TOTAL ENERGY": -149.50770636499894,
    "TWO-ELECTRON ENERGY": 82.8679328557358
}