{
    "CC D1 DIAGNOSTIC": 0.01978368740794882,
    "CC D2 DIAGNOSTIC": 0.11273443281724661,
    "CC NEW D1 DIAGNOSTIC": 0.01978368740794882,
    "CC T1 DIAGNOSTIC": 0.008121287372099507,
    "CCSD CORRELATION ENERGY": -0.34394864371092454,
    "CCSD OPPOSITE-SPIN CORRELATION ENERGY": -0.2683471458978787,
    "CCSD SAME-SPIN CORRELATION ENERGY": -0.0756014978130457,
    "CCSD TOTAL ENERGY": -187.08174068852549,
    "CURRENT CORRELATION ENERGY": -0.34394864371092454,
    "CURRENT DIPOLE X": 0.0,
    "CURRENT DIPOLE Y": 0.0,
    "CURRENT DIPOLE Z": 0.0,
    "CURRENT ENERGY": -187.08174068852549,
    "CURRENT REFERENCE ENERGY": -186.73779204481417,
    "HF TOTAL ENERGY": -186.73779204481417,
    "LCCSD (+LMP2) TOTAL ENERGY": -187.09605654563134,
    "MP2 CORRELATION ENERGY": -0.34348361041968906,
    "MP2 OPPOSITE-SPIN CORRELATION ENERGY": -0.2568305520764983,
    "MP2 SAME-SPIN CORRELATION ENERGY": -0.08665305834319076,
    "MP2 TOTAL ENERGY": -187.08127565523426,
    "NUCLEAR REPULSION ENERGY": 79.28942300109554,
    "ONE-ELECTRON ENERGY": -411.08295736658,
    "PCM POLARIZATION ENERGY": 0.0,
    "PE ENERGY": 0.0,
    "SCF DIPOLE X": 0.0,
    "SCF DIPOLE Y": 0.0,
    "SCF DIPOLE Z": 0.0,
    "SCF ITERATION ENERGY": -186.73779204481417,
    "SCF ITERATIONS": 9.0,
    "SCF TOTAL ENERGY": -186.73779204481417,
    "TWO-ELECTRON ENERGY": 145.05574232067028
}