{
    "CC D1 DIAGNOSTIC": 0.03867597761438151,
    "CC D2 DIAGNOSTIC": 0.24065120766704776,
    "CC NEW D1 DIAGNOSTIC": 0.03867597761438151,
    "CC T1 DIAGNOSTIC": 0.010073604959779717,
    "CCSD CORRELATION ENERGY": -0.132244700063892,
    "CCSD OPPOSITE-SPIN CORRELATION ENERGY": -0.11169565079036323,
    "CCSD SAME-SPIN CORRELATION ENERGY": -0.02054904927352938,
    "CCSD TOTAL ENERGY": -460.132551067003,
    "CURRENT CORRELATION ENERGY": -0.132244700063892,
    "CURRENT DIPOLE X": 0.0,
    "CURRENT DIPOLE Y": 0.0,
    "CURRENT DIPOLE Z": -2.24129525638805,
    "CURRENT ENERGY": -460.132551067003,
    "CURRENT REFERENCE ENERGY": -460.00030636693856,
    "HF TOTAL ENERGY": -460.0003063669386,
    "LCCSD (+LMP2) TOTAL ENERGY": -460.1349428184298,
    "MP2 CORRELATION ENERGY": -0.11575845842013249,
    "MP2 OPPOSITE-SPIN CORRELATION ENERGY": -0.09301478735852638,
    "MP2 SAME-SPIN CORRELATION ENERGY": -0.022743671061606116,
    "MP2 TOTAL ENERGY": -460.1160648253593,
    "NUCLEAR REPULSION ENERGY": 4.986647642608942,
    "ONE-ELECTRON ENERGY": -645.635605737483,
    "PCM POLARIZATION ENERGY": 0.0,
    "PE ENERGY": 0.0,
    "SCF DIPOLE X": 0.0,
    "SCF DIPOLE Y": 0.0,
    "SCF DIPOLE Z": -2.24129525638805,
    "SCF ITERATION ENERGY": -460.00030636693856,
    "SCF ITERATIONS": 9.0,
    "SCF TOTAL ENERGY": -460.00030636693856,
    "TWO-ELECTRON ENERGY": 180.64865172793557
}