{
    "CC D1 DIAGNOSTIC": 0.030227016190910342,
    "CC D2 DIAGNOSTIC": 0.2085946016925308,
    "CC NEW D1 DIAGNOSTIC": 0.030227016190910342,
    "CC T1 DIAGNOSTIC": 0.008316832586124928,
    "CCSD CORRELATION ENERGY": -0.1269057849972763,
    "CCSD OPPOSITE-SPIN CORRELATION ENERGY": -0.10642780382924646,
    "CCSD SAME-SPIN CORRELATION ENERGY": -0.020477981168030845,
    "CCSD TOTAL ENERGY": -460.1475051955633,
    "CURRENT CORRELATION ENERGY": -0.1269057849972763,
    "CURRENT DIPOLE X": 0.0,
    "CURRENT DIPOLE Y": 0.0,
    "CURRENT DIPOLE Z": -2.1423528135173133,
    "CURRENT ENERGY": -460.1475051955633,
    "CURRENT REFERENCE ENERGY": -460.02059941056575,
    "HF TOTAL ENERGY": -460.02059941056575,
    "LCCSD (+LMP2) TOTAL ENERGY": -460.14689047166826,
    "MP2 CORRELATION ENERGY": -0.11242628271351213,
    "MP2 OPPOSITE-SPIN CORRELATION ENERGY": -0.09011755805271907,
    "MP2 SAME-SPIN CORRELATION ENERGY": -0.02230872466079306,
    "MP2 TOTAL ENERGY": -460.13302569327954,
    "NUCLEAR REPULSION ENERGY": 5.320078762842822,
    "ONE-ELECTRON ENERGY": -646.2892937660904,
    "PCM POLARIZATION ENERGY": 0.0,
    "PE ENERGY": 0.0,
    "SCF DIPOLE X": 0.0,
    "SCF DIPOLE Y": 0.0,
    "SCF DIPOLE Z": -2.1423528135173133,
    "SCF ITERATION ENERGY": -460.02059941056575,
    "SCF ITERATIONS": 9.0,
    "SCF TOTAL ENERGY": -460.02059941056575,
    "TWO-ELECTRON ENERGY": 180.94861559268182
}