{
    "CC D1 DIAGNOSTIC": 0.03785076130312061,
    "CC D2 DIAGNOSTIC": 0.09206230881200941,
    "CC NEW D1 DIAGNOSTIC": 0.03785076130312061,
    "CC T1 DIAGNOSTIC": 0.014311343690377745,
    "CCSD CORRELATION ENERGY": -0.2920123322745761,
    "CCSD OPPOSITE-SPIN CORRELATION ENERGY": -0.22694929225232666,
    "CCSD SAME-SPIN CORRELATION ENERGY": -0.06506304002224952,
    "CCSD TOTAL ENERGY": -261.6207098458211,
    "CURRENT CORRELATION ENERGY": -0.2920123322745761,
    "CURRENT DIPOLE X": 0.0,
    "CURRENT DIPOLE Y": 0.0,
    "CURRENT DIPOLE Z": -7.89990541075798,
    "CURRENT ENERGY": -261.6207098458211,
    "CURRENT REFERENCE ENERGY": -261.3286975135457,
    "HF TOTAL ENERGY": -261.32869751354565,
    "LCCSD (+LMP2) TOTAL ENERGY": -261.6207432041498,
    "MP2 CORRELATION ENERGY": -0.2936869993877185,
    "MP2 OPPOSITE-SPIN CORRELATION ENERGY": -0.2181286421440074,
    "MP2 SAME-SPIN CORRELATION ENERGY": -0.07555835724371107,
    "MP2 TOTAL ENERGY": -261.6223845129343,
    "NUCLEAR REPULSION ENERGY": 29.284607380364246,
    "ONE-ELECTRON ENERGY": -428.5821361833578,
    "PCM POLARIZATION ENERGY": 0.0,
    "PE ENERGY": 0.0,
    "SCF DIPOLE X": 0.0,
    "SCF DIPOLE Y": 0.0,
    "SCF DIPOLE Z": -7.89990541075798,
    "SCF ITERATION ENERGY": -261.3286975135457,
    "SCF ITERATIONS": 10.0,
    "SCF TOTAL ENERGY": -261.3286975135457,
    "TWO-ELECTRON ENERGY": 137.96883128944788
}