{
    "CC D1 DIAGNOSTIC": 0.05296767476676934,
    "CC D2 DIAGNOSTIC": 0.3218120279087877,
    "CC NEW D1 DIAGNOSTIC": 0.05296767476676934,
    "CC T1 DIAGNOSTIC": 0.016517328374182596,
    "CCSD CORRELATION ENERGY": -0.3596269190815945,
    "CCSD OPPOSITE-SPIN CORRELATION ENERGY": -0.29947197283712196,
    "CCSD SAME-SPIN CORRELATION ENERGY": -0.060154946244472485,
    "CCSD TOTAL ENERGY": -149.8212436938957,
    "CURRENT CORRELATION ENERGY": -0.3596269190815945,
    "CURRENT DIPOLE X": 0.0,
    "CURRENT DIPOLE Y": 0.0,
    "CURRENT DIPOLE Z": 0.0,
    "CURRENT ENERGY": -149.8212436938957,
    "CURRENT REFERENCE ENERGY": -149.46161677481385,
    "HF TOTAL ENERGY": -149.46161677481382,
    "LCCSD (+LMP2) TOTAL ENERGY": -149.81616973481047,
    "MP2 CORRELATION ENERGY": -0.3911081604628807,
    "MP2 OPPOSITE-SPIN CORRELATION ENERGY": -0.2918515472489142,
    "MP2 SAME-SPIN CORRELATION ENERGY": -0.0992566132139665,
    "MP2 TOTAL ENERGY": -149.852724935277,
    "NUCLEAR REPULSION ENERGY": 24.113062451138177,
    "ONE-ELECTRON ENERGY": -253.59687821358702,
    "PCM POLARIZATION ENERGY": 0.0,
    "PE ENERGY": 0.0,
    "SCF DIPOLE X": 0.0,
    "SCF DIPOLE Y": 0.0,
    "SCF DIPOLE Z": 0.0,
    "SCF ITERATION ENERGY": -149.46161677481385,
    "SCF ITERATIONS": 9.0,
    "SCF TOTAL ENERGY": -149.46161677481385,
    "TWO-ELECTRON ENERGY": 80.02219898763501
}