{
    "CC D1 DIAGNOSTIC": 0.01743800100742968,
    "CC D2 DIAGNOSTIC": 0.15299471217001667,
    "CC NEW D1 DIAGNOSTIC": 0.01743800100742968,
    "CC T1 DIAGNOSTIC": 0.005862420455648927,
    "CCSD CORRELATION ENERGY": -0.11708169380513113,
    "CCSD OPPOSITE-SPIN CORRELATION ENERGY": -0.0970154602343831,
    "CCSD SAME-SPIN CORRELATION ENERGY": -0.020066233570748174,
    "CCSD TOTAL ENERGY": -460.17467409708553,
    "CURRENT CORRELATION ENERGY": -0.11708169380513113,
    "CURRENT DIPOLE X": 0.0,
    "CURRENT DIPOLE Y": 0.0,
    "CURRENT DIPOLE Z": -1.9703395875998178,
    "CURRENT ENERGY": -460.17467409708553,
    "CURRENT REFERENCE ENERGY": -460.05759240328,
    "HF TOTAL ENERGY": -460.05759240328007,
    "LCCSD (+LMP2) TOTAL ENERGY": -460.3232081105025,
    "MP2 CORRELATION ENERGY": -0.10581929577182825,
    "MP2 OPPOSITE-SPIN CORRELATION ENERGY": -0.08454477431720334,
    "MP2 SAME-SPIN CORRELATION ENERGY": -0.02127452145462491,
    "MP2 TOTAL ENERGY": -460.16341169905223,
    "NUCLEAR REPULSION ENERGY": 6.205221849901594,
    "ONE-ELECTRON ENERGY": -648.0087353633635,
    "PCM POLARIZATION ENERGY": 0.0,
    "PE ENERGY": 0.0,
    "SCF DIPOLE X": 0.0,
    "SCF DIPOLE Y": 0.0,
    "SCF DIPOLE Z": -1.9703395875998178,
    "SCF ITERATION ENERGY": -460.05759240328,
    "SCF ITERATIONS": 9.0,
    "SCF TOTAL ENERGY": -460.05759240328,
    "TWO-ELECTRON ENERGY": 181.74592111018183
}