{
    "CC D1 DIAGNOSTIC": 0.42430966828259364,
    "CC D2 DIAGNOSTIC": 0.32175116025403944,
    "CC NEW D1 DIAGNOSTIC": 0.42430966828259364,
    "CC T1 DIAGNOSTIC": 0.17809904365288187,
    "CCSD CORRELATION ENERGY": -0.3350085958116144,
    "CCSD OPPOSITE-SPIN CORRELATION ENERGY": -0.25705560086672896,
    "CCSD SAME-SPIN CORRELATION ENERGY": -0.07795299494488483,
    "CCSD TOTAL ENERGY": -112.71273396190868,
    "CURRENT CORRELATION ENERGY": -0.3350085958116144,
    "CURRENT DIPOLE X": 0.0,
    "CURRENT DIPOLE Y": 0.0,
    "CURRENT DIPOLE Z": -3.0559193644481253,
    "CURRENT ENERGY": -112.71273396190868,
    "CURRENT REFERENCE ENERGY": -112.3777253660971,
    "HF TOTAL ENERGY": -112.3777253660971,
    "LCCSD (+LMP2) TOTAL ENERGY": -112.7127394384499,
    "MP2 CORRELATION ENERGY": -0.2568021401902868,
    "MP2 OPPOSITE-SPIN CORRELATION ENERGY": -0.19889233088402897,
    "MP2 SAME-SPIN CORRELATION ENERGY": -0.05790980930625783,
    "MP2 TOTAL ENERGY": -112.63452750628736,
    "NUCLEAR REPULSION ENERGY": 13.679839557022571,
    "ONE-ELECTRON ENERGY": -181.03881171550847,
    "PCM POLARIZATION ENERGY": 0.0,
    "PE ENERGY": 0.0,
    "SCF DIPOLE X": 0.0,
    "SCF DIPOLE Y": 0.0,
    "SCF DIPOLE Z": -3.0559193644481253,
    "SCF ITERATION ENERGY": -112.3777253660971,
    "SCF ITERATIONS": 14.0,
    "SCF TOTAL ENERGY": -112.3777253660971,
    "TWO-ELECTRON ENERGY": 54.9812467923888
}