{
    "CC D1 DIAGNOSTIC": 0.015713676266343072,
    "CC D2 DIAGNOSTIC": 0.11257909375560816,
    "CC NEW D1 DIAGNOSTIC": 0.015713676266343072,
    "CC T1 DIAGNOSTIC": 0.006992527005519942,
    "CCSD CORRELATION ENERGY": -0.16017985067081694,
    "CCSD OPPOSITE-SPIN CORRELATION ENERGY": -0.1312223257928462,
    "CCSD SAME-SPIN CORRELATION ENERGY": -0.02895752487797082,
    "CCSD TOTAL ENERGY": -76.14574206369777,
    "CURRENT CORRELATION ENERGY": -0.16017985067081694,
    "CURRENT DIPOLE X": 0.0,
    "CURRENT DIPOLE Y": 0.0,
    "CURRENT DIPOLE Z": -1.4902313394412163,
    "CURRENT ENERGY": -76.14574206369777,
    "CURRENT REFERENCE ENERGY": -75.98556221302684,
    "HF TOTAL ENERGY": -75.98556221302684,
    "LCCSD (+LMP2) TOTAL ENERGY": -76.14014709330976,
    "MP2 CORRELATION ENERGY": -0.15493296454116687,
    "MP2 OPPOSITE-SPIN CORRELATION ENERGY": -0.11976316708752563,
    "MP2 SAME-SPIN CORRELATION ENERGY": -0.03516979745364124,
    "MP2 TOTAL ENERGY": -76.14049517756811,
    "NUCLEAR REPULSION ENERGY": 9.105791581456982,
    "ONE-ELECTRON ENERGY": -123.06982674211677,
    "PCM POLARIZATION ENERGY": 0.0,
    "PE ENERGY": 0.0,
    "SCF DIPOLE X": 0.0,
    "SCF DIPOLE Y": 0.0,
    "SCF DIPOLE Z": -1.4902313394412163,
    "SCF ITERATION ENERGY": -75.98556221302684,
    "SCF ITERATIONS": 10.0,
    "SCF TOTAL ENERGY": -75.98556221302684,
    "TWO-ELECTRON ENERGY": 37.97847294763296
}