{
    "CC D1 DIAGNOSTIC": 0.028584026637799947,
    "CC D2 DIAGNOSTIC": 0.22620856745596366,
    "CC NEW D1 DIAGNOSTIC": 0.028584026637799947,
    "CC T1 DIAGNOSTIC": 0.009347350763618834,
    "CCSD CORRELATION ENERGY": -0.2863542791408068,
    "CCSD OPPOSITE-SPIN CORRELATION ENERGY": -0.23170540382224045,
    "CCSD SAME-SPIN CORRELATION ENERGY": -0.0546488753185663,
    "CCSD TOTAL ENERGY": -149.76378248151897,
    "CURRENT CORRELATION ENERGY": -0.2863542791408068,
    "CURRENT DIPOLE X": 0.0,
    "CURRENT DIPOLE Y": 0.0,
    "CURRENT DIPOLE Z": 0.0,
    "CURRENT ENERGY": -149.76378248151897,
    "CURRENT REFERENCE ENERGY": -149.47742820237806,
    "HF TOTAL ENERGY": -149.47742820237806,
    "LCCSD (+LMP2) TOTAL ENERGY": -149.80787187387773,
    "MP2 CORRELATION ENERGY": -0.28329276568118733,
    "MP2 OPPOSITE-SPIN CORRELATION ENERGY": -0.215536772141327,
    "MP2 SAME-SPIN CORRELATION ENERGY": -0.06775599353986034,
    "MP2 TOTAL ENERGY": -149.76072096805936,
    "NUCLEAR REPULSION ENERGY": 31.56721758825818,
    "ONE-ELECTRON ENERGY": -267.8655041408476,
    "PCM POLARIZATION ENERGY": 0.0,
    "PE ENERGY": 0.0,
    "SCF DIPOLE X": 0.0,
    "SCF DIPOLE Y": 0.0,
    "SCF DIPOLE Z": 0.0,
    "SCF ITERATION ENERGY": -149.47742820237806,
    "SCF ITERATIONS": 9.0,
    "SCF TOTAL ENERGY": -149.47742820237806,
    "TWO-ELECTRON ENERGY": 86.82085835021132
}