{
    "CC D1 DIAGNOSTIC": 0.1309722295361369,
    "CC D2 DIAGNOSTIC": 0.2049258427188435,
    "CC NEW D1 DIAGNOSTIC": 0.1309722295361369,
    "CC T1 DIAGNOSTIC": 0.052086596425869075,
    "CCSD CORRELATION ENERGY": -0.3040733672854288,
    "CCSD OPPOSITE-SPIN CORRELATION ENERGY": -0.24556481913939493,
    "CCSD SAME-SPIN CORRELATION ENERGY": -0.05850854814603379,
    "CCSD TOTAL ENERGY": -112.84261422556354,
    "CURRENT CORRELATION ENERGY": -0.3040733672854288,
    "CURRENT DIPOLE X": 0.0,
    "CURRENT DIPOLE Y": 0.0,
    "CURRENT DIPOLE Z": -2.3264591274045454,
    "CURRENT ENERGY": -112.84261422556354,
    "CURRENT REFERENCE ENERGY": -112.53854085827828,
    "HF TOTAL ENERGY": -112.53854085827828,
    "LCCSD (+LMP2) TOTAL ENERGY": -112.84998714069084,
    "MP2 CORRELATION ENERGY": -0.32678452780156964,
    "MP2 OPPOSITE-SPIN CORRELATION ENERGY": -0.24130856500255368,
    "MP2 SAME-SPIN CORRELATION ENERGY": -0.08547596279901595,
    "MP2 TOTAL ENERGY": -112.86532538607968,
    "NUCLEAR REPULSION ENERGY": 16.905353566287094,
    "ONE-ELECTRON ENERGY": -187.1368301088834,
    "PCM POLARIZATION ENERGY": 0.0,
    "PE ENERGY": 0.0,
    "SCF DIPOLE X": 0.0,
    "SCF DIPOLE Y": 0.0,
    "SCF DIPOLE Z": -2.3264591274045454,
    "SCF ITERATION ENERGY": -112.53854085827828,
    "SCF ITERATIONS": 11.0,
    "SCF TOTAL ENERGY": -112.53854085827828,
    "TWO-ELECTRON ENERGY": 57.69293568431802
}