{
    "CC D1 DIAGNOSTIC": 0.03302936059532002,
    "CC D2 DIAGNOSTIC": 0.17348522879874553,
    "CC NEW D1 DIAGNOSTIC": 0.03302936059532002,
    "CC T1 DIAGNOSTIC": 0.011340691677757336,
    "CCSD CORRELATION ENERGY": -0.17752479782252606,
    "CCSD OPPOSITE-SPIN CORRELATION ENERGY": -0.144773587482854,
    "CCSD SAME-SPIN CORRELATION ENERGY": -0.03275121033967204,
    "CCSD TOTAL ENERGY": -100.14363119477972,
    "CURRENT CORRELATION ENERGY": -0.17752479782252606,
    "CURRENT DIPOLE X": 0.0,
    "CURRENT DIPOLE Y": 0.0,
    "CURRENT DIPOLE Z": -2.7229966809336963,
    "CURRENT ENERGY": -100.14363119477972,
    "CURRENT REFERENCE ENERGY": -99.96610639695702,
    "HF TOTAL ENERGY": -99.96610639695702,
    "LCCSD (+LMP2) TOTAL ENERGY": -100.15686679698965,
    "MP2 CORRELATION ENERGY": -0.1752878796352165,
    "MP2 OPPOSITE-SPIN CORRELATION ENERGY": -0.1336168667455668,
    "MP2 SAME-SPIN CORRELATION ENERGY": -0.041671012889649695,
    "MP2 TOTAL ENERGY": -100.14139427659241,
    "NUCLEAR REPULSION ENERGY": 3.9163486954957447,
    "ONE-ELECTRON ENERGY": -148.39406630900973,
    "PCM POLARIZATION ENERGY": 0.0,
    "PE ENERGY": 0.0,
    "SCF DIPOLE X": 0.0,
    "SCF DIPOLE Y": 0.0,
    "SCF DIPOLE Z": -2.7229966809336963,
    "SCF ITERATION ENERGY": -99.96610639695702,
    "SCF ITERATIONS": 10.0,
    "SCF TOTAL ENERGY": -99.96610639695702,
    "TWO-ELECTRON ENERGY": 44.51161121655697
}