{
    "CC D1 DIAGNOSTIC": 0.02087014221214894,
    "CC D2 DIAGNOSTIC": 0.15913056959453192,
    "CC NEW D1 DIAGNOSTIC": 0.02087014221214894,
    "CC T1 DIAGNOSTIC": 0.00892948163253295,
    "CCSD CORRELATION ENERGY": -0.2608582631176879,
    "CCSD OPPOSITE-SPIN CORRELATION ENERGY": -0.2106823116668352,
    "CCSD SAME-SPIN CORRELATION ENERGY": -0.050175951450852796,
    "CCSD TOTAL ENERGY": -109.14311732810064,
    "CURRENT CORRELATION ENERGY": -0.2608582631176879,
    "CURRENT DIPOLE X": 0.0,
    "CURRENT DIPOLE Y": 0.0,
    "CURRENT DIPOLE Z": 8.465716300959468e-16,
    "CURRENT ENERGY": -109.14311732810064,
    "CURRENT REFERENCE ENERGY": -108.88225906498305,
    "HF TOTAL ENERGY": -108.88225906498305,
    "LCCSD (+LMP2) TOTAL ENERGY": -109.15827212819953,
    "MP2 CORRELATION ENERGY": -0.2659886085517463,
    "MP2 OPPOSITE-SPIN CORRELATION ENERGY": -0.20028151072277894,
    "MP2 SAME-SPIN CORRELATION ENERGY": -0.06570709782896733,
    "MP2 TOTAL ENERGY": -109.14824767353471,
    "NUCLEAR REPULSION ENERGY": 25.232307976739225,
    "ONE-ELECTRON ENERGY": -196.9414907812439,
    "PCM POLARIZATION ENERGY": 0.0,
    "PE ENERGY": 0.0,
    "SCF DIPOLE X": 0.0,
    "SCF DIPOLE Y": 0.0,
    "SCF DIPOLE Z": 8.465716300959468e-16,
    "SCF ITERATION ENERGY": -108.88225906498305,
    "SCF ITERATIONS": 8.0,
    "SCF TOTAL ENERGY": -108.88225906498305,
    "TWO-ELECTRON ENERGY": 62.82692373952163
}