{
    "CC D1 DIAGNOSTIC": 0.16171902511149272,
    "CC D2 DIAGNOSTIC": 0.4738697487972376,
    "CC NEW D1 DIAGNOSTIC": 0.16171902511149272,
    "CC T1 DIAGNOSTIC": 0.05121907678631946,
    "CCSD CORRELATION ENERGY": -0.23576256064198078,
    "CCSD OPPOSITE-SPIN CORRELATION ENERGY": -0.20572173481796932,
    "CCSD SAME-SPIN CORRELATION ENERGY": -0.030040825824009826,
    "CCSD TOTAL ENERGY": -100.02489961266231,
    "CURRENT CORRELATION ENERGY": -0.23576256064198078,
    "CURRENT DIPOLE X": 0.0,
    "CURRENT DIPOLE Y": 0.0,
    "CURRENT DIPOLE Z": -3.799057080152035,
    "CURRENT ENERGY": -100.02489961266231,
    "CURRENT REFERENCE ENERGY": -99.78913705202037,
    "HF TOTAL ENERGY": -99.78913705202037,
    "LCCSD (+LMP2) TOTAL ENERGY": -100.02486552924843,
    "MP2 CORRELATION ENERGY": -0.21774130074171827,
    "MP2 OPPOSITE-SPIN CORRELATION ENERGY": -0.17116519917603376,
    "MP2 SAME-SPIN CORRELATION ENERGY": -0.04657610156568451,
    "MP2 TOTAL ENERGY": -100.00687835276204,
    "NUCLEAR REPULSION ENERGY": 2.4270329943917286,
    "ONE-ELECTRON ENERGY": -145.67269154392386,
    "PCM POLARIZATION ENERGY": 0.0,
    "PE ENERGY": 0.0,
    "SCF DIPOLE X": 0.0,
    "SCF DIPOLE Y": 0.0,
    "SCF DIPOLE Z": -3.799057080152035,
    "SCF ITERATION ENERGY": -99.78913705202037,
    "SCF ITERATIONS": 10.0,
    "SCF TOTAL ENERGY": -99.78913705202037,
    "TWO-ELECTRON ENERGY": 43.45652149751176
}