{
    "CC D1 DIAGNOSTIC": 0.026423365470472568,
    "CC D2 DIAGNOSTIC": 0.22085396448790498,
    "CC NEW D1 DIAGNOSTIC": 0.026423365470472568,
    "CC T1 DIAGNOSTIC": 0.008806100843468473,
    "CCSD CORRELATION ENERGY": -0.2806335753199672,
    "CCSD OPPOSITE-SPIN CORRELATION ENERGY": -0.2268698474340617,
    "CCSD SAME-SPIN CORRELATION ENERGY": -0.0537637278859055,
    "CCSD TOTAL ENERGY": -149.73426559712476,
    "CURRENT CORRELATION ENERGY": -0.2806335753199672,
    "CURRENT DIPOLE X": 0.0,
    "CURRENT DIPOLE Y": 0.0,
    "CURRENT DIPOLE Z": 0.0,
    "CURRENT ENERGY": -149.73426559712476,
    "CURRENT REFERENCE ENERGY": -149.4536320218048,
    "HF TOTAL ENERGY": -149.4536320218048,
    "LCCSD (+LMP2) TOTAL ENERGY": -149.76935040322797,
    "MP2 CORRELATION ENERGY": -0.2759383014590551,
    "MP2 OPPOSITE-SPIN CORRELATION ENERGY": -0.21034354149664528,
    "MP2 SAME-SPIN CORRELATION ENERGY": -0.06559475996240985,
    "MP2 TOTAL ENERGY": -149.72957032326386,
    "NUCLEAR REPULSION ENERGY": 32.48000460285841,
    "ONE-ELECTRON ENERGY": -269.5525554072263,
    "PCM POLARIZATION ENERGY": 0.0,
    "PE ENERGY": 0.0,
    "SCF DIPOLE X": 0.0,
    "SCF DIPOLE Y": 0.0,
    "SCF DIPOLE Z": 0.0,
    "SCF ITERATION ENERGY": -149.4536320218048,
    "SCF ITERATIONS": 9.0,
    "SCF TOTAL ENERGY": -149.4536320218048,
    "TWO-ELECTRON ENERGY": 87.6189187825631
}