{
    "CC D1 DIAGNOSTIC": 0.010986100284103628,
    "CC D2 DIAGNOSTIC": 0.08123671958392176,
    "CC NEW D1 DIAGNOSTIC": 0.010986100284103628,
    "CC T1 DIAGNOSTIC": 0.004235461449013164,
    "CCSD CORRELATION ENERGY": -0.10414524915184016,
    "CCSD OPPOSITE-SPIN CORRELATION ENERGY": -0.08550682816549608,
    "CCSD SAME-SPIN CORRELATION ENERGY": -0.018638420986343995,
    "CCSD TOTAL ENERGY": -459.89294458704416,
    "CURRENT CORRELATION ENERGY": -0.10414524915184016,
    "CURRENT DIPOLE X": 0.0,
    "CURRENT DIPOLE Y": 0.0,
    "CURRENT DIPOLE Z": -1.669247566974169,
    "CURRENT ENERGY": -459.89294458704416,
    "CURRENT REFERENCE ENERGY": -459.788799337892,
    "HF TOTAL ENERGY": -459.788799337892,
    "LCCSD (+LMP2) TOTAL ENERGY": -459.89369658566005,
    "MP2 CORRELATION ENERGY": -0.0959700686312184,
    "MP2 OPPOSITE-SPIN CORRELATION ENERGY": -0.076918270951685,
    "MP2 SAME-SPIN CORRELATION ENERGY": -0.019051797679533397,
    "MP2 TOTAL ENERGY": -459.88476940652356,
    "NUCLEAR REPULSION ENERGY": 10.530626492333,
    "ONE-ELECTRON ENERGY": -655.7039075129888,
    "PCM POLARIZATION ENERGY": 0.0,
    "PE ENERGY": 0.0,
    "SCF DIPOLE X": 0.0,
    "SCF DIPOLE Y": 0.0,
    "SCF DIPOLE Z": -1.669247566974169,
    "SCF ITERATION ENERGY": -459.788799337892,
    "SCF ITERATIONS": 8.0,
    "SCF TOTAL ENERGY": -459.788799337892,
    "TWO-ELECTRON ENERGY": 185.38448168276386
}