{
    "CC D1 DIAGNOSTIC": 0.030976784908196033,
    "CC D2 DIAGNOSTIC": 0.09490202125948397,
    "CC NEW D1 DIAGNOSTIC": 0.030976784908196033,
    "CC T1 DIAGNOSTIC": 0.013842147019776062,
    "CCSD CORRELATION ENERGY": -0.17611736367906328,
    "CCSD OPPOSITE-SPIN CORRELATION ENERGY": -0.14072819894738217,
    "CCSD SAME-SPIN CORRELATION ENERGY": -0.035389164731681216,
    "CCSD TOTAL ENERGY": -107.0523047021471,
    "CURRENT CORRELATION ENERGY": -0.17611736367906328,
    "CURRENT DIPOLE X": 0.0,
    "CURRENT DIPOLE Y": 0.0,
    "CURRENT DIPOLE Z": -4.90139020782225,
    "CURRENT ENERGY": -107.0523047021471,
    "CURRENT REFERENCE ENERGY": -106.87618733846811,
    "HF TOTAL ENERGY": -106.87618733846811,
    "LCCSD (+LMP2) TOTAL ENERGY": -107.05289493195318,
    "MP2 CORRELATION ENERGY": -0.17642291750573136,
    "MP2 OPPOSITE-SPIN CORRELATION ENERGY": -0.13363973537512983,
    "MP2 SAME-SPIN CORRELATION ENERGY": -0.04278318213060153,
    "MP2 TOTAL ENERGY": -107.05261025597376,
    "NUCLEAR REPULSION ENERGY": 11.896523652426401,
    "ONE-ELECTRON ENERGY": -174.52801831366213,
    "PCM POLARIZATION ENERGY": 0.0,
    "PE ENERGY": 0.0,
    "SCF DIPOLE X": 0.0,
    "SCF DIPOLE Y": 0.0,
    "SCF DIPOLE Z": -4.90139020782225,
    "SCF ITERATION ENERGY": -106.87618733846811,
    "SCF ITERATIONS": 9.0,
    "SCF TOTAL ENERGY": -106.87618733846811,
    "TWO-ELECTRON ENERGY": 55.75530732276762
}