{
    "CC D1 DIAGNOSTIC": 0.03946794077027978,
    "CC D2 DIAGNOSTIC": 0.1508480029389325,
    "CC NEW D1 DIAGNOSTIC": 0.03946794077027978,
    "CC T1 DIAGNOSTIC": 0.01588910416120957,
    "CCSD CORRELATION ENERGY": -0.2502181131454189,
    "CCSD OPPOSITE-SPIN CORRELATION ENERGY": -0.2013616222027824,
    "CCSD SAME-SPIN CORRELATION ENERGY": -0.04885649094263658,
    "CCSD TOTAL ENERGY": -112.94473560886442,
    "CURRENT CORRELATION ENERGY": -0.2502181131454189,
    "CURRENT DIPOLE X": 0.0,
    "CURRENT DIPOLE Y": 0.0,
    "CURRENT DIPOLE Z": -0.2709133339740957,
    "CURRENT ENERGY": -112.94473560886442,
    "CURRENT REFERENCE ENERGY": -112.69451749571893,
    "HF TOTAL ENERGY": -112.69451749571891,
    "LCCSD (+LMP2) TOTAL ENERGY": -112.94473245770962,
    "MP2 CORRELATION ENERGY": -0.251676968864537,
    "MP2 OPPOSITE-SPIN CORRELATION ENERGY": -0.19025480458513513,
    "MP2 SAME-SPIN CORRELATION ENERGY": -0.061422164279401864,
    "MP2 TOTAL ENERGY": -112.94619446458354,
    "NUCLEAR REPULSION ENERGY": 23.51023588985972,
    "ONE-ELECTRON ENERGY": -199.71283712396348,
    "PCM POLARIZATION ENERGY": 0.0,
    "PE ENERGY": 0.0,
    "SCF DIPOLE X": 0.0,
    "SCF DIPOLE Y": 0.0,
    "SCF DIPOLE Z": -0.2709133339740957,
    "SCF ITERATION ENERGY": -112.69451749571893,
    "SCF ITERATIONS": 10.0,
    "SCF TOTAL ENERGY": -112.69451749571893,
    "TWO-ELECTRON ENERGY": 63.50808373838483
}