{
    "CC D1 DIAGNOSTIC": 0.01799600915980197,
    "CC D2 DIAGNOSTIC": 0.08797690282599067,
    "CC NEW D1 DIAGNOSTIC": 0.01799600915980197,
    "CC T1 DIAGNOSTIC": 0.006651550457385593,
    "CCSD CORRELATION ENERGY": -0.325300764455151,
    "CCSD OPPOSITE-SPIN CORRELATION ENERGY": -0.24815757602131208,
    "CCSD SAME-SPIN CORRELATION ENERGY": -0.07714318843383858,
    "CCSD TOTAL ENERGY": -182.7486004760632,
    "CURRENT CORRELATION ENERGY": -0.325300764455151,
    "CURRENT DIPOLE X": 0.0,
    "CURRENT DIPOLE Y": 0.0,
    "CURRENT DIPOLE Z": 0.0,
    "CURRENT ENERGY": -182.7486004760632,
    "CURRENT REFERENCE ENERGY": -182.42329971160822,
    "HF TOTAL ENERGY": -182.42329971160822,
    "LCCSD (+LMP2) TOTAL ENERGY": -182.74565490007691,
    "MP2 CORRELATION ENERGY": -0.32311086383703524,
    "MP2 OPPOSITE-SPIN CORRELATION ENERGY": -0.23817726377807943,
    "MP2 SAME-SPIN CORRELATION ENERGY": -0.08493360005895581,
    "MP2 TOTAL ENERGY": -182.74641057544505,
    "NUCLEAR REPULSION ENERGY": 109.14333530515175,
    "ONE-ELECTRON ENERGY": -460.5146229729818,
    "PCM POLARIZATION ENERGY": 0.0,
    "PE ENERGY": 0.0,
    "SCF DIPOLE X": 0.0,
    "SCF DIPOLE Y": 0.0,
    "SCF DIPOLE Z": 0.0,
    "SCF ITERATION ENERGY": -182.42329971160822,
    "SCF ITERATIONS": 9.0,
    "SCF TOTAL ENERGY": -182.42329971160822,
    "TWO-ELECTRON ENERGY": 168.9479879562218
}