{
    "CC D1 DIAGNOSTIC": 0.011126582738075402,
    "CC D2 DIAGNOSTIC": 0.0878586225079468,
    "CC NEW D1 DIAGNOSTIC": 0.011126582738075402,
    "CC T1 DIAGNOSTIC": 0.004284696602530992,
    "CCSD CORRELATION ENERGY": -0.10506551262713812,
    "CCSD OPPOSITE-SPIN CORRELATION ENERGY": -0.0862602757826139,
    "CCSD SAME-SPIN CORRELATION ENERGY": -0.018805236844524217,
    "CCSD TOTAL ENERGY": -460.0513457375024,
    "CURRENT CORRELATION ENERGY": -0.10506551262713812,
    "CURRENT DIPOLE X": 0.0,
    "CURRENT DIPOLE Y": 0.0,
    "CURRENT DIPOLE Z": -1.7357360529750872,
    "CURRENT ENERGY": -460.0513457375024,
    "CURRENT REFERENCE ENERGY": -459.94628022487547,
    "HF TOTAL ENERGY": -459.94628022487547,
    "LCCSD (+LMP2) TOTAL ENERGY": -460.0511541137996,
    "MP2 CORRELATION ENERGY": -0.09679219575165994,
    "MP2 OPPOSITE-SPIN CORRELATION ENERGY": -0.07747595814140502,
    "MP2 SAME-SPIN CORRELATION ENERGY": -0.019316237610254916,
    "MP2 TOTAL ENERGY": -460.0430724206269,
    "NUCLEAR REPULSION ENERGY": 9.299774045177198,
    "ONE-ELECTRON ENERGY": -653.6649293145865,
    "PCM POLARIZATION ENERGY": 0.0,
    "PE ENERGY": 0.0,
    "SCF DIPOLE X": 0.0,
    "SCF DIPOLE Y": 0.0,
    "SCF DIPOLE Z": -1.7357360529750872,
    "SCF ITERATION ENERGY": -459.94628022487547,
    "SCF ITERATIONS": 8.0,
    "SCF TOTAL ENERGY": -459.94628022487547,
    "TWO-ELECTRON ENERGY": 184.41887504453388
}