{
    "CC D1 DIAGNOSTIC": 0.05259921020756011,
    "CC D2 DIAGNOSTIC": 0.31240362283328593,
    "CC NEW D1 DIAGNOSTIC": 0.05259921020756011,
    "CC T1 DIAGNOSTIC": 0.02183810152490049,
    "CCSD CORRELATION ENERGY": -0.38209625546276715,
    "CCSD OPPOSITE-SPIN CORRELATION ENERGY": -0.3323033303838745,
    "CCSD SAME-SPIN CORRELATION ENERGY": -0.04979292507889255,
    "CCSD TOTAL ENERGY": -109.00423412200367,
    "CURRENT CORRELATION ENERGY": -0.38209625546276715,
    "CURRENT DIPOLE X": 0.0,
    "CURRENT DIPOLE Y": 0.0,
    "CURRENT DIPOLE Z": -5.643810867306312e-16,
    "CURRENT ENERGY": -109.00423412200367,
    "CURRENT REFERENCE ENERGY": -108.62213786654074,
    "HF TOTAL ENERGY": -108.62213786654074,
    "LCCSD (+LMP2) TOTAL ENERGY": -109.24688125580661,
    "MP2 CORRELATION ENERGY": -0.4814069401524702,
    "MP2 OPPOSITE-SPIN CORRELATION ENERGY": -0.34586709402074134,
    "MP2 SAME-SPIN CORRELATION ENERGY": -0.13553984613172887,
    "MP2 TOTAL ENERGY": -109.10354480669336,
    "NUCLEAR REPULSION ENERGY": 16.83525931890105,
    "ONE-ELECTRON ENERGY": -180.33545825061043,
    "PCM POLARIZATION ENERGY": 0.0,
    "PE ENERGY": 0.0,
    "SCF DIPOLE X": 0.0,
    "SCF DIPOLE Y": 0.0,
    "SCF DIPOLE Z": -5.643810867306312e-16,
    "SCF ITERATION ENERGY": -108.62213786654074,
    "SCF ITERATIONS": 9.0,
    "SCF TOTAL ENERGY": -108.62213786654074,
    "TWO-ELECTRON ENERGY": 54.87806106516864
}