{
    "CC D1 DIAGNOSTIC": 0.01921155143340199,
    "CC D2 DIAGNOSTIC": 0.1530058672071216,
    "CC NEW D1 DIAGNOSTIC": 0.01921155143340199,
    "CC T1 DIAGNOSTIC": 0.008333481272706438,
    "CCSD CORRELATION ENERGY": -0.25543326101732877,
    "CCSD OPPOSITE-SPIN CORRELATION ENERGY": -0.20598450630342288,
    "CCSD SAME-SPIN CORRELATION ENERGY": -0.049448754713906,
    "CCSD TOTAL ENERGY": -109.11963461047826,
    "CURRENT CORRELATION ENERGY": -0.25543326101732877,
    "CURRENT DIPOLE X": 0.0,
    "CURRENT DIPOLE Y": 0.0,
    "CURRENT DIPOLE Z": 0.0,
    "CURRENT ENERGY": -109.11963461047826,
    "CURRENT REFERENCE ENERGY": -108.86420134946091,
    "HF TOTAL ENERGY": -108.86420134946093,
    "LCCSD (+LMP2) TOTAL ENERGY": -109.13647067637375,
    "MP2 CORRELATION ENERGY": -0.25846154092683704,
    "MP2 OPPOSITE-SPIN CORRELATION ENERGY": -0.19507256842295764,
    "MP2 SAME-SPIN CORRELATION ENERGY": -0.0633889725038794,
    "MP2 TOTAL ENERGY": -109.12266289038776,
    "NUCLEAR REPULSION ENERGY": 25.994997386615474,
    "ONE-ELECTRON ENERGY": -198.37986383828448,
    "PCM POLARIZATION ENERGY": 0.0,
    "PE ENERGY": 0.0,
    "SCF DIPOLE X": 0.0,
    "SCF DIPOLE Y": 0.0,
    "SCF DIPOLE Z": 0.0,
    "SCF ITERATION ENERGY": -108.86420134946091,
    "SCF ITERATIONS": 8.0,
    "SCF TOTAL ENERGY": -108.86420134946091,
    "TWO-ELECTRON ENERGY": 63.52066510220809
}