{
    "CC D1 DIAGNOSTIC": 0.043654367808831286,
    "CC D2 DIAGNOSTIC": 0.27609131353157074,
    "CC NEW D1 DIAGNOSTIC": 0.043654367808831286,
    "CC T1 DIAGNOSTIC": 0.013591572940848664,
    "CCSD CORRELATION ENERGY": -0.329822173272468,
    "CCSD OPPOSITE-SPIN CORRELATION ENERGY": -0.2701745732758015,
    "CCSD SAME-SPIN CORRELATION ENERGY": -0.05964759999666647,
    "CCSD TOTAL ENERGY": -149.83176744237767,
    "CURRENT CORRELATION ENERGY": -0.329822173272468,
    "CURRENT DIPOLE X": 0.0,
    "CURRENT DIPOLE Y": 0.0,
    "CURRENT DIPOLE Z": 0.0,
    "CURRENT ENERGY": -149.83176744237767,
    "CURRENT REFERENCE ENERGY": -149.50194526910514,
    "HF TOTAL ENERGY": -149.50194526910514,
    "LCCSD (+LMP2) TOTAL ENERGY": -149.7152353542492,
    "MP2 CORRELATION ENERGY": -0.3443175411758384,
    "MP2 OPPOSITE-SPIN CORRELATION ENERGY": -0.25860224597700054,
    "MP2 SAME-SPIN CORRELATION ENERGY": -0.08571529519883786,
    "MP2 TOTAL ENERGY": -149.84626281028102,
    "NUCLEAR REPULSION ENERGY": 26.53386202792569,
    "ONE-ELECTRON ENERGY": -258.3123095250298,
    "PCM POLARIZATION ENERGY": 0.0,
    "PE ENERGY": 0.0,
    "SCF DIPOLE X": 0.0,
    "SCF DIPOLE Y": 0.0,
    "SCF DIPOLE Z": 0.0,
    "SCF ITERATION ENERGY": -149.50194526910514,
    "SCF ITERATIONS": 9.0,
    "SCF TOTAL ENERGY": -149.50194526910514,
    "TWO-ELECTRON ENERGY": 82.27650222799895
}