{
    "CC D1 DIAGNOSTIC": 0.056937263108707725,
    "CC D2 DIAGNOSTIC": 0.34806358610516774,
    "CC NEW D1 DIAGNOSTIC": 0.056937263108707725,
    "CC T1 DIAGNOSTIC": 0.023740732848558654,
    "CCSD CORRELATION ENERGY": -0.40211226919231713,
    "CCSD OPPOSITE-SPIN CORRELATION ENERGY": -0.3578235224701778,
    "CCSD SAME-SPIN CORRELATION ENERGY": -0.04428874672213934,
    "CCSD TOTAL ENERGY": -108.97530565308088,
    "CURRENT CORRELATION ENERGY": -0.40211226919231713,
    "CURRENT DIPOLE X": 0.0,
    "CURRENT DIPOLE Y": 0.0,
    "CURRENT DIPOLE Z": 0.0,
    "CURRENT ENERGY": -108.97530565308088,
    "CURRENT REFERENCE ENERGY": -108.57319338388857,
    "HF TOTAL ENERGY": -108.57319338388857,
    "LCCSD (+LMP2) TOTAL ENERGY": -108.97403507450971,
    "MP2 CORRELATION ENERGY": -0.5230458713521682,
    "MP2 OPPOSITE-SPIN CORRELATION ENERGY": -0.3736832065182568,
    "MP2 SAME-SPIN CORRELATION ENERGY": -0.14936266483391136,
    "MP2 TOTAL ENERGY": -109.09623925524073,
    "NUCLEAR REPULSION ENERGY": 16.1250218163849,
    "ONE-ELECTRON ENERGY": -178.89649422045585,
    "PCM POLARIZATION ENERGY": 0.0,
    "PE ENERGY": 0.0,
    "SCF DIPOLE X": 0.0,
    "SCF DIPOLE Y": 0.0,
    "SCF DIPOLE Z": 0.0,
    "SCF ITERATION ENERGY": -108.57319338388857,
    "SCF ITERATIONS": 8.0,
    "SCF TOTAL ENERGY": -108.57319338388857,
    "TWO-ELECTRON ENERGY": 54.19827902018238
}