{
    "CC D1 DIAGNOSTIC": 0.03441732092444338,
    "CC D2 DIAGNOSTIC": 0.3099709051701443,
    "CC NEW D1 DIAGNOSTIC": 0.03441732092444338,
    "CC T1 DIAGNOSTIC": 0.0086799510237174,
    "CCSD CORRELATION ENERGY": -0.2683967298333716,
    "CCSD OPPOSITE-SPIN CORRELATION ENERGY": -0.21462077168580285,
    "CCSD SAME-SPIN CORRELATION ENERGY": -0.053775958147568914,
    "CCSD TOTAL ENERGY": -258.83929807329594,
    "CURRENT CORRELATION ENERGY": -0.2683967298333716,
    "CURRENT DIPOLE X": 0.0,
    "CURRENT DIPOLE Y": 0.0,
    "CURRENT DIPOLE Z": 3.5882225732658237,
    "CURRENT ENERGY": -258.83929807329594,
    "CURRENT REFERENCE ENERGY": -258.5709013434625,
    "HF TOTAL ENERGY": -258.5709013434625,
    "LCCSD (+LMP2) TOTAL ENERGY": -258.83908032106444,
    "MP2 CORRELATION ENERGY": -0.24947691975335518,
    "MP2 OPPOSITE-SPIN CORRELATION ENERGY": -0.1922513031086606,
    "MP2 SAME-SPIN CORRELATION ENERGY": -0.05722561664469458,
    "MP2 TOTAL ENERGY": -258.8203782632159,
    "NUCLEAR REPULSION ENERGY": 67.26013049941724,
    "ONE-ELECTRON ENERGY": -485.31360870224046,
    "PCM POLARIZATION ENERGY": 0.0,
    "PE ENERGY": 0.0,
    "SCF DIPOLE X": 0.0,
    "SCF DIPOLE Y": 0.0,
    "SCF DIPOLE Z": 3.5882225732658237,
    "SCF ITERATION ENERGY": -258.5709013434625,
    "SCF ITERATIONS": 11.0,
    "SCF TOTAL ENERGY": -258.5709013434625,
    "TWO-ELECTRON ENERGY": 159.48257685936073
}