{
    "CC D1 DIAGNOSTIC": 0.037622170894175876,
    "CC D2 DIAGNOSTIC": 0.0920216155887997,
    "CC NEW D1 DIAGNOSTIC": 0.037622170894175876,
    "CC T1 DIAGNOSTIC": 0.014203613974369216,
    "CCSD CORRELATION ENERGY": -0.2917389612766264,
    "CCSD OPPOSITE-SPIN CORRELATION ENERGY": -0.22672007804282596,
    "CCSD SAME-SPIN CORRELATION ENERGY": -0.0650188832338004,
    "CCSD TOTAL ENERGY": -261.61829392613646,
    "CURRENT CORRELATION ENERGY": -0.2917389612766264,
    "CURRENT DIPOLE X": 0.0,
    "CURRENT DIPOLE Y": 0.0,
    "CURRENT DIPOLE Z": -7.814181261650772,
    "CURRENT ENERGY": -261.61829392613646,
    "CURRENT REFERENCE ENERGY": -261.3265549648588,
    "HF TOTAL ENERGY": -261.3265549648588,
    "LCCSD (+LMP2) TOTAL ENERGY": -261.6182941136176,
    "MP2 CORRELATION ENERGY": -0.2933776523091379,
    "MP2 OPPOSITE-SPIN CORRELATION ENERGY": -0.21790427194343653,
    "MP2 SAME-SPIN CORRELATION ENERGY": -0.07547338036570139,
    "MP2 TOTAL ENERGY": -261.61993261716896,
    "NUCLEAR REPULSION ENERGY": 29.659517005432924,
    "ONE-ELECTRON ENERGY": -429.3361695260893,
    "PCM POLARIZATION ENERGY": 0.0,
    "PE ENERGY": 0.0,
    "SCF DIPOLE X": 0.0,
    "SCF DIPOLE Y": 0.0,
    "SCF DIPOLE Z": -7.814181261650772,
    "SCF ITERATION ENERGY": -261.3265549648588,
    "SCF ITERATIONS": 10.0,
    "SCF TOTAL ENERGY": -261.3265549648588,
    "TWO-ELECTRON ENERGY": 138.35009755579753
}