{
    "CC D1 DIAGNOSTIC": 0.10732260593462112,
    "CC D2 DIAGNOSTIC": 0.3512040647695223,
    "CC NEW D1 DIAGNOSTIC": 0.10732260593462112,
    "CC T1 DIAGNOSTIC": 0.03408533529922176,
    "CCSD CORRELATION ENERGY": -0.2135665684873278,
    "CCSD OPPOSITE-SPIN CORRELATION ENERGY": -0.18204555602622563,
    "CCSD SAME-SPIN CORRELATION ENERGY": -0.03152101246110112,
    "CCSD TOTAL ENERGY": -100.0516170254186,
    "CURRENT CORRELATION ENERGY": -0.2135665684873278,
    "CURRENT DIPOLE X": 0.0,
    "CURRENT DIPOLE Y": 0.0,
    "CURRENT DIPOLE Z": -3.4477670192981447,
    "CURRENT ENERGY": -100.0516170254186,
    "CURRENT REFERENCE ENERGY": -99.83805045693131,
    "HF TOTAL ENERGY": -99.83805045693131,
    "LCCSD (+LMP2) TOTAL ENERGY": -100.03886086850666,
    "MP2 CORRELATION ENERGY": -0.20285303303194552,
    "MP2 OPPOSITE-SPIN CORRELATION ENERGY": -0.15749175783356809,
    "MP2 SAME-SPIN CORRELATION ENERGY": -0.04536127519837743,
    "MP2 TOTAL ENERGY": -100.04090348996321,
    "NUCLEAR REPULSION ENERGY": 2.7671719249926134,
    "ONE-ELECTRON ENERGY": -146.305199792711,
    "PCM POLARIZATION ENERGY": 0.0,
    "PE ENERGY": 0.0,
    "SCF DIPOLE X": 0.0,
    "SCF DIPOLE Y": 0.0,
    "SCF DIPOLE Z": -3.4477670192981447,
    "SCF ITERATION ENERGY": -99.83805045693131,
    "SCF ITERATIONS": 10.0,
    "SCF TOTAL ENERGY": -99.83805045693131,
    "TWO-ELECTRON ENERGY": 43.699977410787056
}