{
    "CC D1 DIAGNOSTIC": 0.011760726338038126,
    "CC D2 DIAGNOSTIC": 0.18563724279923127,
    "CC NEW D1 DIAGNOSTIC": 0.011760726338038126,
    "CC T1 DIAGNOSTIC": 0.0053305543420984055,
    "CCSD CORRELATION ENERGY": -0.24027186666502068,
    "CCSD OPPOSITE-SPIN CORRELATION ENERGY": -0.19263564177562925,
    "CCSD SAME-SPIN CORRELATION ENERGY": -0.04763622488939123,
    "CCSD TOTAL ENERGY": -148.59974212325713,
    "CURRENT CORRELATION ENERGY": -0.24027186666502068,
    "CURRENT DIPOLE X": 0.0,
    "CURRENT DIPOLE Y": 0.0,
    "CURRENT DIPOLE Z": 0.0,
    "CURRENT ENERGY": -148.59974212325713,
    "CURRENT REFERENCE ENERGY": -148.35947025659206,
    "HF TOTAL ENERGY": -148.35947025659206,
    "LCCSD (+LMP2) TOTAL ENERGY": -148.55545823352742,
    "MP2 CORRELATION ENERGY": -0.2285961746790018,
    "MP2 OPPOSITE-SPIN CORRELATION ENERGY": -0.17605159281093757,
    "MP2 SAME-SPIN CORRELATION ENERGY": -0.05254458186806424,
    "MP2 TOTAL ENERGY": -148.58806643127113,
    "NUCLEAR REPULSION ENERGY": 45.23222117512162,
    "ONE-ELECTRON ENERGY": -291.26532800971415,
    "PCM POLARIZATION ENERGY": 0.0,
    "PE ENERGY": 0.0,
    "SCF DIPOLE X": 0.0,
    "SCF DIPOLE Y": 0.0,
    "SCF DIPOLE Z": 0.0,
    "SCF ITERATION ENERGY": -148.35947025659206,
    "SCF ITERATIONS": 9.0,
    "SCF TOTAL ENERGY": -148.35947025659206,
    "TWO-ELECTRON ENERGY": 97.67363657800047
}