{
    "CC D1 DIAGNOSTIC": 0.030738075248979146,
    "CC D2 DIAGNOSTIC": 0.21060844427275038,
    "CC NEW D1 DIAGNOSTIC": 0.030738075248979146,
    "CC T1 DIAGNOSTIC": 0.008420814705547381,
    "CCSD CORRELATION ENERGY": -0.12724709246523272,
    "CCSD OPPOSITE-SPIN CORRELATION ENERGY": -0.10676186417030506,
    "CCSD SAME-SPIN CORRELATION ENERGY": -0.020485228294927105,
    "CCSD TOTAL ENERGY": -460.1465116552382,
    "CURRENT CORRELATION ENERGY": -0.12724709246523272,
    "CURRENT DIPOLE X": 0.0,
    "CURRENT DIPOLE Y": 0.0,
    "CURRENT DIPOLE Z": -2.148582168722844,
    "CURRENT ENERGY": -460.1465116552382,
    "CURRENT REFERENCE ENERGY": -460.01926456277295,
    "HF TOTAL ENERGY": -460.01926456277295,
    "LCCSD (+LMP2) TOTAL ENERGY": -460.14712689116516,
    "MP2 CORRELATION ENERGY": -0.11264448331922497,
    "MP2 OPPOSITE-SPIN CORRELATION ENERGY": -0.09030564103960839,
    "MP2 SAME-SPIN CORRELATION ENERGY": -0.022338842279616578,
    "MP2 TOTAL ENERGY": -460.13190904609223,
    "NUCLEAR REPULSION ENERGY": 5.296468945847961,
    "ONE-ELECTRON ENERGY": -646.2430542220349,
    "PCM POLARIZATION ENERGY": 0.0,
    "PE ENERGY": 0.0,
    "SCF DIPOLE X": 0.0,
    "SCF DIPOLE Y": 0.0,
    "SCF DIPOLE Z": -2.148582168722844,
    "SCF ITERATION ENERGY": -460.01926456277295,
    "SCF ITERATIONS": 9.0,
    "SCF TOTAL ENERGY": -460.01926456277295,
    "TWO-ELECTRON ENERGY": 180.9273207134139
}