{
    "CC D1 DIAGNOSTIC": 0.020375926714297332,
    "CC D2 DIAGNOSTIC": 0.1669532949231043,
    "CC NEW D1 DIAGNOSTIC": 0.020375926714297332,
    "CC T1 DIAGNOSTIC": 0.006395223374945258,
    "CCSD CORRELATION ENERGY": -0.11962756890415878,
    "CCSD OPPOSITE-SPIN CORRELATION ENERGY": -0.09941246260885718,
    "CCSD SAME-SPIN CORRELATION ENERGY": -0.020215106295301613,
    "CCSD TOTAL ENERGY": -460.16852801539164,
    "CURRENT CORRELATION ENERGY": -0.11962756890415878,
    "CURRENT DIPOLE X": 0.0,
    "CURRENT DIPOLE Y": 0.0,
    "CURRENT DIPOLE Z": -2.013456919374182,
    "CURRENT ENERGY": -460.16852801539164,
    "CURRENT REFERENCE ENERGY": -460.0489004464875,
    "HF TOTAL ENERGY": -460.04890044648744,
    "LCCSD (+LMP2) TOTAL ENERGY": -460.1683129506783,
    "MP2 CORRELATION ENERGY": -0.1075929513671694,
    "MP2 OPPOSITE-SPIN CORRELATION ENERGY": -0.08601607924211278,
    "MP2 SAME-SPIN CORRELATION ENERGY": -0.021576872125056615,
    "MP2 TOTAL ENERGY": -460.15649339785466,
    "NUCLEAR REPULSION ENERGY": 5.927836104955663,
    "ONE-ELECTRON ENERGY": -647.4735257990424,
    "PCM POLARIZATION ENERGY": 0.0,
    "PE ENERGY": 0.0,
    "SCF DIPOLE X": 0.0,
    "SCF DIPOLE Y": 0.0,
    "SCF DIPOLE Z": -2.013456919374182,
    "SCF ITERATION ENERGY": -460.0489004464875,
    "SCF ITERATIONS": 9.0,
    "SCF TOTAL ENERGY": -460.0489004464875,
    "TWO-ELECTRON ENERGY": 181.49678924759925
}