{
    "CC D1 DIAGNOSTIC": 0.01847291826587535,
    "CC D2 DIAGNOSTIC": 0.11658446100908203,
    "CC NEW D1 DIAGNOSTIC": 0.01847291826587535,
    "CC T1 DIAGNOSTIC": 0.0061574481636855125,
    "CCSD CORRELATION ENERGY": -0.20686788450104884,
    "CCSD OPPOSITE-SPIN CORRELATION ENERGY": -0.16355142183148103,
    "CCSD SAME-SPIN CORRELATION ENERGY": -0.043316462669567846,
    "CCSD TOTAL ENERGY": -109.41268819792607,
    "CURRENT CORRELATION ENERGY": -0.20686788450104884,
    "CURRENT DIPOLE X": 0.0,
    "CURRENT DIPOLE Y": 0.0,
    "CURRENT DIPOLE Z": 1.4068884783682745,
    "CURRENT ENERGY": -109.41268819792607,
    "CURRENT REFERENCE ENERGY": -109.20582031342506,
    "HF TOTAL ENERGY": -109.20582031342506,
    "LCCSD (+LMP2) TOTAL ENERGY": -109.4071887024283,
    "MP2 CORRELATION ENERGY": -0.19779321866260463,
    "MP2 OPPOSITE-SPIN CORRELATION ENERGY": -0.15124622119100586,
    "MP2 SAME-SPIN CORRELATION ENERGY": -0.04654699747159877,
    "MP2 TOTAL ENERGY": -109.40361353208763,
    "NUCLEAR REPULSION ENERGY": 44.73186474619325,
    "ONE-ELECTRON ENERGY": -233.2868959397196,
    "PCM POLARIZATION ENERGY": 0.0,
    "PE ENERGY": 0.0,
    "SCF DIPOLE X": 0.0,
    "SCF DIPOLE Y": 0.0,
    "SCF DIPOLE Z": 1.4068884783682745,
    "SCF ITERATION ENERGY": -109.20582031342506,
    "SCF ITERATIONS": 10.0,
    "SCF TOTAL ENERGY": -109.20582031342506,
    "TWO-ELECTRON ENERGY": 79.3492108801013
}