{
    "CC D1 DIAGNOSTIC": 0.05619505464043072,
    "CC D2 DIAGNOSTIC": 0.16634937001631114,
    "CC NEW D1 DIAGNOSTIC": 0.05619505464043072,
    "CC T1 DIAGNOSTIC": 0.02218626834521144,
    "CCSD CORRELATION ENERGY": -0.2654584165376517,
    "CCSD OPPOSITE-SPIN CORRELATION ENERGY": -0.2140162884433982,
    "CCSD SAME-SPIN CORRELATION ENERGY": -0.051442128094253414,
    "CCSD TOTAL ENERGY": -112.95283612593245,
    "CURRENT CORRELATION ENERGY": -0.2654584165376517,
    "CURRENT DIPOLE X": 0.0,
    "CURRENT DIPOLE Y": 0.0,
    "CURRENT DIPOLE Z": -0.8555240296725751,
    "CURRENT ENERGY": -112.95283612593245,
    "CURRENT REFERENCE ENERGY": -112.6873777093948,
    "HF TOTAL ENERGY": -112.68737770939478,
    "LCCSD (+LMP2) TOTAL ENERGY": -112.96085607089691,
    "MP2 CORRELATION ENERGY": -0.2727778620090669,
    "MP2 OPPOSITE-SPIN CORRELATION ENERGY": -0.20472006924110553,
    "MP2 SAME-SPIN CORRELATION ENERGY": -0.06805779276796137,
    "MP2 TOTAL ENERGY": -112.96015557140386,
    "NUCLEAR REPULSION ENERGY": 21.14937538209138,
    "ONE-ELECTRON ENERGY": -195.26693885489914,
    "PCM POLARIZATION ENERGY": 0.0,
    "PE ENERGY": 0.0,
    "SCF DIPOLE X": 0.0,
    "SCF DIPOLE Y": 0.0,
    "SCF DIPOLE Z": -0.8555240296725751,
    "SCF ITERATION ENERGY": -112.6873777093948,
    "SCF ITERATIONS": 10.0,
    "SCF TOTAL ENERGY": -112.6873777093948,
    "TWO-ELECTRON ENERGY": 61.43018576341296
}