{
    "CC D1 DIAGNOSTIC": 0.05469896927722583,
    "CC D2 DIAGNOSTIC": 0.16022614902211801,
    "CC NEW D1 DIAGNOSTIC": 0.05469896927722583,
    "CC T1 DIAGNOSTIC": 0.017732165983182592,
    "CCSD CORRELATION ENERGY": -0.4115069881400826,
    "CCSD OPPOSITE-SPIN CORRELATION ENERGY": -0.3249165331971602,
    "CCSD SAME-SPIN CORRELATION ENERGY": -0.08659045494292239,
    "CCSD TOTAL ENERGY": -187.97714174760821,
    "CURRENT CORRELATION ENERGY": -0.4115069881400826,
    "CURRENT DIPOLE X": 0.0,
    "CURRENT DIPOLE Y": 0.0,
    "CURRENT DIPOLE Z": 0.0,
    "CURRENT ENERGY": -187.97714174760821,
    "CURRENT REFERENCE ENERGY": -187.56563475946717,
    "HF TOTAL ENERGY": -187.56563475946717,
    "LCCSD (+LMP2) TOTAL ENERGY": -187.9780007744846,
    "MP2 CORRELATION ENERGY": -0.42857617080719274,
    "MP2 OPPOSITE-SPIN CORRELATION ENERGY": -0.3179050958204971,
    "MP2 SAME-SPIN CORRELATION ENERGY": -0.11067107498669565,
    "MP2 TOTAL ENERGY": -187.99421093027533,
    "NUCLEAR REPULSION ENERGY": 57.850651975048244,
    "ONE-ELECTRON ENERGY": -370.84504163671534,
    "PCM POLARIZATION ENERGY": 0.0,
    "PE ENERGY": 0.0,
    "SCF DIPOLE X": 0.0,
    "SCF DIPOLE Y": 0.0,
    "SCF DIPOLE Z": 0.0,
    "SCF ITERATION ENERGY": -187.56563475946717,
    "SCF ITERATIONS": 10.0,
    "SCF TOTAL ENERGY": -187.56563475946717,
    "TWO-ELECTRON ENERGY": 125.4287549021999
}