{
    "CC D1 DIAGNOSTIC": 0.07274955969078971,
    "CC D2 DIAGNOSTIC": 0.534422078105692,
    "CC NEW D1 DIAGNOSTIC": 0.07274955969078971,
    "CC T1 DIAGNOSTIC": 0.030588133448618167,
    "CCSD CORRELATION ENERGY": -0.4838006942142853,
    "CCSD OPPOSITE-SPIN CORRELATION ENERGY": -0.48123604505982875,
    "CCSD SAME-SPIN CORRELATION ENERGY": -0.0025646491544566996,
    "CCSD TOTAL ENERGY": -108.91507652511466,
    "CURRENT CORRELATION ENERGY": -0.4838006942142853,
    "CURRENT DIPOLE X": 0.0,
    "CURRENT DIPOLE Y": 0.0,
    "CURRENT DIPOLE Z": -5.643810867306312e-16,
    "CURRENT ENERGY": -108.91507652511466,
    "CURRENT REFERENCE ENERGY": -108.43127583090012,
    "HF TOTAL ENERGY": -108.43127583090012,
    "LCCSD (+LMP2) TOTAL ENERGY": -108.92466693376838,
    "MP2 CORRELATION ENERGY": -0.6757236828986967,
    "MP2 OPPOSITE-SPIN CORRELATION ENERGY": -0.475407212335646,
    "MP2 SAME-SPIN CORRELATION ENERGY": -0.20031647056305069,
    "MP2 TOTAL ENERGY": -109.10699951379907,
    "NUCLEAR REPULSION ENERGY": 14.195342451838162,
    "ONE-ELECTRON ENERGY": -174.99096632792168,
    "PCM POLARIZATION ENERGY": 0.0,
    "PE ENERGY": 0.0,
    "SCF DIPOLE X": 0.0,
    "SCF DIPOLE Y": 0.0,
    "SCF DIPOLE Z": -5.643810867306312e-16,
    "SCF ITERATION ENERGY": -108.43127583090012,
    "SCF ITERATIONS": 8.0,
    "SCF TOTAL ENERGY": -108.43127583090012,
    "TWO-ELECTRON ENERGY": 52.3643480451834
}