{
    "CC D1 DIAGNOSTIC": 0.4833281631885605,
    "CC D2 DIAGNOSTIC": 0.365897102181059,
    "CC NEW D1 DIAGNOSTIC": 0.4833281631885605,
    "CC T1 DIAGNOSTIC": 0.20260688760892817,
    "CCSD CORRELATION ENERGY": -0.33658376340608903,
    "CCSD OPPOSITE-SPIN CORRELATION ENERGY": -0.2559974548166635,
    "CCSD SAME-SPIN CORRELATION ENERGY": -0.08058630858942512,
    "CCSD TOTAL ENERGY": -112.7022451407087,
    "CURRENT CORRELATION ENERGY": -0.33658376340608903,
    "CURRENT DIPOLE X": 0.0,
    "CURRENT DIPOLE Y": 0.0,
    "CURRENT DIPOLE Z": -2.974383855170941,
    "CURRENT ENERGY": -112.7022451407087,
    "CURRENT REFERENCE ENERGY": -112.36566137730239,
    "HF TOTAL ENERGY": -112.36566137730239,
    "LCCSD (+LMP2) TOTAL ENERGY": -112.70225027635479,
    "MP2 CORRELATION ENERGY": -0.2397755999343447,
    "MP2 OPPOSITE-SPIN CORRELATION ENERGY": -0.18826262793042378,
    "MP2 SAME-SPIN CORRELATION ENERGY": -0.05151297200392091,
    "MP2 TOTAL ENERGY": -112.60543697723696,
    "NUCLEAR REPULSION ENERGY": 13.35455935619509,
    "ONE-ELECTRON ENERGY": -180.41917091931143,
    "PCM POLARIZATION ENERGY": 0.0,
    "PE ENERGY": 0.0,
    "SCF DIPOLE X": 0.0,
    "SCF DIPOLE Y": 0.0,
    "SCF DIPOLE Z": -2.974383855170941,
    "SCF ITERATION ENERGY": -112.36566137730239,
    "SCF ITERATIONS": 15.0,
    "SCF TOTAL ENERGY": -112.36566137730239,
    "TWO-ELECTRON ENERGY": 54.698950185813935
}