{
    "CC D1 DIAGNOSTIC": 0.0437602345177803,
    "CC D2 DIAGNOSTIC": 0.10353622454373021,
    "CC NEW D1 DIAGNOSTIC": 0.0437602345177803,
    "CC T1 DIAGNOSTIC": 0.02071044486718934,
    "CCSD CORRELATION ENERGY": -0.1825303615396028,
    "CCSD OPPOSITE-SPIN CORRELATION ENERGY": -0.14649282446254872,
    "CCSD SAME-SPIN CORRELATION ENERGY": -0.03603753707705412,
    "CCSD TOTAL ENERGY": -107.11751290976946,
    "CURRENT CORRELATION ENERGY": -0.1825303615396028,
    "CURRENT DIPOLE X": 0.0,
    "CURRENT DIPOLE Y": 0.0,
    "CURRENT DIPOLE Z": -8.165328151454442,
    "CURRENT ENERGY": -107.11751290976946,
    "CURRENT REFERENCE ENERGY": -106.93498254822991,
    "HF TOTAL ENERGY": -106.93498254822993,
    "LCCSD (+LMP2) TOTAL ENERGY": -107.11651645335581,
    "MP2 CORRELATION ENERGY": -0.18347997890059178,
    "MP2 OPPOSITE-SPIN CORRELATION ENERGY": -0.13893625297091133,
    "MP2 SAME-SPIN CORRELATION ENERGY": -0.04454372592968045,
    "MP2 TOTAL ENERGY": -107.11846252713045,
    "NUCLEAR REPULSION ENERGY": 7.309175200333963,
    "ONE-ELECTRON ENERGY": -166.23582731818576,
    "PCM POLARIZATION ENERGY": 0.0,
    "PE ENERGY": 0.0,
    "SCF DIPOLE X": 0.0,
    "SCF DIPOLE Y": 0.0,
    "SCF DIPOLE Z": -8.165328151454442,
    "SCF ITERATION ENERGY": -106.93498254822991,
    "SCF ITERATIONS": 10.0,
    "SCF TOTAL ENERGY": -106.93498254822991,
    "TWO-ELECTRON ENERGY": 51.99166956962188
}