{
    "CC D1 DIAGNOSTIC": 0.0377323959439124,
    "CC D2 DIAGNOSTIC": 0.09158542832705442,
    "CC NEW D1 DIAGNOSTIC": 0.0377323959439124,
    "CC T1 DIAGNOSTIC": 0.013665295959050597,
    "CCSD CORRELATION ENERGY": -0.28969457718788,
    "CCSD OPPOSITE-SPIN CORRELATION ENERGY": -0.22500013176529116,
    "CCSD SAME-SPIN CORRELATION ENERGY": -0.06469444542258879,
    "CCSD TOTAL ENERGY": -261.58674704808715,
    "CURRENT CORRELATION ENERGY": -0.28969457718788,
    "CURRENT DIPOLE X": 0.0,
    "CURRENT DIPOLE Y": 0.0,
    "CURRENT DIPOLE Z": -7.255818873417946,
    "CURRENT ENERGY": -261.58674704808715,
    "CURRENT REFERENCE ENERGY": -261.2970524708993,
    "HF TOTAL ENERGY": -261.2970524708993,
    "LCCSD (+LMP2) TOTAL ENERGY": -261.32988818275896,
    "MP2 CORRELATION ENERGY": -0.29105513846042547,
    "MP2 OPPOSITE-SPIN CORRELATION ENERGY": -0.2162105290854121,
    "MP2 SAME-SPIN CORRELATION ENERGY": -0.07484460937501336,
    "MP2 TOTAL ENERGY": -261.58810760935967,
    "NUCLEAR REPULSION ENERGY": 32.42712356892588,
    "ONE-ELECTRON ENERGY": -434.8804331013947,
    "PCM POLARIZATION ENERGY": 0.0,
    "PE ENERGY": 0.0,
    "SCF DIPOLE X": 0.0,
    "SCF DIPOLE Y": 0.0,
    "SCF DIPOLE Z": -7.255818873417946,
    "SCF ITERATION ENERGY": -261.2970524708993,
    "SCF ITERATIONS": 10.0,
    "SCF TOTAL ENERGY": -261.2970524708993,
    "TWO-ELECTRON ENERGY": 141.1562570615695
}