{
    "CC D1 DIAGNOSTIC": 0.07405830303466432,
    "CC D2 DIAGNOSTIC": 0.1787739200791574,
    "CC NEW D1 DIAGNOSTIC": 0.07405830303466432,
    "CC T1 DIAGNOSTIC": 0.029121126593676293,
    "CCSD CORRELATION ENERGY": -0.2782112429914497,
    "CCSD OPPOSITE-SPIN CORRELATION ENERGY": -0.22455734278296463,
    "CCSD SAME-SPIN CORRELATION ENERGY": -0.053653900208485095,
    "CCSD TOTAL ENERGY": -112.9269343984441,
    "CURRENT CORRELATION ENERGY": -0.2782112429914497,
    "CURRENT DIPOLE X": 0.0,
    "CURRENT DIPOLE Y": 0.0,
    "CURRENT DIPOLE Z": -1.3456902425193709,
    "CURRENT ENERGY": -112.9269343984441,
    "CURRENT REFERENCE ENERGY": -112.64872315545264,
    "HF TOTAL ENERGY": -112.64872315545264,
    "LCCSD (+LMP2) TOTAL ENERGY": -112.92694737820224,
    "MP2 CORRELATION ENERGY": -0.2911442853768532,
    "MP2 OPPOSITE-SPIN CORRELATION ENERGY": -0.2171860171517279,
    "MP2 SAME-SPIN CORRELATION ENERGY": -0.07395826822512533,
    "MP2 TOTAL ENERGY": -112.93986744082952,
    "NUCLEAR REPULSION ENERGY": 19.55396795481563,
    "ONE-ELECTRON ENERGY": -192.22298561435966,
    "PCM POLARIZATION ENERGY": 0.0,
    "PE ENERGY": 0.0,
    "SCF DIPOLE X": 0.0,
    "SCF DIPOLE Y": 0.0,
    "SCF DIPOLE Z": -1.3456902425193709,
    "SCF ITERATION ENERGY": -112.64872315545264,
    "SCF ITERATIONS": 10.0,
    "SCF TOTAL ENERGY": -112.64872315545264,
    "TWO-ELECTRON ENERGY": 60.02029450409139
}