{
    "CC D1 DIAGNOSTIC": 0.0116068370304886,
    "CC D2 DIAGNOSTIC": 0.11121113746135572,
    "CC NEW D1 DIAGNOSTIC": 0.0116068370304886,
    "CC T1 DIAGNOSTIC": 0.0063529325493117675,
    "CCSD CORRELATION ENERGY": -0.15769912038194597,
    "CCSD OPPOSITE-SPIN CORRELATION ENERGY": -0.1291172227353357,
    "CCSD SAME-SPIN CORRELATION ENERGY": -0.02858189764661026,
    "CCSD TOTAL ENERGY": -76.12616146227327,
    "CURRENT CORRELATION ENERGY": -0.15769912038194597,
    "CURRENT DIPOLE X": 0.0,
    "CURRENT DIPOLE Y": 0.0,
    "CURRENT DIPOLE Z": 2.8289601972372887e-14,
    "CURRENT ENERGY": -76.12616146227327,
    "CURRENT REFERENCE ENERGY": -75.96846234189132,
    "HF TOTAL ENERGY": -75.96846234189132,
    "LCCSD (+LMP2) TOTAL ENERGY": -76.13683548411619,
    "MP2 CORRELATION ENERGY": -0.1529918971767823,
    "MP2 OPPOSITE-SPIN CORRELATION ENERGY": -0.11817970741261788,
    "MP2 SAME-SPIN CORRELATION ENERGY": -0.03481218976416442,
    "MP2 TOTAL ENERGY": -76.1214542390681,
    "NUCLEAR REPULSION ENERGY": 9.095233308390625,
    "ONE-ELECTRON ENERGY": -123.1267012735772,
    "PCM POLARIZATION ENERGY": 0.0,
    "PE ENERGY": 0.0,
    "SCF DIPOLE X": 0.0,
    "SCF DIPOLE Y": 0.0,
    "SCF DIPOLE Z": 2.8289601972372887e-14,
    "SCF ITERATION ENERGY": -75.96846234189132,
    "SCF ITERATIONS": 9.0,
    "SCF TOTAL ENERGY": -75.96846234189132,
    "TWO-ELECTRON ENERGY": 38.063005623295254
}