{
    "CC D1 DIAGNOSTIC": 0.07723012971000529,
    "CC D2 DIAGNOSTIC": 0.18067946014642589,
    "CC NEW D1 DIAGNOSTIC": 0.07723012971000529,
    "CC T1 DIAGNOSTIC": 0.0303681498124956,
    "CCSD CORRELATION ENERGY": -0.28017968882780986,
    "CCSD OPPOSITE-SPIN CORRELATION ENERGY": -0.22618061974829454,
    "CCSD SAME-SPIN CORRELATION ENERGY": -0.05399906907951532,
    "CCSD TOTAL ENERGY": -112.9215839485127,
    "CURRENT CORRELATION ENERGY": -0.28017968882780986,
    "CURRENT DIPOLE X": 0.0,
    "CURRENT DIPOLE Y": 0.0,
    "CURRENT DIPOLE Z": -1.421086095258866,
    "CURRENT ENERGY": -112.9215839485127,
    "CURRENT REFERENCE ENERGY": -112.64140425968506,
    "HF TOTAL ENERGY": -112.64140425968506,
    "LCCSD (+LMP2) TOTAL ENERGY": -112.9216092912148,
    "MP2 CORRELATION ENERGY": -0.29401238219482595,
    "MP2 OPPOSITE-SPIN CORRELATION ENERGY": -0.2191260090612044,
    "MP2 SAME-SPIN CORRELATION ENERGY": -0.07488637313362154,
    "MP2 TOTAL ENERGY": -112.93541664187971,
    "NUCLEAR REPULSION ENERGY": 19.32963945055388,
    "ONE-ELECTRON ENERGY": -191.79323579948212,
    "PCM POLARIZATION ENERGY": 0.0,
    "PE ENERGY": 0.0,
    "SCF DIPOLE X": 0.0,
    "SCF DIPOLE Y": 0.0,
    "SCF DIPOLE Z": -1.421086095258866,
    "SCF ITERATION ENERGY": -112.64140425968506,
    "SCF ITERATIONS": 10.0,
    "SCF TOTAL ENERGY": -112.64140425968506,
    "TWO-ELECTRON ENERGY": 59.822192089243174
}