{
    "CC D1 DIAGNOSTIC": 0.0698364811600458,
    "CC D2 DIAGNOSTIC": 0.26618268720867333,
    "CC NEW D1 DIAGNOSTIC": 0.0698364811600458,
    "CC T1 DIAGNOSTIC": 0.022411131554836983,
    "CCSD CORRELATION ENERGY": -0.1974018602418501,
    "CCSD OPPOSITE-SPIN CORRELATION ENERGY": -0.16500268441488358,
    "CCSD SAME-SPIN CORRELATION ENERGY": -0.03239917582696644,
    "CCSD TOTAL ENERGY": -100.08403940497162,
    "CURRENT CORRELATION ENERGY": -0.1974018602418501,
    "CURRENT DIPOLE X": 0.0,
    "CURRENT DIPOLE Y": 0.0,
    "CURRENT DIPOLE Z": -3.1498805971637007,
    "CURRENT ENERGY": -100.08403940497162,
    "CURRENT REFERENCE ENERGY": -99.88663754472967,
    "HF TOTAL ENERGY": -99.88663754472968,
    "LCCSD (+LMP2) TOTAL ENERGY": -100.08913441561978,
    "MP2 CORRELATION ENERGY": -0.19131441804804683,
    "MP2 OPPOSITE-SPIN CORRELATION ENERGY": -0.1472236738142663,
    "MP2 SAME-SPIN CORRELATION ENERGY": -0.04409074423378054,
    "MP2 TOTAL ENERGY": -100.07795196277782,
    "NUCLEAR REPULSION ENERGY": 3.1382661732118207,
    "ONE-ELECTRON ENERGY": -146.9893499830193,
    "PCM POLARIZATION ENERGY": 0.0,
    "PE ENERGY": 0.0,
    "SCF DIPOLE X": 0.0,
    "SCF DIPOLE Y": 0.0,
    "SCF DIPOLE Z": -3.1498805971637007,
    "SCF ITERATION ENERGY": -99.88663754472967,
    "SCF ITERATIONS": 10.0,
    "SCF TOTAL ENERGY": -99.88663754472967,
    "TWO-ELECTRON ENERGY": 43.9644462650778
}