{
    "CC D1 DIAGNOSTIC": 0.12015988853783219,
    "CC D2 DIAGNOSTIC": 0.3799308682957708,
    "CC NEW D1 DIAGNOSTIC": 0.12015988853783219,
    "CC T1 DIAGNOSTIC": 0.03811597243368362,
    "CCSD CORRELATION ENERGY": -0.21883310499087244,
    "CCSD OPPOSITE-SPIN CORRELATION ENERGY": -0.18764885264057934,
    "CCSD SAME-SPIN CORRELATION ENERGY": -0.031184252350293595,
    "CCSD TOTAL ENERGY": -100.04374894811335,
    "CURRENT CORRELATION ENERGY": -0.21883310499087244,
    "CURRENT DIPOLE X": 0.0,
    "CURRENT DIPOLE Y": 0.0,
    "CURRENT DIPOLE Z": -3.5358978890306116,
    "CURRENT ENERGY": -100.04374894811335,
    "CURRENT REFERENCE ENERGY": -99.82491584312237,
    "HF TOTAL ENERGY": -99.82491584312237,
    "LCCSD (+LMP2) TOTAL ENERGY": -100.0475545535013,
    "MP2 CORRELATION ENERGY": -0.2064381088401497,
    "MP2 OPPOSITE-SPIN CORRELATION ENERGY": -0.16074622980912534,
    "MP2 SAME-SPIN CORRELATION ENERGY": -0.04569187903102437,
    "MP2 TOTAL ENERGY": -100.03135395196261,
    "NUCLEAR REPULSION ENERGY": 2.6735017893088022,
    "ONE-ELECTRON ENERGY": -146.1312825939522,
    "PCM POLARIZATION ENERGY": 0.0,
    "PE ENERGY": 0.0,
    "SCF DIPOLE X": 0.0,
    "SCF DIPOLE Y": 0.0,
    "SCF DIPOLE Z": -3.5358978890306116,
    "SCF ITERATION ENERGY": -99.82491584312237,
    "SCF ITERATIONS": 10.0,
    "SCF TOTAL ENERGY": -99.82491584312237,
    "TWO-ELECTRON ENERGY": 43.63286496152102
}