{
    "CC D1 DIAGNOSTIC": 0.06632308335525729,
    "CC D2 DIAGNOSTIC": 0.09075572190080673,
    "CC NEW D1 DIAGNOSTIC": 0.06632308335525729,
    "CC T1 DIAGNOSTIC": 0.017297589563684646,
    "CCSD CORRELATION ENERGY": -0.2856167176279917,
    "CCSD OPPOSITE-SPIN CORRELATION ENERGY": -0.2212184539756873,
    "CCSD SAME-SPIN CORRELATION ENERGY": -0.06439826365230461,
    "CCSD TOTAL ENERGY": -261.29396267185626,
    "CURRENT CORRELATION ENERGY": -0.2856167176279917,
    "CURRENT DIPOLE X": 0.0,
    "CURRENT DIPOLE Y": 0.0,
    "CURRENT DIPOLE Z": -6.063623504875336,
    "CURRENT ENERGY": -261.29396267185626,
    "CURRENT REFERENCE ENERGY": -261.00834595422816,
    "HF TOTAL ENERGY": -261.00834595422816,
    "LCCSD (+LMP2) TOTAL ENERGY": -261.2944667250003,
    "MP2 CORRELATION ENERGY": -0.2861197971455075,
    "MP2 OPPOSITE-SPIN CORRELATION ENERGY": -0.21234358699979294,
    "MP2 SAME-SPIN CORRELATION ENERGY": -0.07377621014571456,
    "MP2 TOTAL ENERGY": -261.29446575137376,
    "NUCLEAR REPULSION ENERGY": 40.80360167283629,
    "ONE-ELECTRON ENERGY": -451.2508571042849,
    "PCM POLARIZATION ENERGY": 0.0,
    "PE ENERGY": 0.0,
    "SCF DIPOLE X": 0.0,
    "SCF DIPOLE Y": 0.0,
    "SCF DIPOLE Z": -6.063623504875336,
    "SCF ITERATION ENERGY": -261.00834595422816,
    "SCF ITERATIONS": 11.0,
    "SCF TOTAL ENERGY": -261.00834595422816,
    "TWO-ELECTRON ENERGY": 149.43890947722042
}