{
    "CC D1 DIAGNOSTIC": 0.025799766360382097,
    "CC D2 DIAGNOSTIC": 0.12527102283560798,
    "CC NEW D1 DIAGNOSTIC": 0.025799766360382097,
    "CC T1 DIAGNOSTIC": 0.009561667359828139,
    "CCSD CORRELATION ENERGY": -0.35878607819979325,
    "CCSD OPPOSITE-SPIN CORRELATION ENERGY": -0.2811724360714669,
    "CCSD SAME-SPIN CORRELATION ENERGY": -0.0776136421283265,
    "CCSD TOTAL ENERGY": -187.5711990757311,
    "CURRENT CORRELATION ENERGY": -0.35878607819979325,
    "CURRENT DIPOLE X": 0.0,
    "CURRENT DIPOLE Y": 0.0,
    "CURRENT DIPOLE Z": 0.0,
    "CURRENT ENERGY": -187.5711990757311,
    "CURRENT REFERENCE ENERGY": -187.21241299753123,
    "HF TOTAL ENERGY": -187.21241299753123,
    "LCCSD (+LMP2) TOTAL ENERGY": -187.5650434556382,
    "MP2 CORRELATION ENERGY": -0.3612833839614264,
    "MP2 OPPOSITE-SPIN CORRELATION ENERGY": -0.2700916566312322,
    "MP2 SAME-SPIN CORRELATION ENERGY": -0.0911917273301942,
    "MP2 TOTAL ENERGY": -187.57369638149274,
    "NUCLEAR REPULSION ENERGY": 72.27454107338467,
    "ONE-ELECTRON ENERGY": -398.2893842764346,
    "PCM POLARIZATION ENERGY": 0.0,
    "PE ENERGY": 0.0,
    "SCF DIPOLE X": 0.0,
    "SCF DIPOLE Y": 0.0,
    "SCF DIPOLE Z": 0.0,
    "SCF ITERATION ENERGY": -187.21241299753123,
    "SCF ITERATIONS": 9.0,
    "SCF TOTAL ENERGY": -187.21241299753123,
    "TWO-ELECTRON ENERGY": 138.80243020551868
}