{
    "CC D1 DIAGNOSTIC": 0.05338373312004595,
    "CC D2 DIAGNOSTIC": 0.1591495451215309,
    "CC NEW D1 DIAGNOSTIC": 0.05338373312004595,
    "CC T1 DIAGNOSTIC": 0.017340907428842405,
    "CCSD CORRELATION ENERGY": -0.40970447871869153,
    "CCSD OPPOSITE-SPIN CORRELATION ENERGY": -0.3234430390171657,
    "CCSD SAME-SPIN CORRELATION ENERGY": -0.08626143970152578,
    "CCSD TOTAL ENERGY": -187.9758389920349,
    "CURRENT CORRELATION ENERGY": -0.40970447871869153,
    "CURRENT DIPOLE X": 0.0,
    "CURRENT DIPOLE Y": 0.0,
    "CURRENT DIPOLE Z": 0.0,
    "CURRENT ENERGY": -187.9758389920349,
    "CURRENT REFERENCE ENERGY": -187.5661345133151,
    "HF TOTAL ENERGY": -187.5661345133151,
    "LCCSD (+LMP2) TOTAL ENERGY": -187.9759612854489,
    "MP2 CORRELATION ENERGY": -0.4262032029633121,
    "MP2 OPPOSITE-SPIN CORRELATION ENERGY": -0.3162555117202167,
    "MP2 SAME-SPIN CORRELATION ENERGY": -0.10994769124309539,
    "MP2 TOTAL ENERGY": -187.99233771627954,
    "NUCLEAR REPULSION ENERGY": 58.22549421246755,
    "ONE-ELECTRON ENERGY": -371.57377252324954,
    "PCM POLARIZATION ENERGY": 0.0,
    "PE ENERGY": 0.0,
    "SCF DIPOLE X": 0.0,
    "SCF DIPOLE Y": 0.0,
    "SCF DIPOLE Z": 0.0,
    "SCF ITERATION ENERGY": -187.5661345133151,
    "SCF ITERATIONS": 10.0,
    "SCF TOTAL ENERGY": -187.5661345133151,
    "TWO-ELECTRON ENERGY": 125.78214379746692
}