{
    "CURRENT CORRELATION ENERGY": -0.2795709424485153,
    "CURRENT DIPOLE X": 0.0,
    "CURRENT DIPOLE Y": -5.643810867306312e-16,
    "CURRENT DIPOLE Z": -3.541274263093937,
    "CURRENT ENERGY": -110.15976562749415,
    "CURRENT REFERENCE ENERGY": -109.88019468504564,
    "CUSTOM SCS-MP2 CORRELATION ENERGY": -0.2827050847593085,
    "CUSTOM SCS-MP2 TOTAL ENERGY": -110.16289976980495,
    "HF TOTAL ENERGY": -109.88019468504564,
    "MP2 CORRELATION ENERGY": -0.2795709424485153,
    "MP2 OPPOSITE-SPIN CORRELATION ENERGY": -0.21867088916515776,
    "MP2 SAME-SPIN CORRELATION ENERGY": -0.06090005328335759,
    "MP2 TOTAL ENERGY": -110.15976562749415,
    "NUCLEAR REPULSION ENERGY": 32.15207434677107,
    "ONE-ELECTRON ENERGY": -212.4359328940472,
    "PCM POLARIZATION ENERGY": 0.0,
    "PE ENERGY": 0.0,
    "SCF DIPOLE X": 0.0,
    "SCF DIPOLE Y": -5.643810867306312e-16,
    "SCF DIPOLE Z": -3.541274263093937,
    "SCF ITERATION ENERGY": -109.88019468504564,
    "SCF ITERATIONS": 12.0,
    "SCF TOTAL ENERGY": -109.88019468504564,
    "SCS-MP2 CORRELATION ENERGY": -0.2827050847593085,
    "SCS-MP2 TOTAL ENERGY": -110.16289976980495,
    "SCS-MP2-VDW CORRELATION ENERGY": -0.3103487647730958,
    "SCS-MP2-VDW TOTAL ENERGY": -110.19054344981873,
    "SCSN-MP2 CORRELATION ENERGY": -0.10718409377869875,
    "SCSN-MP2 TOTAL ENERGY": -109.98737877882434,
    "SOS-MP2 CORRELATION ENERGY": 0.0,
    "SOS-MP2 TOTAL ENERGY": -109.88019468504564,
    "SOS-PI-MP2 CORRELATION ENERGY": -0.3061392448312148,
    "SOS-PI-MP2 TOTAL ENERGY": -110.18633392987685,
    "TWO-ELECTRON ENERGY": 70.40366386223047
}