{
    "CC D1 DIAGNOSTIC": 0.12769538382482284,
    "CC D2 DIAGNOSTIC": 0.1946214501572007,
    "CC NEW D1 DIAGNOSTIC": 0.12769538382482284,
    "CC T1 DIAGNOSTIC": 0.04095156800863781,
    "CCSD CORRELATION ENERGY": -0.4658330732926806,
    "CCSD OPPOSITE-SPIN CORRELATION ENERGY": -0.3682954378183809,
    "CCSD SAME-SPIN CORRELATION ENERGY": -0.09753763547429983,
    "CCSD TOTAL ENERGY": -187.85910902908165,
    "CURRENT CORRELATION ENERGY": -0.4658330732926806,
    "CURRENT DIPOLE X": 0.0,
    "CURRENT DIPOLE Y": 0.0,
    "CURRENT DIPOLE Z": 0.0,
    "CURRENT ENERGY": -187.85910902908165,
    "CURRENT REFERENCE ENERGY": -187.39327595578888,
    "HF TOTAL ENERGY": -187.39327595578888,
    "LCCSD (+LMP2) TOTAL ENERGY": -187.85982064642593,
    "MP2 CORRELATION ENERGY": -0.49028467413786325,
    "MP2 OPPOSITE-SPIN CORRELATION ENERGY": -0.36028763972185573,
    "MP2 SAME-SPIN CORRELATION ENERGY": -0.12999703441600752,
    "MP2 TOTAL ENERGY": -187.88356062992682,
    "NUCLEAR REPULSION ENERGY": 47.212616147762674,
    "ONE-ELECTRON ENERGY": -350.0327131738894,
    "PCM POLARIZATION ENERGY": 0.0,
    "PE ENERGY": 0.0,
    "SCF DIPOLE X": 0.0,
    "SCF DIPOLE Y": 0.0,
    "SCF DIPOLE Z": 0.0,
    "SCF ITERATION ENERGY": -187.39327595578888,
    "SCF ITERATIONS": 11.0,
    "SCF TOTAL ENERGY": -187.39327595578888,
    "TWO-ELECTRON ENERGY": 115.42682107033787
}