{
    "CURRENT CORRELATION ENERGY": -0.018463009875747227,
    "CURRENT DIPOLE X": 0.0,
    "CURRENT DIPOLE Y": 0.0,
    "CURRENT DIPOLE Z": 9.859032108825713e-15,
    "CURRENT ENERGY": -1.1430969025340973,
    "CURRENT REFERENCE ENERGY": -1.1246338926583501,
    "CUSTOM SCS-MP2 CORRELATION ENERGY": -0.02215561185089657,
    "CUSTOM SCS-MP2 TOTAL ENERGY": -1.1467895045092467,
    "HF TOTAL ENERGY": -1.1246338926583501,
    "MP2 CORRELATION ENERGY": -0.018463009875747227,
    "MP2 OPPOSITE-SPIN CORRELATION ENERGY": -0.018463009875747144,
    "MP2 SAME-SPIN CORRELATION ENERGY": 0.0,
    "MP2 TOTAL ENERGY": -1.1430969025340973,
    "NUCLEAR REPULSION ENERGY": 0.6564476790589876,
    "ONE-ELECTRON ENERGY": -2.409157071840574,
    "PCM POLARIZATION ENERGY": 0.0,
    "PE ENERGY": 0.0,
    "SCF DIPOLE X": 0.0,
    "SCF DIPOLE Y": 0.0,
    "SCF DIPOLE Z": 9.859032108825713e-15,
    "SCF ITERATION ENERGY": -1.1246338926583501,
    "SCF ITERATIONS": 5.0,
    "SCF TOTAL ENERGY": -1.1246338926583501,
    "SCS-MP2 CORRELATION ENERGY": -0.02215561185089657,
    "SCS-MP2 TOTAL ENERGY": -1.1467895045092467,
    "SCS-MP2-VDW CORRELATION ENERGY": -0.023632652640956264,
    "SCS-MP2-VDW TOTAL ENERGY": -1.1482665452993064,
    "SCSN-MP2 CORRELATION ENERGY": 0.0,
    "SCSN-MP2 TOTAL ENERGY": -1.1246338926583501,
    "SOS-MP2 CORRELATION ENERGY": 0.0,
    "SOS-MP2 TOTAL ENERGY": -1.1246338926583501,
    "SOS-PI-MP2 CORRELATION ENERGY": -0.025848213826046074,
    "SOS-PI-MP2 TOTAL ENERGY": -1.1504821064843962,
    "TWO-ELECTRON ENERGY": 0.628075500123236
}