{
    "CC D1 DIAGNOSTIC": 0.026850241317333958,
    "CC D2 DIAGNOSTIC": 0.09333914123329504,
    "CC NEW D1 DIAGNOSTIC": 0.026850241317333958,
    "CC T1 DIAGNOSTIC": 0.013397925955189951,
    "CCSD CORRELATION ENERGY": -0.17464080033189838,
    "CCSD OPPOSITE-SPIN CORRELATION ENERGY": -0.13911404771823366,
    "CCSD SAME-SPIN CORRELATION ENERGY": -0.0355267526136647,
    "CCSD TOTAL ENERGY": -106.8862338532715,
    "CURRENT CORRELATION ENERGY": -0.17464080033189838,
    "CURRENT DIPOLE X": 0.0,
    "CURRENT DIPOLE Y": 0.0,
    "CURRENT DIPOLE Z": -4.153905130631732,
    "CURRENT ENERGY": -106.8862338532715,
    "CURRENT REFERENCE ENERGY": -106.71159305293965,
    "HF TOTAL ENERGY": -106.71159305293965,
    "LCCSD (+LMP2) TOTAL ENERGY": -106.88610609649643,
    "MP2 CORRELATION ENERGY": -0.17493344993717747,
    "MP2 OPPOSITE-SPIN CORRELATION ENERGY": -0.13231586324500486,
    "MP2 SAME-SPIN CORRELATION ENERGY": -0.04261758669217261,
    "MP2 TOTAL ENERGY": -106.88652650287678,
    "NUCLEAR REPULSION ENERGY": 13.702501941830887,
    "ONE-ELECTRON ENERGY": -177.5843367409987,
    "PCM POLARIZATION ENERGY": 0.0,
    "PE ENERGY": 0.0,
    "SCF DIPOLE X": 0.0,
    "SCF DIPOLE Y": 0.0,
    "SCF DIPOLE Z": -4.153905130631732,
    "SCF ITERATION ENERGY": -106.71159305293965,
    "SCF ITERATIONS": 10.0,
    "SCF TOTAL ENERGY": -106.71159305293965,
    "TWO-ELECTRON ENERGY": 57.17024174622817
}