{
    "CC D1 DIAGNOSTIC": 0.01686742547767893,
    "CC D2 DIAGNOSTIC": 0.09971039961015503,
    "CC NEW D1 DIAGNOSTIC": 0.01686742547767893,
    "CC T1 DIAGNOSTIC": 0.0070878692609124905,
    "CCSD CORRELATION ENERGY": -0.3309203413417822,
    "CCSD OPPOSITE-SPIN CORRELATION ENERGY": -0.25634174108096563,
    "CCSD SAME-SPIN CORRELATION ENERGY": -0.07457860026081636,
    "CCSD TOTAL ENERGY": -185.9962127843386,
    "CURRENT CORRELATION ENERGY": -0.3309203413417822,
    "CURRENT DIPOLE X": 0.0,
    "CURRENT DIPOLE Y": 0.0,
    "CURRENT DIPOLE Z": 0.0,
    "CURRENT ENERGY": -185.9962127843386,
    "CURRENT REFERENCE ENERGY": -185.66529244299625,
    "HF TOTAL ENERGY": -185.66529244299625,
    "LCCSD (+LMP2) TOTAL ENERGY": -185.98189855326444,
    "MP2 CORRELATION ENERGY": -0.32845693893763417,
    "MP2 OPPOSITE-SPIN CORRELATION ENERGY": -0.2449499531851176,
    "MP2 SAME-SPIN CORRELATION ENERGY": -0.08350698575251655,
    "MP2 TOTAL ENERGY": -185.99374938193444,
    "NUCLEAR REPULSION ENERGY": 89.56280338994179,
    "ONE-ELECTRON ENERGY": -429.04397155624224,
    "PCM POLARIZATION ENERGY": 0.0,
    "PE ENERGY": 0.0,
    "SCF DIPOLE X": 0.0,
    "SCF DIPOLE Y": 0.0,
    "SCF DIPOLE Z": 0.0,
    "SCF ITERATION ENERGY": -185.66529244299625,
    "SCF ITERATIONS": 9.0,
    "SCF TOTAL ENERGY": -185.66529244299625,
    "TWO-ELECTRON ENERGY": 153.8158757233042
}