{
    "CC D1 DIAGNOSTIC": 0.012513335197672167,
    "CC D2 DIAGNOSTIC": 0.1263412981761209,
    "CC NEW D1 DIAGNOSTIC": 0.012513335197672167,
    "CC T1 DIAGNOSTIC": 0.005026825718421983,
    "CCSD CORRELATION ENERGY": -0.11207919606568045,
    "CCSD OPPOSITE-SPIN CORRELATION ENERGY": -0.09241049478734761,
    "CCSD SAME-SPIN CORRELATION ENERGY": -0.019668701278332465,
    "CCSD TOTAL ENERGY": -460.17864150886936,
    "CURRENT CORRELATION ENERGY": -0.11207919606568045,
    "CURRENT DIPOLE X": 0.0,
    "CURRENT DIPOLE Y": 0.0,
    "CURRENT DIPOLE Z": -1.8880647430712632,
    "CURRENT ENERGY": -460.17864150886936,
    "CURRENT REFERENCE ENERGY": -460.06656231280357,
    "HF TOTAL ENERGY": -460.06656231280357,
    "LCCSD (+LMP2) TOTAL ENERGY": -460.1719363744982,
    "MP2 CORRELATION ENERGY": -0.10220946248412903,
    "MP2 OPPOSITE-SPIN CORRELATION ENERGY": -0.08161607634172388,
    "MP2 SAME-SPIN CORRELATION ENERGY": -0.02059338614240515,
    "MP2 TOTAL ENERGY": -460.16877177528784,
    "NUCLEAR REPULSION ENERGY": 6.9253636506638685,
    "ONE-ELECTRON ENERGY": -649.379108034039,
    "PCM POLARIZATION ENERGY": 0.0,
    "PE ENERGY": 0.0,
    "SCF DIPOLE X": 0.0,
    "SCF DIPOLE Y": 0.0,
    "SCF DIPOLE Z": -1.8880647430712632,
    "SCF ITERATION ENERGY": -460.06656231280357,
    "SCF ITERATIONS": 9.0,
    "SCF TOTAL ENERGY": -460.06656231280357,
    "TWO-ELECTRON ENERGY": 182.38718207057155
}