{
    "CC D1 DIAGNOSTIC": 0.028442743684944073,
    "CC D2 DIAGNOSTIC": 0.13708868874044206,
    "CC NEW D1 DIAGNOSTIC": 0.028442743684944073,
    "CC T1 DIAGNOSTIC": 0.01193574724091018,
    "CCSD CORRELATION ENERGY": -0.2376751488041321,
    "CCSD OPPOSITE-SPIN CORRELATION ENERGY": -0.190867677362625,
    "CCSD SAME-SPIN CORRELATION ENERGY": -0.0468074714415071,
    "CCSD TOTAL ENERGY": -112.8612846945136,
    "CURRENT CORRELATION ENERGY": -0.2376751488041321,
    "CURRENT DIPOLE X": 0.0,
    "CURRENT DIPOLE Y": 0.0,
    "CURRENT DIPOLE Z": 0.2003021342811166,
    "CURRENT ENERGY": -112.8612846945136,
    "CURRENT REFERENCE ENERGY": -112.62360954570953,
    "HF TOTAL ENERGY": -112.62360954570953,
    "LCCSD (+LMP2) TOTAL ENERGY": -112.86134764895351,
    "MP2 CORRELATION ENERGY": -0.23514941196936334,
    "MP2 OPPOSITE-SPIN CORRELATION ENERGY": -0.1787568659582231,
    "MP2 SAME-SPIN CORRELATION ENERGY": -0.05639254601114024,
    "MP2 TOTAL ENERGY": -112.85875895767883,
    "NUCLEAR REPULSION ENERGY": 26.055158331545567,
    "ONE-ELECTRON ENERGY": -204.39236123341732,
    "PCM POLARIZATION ENERGY": 0.0,
    "PE ENERGY": 0.0,
    "SCF DIPOLE X": 0.0,
    "SCF DIPOLE Y": 0.0,
    "SCF DIPOLE Z": 0.2003021342811166,
    "SCF ITERATION ENERGY": -112.62360954570953,
    "SCF ITERATIONS": 9.0,
    "SCF TOTAL ENERGY": -112.62360954570953,
    "TWO-ELECTRON ENERGY": 65.71359335616224
}