{
    "CC D1 DIAGNOSTIC": 0.03957945295980329,
    "CC D2 DIAGNOSTIC": 0.09370864742920987,
    "CC NEW D1 DIAGNOSTIC": 0.03957945295980329,
    "CC T1 DIAGNOSTIC": 0.014876203737230267,
    "CCSD CORRELATION ENERGY": -0.29316607812740425,
    "CCSD OPPOSITE-SPIN CORRELATION ENERGY": -0.22791829488472107,
    "CCSD SAME-SPIN CORRELATION ENERGY": -0.0652477832426834,
    "CCSD TOTAL ENERGY": -261.6268102016358,
    "CURRENT CORRELATION ENERGY": -0.29316607812740425,
    "CURRENT DIPOLE X": 0.0,
    "CURRENT DIPOLE Y": 0.0,
    "CURRENT DIPOLE Z": -8.307489820812474,
    "CURRENT ENERGY": -261.6268102016358,
    "CURRENT REFERENCE ENERGY": -261.3336441235076,
    "HF TOTAL ENERGY": -261.3336441235076,
    "LCCSD (+LMP2) TOTAL ENERGY": -261.6269226394374,
    "MP2 CORRELATION ENERGY": -0.2949884554943642,
    "MP2 OPPOSITE-SPIN CORRELATION ENERGY": -0.21907233091201037,
    "MP2 SAME-SPIN CORRELATION ENERGY": -0.07591612458235383,
    "MP2 TOTAL ENERGY": -261.6286325790028,
    "NUCLEAR REPULSION ENERGY": 27.653369303473927,
    "ONE-ELECTRON ENERGY": -425.2944646623755,
    "PCM POLARIZATION ENERGY": 0.0,
    "PE ENERGY": 0.0,
    "SCF DIPOLE X": 0.0,
    "SCF DIPOLE Y": 0.0,
    "SCF DIPOLE Z": -8.307489820812474,
    "SCF ITERATION ENERGY": -261.3336441235076,
    "SCF ITERATIONS": 10.0,
    "SCF TOTAL ENERGY": -261.3336441235076,
    "TWO-ELECTRON ENERGY": 136.30745123539398
}