{
    "CC D1 DIAGNOSTIC": 0.017787143978870032,
    "CC D2 DIAGNOSTIC": 0.12501535055338797,
    "CC NEW D1 DIAGNOSTIC": 0.017787143978870032,
    "CC T1 DIAGNOSTIC": 0.00717670639341161,
    "CCSD CORRELATION ENERGY": -0.16462601029455037,
    "CCSD OPPOSITE-SPIN CORRELATION ENERGY": -0.13248627507355287,
    "CCSD SAME-SPIN CORRELATION ENERGY": -0.03213973522099764,
    "CCSD TOTAL ENERGY": -100.18023854633152,
    "CURRENT CORRELATION ENERGY": -0.16462601029455037,
    "CURRENT DIPOLE X": 0.0,
    "CURRENT DIPOLE Y": 0.0,
    "CURRENT DIPOLE Z": -2.4270286341533414,
    "CURRENT ENERGY": -100.18023854633152,
    "CURRENT REFERENCE ENERGY": -100.01561253603701,
    "HF TOTAL ENERGY": -100.015612536037,
    "LCCSD (+LMP2) TOTAL ENERGY": -100.16650923504767,
    "MP2 CORRELATION ENERGY": -0.16334808976106605,
    "MP2 OPPOSITE-SPIN CORRELATION ENERGY": -0.12407637785877643,
    "MP2 SAME-SPIN CORRELATION ENERGY": -0.03927171190228962,
    "MP2 TOTAL ENERGY": -100.17896062579804,
    "NUCLEAR REPULSION ENERGY": 4.810946113248579,
    "ONE-ELECTRON ENERGY": -149.9654514167381,
    "PCM POLARIZATION ENERGY": 0.0,
    "PE ENERGY": 0.0,
    "SCF DIPOLE X": 0.0,
    "SCF DIPOLE Y": 0.0,
    "SCF DIPOLE Z": -2.4270286341533414,
    "SCF ITERATION ENERGY": -100.01561253603701,
    "SCF ITERATIONS": 9.0,
    "SCF TOTAL ENERGY": -100.01561253603701,
    "TWO-ELECTRON ENERGY": 45.13889276745251
}