{
    "CC D1 DIAGNOSTIC": 0.1334390367382549,
    "CC D2 DIAGNOSTIC": 0.18287690387254318,
    "CC NEW D1 DIAGNOSTIC": 0.1334390367382549,
    "CC T1 DIAGNOSTIC": 0.03901057988406678,
    "CCSD CORRELATION ENERGY": -0.19667508225094124,
    "CCSD OPPOSITE-SPIN CORRELATION ENERGY": -0.15774919007937546,
    "CCSD SAME-SPIN CORRELATION ENERGY": -0.03892589217156542,
    "CCSD TOTAL ENERGY": -105.75531261569076,
    "CURRENT CORRELATION ENERGY": -0.19667508225094124,
    "CURRENT DIPOLE X": 0.0,
    "CURRENT DIPOLE Y": 0.0,
    "CURRENT DIPOLE Z": -1.1156314473335878,
    "CURRENT ENERGY": -105.75531261569076,
    "CURRENT REFERENCE ENERGY": -105.55863753343979,
    "HF TOTAL ENERGY": -105.55863753343979,
    "LCCSD (+LMP2) TOTAL ENERGY": -105.75685223222243,
    "MP2 CORRELATION ENERGY": -0.19794183399304963,
    "MP2 OPPOSITE-SPIN CORRELATION ENERGY": -0.14938528583582938,
    "MP2 SAME-SPIN CORRELATION ENERGY": -0.04855654815722024,
    "MP2 TOTAL ENERGY": -105.75657936743286,
    "NUCLEAR REPULSION ENERGY": 19.676603134463054,
    "ONE-ELECTRON ENERGY": -185.42866723765937,
    "PCM POLARIZATION ENERGY": 0.0,
    "PE ENERGY": 0.0,
    "SCF DIPOLE X": 0.0,
    "SCF DIPOLE Y": 0.0,
    "SCF DIPOLE Z": -1.1156314473335878,
    "SCF ITERATION ENERGY": -105.55863753343979,
    "SCF ITERATIONS": 12.0,
    "SCF TOTAL ENERGY": -105.55863753343979,
    "TWO-ELECTRON ENERGY": 60.193426569756525
}