{
    "CC D1 DIAGNOSTIC": 0.07475679403489452,
    "CC D2 DIAGNOSTIC": 0.27757827955259673,
    "CC NEW D1 DIAGNOSTIC": 0.07475679403489452,
    "CC T1 DIAGNOSTIC": 0.023931164408058994,
    "CCSD CORRELATION ENERGY": -0.19964049050204696,
    "CCSD OPPOSITE-SPIN CORRELATION ENERGY": -0.16734238983544464,
    "CCSD SAME-SPIN CORRELATION ENERGY": -0.0322981006666026,
    "CCSD TOTAL ENERGY": -100.07869829423797,
    "CURRENT CORRELATION ENERGY": -0.19964049050204696,
    "CURRENT DIPOLE X": 0.0,
    "CURRENT DIPOLE Y": 0.0,
    "CURRENT DIPOLE Z": -3.1938962091970886,
    "CURRENT ENERGY": -100.07869829423797,
    "CURRENT REFERENCE ENERGY": -99.87905780373588,
    "HF TOTAL ENERGY": -99.87905780373588,
    "LCCSD (+LMP2) TOTAL ENERGY": -100.05659277355385,
    "MP2 CORRELATION ENERGY": -0.19297596355631447,
    "MP2 OPPOSITE-SPIN CORRELATION ENERGY": -0.1486806678646614,
    "MP2 SAME-SPIN CORRELATION ENERGY": -0.04429529569165308,
    "MP2 TOTAL ENERGY": -100.07203376729224,
    "NUCLEAR REPULSION ENERGY": 3.0771311178895133,
    "ONE-ELECTRON ENERGY": -146.8772751167295,
    "PCM POLARIZATION ENERGY": 0.0,
    "PE ENERGY": 0.0,
    "SCF DIPOLE X": 0.0,
    "SCF DIPOLE Y": 0.0,
    "SCF DIPOLE Z": -3.1938962091970886,
    "SCF ITERATION ENERGY": -99.87905780373588,
    "SCF ITERATIONS": 10.0,
    "SCF TOTAL ENERGY": -99.87905780373588,
    "TWO-ELECTRON ENERGY": 43.92108619510411
}