{
    "CC D1 DIAGNOSTIC": 0.049270486614139575,
    "CC D2 DIAGNOSTIC": 0.2889532165784813,
    "CC NEW D1 DIAGNOSTIC": 0.049270486614139575,
    "CC T1 DIAGNOSTIC": 0.02038436295266147,
    "CCSD CORRELATION ENERGY": -0.36736618220967193,
    "CCSD OPPOSITE-SPIN CORRELATION ENERGY": -0.3148147615442999,
    "CCSD SAME-SPIN CORRELATION ENERGY": -0.05255142066537194,
    "CCSD TOTAL ENERGY": -109.02879049436685,
    "CURRENT CORRELATION ENERGY": -0.36736618220967193,
    "CURRENT DIPOLE X": 0.0,
    "CURRENT DIPOLE Y": 0.0,
    "CURRENT DIPOLE Z": -5.643810867306312e-16,
    "CURRENT ENERGY": -109.02879049436685,
    "CURRENT REFERENCE ENERGY": -108.66142431215708,
    "HF TOTAL ENERGY": -108.66142431215708,
    "LCCSD (+LMP2) TOTAL ENERGY": -109.04633611590269,
    "MP2 CORRELATION ENERGY": -0.45105541683582584,
    "MP2 OPPOSITE-SPIN CORRELATION ENERGY": -0.3255608865649086,
    "MP2 SAME-SPIN CORRELATION ENERGY": -0.12549453027091723,
    "MP2 TOTAL ENERGY": -109.112479728993,
    "NUCLEAR REPULSION ENERGY": 17.432456017713417,
    "ONE-ELECTRON ENERGY": -181.54467057371494,
    "PCM POLARIZATION ENERGY": 0.0,
    "PE ENERGY": 0.0,
    "SCF DIPOLE X": 0.0,
    "SCF DIPOLE Y": 0.0,
    "SCF DIPOLE Z": -5.643810867306312e-16,
    "SCF ITERATION ENERGY": -108.66142431215708,
    "SCF ITERATIONS": 9.0,
    "SCF TOTAL ENERGY": -108.66142431215708,
    "TWO-ELECTRON ENERGY": 55.45079024384445
}