{
    "CC D1 DIAGNOSTIC": 0.017044017085316665,
    "CC D2 DIAGNOSTIC": 0.11906629296795997,
    "CC NEW D1 DIAGNOSTIC": 0.017044017085316665,
    "CC T1 DIAGNOSTIC": 0.006195859241139336,
    "CCSD CORRELATION ENERGY": -0.20920351407900303,
    "CCSD OPPOSITE-SPIN CORRELATION ENERGY": -0.16616329346186753,
    "CCSD SAME-SPIN CORRELATION ENERGY": -0.04304022061713553,
    "CCSD TOTAL ENERGY": -111.09082522918256,
    "CURRENT CORRELATION ENERGY": -0.20920351407900303,
    "CURRENT DIPOLE X": 0.0,
    "CURRENT DIPOLE Y": 0.0,
    "CURRENT DIPOLE Z": 1.2316815743919465,
    "CURRENT ENERGY": -111.09082522918256,
    "CURRENT REFERENCE ENERGY": -110.88162171510359,
    "HF TOTAL ENERGY": -110.88162171510359,
    "LCCSD (+LMP2) TOTAL ENERGY": -111.09082922277337,
    "MP2 CORRELATION ENERGY": -0.20051342371118858,
    "MP2 OPPOSITE-SPIN CORRELATION ENERGY": -0.15360046782038286,
    "MP2 SAME-SPIN CORRELATION ENERGY": -0.04691295589080571,
    "MP2 TOTAL ENERGY": -111.08213513881473,
    "NUCLEAR REPULSION ENERGY": 38.5855016512965,
    "ONE-ELECTRON ENERGY": -224.94088533082433,
    "PCM POLARIZATION ENERGY": 0.0,
    "PE ENERGY": 0.0,
    "SCF DIPOLE X": 0.0,
    "SCF DIPOLE Y": 0.0,
    "SCF DIPOLE Z": 1.2316815743919465,
    "SCF ITERATION ENERGY": -110.88162171510359,
    "SCF ITERATIONS": 10.0,
    "SCF TOTAL ENERGY": -110.88162171510359,
    "TWO-ELECTRON ENERGY": 75.47376196442426
}