{
    "CURRENT CORRELATION ENERGY": -0.1557018840429123,
    "CURRENT DIPOLE X": 0.0,
    "CURRENT DIPOLE Y": 0.0,
    "CURRENT DIPOLE Z": -2.065266078106276,
    "CURRENT ENERGY": -76.15791508019826,
    "CURRENT REFERENCE ENERGY": -76.00221319615535,
    "CUSTOM SCS-MP2 CORRELATION ENERGY": -0.15656939307544326,
    "CUSTOM SCS-MP2 TOTAL ENERGY": -76.1587825892308,
    "HF TOTAL ENERGY": -76.00221319615537,
    "MP2 CORRELATION ENERGY": -0.1557018840429123,
    "MP2 OPPOSITE-SPIN CORRELATION ENERGY": -0.12077165199361971,
    "MP2 SAME-SPIN CORRELATION ENERGY": -0.0349302320492989,
    "MP2 TOTAL ENERGY": -76.15791508019826,
    "NUCLEAR REPULSION ENERGY": 9.123223280841412,
    "ONE-ELECTRON ENERGY": -123.02081505992686,
    "PCM POLARIZATION ENERGY": 0.0,
    "PE ENERGY": 0.0,
    "SCF DIPOLE X": 0.0,
    "SCF DIPOLE Y": 0.0,
    "SCF DIPOLE Z": -2.065266078106276,
    "SCF ITERATION ENERGY": -76.00221319615535,
    "SCF ITERATIONS": 10.0,
    "SCF TOTAL ENERGY": -76.00221319615535,
    "SCS-MP2 CORRELATION ENERGY": -0.15656939307544326,
    "SCS-MP2 TOTAL ENERGY": -76.1587825892308,
    "SCS-MP2-VDW CORRELATION ENERGY": -0.17205283057649012,
    "SCS-MP2-VDW TOTAL ENERGY": -76.17426602673184,
    "SCSN-MP2 CORRELATION ENERGY": -0.061477208406756745,
    "SCSN-MP2 TOTAL ENERGY": -76.06369040456211,
    "SOS-MP2 CORRELATION ENERGY": 0.0,
    "SOS-MP2 TOTAL ENERGY": -76.00221319615535,
    "SOS-PI-MP2 CORRELATION ENERGY": -0.16908031279106694,
    "SOS-PI-MP2 TOTAL ENERGY": -76.17129350894642,
    "TWO-ELECTRON ENERGY": 37.895378582930086
}