{
    "CC D1 DIAGNOSTIC": 0.014000884849807226,
    "CC D2 DIAGNOSTIC": 0.13500485240696003,
    "CC NEW D1 DIAGNOSTIC": 0.014000884849807226,
    "CC T1 DIAGNOSTIC": 0.005271055200137646,
    "CCSD CORRELATION ENERGY": -0.11372170403636467,
    "CCSD OPPOSITE-SPIN CORRELATION ENERGY": -0.09390592209230993,
    "CCSD SAME-SPIN CORRELATION ENERGY": -0.019815781944054756,
    "CCSD TOTAL ENERGY": -460.1792825350243,
    "CURRENT CORRELATION ENERGY": -0.11372170403636467,
    "CURRENT DIPOLE X": 0.0,
    "CURRENT DIPOLE Y": 0.0,
    "CURRENT DIPOLE Z": -1.914881594718142,
    "CURRENT ENERGY": -460.1792825350243,
    "CURRENT REFERENCE ENERGY": -460.06556083098826,
    "HF TOTAL ENERGY": -460.06556083098826,
    "LCCSD (+LMP2) TOTAL ENERGY": -460.17013666464396,
    "MP2 CORRELATION ENERGY": -0.10341293030656235,
    "MP2 OPPOSITE-SPIN CORRELATION ENERGY": -0.08258175974453513,
    "MP2 SAME-SPIN CORRELATION ENERGY": -0.020831170562027213,
    "MP2 TOTAL ENERGY": -460.16897376129447,
    "NUCLEAR REPULSION ENERGY": 6.655042764671412,
    "ONE-ELECTRON ENERGY": -648.8680816284584,
    "PCM POLARIZATION ENERGY": 0.0,
    "PE ENERGY": 0.0,
    "SCF DIPOLE X": 0.0,
    "SCF DIPOLE Y": 0.0,
    "SCF DIPOLE Z": -1.914881594718142,
    "SCF ITERATION ENERGY": -460.06556083098826,
    "SCF ITERATIONS": 9.0,
    "SCF TOTAL ENERGY": -460.06556083098826,
    "TWO-ELECTRON ENERGY": 182.14747803279877
}