{
    "CC D1 DIAGNOSTIC": 0.04455099001709302,
    "CC D2 DIAGNOSTIC": 0.09106852569833852,
    "CC NEW D1 DIAGNOSTIC": 0.04455099001709302,
    "CC T1 DIAGNOSTIC": 0.016112012790540434,
    "CCSD CORRELATION ENERGY": -0.1751917916634015,
    "CCSD OPPOSITE-SPIN CORRELATION ENERGY": -0.13902279875971527,
    "CCSD SAME-SPIN CORRELATION ENERGY": -0.0361689929036863,
    "CCSD TOTAL ENERGY": -106.60969125503247,
    "CURRENT CORRELATION ENERGY": -0.1751917916634015,
    "CURRENT DIPOLE X": 0.0,
    "CURRENT DIPOLE Y": 0.0,
    "CURRENT DIPOLE Z": -3.443354300092005,
    "CURRENT ENERGY": -106.60969125503247,
    "CURRENT REFERENCE ENERGY": -106.43449946336906,
    "HF TOTAL ENERGY": -106.43449946336906,
    "LCCSD (+LMP2) TOTAL ENERGY": -106.60943930301538,
    "MP2 CORRELATION ENERGY": -0.1757209742764333,
    "MP2 OPPOSITE-SPIN CORRELATION ENERGY": -0.13257861167439233,
    "MP2 SAME-SPIN CORRELATION ENERGY": -0.04314236260204096,
    "MP2 TOTAL ENERGY": -106.6102204376455,
    "NUCLEAR REPULSION ENERGY": 15.622357983131373,
    "ONE-ELECTRON ENERGY": -180.601618729925,
    "PCM POLARIZATION ENERGY": 0.0,
    "PE ENERGY": 0.0,
    "SCF DIPOLE X": 0.0,
    "SCF DIPOLE Y": 0.0,
    "SCF DIPOLE Z": -3.443354300092005,
    "SCF ITERATION ENERGY": -106.43449946336906,
    "SCF ITERATIONS": 10.0,
    "SCF TOTAL ENERGY": -106.43449946336906,
    "TWO-ELECTRON ENERGY": 58.54476128342458
}