{
    "CC D1 DIAGNOSTIC": 0.32349128434031,
    "CC D2 DIAGNOSTIC": 0.259510191137364,
    "CC NEW D1 DIAGNOSTIC": 0.32349128434031,
    "CC T1 DIAGNOSTIC": 0.13516630872561103,
    "CCSD CORRELATION ENERGY": -0.3305325509576505,
    "CCSD OPPOSITE-SPIN CORRELATION ENERGY": -0.25862789787731333,
    "CCSD SAME-SPIN CORRELATION ENERGY": -0.07190465308033789,
    "CCSD TOTAL ENERGY": -112.73576392047417,
    "CURRENT CORRELATION ENERGY": -0.3305325509576505,
    "CURRENT DIPOLE X": 0.0,
    "CURRENT DIPOLE Y": 0.0,
    "CURRENT DIPOLE Z": -3.116275489280918,
    "CURRENT ENERGY": -112.73576392047417,
    "CURRENT REFERENCE ENERGY": -112.40523136951641,
    "HF TOTAL ENERGY": -112.40523136951643,
    "LCCSD (+LMP2) TOTAL ENERGY": -112.73576981180958,
    "MP2 CORRELATION ENERGY": -0.2931976066111565,
    "MP2 OPPOSITE-SPIN CORRELATION ENERGY": -0.22158433660724355,
    "MP2 SAME-SPIN CORRELATION ENERGY": -0.07161327000391296,
    "MP2 TOTAL ENERGY": -112.69842897612767,
    "NUCLEAR REPULSION ENERGY": 14.319265485325328,
    "ONE-ELECTRON ENERGY": -182.2384368246631,
    "PCM POLARIZATION ENERGY": 0.0,
    "PE ENERGY": 0.0,
    "SCF DIPOLE X": 0.0,
    "SCF DIPOLE Y": 0.0,
    "SCF DIPOLE Z": -3.116275489280918,
    "SCF ITERATION ENERGY": -112.40523136951641,
    "SCF ITERATIONS": 14.0,
    "SCF TOTAL ENERGY": -112.40523136951641,
    "TWO-ELECTRON ENERGY": 55.513939969821344
}