{
    "CC D1 DIAGNOSTIC": 0.04349611041801008,
    "CC D2 DIAGNOSTIC": 0.1025245042782716,
    "CC NEW D1 DIAGNOSTIC": 0.04349611041801008,
    "CC T1 DIAGNOSTIC": 0.020417874298986186,
    "CCSD CORRELATION ENERGY": -0.18238984806769193,
    "CCSD OPPOSITE-SPIN CORRELATION ENERGY": -0.14636640841868673,
    "CCSD SAME-SPIN CORRELATION ENERGY": -0.0360234396490052,
    "CCSD TOTAL ENERGY": -107.12041751388772,
    "CURRENT CORRELATION ENERGY": -0.18238984806769193,
    "CURRENT DIPOLE X": 0.0,
    "CURRENT DIPOLE Y": 0.0,
    "CURRENT DIPOLE Z": -8.033096762335347,
    "CURRENT ENERGY": -107.12041751388772,
    "CURRENT REFERENCE ENERGY": -106.93802766582006,
    "HF TOTAL ENERGY": -106.93802766582007,
    "LCCSD (+LMP2) TOTAL ENERGY": -107.12041815172235,
    "MP2 CORRELATION ENERGY": -0.18332120006268493,
    "MP2 OPPOSITE-SPIN CORRELATION ENERGY": -0.13881890823134424,
    "MP2 SAME-SPIN CORRELATION ENERGY": -0.04450229183134069,
    "MP2 TOTAL ENERGY": -107.12134886588271,
    "NUCLEAR REPULSION ENERGY": 7.423679250469738,
    "ONE-ELECTRON ENERGY": -166.44663161701874,
    "PCM POLARIZATION ENERGY": 0.0,
    "PE ENERGY": 0.0,
    "SCF DIPOLE X": 0.0,
    "SCF DIPOLE Y": 0.0,
    "SCF DIPOLE Z": -8.033096762335347,
    "SCF ITERATION ENERGY": -106.93802766582006,
    "SCF ITERATIONS": 10.0,
    "SCF TOTAL ENERGY": -106.93802766582006,
    "TWO-ELECTRON ENERGY": 52.084924700728926
}