{
    "CURRENT CORRELATION ENERGY": -0.15581664788710725,
    "CURRENT DIPOLE X": 0.0,
    "CURRENT DIPOLE Y": 0.0,
    "CURRENT DIPOLE Z": -2.204519379745476,
    "CURRENT ENERGY": -76.16187165726738,
    "CURRENT REFERENCE ENERGY": -76.00605500938028,
    "CUSTOM SCS-MP2 CORRELATION ENERGY": -0.15681833436908152,
    "CUSTOM SCS-MP2 TOTAL ENERGY": -76.16287334374935,
    "HF TOTAL ENERGY": -76.00605500938029,
    "MP2 CORRELATION ENERGY": -0.15581664788710725,
    "MP2 OPPOSITE-SPIN CORRELATION ENERGY": -0.12101475200774775,
    "MP2 SAME-SPIN CORRELATION ENERGY": -0.034801895879352646,
    "MP2 TOTAL ENERGY": -76.16187165726738,
    "NUCLEAR REPULSION ENERGY": 9.130485670932824,
    "ONE-ELECTRON ENERGY": -123.0086859424779,
    "PCM POLARIZATION ENERGY": 0.0,
    "PE ENERGY": 0.0,
    "SCF DIPOLE X": 0.0,
    "SCF DIPOLE Y": 0.0,
    "SCF DIPOLE Z": -2.204519379745476,
    "SCF ITERATION ENERGY": -76.00605500938028,
    "SCF ITERATIONS": 10.0,
    "SCF TOTAL ENERGY": -76.00605500938028,
    "SCS-MP2 CORRELATION ENERGY": -0.15681833436908152,
    "SCS-MP2 TOTAL ENERGY": -76.16287334374935,
    "SCS-MP2-VDW CORRELATION ENERGY": -0.1722998305096013,
    "SCS-MP2-VDW TOTAL ENERGY": -76.17835483988988,
    "SCSN-MP2 CORRELATION ENERGY": -0.06125133674765948,
    "SCSN-MP2 TOTAL ENERGY": -76.06730634612794,
    "SOS-MP2 CORRELATION ENERGY": 0.0,
    "SOS-MP2 TOTAL ENERGY": -76.00605500938028,
    "SOS-PI-MP2 CORRELATION ENERGY": -0.1694206528108424,
    "SOS-PI-MP2 TOTAL ENERGY": -76.17547566219112,
    "TWO-ELECTRON ENERGY": 37.87214526216478
}