{
    "CC D1 DIAGNOSTIC": 0.014275443355327336,
    "CC D2 DIAGNOSTIC": 0.13440020527932053,
    "CC NEW D1 DIAGNOSTIC": 0.014275443355327336,
    "CC T1 DIAGNOSTIC": 0.006632344034430135,
    "CCSD CORRELATION ENERGY": -0.23944383017251838,
    "CCSD OPPOSITE-SPIN CORRELATION ENERGY": -0.1922732685696738,
    "CCSD SAME-SPIN CORRELATION ENERGY": -0.04717056160284455,
    "CCSD TOTAL ENERGY": -108.96330169328404,
    "CURRENT CORRELATION ENERGY": -0.23944383017251838,
    "CURRENT DIPOLE X": 0.0,
    "CURRENT DIPOLE Y": 0.0,
    "CURRENT DIPOLE Z": 2.821905433653156e-16,
    "CURRENT ENERGY": -108.96330169328404,
    "CURRENT REFERENCE ENERGY": -108.72385786311142,
    "HF TOTAL ENERGY": -108.72385786311142,
    "LCCSD (+LMP2) TOTAL ENERGY": -108.95130586749148,
    "MP2 CORRELATION ENERGY": -0.23718534534200247,
    "MP2 OPPOSITE-SPIN CORRELATION ENERGY": -0.18024526734774166,
    "MP2 SAME-SPIN CORRELATION ENERGY": -0.05694007799426082,
    "MP2 TOTAL ENERGY": -108.96104320845352,
    "NUCLEAR REPULSION ENERGY": 28.82685464381659,
    "ONE-ELECTRON ENERGY": -203.5825538835379,
    "PCM POLARIZATION ENERGY": 0.0,
    "PE ENERGY": 0.0,
    "SCF DIPOLE X": 0.0,
    "SCF DIPOLE Y": 0.0,
    "SCF DIPOLE Z": 2.821905433653156e-16,
    "SCF ITERATION ENERGY": -108.72385786311142,
    "SCF ITERATIONS": 8.0,
    "SCF TOTAL ENERGY": -108.72385786311142,
    "TWO-ELECTRON ENERGY": 66.03184137660989
}