{
    "CC D1 DIAGNOSTIC": 0.06487113079975464,
    "CC D2 DIAGNOSTIC": 0.16760516975388526,
    "CC NEW D1 DIAGNOSTIC": 0.06487113079975464,
    "CC T1 DIAGNOSTIC": 0.020796763584443746,
    "CCSD CORRELATION ENERGY": -0.4239985190768037,
    "CCSD OPPOSITE-SPIN CORRELATION ENERGY": -0.335097099764175,
    "CCSD SAME-SPIN CORRELATION ENERGY": -0.0889014193126288,
    "CCSD TOTAL ENERGY": -187.97499787641533,
    "CURRENT CORRELATION ENERGY": -0.4239985190768037,
    "CURRENT DIPOLE X": 0.0,
    "CURRENT DIPOLE Y": 0.0,
    "CURRENT DIPOLE Z": 0.0,
    "CURRENT ENERGY": -187.97499787641533,
    "CURRENT REFERENCE ENERGY": -187.5509993573362,
    "HF TOTAL ENERGY": -187.5509993573362,
    "LCCSD (+LMP2) TOTAL ENERGY": -187.97732413294747,
    "MP2 CORRELATION ENERGY": -0.44499153873058955,
    "MP2 OPPOSITE-SPIN CORRELATION ENERGY": -0.32926374388003027,
    "MP2 SAME-SPIN CORRELATION ENERGY": -0.11572779485055928,
    "MP2 TOTAL ENERGY": -187.99599089606912,
    "NUCLEAR REPULSION ENERGY": 55.35606533957388,
    "ONE-ELECTRON ENERGY": -365.98123726533,
    "PCM POLARIZATION ENERGY": 0.0,
    "PE ENERGY": 0.0,
    "SCF DIPOLE X": 0.0,
    "SCF DIPOLE Y": 0.0,
    "SCF DIPOLE Z": 0.0,
    "SCF ITERATION ENERGY": -187.5509993573362,
    "SCF ITERATIONS": 10.0,
    "SCF TOTAL ENERGY": -187.5509993573362,
    "TWO-ELECTRON ENERGY": 123.07417256841988
}