{
    "CC D1 DIAGNOSTIC": 0.02004902886502936,
    "CC D2 DIAGNOSTIC": 0.1276112569824712,
    "CC NEW D1 DIAGNOSTIC": 0.02004902886502936,
    "CC T1 DIAGNOSTIC": 0.009126856260234613,
    "CCSD CORRELATION ENERGY": -0.22623732199019972,
    "CCSD OPPOSITE-SPIN CORRELATION ENERGY": -0.18118760569183578,
    "CCSD SAME-SPIN CORRELATION ENERGY": -0.04504971629836391,
    "CCSD TOTAL ENERGY": -112.63389583567206,
    "CURRENT CORRELATION ENERGY": -0.22623732199019972,
    "CURRENT DIPOLE X": 0.0,
    "CURRENT DIPOLE Y": 0.0,
    "CURRENT DIPOLE Z": 0.6141105680895268,
    "CURRENT ENERGY": -112.63389583567206,
    "CURRENT REFERENCE ENERGY": -112.40765851368185,
    "HF TOTAL ENERGY": -112.40765851368185,
    "LCCSD (+LMP2) TOTAL ENERGY": -112.63404805434526,
    "MP2 CORRELATION ENERGY": -0.22075472251755968,
    "MP2 OPPOSITE-SPIN CORRELATION ENERGY": -0.16856083521746643,
    "MP2 SAME-SPIN CORRELATION ENERGY": -0.05219388730009325,
    "MP2 TOTAL ENERGY": -112.62841323619942,
    "NUCLEAR REPULSION ENERGY": 29.21792321572162,
    "ONE-ELECTRON ENERGY": -209.99732086034032,
    "PCM POLARIZATION ENERGY": 0.0,
    "PE ENERGY": 0.0,
    "SCF DIPOLE X": 0.0,
    "SCF DIPOLE Y": 0.0,
    "SCF DIPOLE Z": 0.6141105680895268,
    "SCF ITERATION ENERGY": -112.40765851368185,
    "SCF ITERATIONS": 9.0,
    "SCF TOTAL ENERGY": -112.40765851368185,
    "TWO-ELECTRON ENERGY": 68.37173913093686
}