{
    "CC D1 DIAGNOSTIC": 0.023811174466569707,
    "CC D2 DIAGNOSTIC": 0.18219983307455273,
    "CC NEW D1 DIAGNOSTIC": 0.023811174466569707,
    "CC T1 DIAGNOSTIC": 0.007044772285913648,
    "CCSD CORRELATION ENERGY": -0.12234484867889046,
    "CCSD OPPOSITE-SPIN CORRELATION ENERGY": -0.10200550925409976,
    "CCSD SAME-SPIN CORRELATION ENERGY": -0.0203393394247912,
    "CCSD TOTAL ENERGY": -460.1609110631657,
    "CURRENT CORRELATION ENERGY": -0.12234484867889046,
    "CURRENT DIPOLE X": 0.0,
    "CURRENT DIPOLE Y": 0.0,
    "CURRENT DIPOLE Z": -2.060639341214129,
    "CURRENT ENERGY": -460.1609110631657,
    "CURRENT REFERENCE ENERGY": -460.0385662144863,
    "HF TOTAL ENERGY": -460.0385662144863,
    "LCCSD (+LMP2) TOTAL ENERGY": -460.1607149898511,
    "MP2 CORRELATION ENERGY": -0.10943836845616767,
    "MP2 OPPOSITE-SPIN CORRELATION ENERGY": -0.0875668946420316,
    "MP2 SAME-SPIN CORRELATION ENERGY": -0.021871473814136067,
    "MP2 TOTAL ENERGY": -460.148004582943,
    "NUCLEAR REPULSION ENERGY": 5.674188601257085,
    "ONE-ELECTRON ENERGY": -646.9809649462014,
    "PCM POLARIZATION ENERGY": 0.0,
    "PE ENERGY": 0.0,
    "SCF DIPOLE X": 0.0,
    "SCF DIPOLE Y": 0.0,
    "SCF DIPOLE Z": -2.060639341214129,
    "SCF ITERATION ENERGY": -460.0385662144863,
    "SCF ITERATIONS": 9.0,
    "SCF TOTAL ENERGY": -460.0385662144863,
    "TWO-ELECTRON ENERGY": 181.26821013045802
}