{
    "CC D1 DIAGNOSTIC": 0.05604700621234524,
    "CC D2 DIAGNOSTIC": 0.16129736606712705,
    "CC NEW D1 DIAGNOSTIC": 0.05604700621234524,
    "CC T1 DIAGNOSTIC": 0.018134410992666355,
    "CCSD CORRELATION ENERGY": -0.4133069866232142,
    "CCSD OPPOSITE-SPIN CORRELATION ENERGY": -0.32638687877259576,
    "CCSD SAME-SPIN CORRELATION ENERGY": -0.08692010785061849,
    "CCSD TOTAL ENERGY": -187.97800016343606,
    "CURRENT CORRELATION ENERGY": -0.4133069866232142,
    "CURRENT DIPOLE X": 0.0,
    "CURRENT DIPOLE Y": 0.0,
    "CURRENT DIPOLE Z": 0.0,
    "CURRENT ENERGY": -187.97800016343606,
    "CURRENT REFERENCE ENERGY": -187.56469317681157,
    "HF TOTAL ENERGY": -187.56469317681157,
    "LCCSD (+LMP2) TOTAL ENERGY": -187.97824294195274,
    "MP2 CORRELATION ENERGY": -0.4309466182623256,
    "MP2 OPPOSITE-SPIN CORRELATION ENERGY": -0.3195509317160938,
    "MP2 SAME-SPIN CORRELATION ENERGY": -0.11139568654623183,
    "MP2 TOTAL ENERGY": -187.9956397950752,
    "NUCLEAR REPULSION ENERGY": 57.48060516070892,
    "ONE-ELECTRON ENERGY": -370.1250439164448,
    "PCM POLARIZATION ENERGY": 0.0,
    "PE ENERGY": 0.0,
    "SCF DIPOLE X": 0.0,
    "SCF DIPOLE Y": 0.0,
    "SCF DIPOLE Z": 0.0,
    "SCF ITERATION ENERGY": -187.56469317681157,
    "SCF ITERATIONS": 10.0,
    "SCF TOTAL ENERGY": -187.56469317681157,
    "TWO-ELECTRON ENERGY": 125.07974557892427
}