{
    "CC D1 DIAGNOSTIC": 0.008412698165461868,
    "CC D2 DIAGNOSTIC": 0.08169146432252203,
    "CC NEW D1 DIAGNOSTIC": 0.008412698165461868,
    "CC T1 DIAGNOSTIC": 0.005022594523389143,
    "CCSD CORRELATION ENERGY": -0.14796192010789347,
    "CCSD OPPOSITE-SPIN CORRELATION ENERGY": -0.1179276161042691,
    "CCSD SAME-SPIN CORRELATION ENERGY": -0.03003430400362439,
    "CCSD TOTAL ENERGY": -100.04170917520747,
    "CURRENT CORRELATION ENERGY": -0.14796192010789347,
    "CURRENT DIPOLE X": 0.0,
    "CURRENT DIPOLE Y": 0.0,
    "CURRENT DIPOLE Z": -2.009319560184832,
    "CURRENT ENERGY": -100.04170917520747,
    "CURRENT REFERENCE ENERGY": -99.89374725509971,
    "HF TOTAL ENERGY": -99.89374725509971,
    "LCCSD (+LMP2) TOTAL ENERGY": -100.04261211658738,
    "MP2 CORRELATION ENERGY": -0.14607160912318973,
    "MP2 OPPOSITE-SPIN CORRELATION ENERGY": -0.11109631939159767,
    "MP2 SAME-SPIN CORRELATION ENERGY": -0.03497528973159206,
    "MP2 TOTAL ENERGY": -100.03981886422277,
    "NUCLEAR REPULSION ENERGY": 7.072808838134105,
    "ONE-ELECTRON ENERGY": -153.5853683702616,
    "PCM POLARIZATION ENERGY": 0.0,
    "PE ENERGY": 0.0,
    "SCF DIPOLE X": 0.0,
    "SCF DIPOLE Y": 0.0,
    "SCF DIPOLE Z": -2.009319560184832,
    "SCF ITERATION ENERGY": -99.89374725509971,
    "SCF ITERATIONS": 9.0,
    "SCF TOTAL ENERGY": -99.89374725509971,
    "TWO-ELECTRON ENERGY": 46.61881227702777
}