{
    "CC D1 DIAGNOSTIC": 0.029129889200055572,
    "CC D2 DIAGNOSTIC": 0.22762052804343363,
    "CC NEW D1 DIAGNOSTIC": 0.029129889200055572,
    "CC T1 DIAGNOSTIC": 0.009487175322636845,
    "CCSD CORRELATION ENERGY": -0.28782126887761444,
    "CCSD OPPOSITE-SPIN CORRELATION ENERGY": -0.2329508043976925,
    "CCSD SAME-SPIN CORRELATION ENERGY": -0.05487046447992194,
    "CCSD TOTAL ENERGY": -149.77001722514478,
    "CURRENT CORRELATION ENERGY": -0.28782126887761444,
    "CURRENT DIPOLE X": 0.0,
    "CURRENT DIPOLE Y": 0.0,
    "CURRENT DIPOLE Z": 0.0,
    "CURRENT ENERGY": -149.77001722514478,
    "CURRENT REFERENCE ENERGY": -149.4821959562671,
    "HF TOTAL ENERGY": -149.4821959562671,
    "LCCSD (+LMP2) TOTAL ENERGY": -149.814139852418,
    "MP2 CORRELATION ENERGY": -0.28520389643246347,
    "MP2 OPPOSITE-SPIN CORRELATION ENERGY": -0.2168850855730516,
    "MP2 SAME-SPIN CORRELATION ENERGY": -0.06831881085941185,
    "MP2 TOTAL ENERGY": -149.7673998526996,
    "NUCLEAR REPULSION ENERGY": 31.346981186479628,
    "ONE-ELECTRON ENERGY": -267.4561527825234,
    "PCM POLARIZATION ENERGY": 0.0,
    "PE ENERGY": 0.0,
    "SCF DIPOLE X": 0.0,
    "SCF DIPOLE Y": 0.0,
    "SCF DIPOLE Z": 0.0,
    "SCF ITERATION ENERGY": -149.4821959562671,
    "SCF ITERATIONS": 9.0,
    "SCF TOTAL ENERGY": -149.4821959562671,
    "TWO-ELECTRON ENERGY": 86.62697563977667
}