{
    "CC D1 DIAGNOSTIC": 0.12814570051659438,
    "CC D2 DIAGNOSTIC": 0.2039182412002502,
    "CC NEW D1 DIAGNOSTIC": 0.12814570051659438,
    "CC T1 DIAGNOSTIC": 0.050917437448056886,
    "CCSD CORRELATION ENERGY": -0.30316617420537284,
    "CCSD OPPOSITE-SPIN CORRELATION ENERGY": -0.24485536430921162,
    "CCSD SAME-SPIN CORRELATION ENERGY": -0.05831080989616144,
    "CCSD TOTAL ENERGY": -112.84593273124707,
    "CURRENT CORRELATION ENERGY": -0.30316617420537284,
    "CURRENT DIPOLE X": 0.0,
    "CURRENT DIPOLE Y": 0.0,
    "CURRENT DIPOLE Z": -2.292532310539944,
    "CURRENT ENERGY": -112.84593273124707,
    "CURRENT REFERENCE ENERGY": -112.5427665570421,
    "HF TOTAL ENERGY": -112.5427665570421,
    "LCCSD (+LMP2) TOTAL ENERGY": -112.84592847595114,
    "MP2 CORRELATION ENERGY": -0.32575694190440035,
    "MP2 OPPOSITE-SPIN CORRELATION ENERGY": -0.24060550254799995,
    "MP2 SAME-SPIN CORRELATION ENERGY": -0.0851514393564004,
    "MP2 TOTAL ENERGY": -112.8685234989461,
    "NUCLEAR REPULSION ENERGY": 16.990590643091895,
    "ONE-ELECTRON ENERGY": -187.300518172526,
    "PCM POLARIZATION ENERGY": 0.0,
    "PE ENERGY": 0.0,
    "SCF DIPOLE X": 0.0,
    "SCF DIPOLE Y": 0.0,
    "SCF DIPOLE Z": -2.292532310539944,
    "SCF ITERATION ENERGY": -112.5427665570421,
    "SCF ITERATIONS": 11.0,
    "SCF TOTAL ENERGY": -112.5427665570421,
    "TWO-ELECTRON ENERGY": 57.767160972392006
}