{
    "CC D1 DIAGNOSTIC": 0.084018140184018,
    "CC D2 DIAGNOSTIC": 0.6365497615767064,
    "CC NEW D1 DIAGNOSTIC": 0.084018140184018,
    "CC T1 DIAGNOSTIC": 0.027492644970128453,
    "CCSD CORRELATION ENERGY": -0.4939616335869116,
    "CCSD OPPOSITE-SPIN CORRELATION ENERGY": -0.47149805695974156,
    "CCSD SAME-SPIN CORRELATION ENERGY": -0.022463576627169912,
    "CCSD TOTAL ENERGY": -149.7525838560633,
    "CURRENT CORRELATION ENERGY": -0.4939616335869116,
    "CURRENT DIPOLE X": 0.0,
    "CURRENT DIPOLE Y": 0.0,
    "CURRENT DIPOLE Z": 0.0,
    "CURRENT ENERGY": -149.7525838560633,
    "CURRENT REFERENCE ENERGY": -149.2586222224761,
    "HF TOTAL ENERGY": -149.2586222224761,
    "LCCSD (+LMP2) TOTAL ENERGY": -149.75444799425847,
    "MP2 CORRELATION ENERGY": -0.6096427423902204,
    "MP2 OPPOSITE-SPIN CORRELATION ENERGY": -0.44937863552462587,
    "MP2 SAME-SPIN CORRELATION ENERGY": -0.16026410686559456,
    "MP2 TOTAL ENERGY": -149.8682649648666,
    "NUCLEAR REPULSION ENERGY": 17.876925610326577,
    "ONE-ELECTRON ENERGY": -241.25718923042749,
    "PCM POLARIZATION ENERGY": 0.0,
    "PE ENERGY": 0.0,
    "SCF DIPOLE X": 0.0,
    "SCF DIPOLE Y": 0.0,
    "SCF DIPOLE Z": 0.0,
    "SCF ITERATION ENERGY": -149.2586222224761,
    "SCF ITERATIONS": 9.0,
    "SCF TOTAL ENERGY": -149.2586222224761,
    "TWO-ELECTRON ENERGY": 74.12164139762483
}