{
    "CC D1 DIAGNOSTIC": 0.016726064600555632,
    "CC D2 DIAGNOSTIC": 0.09756448835566797,
    "CC NEW D1 DIAGNOSTIC": 0.016726064600555632,
    "CC T1 DIAGNOSTIC": 0.006938061642894307,
    "CCSD CORRELATION ENERGY": -0.32879818995101123,
    "CCSD OPPOSITE-SPIN CORRELATION ENERGY": -0.25418084845421146,
    "CCSD SAME-SPIN CORRELATION ENERGY": -0.07461734149679933,
    "CCSD TOTAL ENERGY": -185.62972363157235,
    "CURRENT CORRELATION ENERGY": -0.32879818995101123,
    "CURRENT DIPOLE X": 0.0,
    "CURRENT DIPOLE Y": 0.0,
    "CURRENT DIPOLE Z": 0.0,
    "CURRENT ENERGY": -185.62972363157235,
    "CURRENT REFERENCE ENERGY": -185.30092544162073,
    "HF TOTAL ENERGY": -185.30092544162073,
    "LCCSD (+LMP2) TOTAL ENERGY": -185.6334241658176,
    "MP2 CORRELATION ENERGY": -0.3261111849953023,
    "MP2 OPPOSITE-SPIN CORRELATION ENERGY": -0.24291542373927347,
    "MP2 SAME-SPIN CORRELATION ENERGY": -0.08319576125602882,
    "MP2 TOTAL ENERGY": -185.62703662661664,
    "NUCLEAR REPULSION ENERGY": 92.32330075470034,
    "ONE-ELECTRON ENERGY": -433.7036846645807,
    "PCM POLARIZATION ENERGY": 0.0,
    "PE ENERGY": 0.0,
    "SCF DIPOLE X": 0.0,
    "SCF DIPOLE Y": 0.0,
    "SCF DIPOLE Z": 0.0,
    "SCF ITERATION ENERGY": -185.30092544162073,
    "SCF ITERATIONS": 9.0,
    "SCF TOTAL ENERGY": -185.30092544162073,
    "TWO-ELECTRON ENERGY": 156.07945846825965
}