{
    "CC D1 DIAGNOSTIC": 0.033960626645754506,
    "CC D2 DIAGNOSTIC": 0.2161526299741977,
    "CC NEW D1 DIAGNOSTIC": 0.033960626645754506,
    "CC T1 DIAGNOSTIC": 0.011919282891007818,
    "CCSD CORRELATION ENERGY": -0.2911199009321441,
    "CCSD OPPOSITE-SPIN CORRELATION ENERGY": -0.24339370718644743,
    "CCSD SAME-SPIN CORRELATION ENERGY": -0.04772619374569648,
    "CCSD TOTAL ENERGY": -110.22679510024116,
    "CURRENT CORRELATION ENERGY": -0.2911199009321441,
    "CURRENT DIPOLE X": -5.643810867306312e-16,
    "CURRENT DIPOLE Y": 0.0,
    "CURRENT DIPOLE Z": -3.707401377002419,
    "CURRENT ENERGY": -110.22679510024116,
    "CURRENT REFERENCE ENERGY": -109.93567519930897,
    "HF TOTAL ENERGY": -109.93567519930897,
    "LCCSD (+LMP2) TOTAL ENERGY": -110.22992849177946,
    "MP2 CORRELATION ENERGY": -0.27662159204375225,
    "MP2 OPPOSITE-SPIN CORRELATION ENERGY": -0.21627020912952033,
    "MP2 SAME-SPIN CORRELATION ENERGY": -0.06035138291423192,
    "MP2 TOTAL ENERGY": -110.21229679135277,
    "NUCLEAR REPULSION ENERGY": 32.177217216243136,
    "ONE-ELECTRON ENERGY": -212.4480255087473,
    "PCM POLARIZATION ENERGY": 0.0,
    "PE ENERGY": 0.0,
    "SCF DIPOLE X": -5.643810867306312e-16,
    "SCF DIPOLE Y": 0.0,
    "SCF DIPOLE Z": -3.707401377002419,
    "SCF ITERATION ENERGY": -109.93567519930897,
    "SCF ITERATIONS": 11.0,
    "SCF TOTAL ENERGY": -109.93567519930897,
    "TWO-ELECTRON ENERGY": 70.3351330931952
}