{
    "CC D1 DIAGNOSTIC": 0.6189247905991101,
    "CC D2 DIAGNOSTIC": 0.49326362484258574,
    "CC NEW D1 DIAGNOSTIC": 0.6189247905991101,
    "CC T1 DIAGNOSTIC": 0.2573836776160138,
    "CCSD CORRELATION ENERGY": -0.3384696289845207,
    "CCSD OPPOSITE-SPIN CORRELATION ENERGY": -0.25408050922870706,
    "CCSD SAME-SPIN CORRELATION ENERGY": -0.08438911975581342,
    "CCSD TOTAL ENERGY": -112.68364120048791,
    "CURRENT CORRELATION ENERGY": -0.3384696289845207,
    "CURRENT DIPOLE X": 0.0,
    "CURRENT DIPOLE Y": 0.0,
    "CURRENT DIPOLE Z": -2.7350565329940006,
    "CURRENT ENERGY": -112.68364120048791,
    "CURRENT REFERENCE ENERGY": -112.34517157150313,
    "HF TOTAL ENERGY": -112.34517157150313,
    "LCCSD (+LMP2) TOTAL ENERGY": -112.68774912925647,
    "MP2 CORRELATION ENERGY": -0.21249308719795643,
    "MP2 OPPOSITE-SPIN CORRELATION ENERGY": -0.1711940966924951,
    "MP2 SAME-SPIN CORRELATION ENERGY": -0.04129899050546132,
    "MP2 TOTAL ENERGY": -112.55766465870134,
    "NUCLEAR REPULSION ENERGY": 12.700253056080001,
    "ONE-ELECTRON ENERGY": -179.14844929278593,
    "PCM POLARIZATION ENERGY": 0.0,
    "PE ENERGY": 0.0,
    "SCF DIPOLE X": 0.0,
    "SCF DIPOLE Y": 0.0,
    "SCF DIPOLE Z": -2.7350565329940006,
    "SCF ITERATION ENERGY": -112.34517157150313,
    "SCF ITERATIONS": 15.0,
    "SCF TOTAL ENERGY": -112.34517157150313,
    "TWO-ELECTRON ENERGY": 54.10302466520282
}