{
    "CC D1 DIAGNOSTIC": 0.04161091881371578,
    "CC D2 DIAGNOSTIC": 0.09595004262647083,
    "CC NEW D1 DIAGNOSTIC": 0.04161091881371578,
    "CC T1 DIAGNOSTIC": 0.015379559487337784,
    "CCSD CORRELATION ENERGY": -0.2939346358689521,
    "CCSD OPPOSITE-SPIN CORRELATION ENERGY": -0.22856752291122504,
    "CCSD SAME-SPIN CORRELATION ENERGY": -0.06536711295772699,
    "CCSD TOTAL ENERGY": -261.6272513590231,
    "CURRENT CORRELATION ENERGY": -0.2939346358689521,
    "CURRENT DIPOLE X": 0.0,
    "CURRENT DIPOLE Y": 0.0,
    "CURRENT DIPOLE Z": -8.63668715859458,
    "CURRENT ENERGY": -261.6272513590231,
    "CURRENT REFERENCE ENERGY": -261.3333167231528,
    "HF TOTAL ENERGY": -261.33331672315285,
    "LCCSD (+LMP2) TOTAL ENERGY": -261.62765293041195,
    "MP2 CORRELATION ENERGY": -0.29585019495941445,
    "MP2 OPPOSITE-SPIN CORRELATION ENERGY": -0.21969885094435296,
    "MP2 SAME-SPIN CORRELATION ENERGY": -0.07615134401506149,
    "MP2 TOTAL ENERGY": -261.6291669181136,
    "NUCLEAR REPULSION ENERGY": 26.493825228487093,
    "ONE-ELECTRON ENERGY": -422.95138861924113,
    "PCM POLARIZATION ENERGY": 0.0,
    "PE ENERGY": 0.0,
    "SCF DIPOLE X": 0.0,
    "SCF DIPOLE Y": 0.0,
    "SCF DIPOLE Z": -8.63668715859458,
    "SCF ITERATION ENERGY": -261.3333167231528,
    "SCF ITERATIONS": 10.0,
    "SCF TOTAL ENERGY": -261.3333167231528,
    "TWO-ELECTRON ENERGY": 135.12424666760123
}