{
    "CC D1 DIAGNOSTIC": 0.04262612161067201,
    "CC D2 DIAGNOSTIC": 0.1996645141563583,
    "CC NEW D1 DIAGNOSTIC": 0.04262612161067201,
    "CC T1 DIAGNOSTIC": 0.014147819188275795,
    "CCSD CORRELATION ENERGY": -0.1835480377645267,
    "CCSD OPPOSITE-SPIN CORRELATION ENERGY": -0.15077315374817318,
    "CCSD SAME-SPIN CORRELATION ENERGY": -0.03277488401635348,
    "CCSD TOTAL ENERGY": -100.12364586568171,
    "CURRENT CORRELATION ENERGY": -0.1835480377645267,
    "CURRENT DIPOLE X": 0.0,
    "CURRENT DIPOLE Y": 0.0,
    "CURRENT DIPOLE Z": -2.8580053694519787,
    "CURRENT ENERGY": -100.12364586568171,
    "CURRENT REFERENCE ENERGY": -99.94009782791721,
    "HF TOTAL ENERGY": -99.94009782791721,
    "LCCSD (+LMP2) TOTAL ENERGY": -100.13441940727031,
    "MP2 CORRELATION ENERGY": -0.1804147024661938,
    "MP2 OPPOSITE-SPIN CORRELATION ENERGY": -0.13787553709945832,
    "MP2 SAME-SPIN CORRELATION ENERGY": -0.042539165366735465,
    "MP2 TOTAL ENERGY": -100.12051253038338,
    "NUCLEAR REPULSION ENERGY": 3.624307396978853,
    "ONE-ELECTRON ENERGY": -147.87114439608104,
    "PCM POLARIZATION ENERGY": 0.0,
    "PE ENERGY": 0.0,
    "SCF DIPOLE X": 0.0,
    "SCF DIPOLE Y": 0.0,
    "SCF DIPOLE Z": -2.8580053694519787,
    "SCF ITERATION ENERGY": -99.94009782791721,
    "SCF ITERATIONS": 10.0,
    "SCF TOTAL ENERGY": -99.94009782791721,
    "TWO-ELECTRON ENERGY": 44.30673917118497
}