{
    "CC D1 DIAGNOSTIC": 0.052664494287224715,
    "CC D2 DIAGNOSTIC": 0.16346352914192117,
    "CC NEW D1 DIAGNOSTIC": 0.052664494287224715,
    "CC T1 DIAGNOSTIC": 0.020837187725130577,
    "CCSD CORRELATION ENERGY": -0.2625483540070825,
    "CCSD OPPOSITE-SPIN CORRELATION ENERGY": -0.21160553872355917,
    "CCSD SAME-SPIN CORRELATION ENERGY": -0.05094281528352326,
    "CCSD TOTAL ENERGY": -112.95567125217819,
    "CURRENT CORRELATION ENERGY": -0.2625483540070825,
    "CURRENT DIPOLE X": 0.0,
    "CURRENT DIPOLE Y": 0.0,
    "CURRENT DIPOLE Z": -0.743519397386003,
    "CURRENT ENERGY": -112.95567125217819,
    "CURRENT REFERENCE ENERGY": -112.69312289817086,
    "HF TOTAL ENERGY": -112.69312289817086,
    "LCCSD (+LMP2) TOTAL ENERGY": -112.95569075890248,
    "MP2 CORRELATION ENERGY": -0.2686675876168427,
    "MP2 OPPOSITE-SPIN CORRELATION ENERGY": -0.20191677126561303,
    "MP2 SAME-SPIN CORRELATION ENERGY": -0.06675081635122965,
    "MP2 TOTAL ENERGY": -112.96179048578796,
    "NUCLEAR REPULSION ENERGY": 21.555226935265843,
    "ONE-ELECTRON ENERGY": -196.03693605240088,
    "PCM POLARIZATION ENERGY": 0.0,
    "PE ENERGY": 0.0,
    "SCF DIPOLE X": 0.0,
    "SCF DIPOLE Y": 0.0,
    "SCF DIPOLE Z": -0.743519397386003,
    "SCF ITERATION ENERGY": -112.69312289817086,
    "SCF ITERATIONS": 10.0,
    "SCF TOTAL ENERGY": -112.69312289817086,
    "TWO-ELECTRON ENERGY": 61.78858621896419
}