{
    "CC D1 DIAGNOSTIC": 0.31501678233818464,
    "CC D2 DIAGNOSTIC": 0.25675959438870904,
    "CC NEW D1 DIAGNOSTIC": 0.31501678233818464,
    "CC T1 DIAGNOSTIC": 0.1315000975451703,
    "CCSD CORRELATION ENERGY": -0.3300199725810233,
    "CCSD OPPOSITE-SPIN CORRELATION ENERGY": -0.2586990076923659,
    "CCSD SAME-SPIN CORRELATION ENERGY": -0.07132096488865775,
    "CCSD TOTAL ENERGY": -112.73812392453662,
    "CURRENT CORRELATION ENERGY": -0.3300199725810233,
    "CURRENT DIPOLE X": 0.0,
    "CURRENT DIPOLE Y": 0.0,
    "CURRENT DIPOLE Z": -3.1141652192617433,
    "CURRENT ENERGY": -112.73812392453662,
    "CURRENT REFERENCE ENERGY": -112.40810395195544,
    "HF TOTAL ENERGY": -112.40810395195544,
    "LCCSD (+LMP2) TOTAL ENERGY": -112.73812983972067,
    "MP2 CORRELATION ENERGY": -0.29649307787933543,
    "MP2 OPPOSITE-SPIN CORRELATION ENERGY": -0.22363549387918985,
    "MP2 SAME-SPIN CORRELATION ENERGY": -0.07285758400014558,
    "MP2 TOTAL ENERGY": -112.70459702983493,
    "NUCLEAR REPULSION ENERGY": 14.380371881422024,
    "ONE-ELECTRON ENERGY": -182.35235931036175,
    "PCM POLARIZATION ENERGY": 0.0,
    "PE ENERGY": 0.0,
    "SCF DIPOLE X": 0.0,
    "SCF DIPOLE Y": 0.0,
    "SCF DIPOLE Z": -3.1141652192617433,
    "SCF ITERATION ENERGY": -112.40810395195544,
    "SCF ITERATIONS": 14.0,
    "SCF TOTAL ENERGY": -112.40810395195544,
    "TWO-ELECTRON ENERGY": 55.563883476984266
}