{
    "CC D1 DIAGNOSTIC": 0.08940128960578812,
    "CC D2 DIAGNOSTIC": 0.10927269825751784,
    "CC NEW D1 DIAGNOSTIC": 0.08940128960578812,
    "CC T1 DIAGNOSTIC": 0.02699916587873404,
    "CCSD CORRELATION ENERGY": -0.18098516157067096,
    "CCSD OPPOSITE-SPIN CORRELATION ENERGY": -0.14331538075717307,
    "CCSD SAME-SPIN CORRELATION ENERGY": -0.03766978081349809,
    "CCSD TOTAL ENERGY": -106.21455079078336,
    "CURRENT CORRELATION ENERGY": -0.18098516157067096,
    "CURRENT DIPOLE X": 0.0,
    "CURRENT DIPOLE Y": 0.0,
    "CURRENT DIPOLE Z": -2.5727934859295285,
    "CURRENT ENERGY": -106.21455079078336,
    "CURRENT REFERENCE ENERGY": -106.03356562921275,
    "HF TOTAL ENERGY": -106.03356562921275,
    "LCCSD (+LMP2) TOTAL ENERGY": -106.21563580322037,
    "MP2 CORRELATION ENERGY": -0.18201901056614248,
    "MP2 OPPOSITE-SPIN CORRELATION ENERGY": -0.136956196850652,
    "MP2 SAME-SPIN CORRELATION ENERGY": -0.04506281371549048,
    "MP2 TOTAL ENERGY": -106.21558463977883,
    "NUCLEAR REPULSION ENERGY": 17.66005685049634,
    "ONE-ELECTRON ENERGY": -183.4088619181457,
    "PCM POLARIZATION ENERGY": 0.0,
    "PE ENERGY": 0.0,
    "SCF DIPOLE X": 0.0,
    "SCF DIPOLE Y": 0.0,
    "SCF DIPOLE Z": -2.5727934859295285,
    "SCF ITERATION ENERGY": -106.03356562921275,
    "SCF ITERATIONS": 11.0,
    "SCF TOTAL ENERGY": -106.03356562921275,
    "TWO-ELECTRON ENERGY": 59.71523943843662
}