{
    "CC D1 DIAGNOSTIC": 0.0302274553339129,
    "CC D2 DIAGNOSTIC": 0.23053595895365758,
    "CC NEW D1 DIAGNOSTIC": 0.0302274553339129,
    "CC T1 DIAGNOSTIC": 0.00977194287641878,
    "CCSD CORRELATION ENERGY": -0.29079700200103825,
    "CCSD OPPOSITE-SPIN CORRELATION ENERGY": -0.23548481776515112,
    "CCSD SAME-SPIN CORRELATION ENERGY": -0.05531218423588713,
    "CCSD TOTAL ENERGY": -149.78126146920448,
    "CURRENT CORRELATION ENERGY": -0.29079700200103825,
    "CURRENT DIPOLE X": 0.0,
    "CURRENT DIPOLE Y": 0.0,
    "CURRENT DIPOLE Z": 0.0,
    "CURRENT ENERGY": -149.78126146920448,
    "CURRENT REFERENCE ENERGY": -149.49046446720394,
    "HF TOTAL ENERGY": -149.49046446720394,
    "LCCSD (+LMP2) TOTAL ENERGY": -149.81641014567538,
    "MP2 CORRELATION ENERGY": -0.28911225882669805,
    "MP2 OPPOSITE-SPIN CORRELATION ENERGY": -0.21964139524242302,
    "MP2 SAME-SPIN CORRELATION ENERGY": -0.06947086358427504,
    "MP2 TOTAL ENERGY": -149.77957672603014,
    "NUCLEAR REPULSION ENERGY": 30.91560071143632,
    "ONE-ELECTRON ENERGY": -266.6518299515532,
    "PCM POLARIZATION ENERGY": 0.0,
    "PE ENERGY": 0.0,
    "SCF DIPOLE X": 0.0,
    "SCF DIPOLE Y": 0.0,
    "SCF DIPOLE Z": 0.0,
    "SCF ITERATION ENERGY": -149.49046446720394,
    "SCF ITERATIONS": 9.0,
    "SCF TOTAL ENERGY": -149.49046446720394,
    "TWO-ELECTRON ENERGY": 86.24576477291295
}