{
    "CC D1 DIAGNOSTIC": 0.015489614401544748,
    "CC D2 DIAGNOSTIC": 0.11202584751005266,
    "CC NEW D1 DIAGNOSTIC": 0.015489614401544748,
    "CC T1 DIAGNOSTIC": 0.00695112708780912,
    "CCSD CORRELATION ENERGY": -0.1594541271576299,
    "CCSD OPPOSITE-SPIN CORRELATION ENERGY": -0.1305325883036975,
    "CCSD SAME-SPIN CORRELATION ENERGY": -0.028921538853932477,
    "CCSD TOTAL ENERGY": -76.13853670856257,
    "CURRENT CORRELATION ENERGY": -0.1594541271576299,
    "CURRENT DIPOLE X": 0.0,
    "CURRENT DIPOLE Y": 0.0,
    "CURRENT DIPOLE Z": -1.1980695753438904,
    "CURRENT ENERGY": -76.13853670856257,
    "CURRENT REFERENCE ENERGY": -75.979082581405,
    "HF TOTAL ENERGY": -75.979082581405,
    "LCCSD (+LMP2) TOTAL ENERGY": -76.13820706179062,
    "MP2 CORRELATION ENERGY": -0.15438884003145165,
    "MP2 OPPOSITE-SPIN CORRELATION ENERGY": -0.11925699267321968,
    "MP2 SAME-SPIN CORRELATION ENERGY": -0.035131847358231966,
    "MP2 TOTAL ENERGY": -76.1334714214364,
    "NUCLEAR REPULSION ENERGY": 9.101326846111576,
    "ONE-ELECTRON ENERGY": -123.09016554388484,
    "PCM POLARIZATION ENERGY": 0.0,
    "PE ENERGY": 0.0,
    "SCF DIPOLE X": 0.0,
    "SCF DIPOLE Y": 0.0,
    "SCF DIPOLE Z": -1.1980695753438904,
    "SCF ITERATION ENERGY": -75.979082581405,
    "SCF ITERATIONS": 10.0,
    "SCF TOTAL ENERGY": -75.979082581405,
    "TWO-ELECTRON ENERGY": 38.009756116368266
}