{
    "CC D1 DIAGNOSTIC": 0.045277163469751615,
    "CC D2 DIAGNOSTIC": 0.26425288254934703,
    "CC NEW D1 DIAGNOSTIC": 0.045277163469751615,
    "CC T1 DIAGNOSTIC": 0.011489623411137849,
    "CCSD CORRELATION ENERGY": -0.13606822028052196,
    "CCSD OPPOSITE-SPIN CORRELATION ENERGY": -0.11551582357670284,
    "CCSD SAME-SPIN CORRELATION ENERGY": -0.020552396703819475,
    "CCSD TOTAL ENERGY": -460.12283909501446,
    "CURRENT CORRELATION ENERGY": -0.13606822028052196,
    "CURRENT DIPOLE X": 0.0,
    "CURRENT DIPOLE Y": 0.0,
    "CURRENT DIPOLE Z": -2.313703796999958,
    "CURRENT ENERGY": -460.12283909501446,
    "CURRENT REFERENCE ENERGY": -459.98677087473436,
    "HF TOTAL ENERGY": -459.98677087473436,
    "LCCSD (+LMP2) TOTAL ENERGY": -460.16513718091727,
    "MP2 CORRELATION ENERGY": -0.1180464793400744,
    "MP2 OPPOSITE-SPIN CORRELATION ENERGY": -0.0950331188205615,
    "MP2 SAME-SPIN CORRELATION ENERGY": -0.0230133605195129,
    "MP2 TOTAL ENERGY": -460.104817354074,
    "NUCLEAR REPULSION ENERGY": 4.786648405605909,
    "ONE-ELECTRON ENERGY": -645.2435744688714,
    "PCM POLARIZATION ENERGY": 0.0,
    "PE ENERGY": 0.0,
    "SCF DIPOLE X": 0.0,
    "SCF DIPOLE Y": 0.0,
    "SCF DIPOLE Z": -2.313703796999958,
    "SCF ITERATION ENERGY": -459.98677087473436,
    "SCF ITERATIONS": 9.0,
    "SCF TOTAL ENERGY": -459.98677087473436,
    "TWO-ELECTRON ENERGY": 180.47015518853118
}