{
    "CC D1 DIAGNOSTIC": 0.09816489877291133,
    "CC D2 DIAGNOSTIC": 0.33068065164920096,
    "CC NEW D1 DIAGNOSTIC": 0.09816489877291133,
    "CC T1 DIAGNOSTIC": 0.031217633657011377,
    "CCSD CORRELATION ENERGY": -0.20975803417942918,
    "CCSD OPPOSITE-SPIN CORRELATION ENERGY": -0.1780048178683915,
    "CCSD SAME-SPIN CORRELATION ENERGY": -0.03175321631103767,
    "CCSD TOTAL ENERGY": -100.05805290456053,
    "CURRENT CORRELATION ENERGY": -0.20975803417942918,
    "CURRENT DIPOLE X": 0.0,
    "CURRENT DIPOLE Y": 0.0,
    "CURRENT DIPOLE Z": -3.3815526500177553,
    "CURRENT ENERGY": -100.05805290456053,
    "CURRENT REFERENCE ENERGY": -99.84829487038108,
    "HF TOTAL ENERGY": -99.8482948703811,
    "LCCSD (+LMP2) TOTAL ENERGY": -100.05872270052738,
    "MP2 CORRELATION ENERGY": -0.20021811762131714,
    "MP2 OPPOSITE-SPIN CORRELATION ENERGY": -0.1551177895308158,
    "MP2 SAME-SPIN CORRELATION ENERGY": -0.04510032809050135,
    "MP2 TOTAL ENERGY": -100.04851298800241,
    "NUCLEAR REPULSION ENERGY": 2.8418482288155023,
    "ONE-ELECTRON ENERGY": -146.44355900268175,
    "PCM POLARIZATION ENERGY": 0.0,
    "PE ENERGY": 0.0,
    "SCF DIPOLE X": 0.0,
    "SCF DIPOLE Y": 0.0,
    "SCF DIPOLE Z": -3.3815526500177553,
    "SCF ITERATION ENERGY": -99.84829487038108,
    "SCF ITERATIONS": 10.0,
    "SCF TOTAL ENERGY": -99.84829487038108,
    "TWO-ELECTRON ENERGY": 43.75341590348515
}