{
    "CC D1 DIAGNOSTIC": 0.03748309387357852,
    "CC D2 DIAGNOSTIC": 0.2526722876219981,
    "CC NEW D1 DIAGNOSTIC": 0.03748309387357852,
    "CC T1 DIAGNOSTIC": 0.01176567303930807,
    "CCSD CORRELATION ENERGY": -0.31130536979842277,
    "CCSD OPPOSITE-SPIN CORRELATION ENERGY": -0.253316534223569,
    "CCSD SAME-SPIN CORRELATION ENERGY": -0.05798883557485368,
    "CCSD TOTAL ENERGY": -149.82340654312048,
    "CURRENT CORRELATION ENERGY": -0.31130536979842277,
    "CURRENT DIPOLE X": 0.0,
    "CURRENT DIPOLE Y": 0.0,
    "CURRENT DIPOLE Z": 4.515048693845049e-15,
    "CURRENT ENERGY": -149.82340654312048,
    "CURRENT REFERENCE ENERGY": -149.51210117332255,
    "HF TOTAL ENERGY": -149.51210117332255,
    "LCCSD (+LMP2) TOTAL ENERGY": -149.82619590475136,
    "MP2 CORRELATION ENERGY": -0.3172113840413282,
    "MP2 OPPOSITE-SPIN CORRELATION ENERGY": -0.23944957334393144,
    "MP2 SAME-SPIN CORRELATION ENERGY": -0.07776181069739677,
    "MP2 TOTAL ENERGY": -149.82931255736338,
    "NUCLEAR REPULSION ENERGY": 28.377267179339448,
    "ONE-ELECTRON ENERGY": -261.8557285416335,
    "PCM POLARIZATION ENERGY": 0.0,
    "PE ENERGY": 0.0,
    "SCF DIPOLE X": 0.0,
    "SCF DIPOLE Y": 0.0,
    "SCF DIPOLE Z": 4.515048693845049e-15,
    "SCF ITERATION ENERGY": -149.51210117332255,
    "SCF ITERATIONS": 9.0,
    "SCF TOTAL ENERGY": -149.51210117332255,
    "TWO-ELECTRON ENERGY": 83.96636018897149
}