{
    "CURRENT CORRELATION ENERGY": -0.01670260283652336,
    "CURRENT DIPOLE X": 0.0,
    "CURRENT DIPOLE Y": 0.0,
    "CURRENT DIPOLE Z": 4.925106827172774e-15,
    "CURRENT ENERGY": -1.097815787507624,
    "CURRENT REFERENCE ENERGY": -1.0811131846711006,
    "CUSTOM SCS-MP2 CORRELATION ENERGY": -0.020043123403828116,
    "CUSTOM SCS-MP2 TOTAL ENERGY": -1.1011563080749287,
    "HF TOTAL ENERGY": -1.0811131846711006,
    "MP2 CORRELATION ENERGY": -0.01670260283652336,
    "MP2 OPPOSITE-SPIN CORRELATION ENERGY": -0.01670260283652343,
    "MP2 SAME-SPIN CORRELATION ENERGY": 0.0,
    "MP2 TOTAL ENERGY": -1.097815787507624,
    "NUCLEAR REPULSION ENERGY": 0.9972955124165384,
    "ONE-ELECTRON ENERGY": -2.817937241842567,
    "PCM POLARIZATION ENERGY": 0.0,
    "PE ENERGY": 0.0,
    "SCF DIPOLE X": 0.0,
    "SCF DIPOLE Y": 0.0,
    "SCF DIPOLE Z": 4.925106827172774e-15,
    "SCF ITERATION ENERGY": -1.0811131846711006,
    "SCF ITERATIONS": 6.0,
    "SCF TOTAL ENERGY": -1.0811131846711006,
    "SCS-MP2 CORRELATION ENERGY": -0.020043123403828116,
    "SCS-MP2 TOTAL ENERGY": -1.1011563080749287,
    "SCS-MP2-VDW CORRELATION ENERGY": -0.02137933163075001,
    "SCS-MP2-VDW TOTAL ENERGY": -1.1024925163018506,
    "SCSN-MP2 CORRELATION ENERGY": 0.0,
    "SCSN-MP2 TOTAL ENERGY": -1.0811131846711006,
    "SOS-MP2 CORRELATION ENERGY": 0.0,
    "SOS-MP2 TOTAL ENERGY": -1.0811131846711006,
    "SOS-PI-MP2 CORRELATION ENERGY": -0.023383643971132795,
    "SOS-PI-MP2 TOTAL ENERGY": -1.1044968286422334,
    "TWO-ELECTRON ENERGY": 0.739528544754928
}