{
    "CC D1 DIAGNOSTIC": 0.010955274190271713,
    "CC D2 DIAGNOSTIC": 0.08002762456187809,
    "CC NEW D1 DIAGNOSTIC": 0.010955274190271713,
    "CC T1 DIAGNOSTIC": 0.004234166791364246,
    "CCSD CORRELATION ENERGY": -0.10401978053042964,
    "CCSD OPPOSITE-SPIN CORRELATION ENERGY": -0.08540870509701069,
    "CCSD SAME-SPIN CORRELATION ENERGY": -0.018611075433418944,
    "CCSD TOTAL ENERGY": -459.83005414398457,
    "CURRENT CORRELATION ENERGY": -0.10401978053042964,
    "CURRENT DIPOLE X": 0.0,
    "CURRENT DIPOLE Y": 0.0,
    "CURRENT DIPOLE Z": -1.6487588195421456,
    "CURRENT ENERGY": -459.83005414398457,
    "CURRENT REFERENCE ENERGY": -459.72603436345446,
    "HF TOTAL ENERGY": -459.72603436345446,
    "LCCSD (+LMP2) TOTAL ENERGY": -459.8560725108334,
    "MP2 CORRELATION ENERGY": -0.09583919281061662,
    "MP2 OPPOSITE-SPIN CORRELATION ENERGY": -0.07683739804678533,
    "MP2 SAME-SPIN CORRELATION ENERGY": -0.019001794763831292,
    "MP2 TOTAL ENERGY": -459.82187355626473,
    "NUCLEAR REPULSION ENERGY": 10.915893315223233,
    "ONE-ELECTRON ENERGY": -656.3116047370553,
    "PCM POLARIZATION ENERGY": 0.0,
    "PE ENERGY": 0.0,
    "SCF DIPOLE X": 0.0,
    "SCF DIPOLE Y": 0.0,
    "SCF DIPOLE Z": -1.6487588195421456,
    "SCF ITERATION ENERGY": -459.72603436345446,
    "SCF ITERATIONS": 8.0,
    "SCF TOTAL ENERGY": -459.72603436345446,
    "TWO-ELECTRON ENERGY": 185.6696770583776
}