{
    "CC D1 DIAGNOSTIC": 0.03470710882743316,
    "CC D2 DIAGNOSTIC": 0.30729681641351597,
    "CC NEW D1 DIAGNOSTIC": 0.03470710882743316,
    "CC T1 DIAGNOSTIC": 0.00878112661992978,
    "CCSD CORRELATION ENERGY": -0.2695092730852737,
    "CCSD OPPOSITE-SPIN CORRELATION ENERGY": -0.2154391729288415,
    "CCSD SAME-SPIN CORRELATION ENERGY": -0.05407010015643213,
    "CCSD TOTAL ENERGY": -258.9856432162274,
    "CURRENT CORRELATION ENERGY": -0.2695092730852737,
    "CURRENT DIPOLE X": 0.0,
    "CURRENT DIPOLE Y": 0.0,
    "CURRENT DIPOLE Z": 3.609745107337649,
    "CURRENT ENERGY": -258.9856432162274,
    "CURRENT REFERENCE ENERGY": -258.71613394314215,
    "HF TOTAL ENERGY": -258.71613394314215,
    "LCCSD (+LMP2) TOTAL ENERGY": -258.98564720366255,
    "MP2 CORRELATION ENERGY": -0.25071408270333656,
    "MP2 OPPOSITE-SPIN CORRELATION ENERGY": -0.19314475845324802,
    "MP2 SAME-SPIN CORRELATION ENERGY": -0.05756932425008854,
    "MP2 TOTAL ENERGY": -258.9668480258455,
    "NUCLEAR REPULSION ENERGY": 65.98303941398524,
    "ONE-ELECTRON ENERGY": -483.308133006289,
    "PCM POLARIZATION ENERGY": 0.0,
    "PE ENERGY": 0.0,
    "SCF DIPOLE X": 0.0,
    "SCF DIPOLE Y": 0.0,
    "SCF DIPOLE Z": 3.609745107337649,
    "SCF ITERATION ENERGY": -258.71613394314215,
    "SCF ITERATIONS": 11.0,
    "SCF TOTAL ENERGY": -258.71613394314215,
    "TWO-ELECTRON ENERGY": 158.60895964916162
}