{
    "CC D1 DIAGNOSTIC": 0.01628261128656665,
    "CC D2 DIAGNOSTIC": 0.147190969491258,
    "CC NEW D1 DIAGNOSTIC": 0.01628261128656665,
    "CC T1 DIAGNOSTIC": 0.005659532526219413,
    "CCSD CORRELATION ENERGY": -0.11600683340381876,
    "CCSD OPPOSITE-SPIN CORRELATION ENERGY": -0.09601372286589199,
    "CCSD SAME-SPIN CORRELATION ENERGY": -0.019993110537927017,
    "CCSD TOTAL ENERGY": -460.1767336265616,
    "CURRENT CORRELATION ENERGY": -0.11600683340381876,
    "CURRENT DIPOLE X": 0.0,
    "CURRENT DIPOLE Y": 0.0,
    "CURRENT DIPOLE Z": -1.9524418857076429,
    "CURRENT ENERGY": -460.1767336265616,
    "CURRENT REFERENCE ENERGY": -460.06072679315747,
    "HF TOTAL ENERGY": -460.0607267931575,
    "LCCSD (+LMP2) TOTAL ENERGY": -460.17834629704134,
    "MP2 CORRELATION ENERGY": -0.10505757671347322,
    "MP2 OPPOSITE-SPIN CORRELATION ENERGY": -0.0839190716743644,
    "MP2 SAME-SPIN CORRELATION ENERGY": -0.02113850503910883,
    "MP2 TOTAL ENERGY": -460.16578436987123,
    "NUCLEAR REPULSION ENERGY": 6.337014172377381,
    "ONE-ELECTRON ENERGY": -648.2616461402278,
    "PCM POLARIZATION ENERGY": 0.0,
    "PE ENERGY": 0.0,
    "SCF DIPOLE X": 0.0,
    "SCF DIPOLE Y": 0.0,
    "SCF DIPOLE Z": -1.9524418857076429,
    "SCF ITERATION ENERGY": -460.06072679315747,
    "SCF ITERATIONS": 9.0,
    "SCF TOTAL ENERGY": -460.06072679315747,
    "TWO-ELECTRON ENERGY": 181.86390517469286
}