{
    "CC D1 DIAGNOSTIC": 0.02019070594221541,
    "CC D2 DIAGNOSTIC": 0.133492657848743,
    "CC NEW D1 DIAGNOSTIC": 0.02019070594221541,
    "CC T1 DIAGNOSTIC": 0.007793627913162426,
    "CCSD CORRELATION ENERGY": -0.16712745297959639,
    "CCSD OPPOSITE-SPIN CORRELATION ENERGY": -0.13480021719390184,
    "CCSD SAME-SPIN CORRELATION ENERGY": -0.03232723578569435,
    "CCSD TOTAL ENERGY": -100.17539771240278,
    "CURRENT CORRELATION ENERGY": -0.16712745297959639,
    "CURRENT DIPOLE X": 0.0,
    "CURRENT DIPOLE Y": 0.0,
    "CURRENT DIPOLE Z": -2.485013274506994,
    "CURRENT ENERGY": -100.17539771240278,
    "CURRENT REFERENCE ENERGY": -100.00827025942314,
    "HF TOTAL ENERGY": -100.00827025942313,
    "LCCSD (+LMP2) TOTAL ENERGY": -100.17841848022452,
    "MP2 CORRELATION ENERGY": -0.1657741596981328,
    "MP2 OPPOSITE-SPIN CORRELATION ENERGY": -0.12597153066706185,
    "MP2 SAME-SPIN CORRELATION ENERGY": -0.03980262903107096,
    "MP2 TOTAL ENERGY": -100.17404441912132,
    "NUCLEAR REPULSION ENERGY": 4.600759147135777,
    "ONE-ELECTRON ENERGY": -149.60111065189162,
    "PCM POLARIZATION ENERGY": 0.0,
    "PE ENERGY": 0.0,
    "SCF DIPOLE X": 0.0,
    "SCF DIPOLE Y": 0.0,
    "SCF DIPOLE Z": -2.485013274506994,
    "SCF ITERATION ENERGY": -100.00827025942314,
    "SCF ITERATIONS": 9.0,
    "SCF TOTAL ENERGY": -100.00827025942314,
    "TWO-ELECTRON ENERGY": 44.9920812453327
}