{
    "CC D1 DIAGNOSTIC": 0.03803276158188885,
    "CC D2 DIAGNOSTIC": 0.09208613907861789,
    "CC NEW D1 DIAGNOSTIC": 0.03803276158188885,
    "CC T1 DIAGNOSTIC": 0.014386045300069714,
    "CCSD CORRELATION ENERGY": -0.2921894555572684,
    "CCSD OPPOSITE-SPIN CORRELATION ENERGY": -0.2270978325684514,
    "CCSD SAME-SPIN CORRELATION ENERGY": -0.06509162298881693,
    "CCSD TOTAL ENERGY": -261.62207256083616,
    "CURRENT CORRELATION ENERGY": -0.2921894555572684,
    "CURRENT DIPOLE X": 0.0,
    "CURRENT DIPOLE Y": 0.0,
    "CURRENT DIPOLE Z": -7.957364466837264,
    "CURRENT ENERGY": -261.62207256083616,
    "CURRENT REFERENCE ENERGY": -261.3298831052785,
    "HF TOTAL ENERGY": -261.32988310527844,
    "LCCSD (+LMP2) TOTAL ENERGY": -261.62484619974947,
    "MP2 CORRELATION ENERGY": -0.29388725740820554,
    "MP2 OPPOSITE-SPIN CORRELATION ENERGY": -0.21827383467911296,
    "MP2 SAME-SPIN CORRELATION ENERGY": -0.07561342272909258,
    "MP2 TOTAL ENERGY": -261.6237703626871,
    "NUCLEAR REPULSION ENERGY": 29.039889212840308,
    "ONE-ELECTRON ENERGY": -428.0896151830072,
    "PCM POLARIZATION ENERGY": 0.0,
    "PE ENERGY": 0.0,
    "SCF DIPOLE X": 0.0,
    "SCF DIPOLE Y": 0.0,
    "SCF DIPOLE Z": -7.957364466837264,
    "SCF ITERATION ENERGY": -261.3298831052785,
    "SCF ITERATIONS": 10.0,
    "SCF TOTAL ENERGY": -261.3298831052785,
    "TWO-ELECTRON ENERGY": 137.71984286488842
}