{
    "CC D1 DIAGNOSTIC": 0.07210716239305796,
    "CC D2 DIAGNOSTIC": 0.4776840730376468,
    "CC NEW D1 DIAGNOSTIC": 0.07210716239305796,
    "CC T1 DIAGNOSTIC": 0.022958782423707386,
    "CCSD CORRELATION ENERGY": -0.4317134728023071,
    "CCSD OPPOSITE-SPIN CORRELATION ENERGY": -0.38516862917196565,
    "CCSD SAME-SPIN CORRELATION ENERGY": -0.04654484363034139,
    "CCSD TOTAL ENERGY": -149.77307248062985,
    "CURRENT CORRELATION ENERGY": -0.4317134728023071,
    "CURRENT DIPOLE X": 0.0,
    "CURRENT DIPOLE Y": 0.0,
    "CURRENT DIPOLE Z": 0.0,
    "CURRENT ENERGY": -149.77307248062985,
    "CURRENT REFERENCE ENERGY": -149.3413590078273,
    "HF TOTAL ENERGY": -149.3413590078273,
    "LCCSD (+LMP2) TOTAL ENERGY": -149.80848240169777,
    "MP2 CORRELATION ENERGY": -0.5117240705541071,
    "MP2 OPPOSITE-SPIN CORRELATION ENERGY": -0.37850642112451455,
    "MP2 SAME-SPIN CORRELATION ENERGY": -0.13321764942959252,
    "MP2 TOTAL ENERGY": -149.85308307838164,
    "NUCLEAR REPULSION ENERGY": 20.028531813055327,
    "ONE-ELECTRON ENERGY": -245.53522862978707,
    "PCM POLARIZATION ENERGY": 0.0,
    "PE ENERGY": 0.0,
    "SCF DIPOLE X": 0.0,
    "SCF DIPOLE Y": 0.0,
    "SCF DIPOLE Z": 0.0,
    "SCF ITERATION ENERGY": -149.3413590078273,
    "SCF ITERATIONS": 9.0,
    "SCF TOTAL ENERGY": -149.3413590078273,
    "TWO-ELECTRON ENERGY": 76.16533780890444
}