{
    "CC D1 DIAGNOSTIC": 0.03912351228233814,
    "CC D2 DIAGNOSTIC": 0.09311164449743513,
    "CC NEW D1 DIAGNOSTIC": 0.03912351228233814,
    "CC T1 DIAGNOSTIC": 0.014747456256855657,
    "CCSD CORRELATION ENERGY": -0.2929356817032358,
    "CCSD OPPOSITE-SPIN CORRELATION ENERGY": -0.22772441031802143,
    "CCSD SAME-SPIN CORRELATION ENERGY": -0.0652112713852141,
    "CCSD TOTAL ENERGY": -261.6261114401672,
    "CURRENT CORRELATION ENERGY": -0.2929356817032358,
    "CURRENT DIPOLE X": 0.0,
    "CURRENT DIPOLE Y": 0.0,
    "CURRENT DIPOLE Z": -8.219082737968808,
    "CURRENT ENERGY": -261.6261114401672,
    "CURRENT REFERENCE ENERGY": -261.3331757584634,
    "HF TOTAL ENERGY": -261.3331757584634,
    "LCCSD (+LMP2) TOTAL ENERGY": -261.3699223228957,
    "MP2 CORRELATION ENERGY": -0.29472919009758924,
    "MP2 OPPOSITE-SPIN CORRELATION ENERGY": -0.21888422814577588,
    "MP2 SAME-SPIN CORRELATION ENERGY": -0.07584496195181337,
    "MP2 TOTAL ENERGY": -261.6279049485616,
    "NUCLEAR REPULSION ENERGY": 27.987436852106498,
    "ONE-ELECTRON ENERGY": -425.9686151980558,
    "PCM POLARIZATION ENERGY": 0.0,
    "PE ENERGY": 0.0,
    "SCF DIPOLE X": 0.0,
    "SCF DIPOLE Y": 0.0,
    "SCF DIPOLE Z": -8.219082737968808,
    "SCF ITERATION ENERGY": -261.3331757584634,
    "SCF ITERATIONS": 10.0,
    "SCF TOTAL ENERGY": -261.3331757584634,
    "TWO-ELECTRON ENERGY": 136.64800258748585
}