{
    "CC D1 DIAGNOSTIC": 0.019158620863935924,
    "CC D2 DIAGNOSTIC": 0.11634832593709013,
    "CC NEW D1 DIAGNOSTIC": 0.019158620863935924,
    "CC T1 DIAGNOSTIC": 0.006287895850352475,
    "CCSD CORRELATION ENERGY": -0.20708050859249855,
    "CCSD OPPOSITE-SPIN CORRELATION ENERGY": -0.16361229927662474,
    "CCSD SAME-SPIN CORRELATION ENERGY": -0.04346820931587375,
    "CCSD TOTAL ENERGY": -109.02630704493261,
    "CURRENT CORRELATION ENERGY": -0.20708050859249855,
    "CURRENT DIPOLE X": 0.0,
    "CURRENT DIPOLE Y": 0.0,
    "CURRENT DIPOLE Z": 1.428545343046947,
    "CURRENT ENERGY": -109.02630704493261,
    "CURRENT REFERENCE ENERGY": -108.81922653634012,
    "HF TOTAL ENERGY": -108.81922653634012,
    "LCCSD (+LMP2) TOTAL ENERGY": -109.02374945251542,
    "MP2 CORRELATION ENERGY": -0.19799246559991893,
    "MP2 OPPOSITE-SPIN CORRELATION ENERGY": -0.15133549815284522,
    "MP2 SAME-SPIN CORRELATION ENERGY": -0.046656967447073705,
    "MP2 TOTAL ENERGY": -109.01721900194003,
    "NUCLEAR REPULSION ENERGY": 45.95182469381673,
    "ONE-ELECTRON ENERGY": -234.80108821275678,
    "PCM POLARIZATION ENERGY": 0.0,
    "PE ENERGY": 0.0,
    "SCF DIPOLE X": 0.0,
    "SCF DIPOLE Y": 0.0,
    "SCF DIPOLE Z": 1.428545343046947,
    "SCF ITERATION ENERGY": -108.81922653634012,
    "SCF ITERATIONS": 10.0,
    "SCF TOTAL ENERGY": -108.81922653634012,
    "TWO-ELECTRON ENERGY": 80.03003698259994
}