{
    "CC D1 DIAGNOSTIC": 0.05113767446844226,
    "CC D2 DIAGNOSTIC": 0.2844257922225617,
    "CC NEW D1 DIAGNOSTIC": 0.05113767446844226,
    "CC T1 DIAGNOSTIC": 0.012769331943067501,
    "CCSD CORRELATION ENERGY": -0.13928167736789912,
    "CCSD OPPOSITE-SPIN CORRELATION ENERGY": -0.11875070364669169,
    "CCSD SAME-SPIN CORRELATION ENERGY": -0.020530973721207713,
    "CCSD TOTAL ENERGY": -460.1154060384854,
    "CURRENT CORRELATION ENERGY": -0.13928167736789912,
    "CURRENT DIPOLE X": 0.0,
    "CURRENT DIPOLE Y": 0.0,
    "CURRENT DIPOLE Z": -2.3751890048037025,
    "CURRENT ENERGY": -460.1154060384854,
    "CURRENT REFERENCE ENERGY": -459.9761243611179,
    "HF TOTAL ENERGY": -459.97612436111797,
    "LCCSD (+LMP2) TOTAL ENERGY": -460.11783660196636,
    "MP2 CORRELATION ENERGY": -0.11991440285090356,
    "MP2 OPPOSITE-SPIN CORRELATION ENERGY": -0.09669668822487479,
    "MP2 SAME-SPIN CORRELATION ENERGY": -0.02321771462602877,
    "MP2 TOTAL ENERGY": -460.0960387639684,
    "NUCLEAR REPULSION ENERGY": 4.637840683151839,
    "ONE-ELECTRON ENERGY": -644.9524925501449,
    "PCM POLARIZATION ENERGY": 0.0,
    "PE ENERGY": 0.0,
    "SCF DIPOLE X": 0.0,
    "SCF DIPOLE Y": 0.0,
    "SCF DIPOLE Z": -2.3751890048037025,
    "SCF ITERATION ENERGY": -459.9761243611179,
    "SCF ITERATIONS": 9.0,
    "SCF TOTAL ENERGY": -459.9761243611179,
    "TWO-ELECTRON ENERGY": 180.33852750587516
}