{
    "CC D1 DIAGNOSTIC": 0.04203773112799489,
    "CC D2 DIAGNOSTIC": 0.09636325354286582,
    "CC NEW D1 DIAGNOSTIC": 0.04203773112799489,
    "CC T1 DIAGNOSTIC": 0.015476078911617766,
    "CCSD CORRELATION ENERGY": -0.2940618753468006,
    "CCSD OPPOSITE-SPIN CORRELATION ENERGY": -0.22867548118789255,
    "CCSD SAME-SPIN CORRELATION ENERGY": -0.06538639415890818,
    "CCSD TOTAL ENERGY": -261.6270350883682,
    "CURRENT CORRELATION ENERGY": -0.2940618753468006,
    "CURRENT DIPOLE X": 0.0,
    "CURRENT DIPOLE Y": 0.0,
    "CURRENT DIPOLE Z": -8.697385491263189,
    "CURRENT ENERGY": -261.6270350883682,
    "CURRENT REFERENCE ENERGY": -261.3329732130202,
    "HF TOTAL ENERGY": -261.3329732130202,
    "LCCSD (+LMP2) TOTAL ENERGY": -261.371042318686,
    "MP2 CORRELATION ENERGY": -0.29599228651904175,
    "MP2 OPPOSITE-SPIN CORRELATION ENERGY": -0.21980244300184337,
    "MP2 SAME-SPIN CORRELATION ENERGY": -0.07618984351719837,
    "MP2 TOTAL ENERGY": -261.6289654995404,
    "NUCLEAR REPULSION ENERGY": 26.29336753445062,
    "ONE-ELECTRON ENERGY": -422.5458648279338,
    "PCM POLARIZATION ENERGY": 0.0,
    "PE ENERGY": 0.0,
    "SCF DIPOLE X": 0.0,
    "SCF DIPOLE Y": 0.0,
    "SCF DIPOLE Z": -8.697385491263189,
    "SCF ITERATION ENERGY": -261.3329732130202,
    "SCF ITERATIONS": 10.0,
    "SCF TOTAL ENERGY": -261.3329732130202,
    "TWO-ELECTRON ENERGY": 134.91952408046302
}