{
    "CC D1 DIAGNOSTIC": 0.016563072696882824,
    "CC D2 DIAGNOSTIC": 0.1486192295040589,
    "CC NEW D1 DIAGNOSTIC": 0.016563072696882824,
    "CC T1 DIAGNOSTIC": 0.005708413291332071,
    "CCSD CORRELATION ENERGY": -0.11627220983409539,
    "CCSD OPPOSITE-SPIN CORRELATION ENERGY": -0.09626045370456537,
    "CCSD SAME-SPIN CORRELATION ENERGY": -0.020011756129530406,
    "CCSD TOTAL ENERGY": -460.17626489715985,
    "CURRENT CORRELATION ENERGY": -0.11627220983409539,
    "CURRENT DIPOLE X": 0.0,
    "CURRENT DIPOLE Y": 0.0,
    "CURRENT DIPOLE Z": -1.9568449116470141,
    "CURRENT ENERGY": -460.17626489715985,
    "CURRENT REFERENCE ENERGY": -460.0599926873257,
    "HF TOTAL ENERGY": -460.0599926873257,
    "LCCSD (+LMP2) TOTAL ENERGY": -460.195539798501,
    "MP2 CORRELATION ENERGY": -0.10524634833711169,
    "MP2 OPPOSITE-SPIN CORRELATION ENERGY": -0.08407377582889268,
    "MP2 SAME-SPIN CORRELATION ENERGY": -0.02117257250821901,
    "MP2 TOTAL ENERGY": -460.16523903566286,
    "NUCLEAR REPULSION ENERGY": 6.303544027100738,
    "ONE-ELECTRON ENERGY": -648.1975036606659,
    "PCM POLARIZATION ENERGY": 0.0,
    "PE ENERGY": 0.0,
    "SCF DIPOLE X": 0.0,
    "SCF DIPOLE Y": 0.0,
    "SCF DIPOLE Z": -1.9568449116470141,
    "SCF ITERATION ENERGY": -460.0599926873257,
    "SCF ITERATIONS": 9.0,
    "SCF TOTAL ENERGY": -460.0599926873257,
    "TWO-ELECTRON ENERGY": 181.83396694623946
}