{
    "CC D1 DIAGNOSTIC": 0.031891191494113624,
    "CC D2 DIAGNOSTIC": 0.09512206272983084,
    "CC NEW D1 DIAGNOSTIC": 0.031891191494113624,
    "CC T1 DIAGNOSTIC": 0.01411772104973448,
    "CCSD CORRELATION ENERGY": -0.1765435550331306,
    "CCSD OPPOSITE-SPIN CORRELATION ENERGY": -0.14114241503034,
    "CCSD SAME-SPIN CORRELATION ENERGY": -0.035401140002790654,
    "CCSD TOTAL ENERGY": -107.07477931324256,
    "CURRENT CORRELATION ENERGY": -0.1765435550331306,
    "CURRENT DIPOLE X": 0.0,
    "CURRENT DIPOLE Y": 0.0,
    "CURRENT DIPOLE Z": -5.070691492347341,
    "CURRENT ENERGY": -107.07477931324256,
    "CURRENT REFERENCE ENERGY": -106.89823575820932,
    "HF TOTAL ENERGY": -106.89823575820932,
    "LCCSD (+LMP2) TOTAL ENERGY": -107.17412093997844,
    "MP2 CORRELATION ENERGY": -0.176870285398638,
    "MP2 OPPOSITE-SPIN CORRELATION ENERGY": -0.13400183490652925,
    "MP2 SAME-SPIN CORRELATION ENERGY": -0.042868450492108745,
    "MP2 TOTAL ENERGY": -107.07510604360806,
    "NUCLEAR REPULSION ENERGY": 11.53456045813351,
    "ONE-ELECTRON ENERGY": -173.89607411854598,
    "PCM POLARIZATION ENERGY": 0.0,
    "PE ENERGY": 0.0,
    "SCF DIPOLE X": 0.0,
    "SCF DIPOLE Y": 0.0,
    "SCF DIPOLE Z": -5.070691492347341,
    "SCF ITERATION ENERGY": -106.89823575820932,
    "SCF ITERATIONS": 9.0,
    "SCF TOTAL ENERGY": -106.89823575820932,
    "TWO-ELECTRON ENERGY": 55.46327790220314
}