{
    "CC D1 DIAGNOSTIC": 0.02183918147687301,
    "CC D2 DIAGNOSTIC": 0.1735674624514373,
    "CC NEW D1 DIAGNOSTIC": 0.02183918147687301,
    "CC T1 DIAGNOSTIC": 0.006668713783603945,
    "CCSD CORRELATION ENERGY": -0.12081434949230027,
    "CCSD OPPOSITE-SPIN CORRELATION ENERGY": -0.10054080697362083,
    "CCSD SAME-SPIN CORRELATION ENERGY": -0.02027354251868023,
    "CCSD TOTAL ENERGY": -460.16528461404755,
    "CURRENT CORRELATION ENERGY": -0.12081434949230027,
    "CURRENT DIPOLE X": 0.0,
    "CURRENT DIPOLE Y": 0.0,
    "CURRENT DIPOLE Z": -2.0339177328365525,
    "CURRENT ENERGY": -460.16528461404755,
    "CURRENT REFERENCE ENERGY": -460.0444702645554,
    "HF TOTAL ENERGY": -460.04447026455546,
    "LCCSD (+LMP2) TOTAL ENERGY": -460.16507264433125,
    "MP2 CORRELATION ENERGY": -0.10840500244634929,
    "MP2 OPPOSITE-SPIN CORRELATION ENERGY": -0.0866960716972153,
    "MP2 SAME-SPIN CORRELATION ENERGY": -0.021708930749133992,
    "MP2 TOTAL ENERGY": -460.1528752670016,
    "NUCLEAR REPULSION ENERGY": 5.8123587782357475,
    "ONE-ELECTRON ENERGY": -647.2496263819473,
    "PCM POLARIZATION ENERGY": 0.0,
    "PE ENERGY": 0.0,
    "SCF DIPOLE X": 0.0,
    "SCF DIPOLE Y": 0.0,
    "SCF DIPOLE Z": -2.0339177328365525,
    "SCF ITERATION ENERGY": -460.0444702645554,
    "SCF ITERATIONS": 9.0,
    "SCF TOTAL ENERGY": -460.0444702645554,
    "TWO-ELECTRON ENERGY": 181.39279733915615
}