{
    "CC D1 DIAGNOSTIC": 0.03930044350735291,
    "CC D2 DIAGNOSTIC": 0.24293058279006025,
    "CC NEW D1 DIAGNOSTIC": 0.03930044350735291,
    "CC T1 DIAGNOSTIC": 0.010206176069382329,
    "CCSD CORRELATION ENERGY": -0.1326174594644076,
    "CCSD OPPOSITE-SPIN CORRELATION ENERGY": -0.11206651893659844,
    "CCSD SAME-SPIN CORRELATION ENERGY": -0.020550940527809092,
    "CCSD TOTAL ENERGY": -460.13156395601067,
    "CURRENT CORRELATION ENERGY": -0.1326174594644076,
    "CURRENT DIPOLE X": 0.0,
    "CURRENT DIPOLE Y": 0.0,
    "CURRENT DIPOLE Z": -2.2483075648754345,
    "CURRENT ENERGY": -460.13156395601067,
    "CURRENT REFERENCE ENERGY": -459.9989464965462,
    "HF TOTAL ENERGY": -459.9989464965462,
    "LCCSD (+LMP2) TOTAL ENERGY": -460.13801020348933,
    "MP2 CORRELATION ENERGY": -0.11598492370105251,
    "MP2 OPPOSITE-SPIN CORRELATION ENERGY": -0.09321355532604528,
    "MP2 SAME-SPIN CORRELATION ENERGY": -0.022771368375007234,
    "MP2 TOTAL ENERGY": -460.1149314202473,
    "NUCLEAR REPULSION ENERGY": 4.965898761987822,
    "ONE-ELECTRON ENERGY": -645.594912420541,
    "PCM POLARIZATION ENERGY": 0.0,
    "PE ENERGY": 0.0,
    "SCF DIPOLE X": 0.0,
    "SCF DIPOLE Y": 0.0,
    "SCF DIPOLE Z": -2.2483075648754345,
    "SCF ITERATION ENERGY": -459.9989464965462,
    "SCF ITERATIONS": 9.0,
    "SCF TOTAL ENERGY": -459.9989464965462,
    "TWO-ELECTRON ENERGY": 180.63006716200712
}