{
    "CC D1 DIAGNOSTIC": 0.03744955958846527,
    "CC D2 DIAGNOSTIC": 0.09197479554296271,
    "CC NEW D1 DIAGNOSTIC": 0.03744955958846527,
    "CC T1 DIAGNOSTIC": 0.014101512522974886,
    "CCSD CORRELATION ENERGY": -0.29145644105851765,
    "CCSD OPPOSITE-SPIN CORRELATION ENERGY": -0.2264831734640021,
    "CCSD SAME-SPIN CORRELATION ENERGY": -0.06497326759451555,
    "CCSD TOTAL ENERGY": -261.6153885489378,
    "CURRENT CORRELATION ENERGY": -0.29145644105851765,
    "CURRENT DIPOLE X": 0.0,
    "CURRENT DIPOLE Y": 0.0,
    "CURRENT DIPOLE Z": -7.729002583380234,
    "CURRENT ENERGY": -261.6153885489378,
    "CURRENT REFERENCE ENERGY": -261.3239321078783,
    "HF TOTAL ENERGY": -261.3239321078783,
    "LCCSD (+LMP2) TOTAL ENERGY": -261.61380116392337,
    "MP2 CORRELATION ENERGY": -0.2930576319097744,
    "MP2 OPPOSITE-SPIN CORRELATION ENERGY": -0.21767199240218243,
    "MP2 SAME-SPIN CORRELATION ENERGY": -0.07538563950759197,
    "MP2 TOTAL ENERGY": -261.61698973978906,
    "NUCLEAR REPULSION ENERGY": 30.04415051126707,
    "ONE-ELECTRON ENERGY": -430.1090910983239,
    "PCM POLARIZATION ENERGY": 0.0,
    "PE ENERGY": 0.0,
    "SCF DIPOLE X": 0.0,
    "SCF DIPOLE Y": 0.0,
    "SCF DIPOLE Z": -7.729002583380234,
    "SCF ITERATION ENERGY": -261.3239321078783,
    "SCF ITERATIONS": 10.0,
    "SCF TOTAL ENERGY": -261.3239321078783,
    "TWO-ELECTRON ENERGY": 138.74100847917856
}