{
    "CC D1 DIAGNOSTIC": 0.011019814422477198,
    "CC D2 DIAGNOSTIC": 0.08267620474494088,
    "CC NEW D1 DIAGNOSTIC": 0.011019814422477198,
    "CC T1 DIAGNOSTIC": 0.00424144322991329,
    "CCSD CORRELATION ENERGY": -0.10431967367294434,
    "CCSD OPPOSITE-SPIN CORRELATION ENERGY": -0.0856464188231282,
    "CCSD SAME-SPIN CORRELATION ENERGY": -0.018673254849816065,
    "CCSD TOTAL ENERGY": -459.94586277886503,
    "CURRENT CORRELATION ENERGY": -0.10431967367294434,
    "CURRENT DIPOLE X": 0.0,
    "CURRENT DIPOLE Y": 0.0,
    "CURRENT DIPOLE Z": -1.6884920006059068,
    "CURRENT ENERGY": -459.94586277886503,
    "CURRENT REFERENCE ENERGY": -459.84154310519136,
    "HF TOTAL ENERGY": -459.84154310519136,
    "LCCSD (+LMP2) TOTAL ENERGY": -459.94614262252463,
    "MP2 CORRELATION ENERGY": -0.09613746252790392,
    "MP2 OPPOSITE-SPIN CORRELATION ENERGY": -0.07702670544231507,
    "MP2 SAME-SPIN CORRELATION ENERGY": -0.019110757085588848,
    "MP2 TOTAL ENERGY": -459.93768056772,
    "NUCLEAR REPULSION ENERGY": 10.171627861912556,
    "ONE-ELECTRON ENERGY": -655.1242823082018,
    "PCM POLARIZATION ENERGY": 0.0,
    "PE ENERGY": 0.0,
    "SCF DIPOLE X": 0.0,
    "SCF DIPOLE Y": 0.0,
    "SCF DIPOLE Z": -1.6884920006059068,
    "SCF ITERATION ENERGY": -459.84154310519136,
    "SCF ITERATIONS": 8.0,
    "SCF TOTAL ENERGY": -459.84154310519136,
    "TWO-ELECTRON ENERGY": 185.11111134109785
}