{
    "CC D1 DIAGNOSTIC": 0.052100493841635884,
    "CC D2 DIAGNOSTIC": 0.15806769584126576,
    "CC NEW D1 DIAGNOSTIC": 0.052100493841635884,
    "CC T1 DIAGNOSTIC": 0.016960335173293234,
    "CCSD CORRELATION ENERGY": -0.4079004306764847,
    "CCSD OPPOSITE-SPIN CORRELATION ENERGY": -0.32196718339799557,
    "CCSD SAME-SPIN CORRELATION ENERGY": -0.08593324727848922,
    "CCSD TOTAL ENERGY": -187.97406886025547,
    "CURRENT CORRELATION ENERGY": -0.4079004306764847,
    "CURRENT DIPOLE X": 0.0,
    "CURRENT DIPOLE Y": 0.0,
    "CURRENT DIPOLE Z": 0.0,
    "CURRENT ENERGY": -187.97406886025547,
    "CURRENT REFERENCE ENERGY": -187.5661684295769,
    "HF TOTAL ENERGY": -187.5661684295769,
    "LCCSD (+LMP2) TOTAL ENERGY": -187.98910320624466,
    "MP2 CORRELATION ENERGY": -0.42382974599400575,
    "MP2 OPPOSITE-SPIN CORRELATION ENERGY": -0.3146035443266956,
    "MP2 SAME-SPIN CORRELATION ENERGY": -0.10922620166731012,
    "MP2 TOTAL ENERGY": -187.989998175573,
    "NUCLEAR REPULSION ENERGY": 58.60522569646192,
    "ONE-ELECTRON ENERGY": -372.3113716615202,
    "PCM POLARIZATION ENERGY": 0.0,
    "PE ENERGY": 0.0,
    "SCF DIPOLE X": 0.0,
    "SCF DIPOLE Y": 0.0,
    "SCF DIPOLE Z": 0.0,
    "SCF ITERATION ENERGY": -187.5661684295769,
    "SCF ITERATIONS": 10.0,
    "SCF TOTAL ENERGY": -187.5661684295769,
    "TWO-ELECTRON ENERGY": 126.13997753548139
}