{
    "CC D1 DIAGNOSTIC": 0.03125639953580336,
    "CC D2 DIAGNOSTIC": 0.21263971223182238,
    "CC NEW D1 DIAGNOSTIC": 0.03125639953580336,
    "CC T1 DIAGNOSTIC": 0.008526618624321488,
    "CCSD CORRELATION ENERGY": -0.1275904764615732,
    "CCSD OPPOSITE-SPIN CORRELATION ENERGY": -0.10709835903656971,
    "CCSD SAME-SPIN CORRELATION ENERGY": -0.02049211742500466,
    "CCSD TOTAL ENERGY": -460.1455159529576,
    "CURRENT CORRELATION ENERGY": -0.1275904764615732,
    "CURRENT DIPOLE X": 0.0,
    "CURRENT DIPOLE Y": 0.0,
    "CURRENT DIPOLE Z": -2.1548640815291384,
    "CURRENT ENERGY": -460.1455159529576,
    "CURRENT REFERENCE ENERGY": -460.0179254764967,
    "HF TOTAL ENERGY": -460.0179254764967,
    "LCCSD (+LMP2) TOTAL ENERGY": -460.18147422715987,
    "MP2 CORRELATION ENERGY": -0.11286327356484221,
    "MP2 OPPOSITE-SPIN CORRELATION ENERGY": -0.09049447047719897,
    "MP2 SAME-SPIN CORRELATION ENERGY": -0.022368803087643246,
    "MP2 TOTAL ENERGY": -460.1307887500609,
    "NUCLEAR REPULSION ENERGY": 5.2730677575747,
    "ONE-ELECTRON ENERGY": -646.1972123583914,
    "PCM POLARIZATION ENERGY": 0.0,
    "PE ENERGY": 0.0,
    "SCF DIPOLE X": 0.0,
    "SCF DIPOLE Y": 0.0,
    "SCF DIPOLE Z": -2.1548640815291384,
    "SCF ITERATION ENERGY": -460.0179254764967,
    "SCF ITERATIONS": 9.0,
    "SCF TOTAL ENERGY": -460.0179254764967,
    "TWO-ELECTRON ENERGY": 180.90621912432
}