{
    "CC D1 DIAGNOSTIC": 0.018557304735920318,
    "CC D2 DIAGNOSTIC": 0.12777675949657763,
    "CC NEW D1 DIAGNOSTIC": 0.018557304735920318,
    "CC T1 DIAGNOSTIC": 0.007372011237636083,
    "CCSD CORRELATION ENERGY": -0.16545657394006408,
    "CCSD OPPOSITE-SPIN CORRELATION ENERGY": -0.13325062412854274,
    "CCSD SAME-SPIN CORRELATION ENERGY": -0.03220594981152147,
    "CCSD TOTAL ENERGY": -100.17886218113689,
    "CURRENT CORRELATION ENERGY": -0.16545657394006408,
    "CURRENT DIPOLE X": 0.0,
    "CURRENT DIPOLE Y": 0.0,
    "CURRENT DIPOLE Z": -2.4463307651518758,
    "CURRENT ENERGY": -100.17886218113689,
    "CURRENT REFERENCE ENERGY": -100.01340560719683,
    "HF TOTAL ENERGY": -100.01340560719683,
    "LCCSD (+LMP2) TOTAL ENERGY": -100.18352610213391,
    "MP2 CORRELATION ENERGY": -0.16415964655932633,
    "MP2 OPPOSITE-SPIN CORRELATION ENERGY": -0.12470791700486111,
    "MP2 SAME-SPIN CORRELATION ENERGY": -0.039451729554465215,
    "MP2 TOTAL ENERGY": -100.17756525375616,
    "NUCLEAR REPULSION ENERGY": 4.738781921549851,
    "ONE-ELECTRON ENERGY": -149.8407654510148,
    "PCM POLARIZATION ENERGY": 0.0,
    "PE ENERGY": 0.0,
    "SCF DIPOLE X": 0.0,
    "SCF DIPOLE Y": 0.0,
    "SCF DIPOLE Z": -2.4463307651518758,
    "SCF ITERATION ENERGY": -100.01340560719683,
    "SCF ITERATIONS": 9.0,
    "SCF TOTAL ENERGY": -100.01340560719683,
    "TWO-ELECTRON ENERGY": 45.08857792226811
}