{
    "CC D1 DIAGNOSTIC": 0.25351271474043074,
    "CC D2 DIAGNOSTIC": 0.2389334900654197,
    "CC NEW D1 DIAGNOSTIC": 0.25351271474043074,
    "CC T1 DIAGNOSTIC": 0.10472025786166451,
    "CCSD CORRELATION ENERGY": -0.325355108716194,
    "CCSD OPPOSITE-SPIN CORRELATION ENERGY": -0.25843401695099283,
    "CCSD SAME-SPIN CORRELATION ENERGY": -0.06692109176520078,
    "CCSD TOTAL ENERGY": -112.75862388871238,
    "CURRENT CORRELATION ENERGY": -0.325355108716194,
    "CURRENT DIPOLE X": 0.0,
    "CURRENT DIPOLE Y": 0.0,
    "CURRENT DIPOLE Z": -3.0446397564687673,
    "CURRENT ENERGY": -112.75862388871238,
    "CURRENT REFERENCE ENERGY": -112.43326877999601,
    "HF TOTAL ENERGY": -112.43326877999601,
    "LCCSD (+LMP2) TOTAL ENERGY": -112.75862994559914,
    "MP2 CORRELATION ENERGY": -0.3191712259981639,
    "MP2 OPPOSITE-SPIN CORRELATION ENERGY": -0.23769895997213086,
    "MP2 SAME-SPIN CORRELATION ENERGY": -0.08147226602603302,
    "MP2 TOTAL ENERGY": -112.75244000599434,
    "NUCLEAR REPULSION ENERGY": 14.888661903740328,
    "ONE-ELECTRON ENERGY": -183.30090251639095,
    "PCM POLARIZATION ENERGY": 0.0,
    "PE ENERGY": 0.0,
    "SCF DIPOLE X": 0.0,
    "SCF DIPOLE Y": 0.0,
    "SCF DIPOLE Z": -3.0446397564687673,
    "SCF ITERATION ENERGY": -112.43326877999601,
    "SCF ITERATIONS": 13.0,
    "SCF TOTAL ENERGY": -112.43326877999601,
    "TWO-ELECTRON ENERGY": 55.97897183265463
}