{
    "CC D1 DIAGNOSTIC": 0.01880049008082737,
    "CC D2 DIAGNOSTIC": 0.08634618809486924,
    "CC NEW D1 DIAGNOSTIC": 0.01880049008082737,
    "CC T1 DIAGNOSTIC": 0.006683469088213409,
    "CCSD CORRELATION ENERGY": -0.3264012539139293,
    "CCSD OPPOSITE-SPIN CORRELATION ENERGY": -0.24813990861592317,
    "CCSD SAME-SPIN CORRELATION ENERGY": -0.07826134529800605,
    "CCSD TOTAL ENERGY": -181.8840908482141,
    "CURRENT CORRELATION ENERGY": -0.3264012539139293,
    "CURRENT DIPOLE X": 0.0,
    "CURRENT DIPOLE Y": 0.0,
    "CURRENT DIPOLE Z": 0.0,
    "CURRENT ENERGY": -181.8840908482141,
    "CURRENT REFERENCE ENERGY": -181.5576895943006,
    "HF TOTAL ENERGY": -181.5576895943006,
    "LCCSD (+LMP2) TOTAL ENERGY": -181.87884763614045,
    "MP2 CORRELATION ENERGY": -0.32469185095381053,
    "MP2 OPPOSITE-SPIN CORRELATION ENERGY": -0.238568968109063,
    "MP2 SAME-SPIN CORRELATION ENERGY": -0.08612288284474753,
    "MP2 TOTAL ENERGY": -181.88238144525397,
    "NUCLEAR REPULSION ENERGY": 113.27060428727933,
    "ONE-ELECTRON ENERGY": -466.6787925579623,
    "PCM POLARIZATION ENERGY": 0.0,
    "PE ENERGY": 0.0,
    "SCF DIPOLE X": 0.0,
    "SCF DIPOLE Y": 0.0,
    "SCF DIPOLE Z": 0.0,
    "SCF ITERATION ENERGY": -181.5576895943006,
    "SCF ITERATIONS": 10.0,
    "SCF TOTAL ENERGY": -181.5576895943006,
    "TWO-ELECTRON ENERGY": 171.85049867638241
}