{
    "CC D1 DIAGNOSTIC": 0.04887897748695784,
    "CC D2 DIAGNOSTIC": 0.2767269328434249,
    "CC NEW D1 DIAGNOSTIC": 0.04887897748695784,
    "CC T1 DIAGNOSTIC": 0.012273976013291955,
    "CCSD CORRELATION ENERGY": -0.13806043673668728,
    "CCSD OPPOSITE-SPIN CORRELATION ENERGY": -0.11751900299824593,
    "CCSD SAME-SPIN CORRELATION ENERGY": -0.02054143373844168,
    "CCSD TOTAL ENERGY": -460.1181518744971,
    "CURRENT CORRELATION ENERGY": -0.13806043673668728,
    "CURRENT DIPOLE X": 0.0,
    "CURRENT DIPOLE Y": 0.0,
    "CURRENT DIPOLE Z": -2.351771756829908,
    "CURRENT ENERGY": -460.1181518744971,
    "CURRENT REFERENCE ENERGY": -459.9800914377599,
    "HF TOTAL ENERGY": -459.9800914377599,
    "LCCSD (+LMP2) TOTAL ENERGY": -460.1563620007134,
    "MP2 CORRELATION ENERGY": -0.11920997419455659,
    "MP2 OPPOSITE-SPIN CORRELATION ENERGY": -0.09606773554248794,
    "MP2 SAME-SPIN CORRELATION ENERGY": -0.023142238652068645,
    "MP2 TOTAL ENERGY": -460.09930141195497,
    "NUCLEAR REPULSION ENERGY": 4.692546536557301,
    "ONE-ELECTRON ENERGY": -645.0594145674545,
    "PCM POLARIZATION ENERGY": 0.0,
    "PE ENERGY": 0.0,
    "SCF DIPOLE X": 0.0,
    "SCF DIPOLE Y": 0.0,
    "SCF DIPOLE Z": -2.351771756829908,
    "SCF ITERATION ENERGY": -459.9800914377599,
    "SCF ITERATIONS": 9.0,
    "SCF TOTAL ENERGY": -459.9800914377599,
    "TWO-ELECTRON ENERGY": 180.3867765931373
}