{
    "CC D1 DIAGNOSTIC": 0.02684968471829761,
    "CC D2 DIAGNOSTIC": 0.1949812411403642,
    "CC NEW D1 DIAGNOSTIC": 0.02684968471829761,
    "CC T1 DIAGNOSTIC": 0.0076388958516877955,
    "CCSD CORRELATION ENERGY": -0.12457464349560873,
    "CCSD OPPOSITE-SPIN CORRELATION ENERGY": -0.10415738763390911,
    "CCSD SAME-SPIN CORRELATION ENERGY": -0.020417255861699457,
    "CCSD TOTAL ENERGY": -460.1543604066904,
    "CURRENT CORRELATION ENERGY": -0.12457464349560873,
    "CURRENT DIPOLE X": 0.0,
    "CURRENT DIPOLE Y": 0.0,
    "CURRENT DIPOLE Z": -2.100217076988523,
    "CURRENT ENERGY": -460.1543604066904,
    "CURRENT REFERENCE ENERGY": -460.0297857631947,
    "HF TOTAL ENERGY": -460.0297857631947,
    "LCCSD (+LMP2) TOTAL ENERGY": -460.153962540402,
    "MP2 CORRELATION ENERGY": -0.11091607690539425,
    "MP2 OPPOSITE-SPIN CORRELATION ENERGY": -0.08882245353720401,
    "MP2 SAME-SPIN CORRELATION ENERGY": -0.022093623368190235,
    "MP2 TOTAL ENERGY": -460.1407018401001,
    "NUCLEAR REPULSION ENERGY": 5.4914309929343865,
    "ONE-ELECTRON ENERGY": -646.6244782815223,
    "PCM POLARIZATION ENERGY": 0.0,
    "PE ENERGY": 0.0,
    "SCF DIPOLE X": 0.0,
    "SCF DIPOLE Y": 0.0,
    "SCF DIPOLE Z": -2.100217076988523,
    "SCF ITERATION ENERGY": -460.0297857631947,
    "SCF ITERATIONS": 9.0,
    "SCF TOTAL ENERGY": -460.0297857631947,
    "TWO-ELECTRON ENERGY": 181.1032615253932
}