{
    "CURRENT CORRELATION ENERGY": -0.15588826293881652,
    "CURRENT DIPOLE X": 0.0,
    "CURRENT DIPOLE Y": 0.0,
    "CURRENT DIPOLE Z": -2.290852303575376,
    "CURRENT ENERGY": -76.16393843281868,
    "CURRENT REFERENCE ENERGY": -76.00805016987987,
    "CUSTOM SCS-MP2 CORRELATION ENERGY": -0.15698203018494858,
    "CUSTOM SCS-MP2 TOTAL ENERGY": -76.16503220006481,
    "HF TOTAL ENERGY": -76.00805016987987,
    "MP2 CORRELATION ENERGY": -0.15588826293881652,
    "MP2 OPPOSITE-SPIN CORRELATION ENERGY": -0.12117608754462733,
    "MP2 SAME-SPIN CORRELATION ENERGY": -0.03471217539418738,
    "MP2 TOTAL ENERGY": -76.16393843281868,
    "NUCLEAR REPULSION ENERGY": 9.135937421171512,
    "ONE-ELECTRON ENERGY": -123.00143792074257,
    "PCM POLARIZATION ENERGY": 0.0,
    "PE ENERGY": 0.0,
    "SCF DIPOLE X": 0.0,
    "SCF DIPOLE Y": 0.0,
    "SCF DIPOLE Z": -2.290852303575376,
    "SCF ITERATION ENERGY": -76.00805016987987,
    "SCF ITERATIONS": 10.0,
    "SCF TOTAL ENERGY": -76.00805016987987,
    "SCS-MP2 CORRELATION ENERGY": -0.15698203018494858,
    "SCS-MP2 TOTAL ENERGY": -76.16503220006481,
    "SCS-MP2-VDW CORRELATION ENERGY": -0.17246147975421877,
    "SCS-MP2-VDW TOTAL ENERGY": -76.18051164963408,
    "SCSN-MP2 CORRELATION ENERGY": -0.06109342869376633,
    "SCSN-MP2 TOTAL ENERGY": -76.06914359857363,
    "SOS-MP2 CORRELATION ENERGY": 0.0,
    "SOS-MP2 TOTAL ENERGY": -76.00805016987987,
    "SOS-PI-MP2 CORRELATION ENERGY": -0.16964652256247348,
    "SOS-PI-MP2 TOTAL ENERGY": -76.17769669244234,
    "TWO-ELECTRON ENERGY": 37.85745032969119
}