{
    "CC D1 DIAGNOSTIC": 0.04532417601896536,
    "CC D2 DIAGNOSTIC": 0.28328185559840113,
    "CC NEW D1 DIAGNOSTIC": 0.04532417601896536,
    "CC T1 DIAGNOSTIC": 0.014102729988819958,
    "CCSD CORRELATION ENERGY": -0.3349965532069679,
    "CCSD OPPOSITE-SPIN CORRELATION ENERGY": -0.27505013854363425,
    "CCSD SAME-SPIN CORRELATION ENERGY": -0.05994641466333367,
    "CCSD TOTAL ENERGY": -149.83143033450625,
    "CURRENT CORRELATION ENERGY": -0.3349965532069679,
    "CURRENT DIPOLE X": 0.0,
    "CURRENT DIPOLE Y": 0.0,
    "CURRENT DIPOLE Z": 0.0,
    "CURRENT ENERGY": -149.83143033450625,
    "CURRENT REFERENCE ENERGY": -149.49643378129946,
    "HF TOTAL ENERGY": -149.49643378129946,
    "LCCSD (+LMP2) TOTAL ENERGY": -149.88135114386412,
    "MP2 CORRELATION ENERGY": -0.35217630477734135,
    "MP2 OPPOSITE-SPIN CORRELATION ENERGY": -0.26416917946276136,
    "MP2 SAME-SPIN CORRELATION ENERGY": -0.08800712531457999,
    "MP2 TOTAL ENERGY": -149.84861008607663,
    "NUCLEAR REPULSION ENERGY": 26.071957273087506,
    "ONE-ELECTRON ENERGY": -257.41753734349754,
    "PCM POLARIZATION ENERGY": 0.0,
    "PE ENERGY": 0.0,
    "SCF DIPOLE X": 0.0,
    "SCF DIPOLE Y": 0.0,
    "SCF DIPOLE Z": 0.0,
    "SCF ITERATION ENERGY": -149.49643378129946,
    "SCF ITERATIONS": 9.0,
    "SCF TOTAL ENERGY": -149.49643378129946,
    "TWO-ELECTRON ENERGY": 81.8491462891106
}