{
    "CC D1 DIAGNOSTIC": 0.032999103578839985,
    "CC D2 DIAGNOSTIC": 0.2383789592564834,
    "CC NEW D1 DIAGNOSTIC": 0.032999103578839985,
    "CC T1 DIAGNOSTIC": 0.01051164871425152,
    "CCSD CORRELATION ENERGY": -0.29846300312707463,
    "CCSD OPPOSITE-SPIN CORRELATION ENERGY": -0.2420678734420981,
    "CCSD SAME-SPIN CORRELATION ENERGY": -0.056395129684976314,
    "CCSD TOTAL ENERGY": -149.80309067984714,
    "CURRENT CORRELATION ENERGY": -0.29846300312707463,
    "CURRENT DIPOLE X": 0.0,
    "CURRENT DIPOLE Y": 0.0,
    "CURRENT DIPOLE Z": 0.0,
    "CURRENT ENERGY": -149.80309067984714,
    "CURRENT REFERENCE ENERGY": -149.50462767672045,
    "HF TOTAL ENERGY": -149.50462767672045,
    "LCCSD (+LMP2) TOTAL ENERGY": -149.84736536913624,
    "MP2 CORRELATION ENERGY": -0.2993773775976283,
    "MP2 OPPOSITE-SPIN CORRELATION ENERGY": -0.22687690365825058,
    "MP2 SAME-SPIN CORRELATION ENERGY": -0.0725004739393777,
    "MP2 TOTAL ENERGY": -149.8040050543177,
    "NUCLEAR REPULSION ENERGY": 29.887365654514948,
    "ONE-ELECTRON ENERGY": -264.7216354167738,
    "PCM POLARIZATION ENERGY": 0.0,
    "PE ENERGY": 0.0,
    "SCF DIPOLE X": 0.0,
    "SCF DIPOLE Y": 0.0,
    "SCF DIPOLE Z": 0.0,
    "SCF ITERATION ENERGY": -149.50462767672045,
    "SCF ITERATIONS": 9.0,
    "SCF TOTAL ENERGY": -149.50462767672045,
    "TWO-ELECTRON ENERGY": 85.32964208553838
}