{
    "CC D1 DIAGNOSTIC": 0.010950260722091161,
    "CC D2 DIAGNOSTIC": 0.11646518449339474,
    "CC NEW D1 DIAGNOSTIC": 0.010950260722091161,
    "CC T1 DIAGNOSTIC": 0.005278302754300363,
    "CCSD CORRELATION ENERGY": -0.22531595460326284,
    "CCSD OPPOSITE-SPIN CORRELATION ENERGY": -0.18021843961955386,
    "CCSD SAME-SPIN CORRELATION ENERGY": -0.04509751498370909,
    "CCSD TOTAL ENERGY": -108.56816014213005,
    "CURRENT CORRELATION ENERGY": -0.22531595460326284,
    "CURRENT DIPOLE X": 0.0,
    "CURRENT DIPOLE Y": 0.0,
    "CURRENT DIPOLE Z": 2.821905433653156e-16,
    "CURRENT ENERGY": -108.56816014213005,
    "CURRENT REFERENCE ENERGY": -108.34284418752682,
    "HF TOTAL ENERGY": -108.34284418752682,
    "LCCSD (+LMP2) TOTAL ENERGY": -108.61593685549298,
    "MP2 CORRELATION ENERGY": -0.21939996244010654,
    "MP2 OPPOSITE-SPIN CORRELATION ENERGY": -0.1676709479488058,
    "MP2 SAME-SPIN CORRELATION ENERGY": -0.05172901449130074,
    "MP2 TOTAL ENERGY": -108.5622441499669,
    "NUCLEAR REPULSION ENERGY": 32.65827203318462,
    "ONE-ELECTRON ENERGY": -210.2518151693503,
    "PCM POLARIZATION ENERGY": 0.0,
    "PE ENERGY": 0.0,
    "SCF DIPOLE X": 0.0,
    "SCF DIPOLE Y": 0.0,
    "SCF DIPOLE Z": 2.821905433653156e-16,
    "SCF ITERATION ENERGY": -108.34284418752682,
    "SCF ITERATIONS": 8.0,
    "SCF TOTAL ENERGY": -108.34284418752682,
    "TWO-ELECTRON ENERGY": 69.25069894863884
}