{
    "CC D1 DIAGNOSTIC": 0.033032075111002146,
    "CC D2 DIAGNOSTIC": 0.2107257814747858,
    "CC NEW D1 DIAGNOSTIC": 0.033032075111002146,
    "CC T1 DIAGNOSTIC": 0.010794337092143835,
    "CCSD CORRELATION ENERGY": -0.289401431001856,
    "CCSD OPPOSITE-SPIN CORRELATION ENERGY": -0.2417223833319762,
    "CCSD SAME-SPIN CORRELATION ENERGY": -0.04767904766987985,
    "CCSD TOTAL ENERGY": -110.24227956081053,
    "CURRENT CORRELATION ENERGY": -0.289401431001856,
    "CURRENT DIPOLE X": 1.1287621734612623e-15,
    "CURRENT DIPOLE Y": -1.6931432601918935e-15,
    "CURRENT DIPOLE Z": 0.31059570894527433,
    "CURRENT ENERGY": -110.24227956081053,
    "CURRENT REFERENCE ENERGY": -109.95287812980864,
    "HF TOTAL ENERGY": -109.95287812980864,
    "LCCSD (+LMP2) TOTAL ENERGY": -110.24217156766238,
    "MP2 CORRELATION ENERGY": -0.2752973747373011,
    "MP2 OPPOSITE-SPIN CORRELATION ENERGY": -0.21504235369215924,
    "MP2 SAME-SPIN CORRELATION ENERGY": -0.060255021045141854,
    "MP2 TOTAL ENERGY": -110.22817550454599,
    "NUCLEAR REPULSION ENERGY": 32.111922612203365,
    "ONE-ELECTRON ENERGY": -212.46822382853264,
    "PCM POLARIZATION ENERGY": 0.0,
    "PE ENERGY": 0.0,
    "SCF DIPOLE X": 1.1287621734612623e-15,
    "SCF DIPOLE Y": -1.6931432601918935e-15,
    "SCF DIPOLE Z": 0.31059570894527433,
    "SCF ITERATION ENERGY": -109.95287812980864,
    "SCF ITERATIONS": 10.0,
    "SCF TOTAL ENERGY": -109.95287812980864,
    "TWO-ELECTRON ENERGY": 70.40342308652065
}