{
    "CC D1 DIAGNOSTIC": 0.026441500709546702,
    "CC D2 DIAGNOSTIC": 0.15389899904343135,
    "CC NEW D1 DIAGNOSTIC": 0.026441500709546702,
    "CC T1 DIAGNOSTIC": 0.009479177528345146,
    "CCSD CORRELATION ENERGY": -0.17266616734398804,
    "CCSD OPPOSITE-SPIN CORRELATION ENERGY": -0.14004600704505976,
    "CCSD SAME-SPIN CORRELATION ENERGY": -0.032620160298928225,
    "CCSD TOTAL ENERGY": -100.15970146692514,
    "CURRENT CORRELATION ENERGY": -0.17266616734398804,
    "CURRENT DIPOLE X": 0.0,
    "CURRENT DIPOLE Y": 0.0,
    "CURRENT DIPOLE Z": -2.6123043260966203,
    "CURRENT ENERGY": -100.15970146692514,
    "CURRENT REFERENCE ENERGY": -99.98703529958115,
    "HF TOTAL ENERGY": -99.98703529958115,
    "LCCSD (+LMP2) TOTAL ENERGY": -100.15970146692514,
    "MP2 CORRELATION ENERGY": -0.17095335209784707,
    "MP2 OPPOSITE-SPIN CORRELATION ENERGY": -0.13009129001878517,
    "MP2 SAME-SPIN CORRELATION ENERGY": -0.0408620620790619,
    "MP2 TOTAL ENERGY": -100.157988651679,
    "NUCLEAR REPULSION ENERGY": 4.202910795166165,
    "ONE-ELECTRON ENERGY": -148.90279405466012,
    "PCM POLARIZATION ENERGY": 0.0,
    "PE ENERGY": 0.0,
    "SCF DIPOLE X": 0.0,
    "SCF DIPOLE Y": 0.0,
    "SCF DIPOLE Z": -2.6123043260966203,
    "SCF ITERATION ENERGY": -99.98703529958115,
    "SCF ITERATIONS": 10.0,
    "SCF TOTAL ENERGY": -99.98703529958115,
    "TWO-ELECTRON ENERGY": 44.71284795991281
}