{
    "CC D1 DIAGNOSTIC": 0.026640066598193183,
    "CC D2 DIAGNOSTIC": 0.09323322377444725,
    "CC NEW D1 DIAGNOSTIC": 0.026640066598193183,
    "CC T1 DIAGNOSTIC": 0.013434335675573672,
    "CCSD CORRELATION ENERGY": -0.17460219869080515,
    "CCSD OPPOSITE-SPIN CORRELATION ENERGY": -0.13905658874680143,
    "CCSD SAME-SPIN CORRELATION ENERGY": -0.03554560994400374,
    "CCSD TOTAL ENERGY": -106.87438524445675,
    "CURRENT CORRELATION ENERGY": -0.17460219869080515,
    "CURRENT DIPOLE X": 0.0,
    "CURRENT DIPOLE Y": 0.0,
    "CURRENT DIPOLE Z": -4.116002741602191,
    "CURRENT ENERGY": -106.87438524445675,
    "CURRENT REFERENCE ENERGY": -106.69978304576594,
    "HF TOTAL ENERGY": -106.69978304576594,
    "LCCSD (+LMP2) TOTAL ENERGY": -106.97352993344643,
    "MP2 CORRELATION ENERGY": -0.17489982538047227,
    "MP2 OPPOSITE-SPIN CORRELATION ENERGY": -0.1322760088558349,
    "MP2 SAME-SPIN CORRELATION ENERGY": -0.04262381652463737,
    "MP2 TOTAL ENERGY": -106.87468287114642,
    "NUCLEAR REPULSION ENERGY": 13.802277441407332,
    "ONE-ELECTRON ENERGY": -177.74774163466404,
    "PCM POLARIZATION ENERGY": 0.0,
    "PE ENERGY": 0.0,
    "SCF DIPOLE X": 0.0,
    "SCF DIPOLE Y": 0.0,
    "SCF DIPOLE Z": -4.116002741602191,
    "SCF ITERATION ENERGY": -106.69978304576594,
    "SCF ITERATIONS": 10.0,
    "SCF TOTAL ENERGY": -106.69978304576594,
    "TWO-ELECTRON ENERGY": 57.24568114749075
}