{
    "CC D1 DIAGNOSTIC": 0.025506921398446635,
    "CC D2 DIAGNOSTIC": 0.18940285655241645,
    "CC NEW D1 DIAGNOSTIC": 0.025506921398446635,
    "CC T1 DIAGNOSTIC": 0.007374314117242661,
    "CCSD CORRELATION ENERGY": -0.12360660564505886,
    "CCSD OPPOSITE-SPIN CORRELATION ENERGY": -0.10322067049058951,
    "CCSD SAME-SPIN CORRELATION ENERGY": -0.02038593515446939,
    "CCSD TOTAL ENERGY": -460.15721674668424,
    "CURRENT CORRELATION ENERGY": -0.12360660564505886,
    "CURRENT DIPOLE X": 0.0,
    "CURRENT DIPOLE Y": 0.0,
    "CURRENT DIPOLE Z": -2.082943551267867,
    "CURRENT ENERGY": -460.15721674668424,
    "CURRENT REFERENCE ENERGY": -460.0336101410391,
    "HF TOTAL ENERGY": -460.03361014103905,
    "LCCSD (+LMP2) TOTAL ENERGY": -460.15534124277445,
    "MP2 CORRELATION ENERGY": -0.11027857600818297,
    "MP2 OPPOSITE-SPIN CORRELATION ENERGY": -0.08827933860560833,
    "MP2 SAME-SPIN CORRELATION ENERGY": -0.021999237402574645,
    "MP2 TOTAL ENERGY": -460.14388871704733,
    "NUCLEAR REPULSION ENERGY": 5.568293946179192,
    "ONE-ELECTRON ENERGY": -646.7745502628098,
    "PCM POLARIZATION ENERGY": 0.0,
    "PE ENERGY": 0.0,
    "SCF DIPOLE X": 0.0,
    "SCF DIPOLE Y": 0.0,
    "SCF DIPOLE Z": -2.082943551267867,
    "SCF ITERATION ENERGY": -460.0336101410391,
    "SCF ITERATIONS": 9.0,
    "SCF TOTAL ENERGY": -460.0336101410391,
    "TWO-ELECTRON ENERGY": 181.17264617559158
}