{
    "CC D1 DIAGNOSTIC": 0.49313265915099774,
    "CC D2 DIAGNOSTIC": 0.4607767502836708,
    "CC NEW D1 DIAGNOSTIC": 0.49313265915099774,
    "CC T1 DIAGNOSTIC": 0.16237811702616398,
    "CCSD CORRELATION ENERGY": -0.4652590763639766,
    "CCSD OPPOSITE-SPIN CORRELATION ENERGY": -0.3580817065031991,
    "CCSD SAME-SPIN CORRELATION ENERGY": -0.1071773698607758,
    "CCSD TOTAL ENERGY": -187.5346252843268,
    "CURRENT CORRELATION ENERGY": -0.4652590763639766,
    "CURRENT DIPOLE X": 0.0,
    "CURRENT DIPOLE Y": 0.0,
    "CURRENT DIPOLE Z": 0.0,
    "CURRENT ENERGY": -187.5346252843268,
    "CURRENT REFERENCE ENERGY": -187.06936620796128,
    "HF TOTAL ENERGY": -187.06936620796128,
    "LCCSD (+LMP2) TOTAL ENERGY": -187.53495561412433,
    "MP2 CORRELATION ENERGY": -0.3332158599818791,
    "MP2 OPPOSITE-SPIN CORRELATION ENERGY": -0.2636931256794461,
    "MP2 SAME-SPIN CORRELATION ENERGY": -0.069522734302433,
    "MP2 TOTAL ENERGY": -187.40258206794473,
    "NUCLEAR REPULSION ENERGY": 34.124561797939855,
    "ONE-ELECTRON ENERGY": -324.79295196850677,
    "PCM POLARIZATION ENERGY": 0.0,
    "PE ENERGY": 0.0,
    "SCF DIPOLE X": 0.0,
    "SCF DIPOLE Y": 0.0,
    "SCF DIPOLE Z": 0.0,
    "SCF ITERATION ENERGY": -187.06936620796128,
    "SCF ITERATIONS": 13.0,
    "SCF TOTAL ENERGY": -187.06936620796128,
    "TWO-ELECTRON ENERGY": 103.59902396260563
}