{
    "CC D1 DIAGNOSTIC": 0.04932767082619824,
    "CC D2 DIAGNOSTIC": 0.16056841743417355,
    "CC NEW D1 DIAGNOSTIC": 0.04932767082619824,
    "CC T1 DIAGNOSTIC": 0.019570588181547516,
    "CCSD CORRELATION ENERGY": -0.25965873612707424,
    "CCSD OPPOSITE-SPIN CORRELATION ENERGY": -0.2092094578076902,
    "CCSD SAME-SPIN CORRELATION ENERGY": -0.05044927831938403,
    "CCSD TOTAL ENERGY": -112.95684707806502,
    "CURRENT CORRELATION ENERGY": -0.25965873612707424,
    "CURRENT DIPOLE X": 0.0,
    "CURRENT DIPOLE Y": 0.0,
    "CURRENT DIPOLE Z": -0.6323812299112441,
    "CURRENT ENERGY": -112.95684707806502,
    "CURRENT REFERENCE ENERGY": -112.69718834193792,
    "HF TOTAL ENERGY": -112.69718834193792,
    "LCCSD (+LMP2) TOTAL ENERGY": -112.95686839720646,
    "MP2 CORRELATION ENERGY": -0.26462250140593113,
    "MP2 OPPOSITE-SPIN CORRELATION ENERGY": -0.19915182554069696,
    "MP2 SAME-SPIN CORRELATION ENERGY": -0.06547067586523417,
    "MP2 TOTAL ENERGY": -112.96181084334387,
    "NUCLEAR REPULSION ENERGY": 21.97695963617322,
    "ONE-ELECTRON ENERGY": -196.8347937363991,
    "PCM POLARIZATION ENERGY": 0.0,
    "PE ENERGY": 0.0,
    "SCF DIPOLE X": 0.0,
    "SCF DIPOLE Y": 0.0,
    "SCF DIPOLE Z": -0.6323812299112441,
    "SCF ITERATION ENERGY": -112.69718834193792,
    "SCF ITERATIONS": 10.0,
    "SCF TOTAL ENERGY": -112.69718834193792,
    "TWO-ELECTRON ENERGY": 62.16064575828797
}