{
    "CC D1 DIAGNOSTIC": 0.0111480642076686,
    "CC D2 DIAGNOSTIC": 0.08899601291304621,
    "CC NEW D1 DIAGNOSTIC": 0.0111480642076686,
    "CC T1 DIAGNOSTIC": 0.00429719665609557,
    "CCSD CORRELATION ENERGY": -0.1052446946972895,
    "CCSD OPPOSITE-SPIN CORRELATION ENERGY": -0.08641020554139174,
    "CCSD SAME-SPIN CORRELATION ENERGY": -0.018834489155897402,
    "CCSD TOTAL ENERGY": -460.0655115442058,
    "CURRENT CORRELATION ENERGY": -0.1052446946972895,
    "CURRENT DIPOLE X": 0.0,
    "CURRENT DIPOLE Y": 0.0,
    "CURRENT DIPOLE Z": -1.7435389249869875,
    "CURRENT ENERGY": -460.0655115442058,
    "CURRENT REFERENCE ENERGY": -459.96026684950823,
    "HF TOTAL ENERGY": -459.96026684950823,
    "LCCSD (+LMP2) TOTAL ENERGY": -460.06510858180127,
    "MP2 CORRELATION ENERGY": -0.09694252486066507,
    "MP2 OPPOSITE-SPIN CORRELATION ENERGY": -0.07758257472712188,
    "MP2 SAME-SPIN CORRELATION ENERGY": -0.01935995013354319,
    "MP2 TOTAL ENERGY": -460.05720937436917,
    "NUCLEAR REPULSION ENERGY": 9.157066515072177,
    "ONE-ELECTRON ENERGY": -653.4194193765472,
    "PCM POLARIZATION ENERGY": 0.0,
    "PE ENERGY": 0.0,
    "SCF DIPOLE X": 0.0,
    "SCF DIPOLE Y": 0.0,
    "SCF DIPOLE Z": -1.7435389249869875,
    "SCF ITERATION ENERGY": -459.96026684950823,
    "SCF ITERATIONS": 8.0,
    "SCF TOTAL ENERGY": -459.96026684950823,
    "TWO-ELECTRON ENERGY": 184.30208601196682
}