{
    "CC D1 DIAGNOSTIC": 0.011116069481197892,
    "CC D2 DIAGNOSTIC": 0.08731248028304497,
    "CC NEW D1 DIAGNOSTIC": 0.011116069481197892,
    "CC T1 DIAGNOSTIC": 0.0042790112332731604,
    "CCSD CORRELATION ENERGY": -0.10498104068872526,
    "CCSD OPPOSITE-SPIN CORRELATION ENERGY": -0.0861898577943013,
    "CCSD SAME-SPIN CORRELATION ENERGY": -0.01879118289442404,
    "CCSD TOTAL ENERGY": -460.04376038217634,
    "CURRENT CORRELATION ENERGY": -0.10498104068872526,
    "CURRENT DIPOLE X": 0.0,
    "CURRENT DIPOLE Y": 0.0,
    "CURRENT DIPOLE Z": -1.731751892678521,
    "CURRENT ENERGY": -460.04376038217634,
    "CURRENT REFERENCE ENERGY": -459.9387793414878,
    "HF TOTAL ENERGY": -459.9387793414878,
    "LCCSD (+LMP2) TOTAL ENERGY": -460.04403839272203,
    "MP2 CORRELATION ENERGY": -0.0967206733933654,
    "MP2 OPPOSITE-SPIN CORRELATION ENERGY": -0.07742559387837845,
    "MP2 SAME-SPIN CORRELATION ENERGY": -0.01929507951498695,
    "MP2 TOTAL ENERGY": -460.035500014881,
    "NUCLEAR REPULSION ENERGY": 9.37280891987754,
    "ONE-ELECTRON ENERGY": -653.7898797462334,
    "PCM POLARIZATION ENERGY": 0.0,
    "PE ENERGY": 0.0,
    "SCF DIPOLE X": 0.0,
    "SCF DIPOLE Y": 0.0,
    "SCF DIPOLE Z": -1.731751892678521,
    "SCF ITERATION ENERGY": -459.9387793414878,
    "SCF ITERATIONS": 8.0,
    "SCF TOTAL ENERGY": -459.9387793414878,
    "TWO-ELECTRON ENERGY": 184.47829148486798
}