{
    "CC D1 DIAGNOSTIC": 0.010453486557835578,
    "CC D2 DIAGNOSTIC": 0.10269478251405559,
    "CC NEW D1 DIAGNOSTIC": 0.010453486557835578,
    "CC T1 DIAGNOSTIC": 0.004621893084333509,
    "CCSD CORRELATION ENERGY": -0.20988696085003783,
    "CCSD OPPOSITE-SPIN CORRELATION ENERGY": -0.16639513179492216,
    "CCSD SAME-SPIN CORRELATION ENERGY": -0.04349182905511556,
    "CCSD TOTAL ENERGY": -106.01588997362154,
    "CURRENT CORRELATION ENERGY": -0.20988696085003783,
    "CURRENT DIPOLE X": 0.0,
    "CURRENT DIPOLE Y": 0.0,
    "CURRENT DIPOLE Z": 0.0,
    "CURRENT ENERGY": -106.01588997362154,
    "CURRENT REFERENCE ENERGY": -105.80600301277158,
    "HF TOTAL ENERGY": -105.80600301277158,
    "LCCSD (+LMP2) TOTAL ENERGY": -106.01192369748352,
    "MP2 CORRELATION ENERGY": -0.2007260976626156,
    "MP2 OPPOSITE-SPIN CORRELATION ENERGY": -0.1538944519099331,
    "MP2 SAME-SPIN CORRELATION ENERGY": -0.046831645752682505,
    "MP2 TOTAL ENERGY": -106.00672911043411,
    "NUCLEAR REPULSION ENERGY": 44.482818803820436,
    "ONE-ELECTRON ENERGY": -228.0125281798688,
    "PCM POLARIZATION ENERGY": 0.0,
    "PE ENERGY": 0.0,
    "SCF DIPOLE X": 0.0,
    "SCF DIPOLE Y": 0.0,
    "SCF DIPOLE Z": 0.0,
    "SCF ITERATION ENERGY": -105.80600301277158,
    "SCF ITERATIONS": 9.0,
    "SCF TOTAL ENERGY": -105.80600301277158,
    "TWO-ELECTRON ENERGY": 77.72370636327679
}