{
    "CC D1 DIAGNOSTIC": 0.02129338068680893,
    "CC D2 DIAGNOSTIC": 0.1606922905427074,
    "CC NEW D1 DIAGNOSTIC": 0.02129338068680893,
    "CC T1 DIAGNOSTIC": 0.009083221018629127,
    "CCSD CORRELATION ENERGY": -0.26224997622214696,
    "CCSD OPPOSITE-SPIN CORRELATION ENERGY": -0.21189222459360366,
    "CCSD SAME-SPIN CORRELATION ENERGY": -0.05035775162854331,
    "CCSD TOTAL ENERGY": -109.14764623758252,
    "CURRENT CORRELATION ENERGY": -0.26224997622214696,
    "CURRENT DIPOLE X": 0.0,
    "CURRENT DIPOLE Y": 0.0,
    "CURRENT DIPOLE Z": -5.643810867306312e-16,
    "CURRENT ENERGY": -109.14764623758252,
    "CURRENT REFERENCE ENERGY": -108.88539626136038,
    "HF TOTAL ENERGY": -108.88539626136038,
    "LCCSD (+LMP2) TOTAL ENERGY": -109.11856480571478,
    "MP2 CORRELATION ENERGY": -0.26794630547480147,
    "MP2 OPPOSITE-SPIN CORRELATION ENERGY": -0.2016336933129685,
    "MP2 SAME-SPIN CORRELATION ENERGY": -0.06631261216183298,
    "MP2 TOTAL ENERGY": -109.15334256683518,
    "NUCLEAR REPULSION ENERGY": 25.048577578850345,
    "ONE-ELECTRON ENERGY": -196.5927526451893,
    "PCM POLARIZATION ENERGY": 0.0,
    "PE ENERGY": 0.0,
    "SCF DIPOLE X": 0.0,
    "SCF DIPOLE Y": 0.0,
    "SCF DIPOLE Z": -5.643810867306312e-16,
    "SCF ITERATION ENERGY": -108.88539626136038,
    "SCF ITERATIONS": 8.0,
    "SCF TOTAL ENERGY": -108.88539626136038,
    "TWO-ELECTRON ENERGY": 62.65877880497858
}