{
    "CURRENT CORRELATION ENERGY": -0.01658533897335368,
    "CURRENT DIPOLE X": 0.0,
    "CURRENT DIPOLE Y": 0.0,
    "CURRENT DIPOLE Z": 6.120007409235282e-15,
    "CURRENT ENERGY": -1.0766889846036471,
    "CURRENT REFERENCE ENERGY": -1.0601036456302935,
    "CUSTOM SCS-MP2 CORRELATION ENERGY": -0.01990240676802435,
    "CUSTOM SCS-MP2 TOTAL ENERGY": -1.0800060523983177,
    "HF TOTAL ENERGY": -1.0601036456302935,
    "MP2 CORRELATION ENERGY": -0.01658533897335368,
    "MP2 OPPOSITE-SPIN CORRELATION ENERGY": -0.016585338973353625,
    "MP2 SAME-SPIN CORRELATION ENERGY": 0.0,
    "MP2 TOTAL ENERGY": -1.0766889846036471,
    "NUCLEAR REPULSION ENERGY": 1.05835442134,
    "ONE-ELECTRON ENERGY": -2.8730594350348135,
    "PCM POLARIZATION ENERGY": 0.0,
    "PE ENERGY": 0.0,
    "SCF DIPOLE X": 0.0,
    "SCF DIPOLE Y": 0.0,
    "SCF DIPOLE Z": 6.120007409235282e-15,
    "SCF ITERATION ENERGY": -1.0601036456302935,
    "SCF ITERATIONS": 6.0,
    "SCF TOTAL ENERGY": -1.0601036456302935,
    "SCS-MP2 CORRELATION ENERGY": -0.01990240676802435,
    "SCS-MP2 TOTAL ENERGY": -1.0800060523983177,
    "SCS-MP2-VDW CORRELATION ENERGY": -0.021229233885892596,
    "SCS-MP2-VDW TOTAL ENERGY": -1.081332879516186,
    "SCSN-MP2 CORRELATION ENERGY": 0.0,
    "SCSN-MP2 TOTAL ENERGY": -1.0601036456302935,
    "SOS-MP2 CORRELATION ENERGY": -0.02156094066535963,
    "SOS-MP2 TOTAL ENERGY": -1.081664586295653,
    "SOS-PI-MP2 CORRELATION ENERGY": -0.02321947456269502,
    "SOS-PI-MP2 TOTAL ENERGY": -1.0833231201929885,
    "TWO-ELECTRON ENERGY": 0.75460136806452
}