{
    "CURRENT CORRELATION ENERGY": -0.7389096433971645,
    "CURRENT DIPOLE X": -2.526070022040029e-14,
    "CURRENT DIPOLE Y": -1.5197913236045075e-14,
    "CURRENT DIPOLE Z": 1.910994359669917e-11,
    "CURRENT ENERGY": -5067.7186854144475,
    "CURRENT REFERENCE ENERGY": -5066.97977577105,
    "CUSTOM SCS-MP2 CORRELATION ENERGY": -0.6808465524613497,
    "CUSTOM SCS-MP2 TOTAL ENERGY": -5067.660622323511,
    "HF TOTAL ENERGY": -5066.979775771049,
    "MP2 CORRELATION ENERGY": -0.7389096433971645,
    "MP2 OPPOSITE-SPIN CORRELATION ENERGY": -0.5013961592257865,
    "MP2 SAME-SPIN CORRELATION ENERGY": -0.23751348417121768,
    "MP2 TOTAL ENERGY": -5067.7186854144475,
    "NUCLEAR REPULSION ENERGY": 1296.4841661415,
    "ONE-ELECTRON ENERGY": -9432.722381178268,
    "PCM POLARIZATION ENERGY": 0.0,
    "PE ENERGY": 0.0,
    "SCF DIPOLE X": -2.526070022040029e-14,
    "SCF DIPOLE Y": -1.5197913236045075e-14,
    "SCF DIPOLE Z": 1.910994359669917e-11,
    "SCF ITERATION ENERGY": -5066.97977577105,
    "SCF ITERATIONS": 10.0,
    "SCF TOTAL ENERGY": -5066.97977577105,
    "SCS-MP2 CORRELATION ENERGY": -0.6808465524613497,
    "SCS-MP2 TOTAL ENERGY": -5067.660622323511,
    "SCS-MP2-VDW CORRELATION ENERGY": -0.760543825894274,
    "SCS-MP2-VDW TOTAL ENERGY": -5067.740319596945,
    "SCSN-MP2 CORRELATION ENERGY": -0.4180237321415916,
    "SCSN-MP2 TOTAL ENERGY": -5067.397799503192,
    "SOS-MP2 CORRELATION ENERGY": -0.6518150069932744,
    "SOS-MP2 TOTAL ENERGY": -5067.631590778044,
    "SOS-PI-MP2 CORRELATION ENERGY": -0.701954622915764,
    "SOS-PI-MP2 TOTAL ENERGY": -5067.681730393966,
    "TWO-ELECTRON ENERGY": 3069.2584392657177
}