{
    "CC D1 DIAGNOSTIC": 0.012904999240132555,
    "CC D2 DIAGNOSTIC": 0.12216295358582677,
    "CC NEW D1 DIAGNOSTIC": 0.012904999240132555,
    "CC T1 DIAGNOSTIC": 0.006833406199139873,
    "CCSD CORRELATION ENERGY": -0.16367291400212705,
    "CCSD OPPOSITE-SPIN CORRELATION ENERGY": -0.13595691710769336,
    "CCSD SAME-SPIN CORRELATION ENERGY": -0.027715996894433714,
    "CCSD TOTAL ENERGY": -76.16312685526148,
    "CURRENT CORRELATION ENERGY": -0.16367291400212705,
    "CURRENT DIPOLE X": 0.0,
    "CURRENT DIPOLE Y": 0.0,
    "CURRENT DIPOLE Z": -2.8147069596456133,
    "CURRENT ENERGY": -76.16312685526148,
    "CURRENT REFERENCE ENERGY": -75.99945394125935,
    "HF TOTAL ENERGY": -75.99945394125936,
    "LCCSD (+LMP2) TOTAL ENERGY": -76.17565757742882,
    "MP2 CORRELATION ENERGY": -0.15759361468708513,
    "MP2 OPPOSITE-SPIN CORRELATION ENERGY": -0.12323076404876258,
    "MP2 SAME-SPIN CORRELATION ENERGY": -0.03436285063832255,
    "MP2 TOTAL ENERGY": -76.15704755594645,
    "NUCLEAR REPULSION ENERGY": 9.20329579544168,
    "ONE-ELECTRON ENERGY": -122.96805028281916,
    "PCM POLARIZATION ENERGY": 0.0,
    "PE ENERGY": 0.0,
    "SCF DIPOLE X": 0.0,
    "SCF DIPOLE Y": 0.0,
    "SCF DIPOLE Z": -2.8147069596456133,
    "SCF ITERATION ENERGY": -75.99945394125935,
    "SCF ITERATIONS": 10.0,
    "SCF TOTAL ENERGY": -75.99945394125935,
    "TWO-ELECTRON ENERGY": 37.765300546118134
}