{
    "CC D1 DIAGNOSTIC": 0.0690824439657196,
    "CC D2 DIAGNOSTIC": 0.4837243674593904,
    "CC NEW D1 DIAGNOSTIC": 0.0690824439657196,
    "CC T1 DIAGNOSTIC": 0.02901331764199235,
    "CCSD CORRELATION ENERGY": -0.46346754983555155,
    "CCSD OPPOSITE-SPIN CORRELATION ENERGY": -0.4482689281349033,
    "CCSD SAME-SPIN CORRELATION ENERGY": -0.015198621700648118,
    "CCSD TOTAL ENERGY": -108.9220270642027,
    "CURRENT CORRELATION ENERGY": -0.46346754983555155,
    "CURRENT DIPOLE X": 0.0,
    "CURRENT DIPOLE Y": 0.0,
    "CURRENT DIPOLE Z": 5.643810867306312e-16,
    "CURRENT ENERGY": -108.9220270642027,
    "CURRENT REFERENCE ENERGY": -108.45855951436658,
    "HF TOTAL ENERGY": -108.45855951436658,
    "LCCSD (+LMP2) TOTAL ENERGY": -108.9220270642027,
    "MP2 CORRELATION ENERGY": -0.6419360013700111,
    "MP2 OPPOSITE-SPIN CORRELATION ENERGY": -0.45292520181325024,
    "MP2 SAME-SPIN CORRELATION ENERGY": -0.1890107995567608,
    "MP2 TOTAL ENERGY": -109.10049551573715,
    "NUCLEAR REPULSION ENERGY": 14.555731964014589,
    "ONE-ELECTRON ENERGY": -175.7193483627139,
    "PCM POLARIZATION ENERGY": 0.0,
    "PE ENERGY": 0.0,
    "SCF DIPOLE X": 0.0,
    "SCF DIPOLE Y": 0.0,
    "SCF DIPOLE Z": 5.643810867306312e-16,
    "SCF ITERATION ENERGY": -108.45855951436658,
    "SCF ITERATIONS": 8.0,
    "SCF TOTAL ENERGY": -108.45855951436658,
    "TWO-ELECTRON ENERGY": 52.70505688433271
}