{
    "CC D1 DIAGNOSTIC": 0.021106763359681136,
    "CC D2 DIAGNOSTIC": 0.12831172660823384,
    "CC NEW D1 DIAGNOSTIC": 0.021106763359681136,
    "CC T1 DIAGNOSTIC": 0.009466978204798583,
    "CCSD CORRELATION ENERGY": -0.22778715548511613,
    "CCSD OPPOSITE-SPIN CORRELATION ENERGY": -0.18250827932444832,
    "CCSD SAME-SPIN CORRELATION ENERGY": -0.045278876160667836,
    "CCSD TOTAL ENERGY": -112.67929385459558,
    "CURRENT CORRELATION ENERGY": -0.22778715548511613,
    "CURRENT DIPOLE X": 0.0,
    "CURRENT DIPOLE Y": 0.0,
    "CURRENT DIPOLE Z": 0.5590640319963655,
    "CURRENT ENERGY": -112.67929385459558,
    "CURRENT REFERENCE ENERGY": -112.45150669911042,
    "HF TOTAL ENERGY": -112.45150669911042,
    "LCCSD (+LMP2) TOTAL ENERGY": -112.68702877100591,
    "MP2 CORRELATION ENERGY": -0.22266769731646638,
    "MP2 OPPOSITE-SPIN CORRELATION ENERGY": -0.1699286186395555,
    "MP2 SAME-SPIN CORRELATION ENERGY": -0.05273907867691088,
    "MP2 TOTAL ENERGY": -112.67417439642693,
    "NUCLEAR REPULSION ENERGY": 28.71989043363545,
    "ONE-ELECTRON ENERGY": -209.13185781276343,
    "PCM POLARIZATION ENERGY": 0.0,
    "PE ENERGY": 0.0,
    "SCF DIPOLE X": 0.0,
    "SCF DIPOLE Y": 0.0,
    "SCF DIPOLE Z": 0.5590640319963655,
    "SCF ITERATION ENERGY": -112.45150669911042,
    "SCF ITERATIONS": 9.0,
    "SCF TOTAL ENERGY": -112.45150669911042,
    "TWO-ELECTRON ENERGY": 67.96046068001756
}