{
    "CC D1 DIAGNOSTIC": 0.12010205640220593,
    "CC D2 DIAGNOSTIC": 0.20092755330202752,
    "CC NEW D1 DIAGNOSTIC": 0.12010205640220593,
    "CC T1 DIAGNOSTIC": 0.04760631563065081,
    "CCSD CORRELATION ENERGY": -0.30041011519597005,
    "CCSD OPPOSITE-SPIN CORRELATION ENERGY": -0.2426761711784135,
    "CCSD SAME-SPIN CORRELATION ENERGY": -0.05773394401755649,
    "CCSD TOTAL ENERGY": -112.85589164675955,
    "CURRENT CORRELATION ENERGY": -0.30041011519597005,
    "CURRENT DIPOLE X": 0.0,
    "CURRENT DIPOLE Y": 0.0,
    "CURRENT DIPOLE Z": -2.189147636291803,
    "CURRENT ENERGY": -112.85589164675955,
    "CURRENT REFERENCE ENERGY": -112.55548153156387,
    "HF TOTAL ENERGY": -112.55548153156386,
    "LCCSD (+LMP2) TOTAL ENERGY": -112.85384920745307,
    "MP2 CORRELATION ENERGY": -0.32243201262003507,
    "MP2 OPPOSITE-SPIN CORRELATION ENERGY": -0.23834016050817688,
    "MP2 SAME-SPIN CORRELATION ENERGY": -0.08409185211185818,
    "MP2 TOTAL ENERGY": -112.87791354418361,
    "NUCLEAR REPULSION ENERGY": 17.251538280955085,
    "ONE-ELECTRON ENERGY": -187.80186042048146,
    "PCM POLARIZATION ENERGY": 0.0,
    "PE ENERGY": 0.0,
    "SCF DIPOLE X": 0.0,
    "SCF DIPOLE Y": 0.0,
    "SCF DIPOLE Z": -2.189147636291803,
    "SCF ITERATION ENERGY": -112.55548153156387,
    "SCF ITERATIONS": 11.0,
    "SCF TOTAL ENERGY": -112.55548153156387,
    "TWO-ELECTRON ENERGY": 57.99484060796251
}