{
    "CC D1 DIAGNOSTIC": 0.16077622675838876,
    "CC D2 DIAGNOSTIC": 0.20420994068190826,
    "CC NEW D1 DIAGNOSTIC": 0.16077622675838876,
    "CC T1 DIAGNOSTIC": 0.05209207203229256,
    "CCSD CORRELATION ENERGY": -0.4751248063769223,
    "CCSD OPPOSITE-SPIN CORRELATION ENERGY": -0.37486488076730484,
    "CCSD SAME-SPIN CORRELATION ENERGY": -0.100259925609617,
    "CCSD TOTAL ENERGY": -187.80346944580668,
    "CURRENT CORRELATION ENERGY": -0.4751248063769223,
    "CURRENT DIPOLE X": 0.0,
    "CURRENT DIPOLE Y": 0.0,
    "CURRENT DIPOLE Z": 0.0,
    "CURRENT ENERGY": -187.80346944580668,
    "CURRENT REFERENCE ENERGY": -187.32834463942947,
    "HF TOTAL ENERGY": -187.32834463942947,
    "LCCSD (+LMP2) TOTAL ENERGY": -187.8033785819469,
    "MP2 CORRELATION ENERGY": -0.4896041696928978,
    "MP2 OPPOSITE-SPIN CORRELATION ENERGY": -0.3600942838198675,
    "MP2 SAME-SPIN CORRELATION ENERGY": -0.12950988587303025,
    "MP2 TOTAL ENERGY": -187.81794880912267,
    "NUCLEAR REPULSION ENERGY": 44.85591317865637,
    "ONE-ELECTRON ENERGY": -345.4387626458972,
    "PCM POLARIZATION ENERGY": 0.0,
    "PE ENERGY": 0.0,
    "SCF DIPOLE X": 0.0,
    "SCF DIPOLE Y": 0.0,
    "SCF DIPOLE Z": 0.0,
    "SCF ITERATION ENERGY": -187.32834463942947,
    "SCF ITERATIONS": 11.0,
    "SCF TOTAL ENERGY": -187.32834463942947,
    "TWO-ELECTRON ENERGY": 113.25450482781139
}