{
    "CC D1 DIAGNOSTIC": 0.03623508409631809,
    "CC D2 DIAGNOSTIC": 0.0956465063303919,
    "CC NEW D1 DIAGNOSTIC": 0.03623508409631809,
    "CC T1 DIAGNOSTIC": 0.015833829726099813,
    "CCSD CORRELATION ENERGY": -0.17869382948308593,
    "CCSD OPPOSITE-SPIN CORRELATION ENERGY": -0.14312026077588244,
    "CCSD SAME-SPIN CORRELATION ENERGY": -0.03557356870720352,
    "CCSD TOTAL ENERGY": -107.13371427366255,
    "CURRENT CORRELATION ENERGY": -0.17869382948308593,
    "CURRENT DIPOLE X": 0.0,
    "CURRENT DIPOLE Y": 0.0,
    "CURRENT DIPOLE Z": -5.92511557277866,
    "CURRENT ENERGY": -107.13371427366255,
    "CURRENT REFERENCE ENERGY": -106.95502044417951,
    "HF TOTAL ENERGY": -106.95502044417951,
    "LCCSD (+LMP2) TOTAL ENERGY": -107.3488905900632,
    "MP2 CORRELATION ENERGY": -0.17917691251325665,
    "MP2 OPPOSITE-SPIN CORRELATION ENERGY": -0.1357810273290312,
    "MP2 SAME-SPIN CORRELATION ENERGY": -0.04339588518422546,
    "MP2 TOTAL ENERGY": -107.13419735669272,
    "NUCLEAR REPULSION ENERGY": 9.958911218668689,
    "ONE-ELECTRON ENERGY": -171.08781819132577,
    "PCM POLARIZATION ENERGY": 0.0,
    "PE ENERGY": 0.0,
    "SCF DIPOLE X": 0.0,
    "SCF DIPOLE Y": 0.0,
    "SCF DIPOLE Z": -5.92511557277866,
    "SCF ITERATION ENERGY": -106.95502044417951,
    "SCF ITERATIONS": 10.0,
    "SCF TOTAL ENERGY": -106.95502044417951,
    "TWO-ELECTRON ENERGY": 54.17388652847758
}