{
    "CURRENT CORRELATION ENERGY": -0.15515522474335341,
    "CURRENT DIPOLE X": 0.0,
    "CURRENT DIPOLE Y": 0.0,
    "CURRENT DIPOLE Z": -1.6216309940336526,
    "CURRENT ENERGY": -76.14418301110116,
    "CURRENT REFERENCE ENERGY": -75.98902778635781,
    "CUSTOM SCS-MP2 CORRELATION ENERGY": -0.15571720572199427,
    "CUSTOM SCS-MP2 TOTAL ENERGY": -76.14474499207981,
    "HF TOTAL ENERGY": -75.98902778635781,
    "MP2 CORRELATION ENERGY": -0.15515522474335341,
    "MP2 OPPOSITE-SPIN CORRELATION ENERGY": -0.11999861247024254,
    "MP2 SAME-SPIN CORRELATION ENERGY": -0.0351566122731097,
    "MP2 TOTAL ENERGY": -76.14418301110116,
    "NUCLEAR REPULSION ENERGY": 9.10852757184603,
    "ONE-ELECTRON ENERGY": -123.05939635106279,
    "PCM POLARIZATION ENERGY": 0.0,
    "PE ENERGY": 0.0,
    "SCF DIPOLE X": 0.0,
    "SCF DIPOLE Y": 0.0,
    "SCF DIPOLE Z": -1.6216309940336526,
    "SCF ITERATION ENERGY": -75.98902778635781,
    "SCF ITERATIONS": 10.0,
    "SCF TOTAL ENERGY": -75.98902778635781,
    "SCS-MP2 CORRELATION ENERGY": -0.15571720572199427,
    "SCS-MP2 TOTAL ENERGY": -76.14474499207981,
    "SCS-MP2-VDW CORRELATION ENERGY": -0.17117653009846379,
    "SCS-MP2-VDW TOTAL ENERGY": -76.16020431645627,
    "SCSN-MP2 CORRELATION ENERGY": -0.0618756376006786,
    "SCSN-MP2 TOTAL ENERGY": -76.05090342395849,
    "SOS-MP2 CORRELATION ENERGY": 0.0,
    "SOS-MP2 TOTAL ENERGY": -75.98902778635781,
    "SOS-PI-MP2 CORRELATION ENERGY": -0.16799805745833396,
    "SOS-PI-MP2 TOTAL ENERGY": -76.15702584381614,
    "TWO-ELECTRON ENERGY": 37.96184099285895
}