{
    "CC D1 DIAGNOSTIC": 0.13531834308407564,
    "CC D2 DIAGNOSTIC": 0.41394721753740216,
    "CC NEW D1 DIAGNOSTIC": 0.13531834308407564,
    "CC T1 DIAGNOSTIC": 0.042887451049836156,
    "CCSD CORRELATION ENERGY": -0.22499998755700826,
    "CCSD OPPOSITE-SPIN CORRELATION ENERGY": -0.19422550611431164,
    "CCSD SAME-SPIN CORRELATION ENERGY": -0.03077448144269726,
    "CCSD TOTAL ENERGY": -100.0358642410803,
    "CURRENT CORRELATION ENERGY": -0.22499998755700826,
    "CURRENT DIPOLE X": 0.0,
    "CURRENT DIPOLE Y": 0.0,
    "CURRENT DIPOLE Z": -3.634785877300352,
    "CURRENT ENERGY": -100.0358642410803,
    "CURRENT REFERENCE ENERGY": -99.81086425352338,
    "HF TOTAL ENERGY": -99.81086425352338,
    "LCCSD (+LMP2) TOTAL ENERGY": -100.02327218326408,
    "MP2 CORRELATION ENERGY": -0.21057654347816346,
    "MP2 OPPOSITE-SPIN CORRELATION ENERGY": -0.16453500161123238,
    "MP2 SAME-SPIN CORRELATION ENERGY": -0.046041541866931074,
    "MP2 TOTAL ENERGY": -100.02144079700146,
    "NUCLEAR REPULSION ENERGY": 2.5754249573640493,
    "ONE-ELECTRON ENERGY": -145.948875249175,
    "PCM POLARIZATION ENERGY": 0.0,
    "PE ENERGY": 0.0,
    "SCF DIPOLE X": 0.0,
    "SCF DIPOLE Y": 0.0,
    "SCF DIPOLE Z": -3.634785877300352,
    "SCF ITERATION ENERGY": -99.81086425352338,
    "SCF ITERATIONS": 10.0,
    "SCF TOTAL ENERGY": -99.81086425352338,
    "TWO-ELECTRON ENERGY": 43.56258603828756
}