{
    "CC D1 DIAGNOSTIC": 0.01145656491059756,
    "CC D2 DIAGNOSTIC": 0.10819195127839541,
    "CC NEW D1 DIAGNOSTIC": 0.01145656491059756,
    "CC T1 DIAGNOSTIC": 0.004604039511741689,
    "CCSD CORRELATION ENERGY": -0.1086403529396559,
    "CCSD OPPOSITE-SPIN CORRELATION ENERGY": -0.0893391662550575,
    "CCSD SAME-SPIN CORRELATION ENERGY": -0.019301186684598307,
    "CCSD TOTAL ENERGY": -460.1623432712122,
    "CURRENT CORRELATION ENERGY": -0.1086403529396559,
    "CURRENT DIPOLE X": 0.0,
    "CURRENT DIPOLE Y": 0.0,
    "CURRENT DIPOLE Z": -1.8294363027505114,
    "CURRENT ENERGY": -460.1623432712122,
    "CURRENT REFERENCE ENERGY": -460.0537029182725,
    "HF TOTAL ENERGY": -460.0537029182725,
    "LCCSD (+LMP2) TOTAL ENERGY": -460.2082283581669,
    "MP2 CORRELATION ENERGY": -0.09962706519817228,
    "MP2 OPPOSITE-SPIN CORRELATION ENERGY": -0.07958848750542724,
    "MP2 SAME-SPIN CORRELATION ENERGY": -0.020038577692745044,
    "MP2 TOTAL ENERGY": -460.1533299834707,
    "NUCLEAR REPULSION ENERGY": 7.683289715436095,
    "ONE-ELECTRON ENERGY": -650.7890976028108,
    "PCM POLARIZATION ENERGY": 0.0,
    "PE ENERGY": 0.0,
    "SCF DIPOLE X": 0.0,
    "SCF DIPOLE Y": 0.0,
    "SCF DIPOLE Z": -1.8294363027505114,
    "SCF ITERATION ENERGY": -460.0537029182725,
    "SCF ITERATIONS": 8.0,
    "SCF TOTAL ENERGY": -460.0537029182725,
    "TWO-ELECTRON ENERGY": 183.0521049691022
}