{
    "CC D1 DIAGNOSTIC": 0.022753042896852115,
    "CC D2 DIAGNOSTIC": 0.2125227256138744,
    "CC NEW D1 DIAGNOSTIC": 0.022753042896852115,
    "CC T1 DIAGNOSTIC": 0.007934449521133875,
    "CCSD CORRELATION ENERGY": -0.2712387103659817,
    "CCSD OPPOSITE-SPIN CORRELATION ENERGY": -0.21898239704124126,
    "CCSD SAME-SPIN CORRELATION ENERGY": -0.05225631332474065,
    "CCSD TOTAL ENERGY": -149.66117908901427,
    "CURRENT CORRELATION ENERGY": -0.2712387103659817,
    "CURRENT DIPOLE X": 0.0,
    "CURRENT DIPOLE Y": 0.0,
    "CURRENT DIPOLE Z": 0.0,
    "CURRENT ENERGY": -149.66117908901427,
    "CURRENT REFERENCE ENERGY": -149.3899403786483,
    "HF TOTAL ENERGY": -149.3899403786483,
    "LCCSD (+LMP2) TOTAL ENERGY": -149.69618705516442,
    "MP2 CORRELATION ENERGY": -0.26419775192171535,
    "MP2 OPPOSITE-SPIN CORRELATION ENERGY": -0.20202813638675332,
    "MP2 SAME-SPIN CORRELATION ENERGY": -0.06216961553496203,
    "MP2 TOTAL ENERGY": -149.65413813057,
    "NUCLEAR REPULSION ENERGY": 34.21117236087878,
    "ONE-ELECTRON ENERGY": -272.7079799575031,
    "PCM POLARIZATION ENERGY": 0.0,
    "PE ENERGY": 0.0,
    "SCF DIPOLE X": 0.0,
    "SCF DIPOLE Y": 0.0,
    "SCF DIPOLE Z": 0.0,
    "SCF ITERATION ENERGY": -149.3899403786483,
    "SCF ITERATIONS": 9.0,
    "SCF TOTAL ENERGY": -149.3899403786483,
    "TWO-ELECTRON ENERGY": 89.106867217976
}