{
    "CURRENT CORRELATION ENERGY": -0.035022241700865764,
    "CURRENT DIPOLE X": 0.0,
    "CURRENT DIPOLE Y": 0.0,
    "CURRENT DIPOLE Z": 9.409290930337242e-15,
    "CURRENT ENERGY": -1.001955426476989,
    "CURRENT REFERENCE ENERGY": -0.9669331847761232,
    "CUSTOM SCS-MP2 CORRELATION ENERGY": -0.04202669004103889,
    "CUSTOM SCS-MP2 TOTAL ENERGY": -1.0089598748171622,
    "HF TOTAL ENERGY": -0.9669331847761232,
    "MP2 CORRELATION ENERGY": -0.035022241700865764,
    "MP2 OPPOSITE-SPIN CORRELATION ENERGY": -0.03502224170086574,
    "MP2 SAME-SPIN CORRELATION ENERGY": 0.0,
    "MP2 TOTAL ENERGY": -1.001955426476989,
    "NUCLEAR REPULSION ENERGY": 0.3124058231666266,
    "ONE-ELECTRON ENERGY": -1.7187133759692745,
    "PCM POLARIZATION ENERGY": 0.0,
    "PE ENERGY": 0.0,
    "SCF DIPOLE X": 0.0,
    "SCF DIPOLE Y": 0.0,
    "SCF DIPOLE Z": 9.409290930337242e-15,
    "SCF ITERATION ENERGY": -0.9669331847761232,
    "SCF ITERATIONS": 5.0,
    "SCF TOTAL ENERGY": -0.9669331847761232,
    "SCS-MP2 CORRELATION ENERGY": -0.04202669004103889,
    "SCS-MP2 TOTAL ENERGY": -1.0089598748171622,
    "SCS-MP2-VDW CORRELATION ENERGY": -0.04482846937710805,
    "SCS-MP2-VDW TOTAL ENERGY": -1.0117616541532313,
    "SCSN-MP2 CORRELATION ENERGY": 0.0,
    "SCSN-MP2 TOTAL ENERGY": -0.9669331847761232,
    "SOS-MP2 CORRELATION ENERGY": 0.0,
    "SOS-MP2 TOTAL ENERGY": -0.9669331847761232,
    "SOS-PI-MP2 CORRELATION ENERGY": -0.04903113838121198,
    "SOS-PI-MP2 TOTAL ENERGY": -1.0159643231573352,
    "TWO-ELECTRON ENERGY": 0.43937436802652485
}