{
    "CC D1 DIAGNOSTIC": 0.05940682558280041,
    "CC D2 DIAGNOSTIC": 0.3712813456820896,
    "CC NEW D1 DIAGNOSTIC": 0.05940682558280041,
    "CC T1 DIAGNOSTIC": 0.024822357666593617,
    "CCSD CORRELATION ENERGY": -0.41393329148461944,
    "CCSD OPPOSITE-SPIN CORRELATION ENERGY": -0.3738779212184372,
    "CCSD SAME-SPIN CORRELATION ENERGY": -0.04005537026618228,
    "CCSD TOTAL ENERGY": -108.96086847410902,
    "CURRENT CORRELATION ENERGY": -0.41393329148461944,
    "CURRENT DIPOLE X": 0.0,
    "CURRENT DIPOLE Y": 0.0,
    "CURRENT DIPOLE Z": -5.643810867306312e-16,
    "CURRENT ENERGY": -108.96086847410902,
    "CURRENT REFERENCE ENERGY": -108.54693518262417,
    "HF TOTAL ENERGY": -108.54693518262417,
    "LCCSD (+LMP2) TOTAL ENERGY": -108.98098217108675,
    "MP2 CORRELATION ENERGY": -0.5474027835633424,
    "MP2 OPPOSITE-SPIN CORRELATION ENERGY": -0.3899367573875414,
    "MP2 SAME-SPIN CORRELATION ENERGY": -0.15746602617580097,
    "MP2 TOTAL ENERGY": -109.09433796618774,
    "NUCLEAR REPULSION ENERGY": 15.755746507612736,
    "ONE-ELECTRON ENERGY": -178.1483418212715,
    "PCM POLARIZATION ENERGY": 0.0,
    "PE ENERGY": 0.0,
    "SCF DIPOLE X": 0.0,
    "SCF DIPOLE Y": 0.0,
    "SCF DIPOLE Z": -5.643810867306312e-16,
    "SCF ITERATION ENERGY": -108.54693518262417,
    "SCF ITERATIONS": 8.0,
    "SCF TOTAL ENERGY": -108.54693518262417,
    "TWO-ELECTRON ENERGY": 53.845660131034585
}