{
    "CC D1 DIAGNOSTIC": 0.03683784400536824,
    "CC D2 DIAGNOSTIC": 0.09565729975780435,
    "CC NEW D1 DIAGNOSTIC": 0.03683784400536824,
    "CC T1 DIAGNOSTIC": 0.016114153946595423,
    "CCSD CORRELATION ENERGY": -0.1789981547908342,
    "CCSD OPPOSITE-SPIN CORRELATION ENERGY": -0.1433903753149832,
    "CCSD SAME-SPIN CORRELATION ENERGY": -0.035607779475850976,
    "CCSD TOTAL ENERGY": -107.13707482320056,
    "CURRENT CORRELATION ENERGY": -0.1789981547908342,
    "CURRENT DIPOLE X": 0.0,
    "CURRENT DIPOLE Y": 0.0,
    "CURRENT DIPOLE Z": -6.054313784521229,
    "CURRENT ENERGY": -107.13707482320056,
    "CURRENT REFERENCE ENERGY": -106.95807666840967,
    "HF TOTAL ENERGY": -106.95807666840967,
    "LCCSD (+LMP2) TOTAL ENERGY": -107.08900688089625,
    "MP2 CORRELATION ENERGY": -0.17951009488839992,
    "MP2 OPPOSITE-SPIN CORRELATION ENERGY": -0.1360295322636719,
    "MP2 SAME-SPIN CORRELATION ENERGY": -0.04348056262472802,
    "MP2 TOTAL ENERGY": -107.13758676329813,
    "NUCLEAR REPULSION ENERGY": 9.753925052932797,
    "ONE-ELECTRON ENERGY": -170.71678091388478,
    "PCM POLARIZATION ENERGY": 0.0,
    "PE ENERGY": 0.0,
    "SCF DIPOLE X": 0.0,
    "SCF DIPOLE Y": 0.0,
    "SCF DIPOLE Z": -6.054313784521229,
    "SCF ITERATION ENERGY": -106.95807666840967,
    "SCF ITERATIONS": 10.0,
    "SCF TOTAL ENERGY": -106.95807666840967,
    "TWO-ELECTRON ENERGY": 54.0047791925423
}