{
    "CC D1 DIAGNOSTIC": 0.13993613385043702,
    "CC D2 DIAGNOSTIC": 0.20798835106378902,
    "CC NEW D1 DIAGNOSTIC": 0.13993613385043702,
    "CC T1 DIAGNOSTIC": 0.055813362027316224,
    "CCSD CORRELATION ENERGY": -0.30675676600537427,
    "CCSD OPPOSITE-SPIN CORRELATION ENERGY": -0.24763394702526934,
    "CCSD SAME-SPIN CORRELATION ENERGY": -0.05912281898010488,
    "CCSD TOTAL ENERGY": -112.83268284354479,
    "CURRENT CORRELATION ENERGY": -0.30675676600537427,
    "CURRENT DIPOLE X": 0.0,
    "CURRENT DIPOLE Y": 0.0,
    "CURRENT DIPOLE Z": -2.426425908003589,
    "CURRENT ENERGY": -112.83268284354479,
    "CURRENT REFERENCE ENERGY": -112.52592607753972,
    "HF TOTAL ENERGY": -112.52592607753972,
    "LCCSD (+LMP2) TOTAL ENERGY": -112.83268770189407,
    "MP2 CORRELATION ENERGY": -0.32957350274927955,
    "MP2 OPPOSITE-SPIN CORRELATION ENERGY": -0.24322875529749052,
    "MP2 SAME-SPIN CORRELATION ENERGY": -0.08634474745178902,
    "MP2 TOTAL ENERGY": -112.8554995802887,
    "NUCLEAR REPULSION ENERGY": 16.65469758260245,
    "ONE-ELECTRON ENERGY": -186.65577201516086,
    "PCM POLARIZATION ENERGY": 0.0,
    "PE ENERGY": 0.0,
    "SCF DIPOLE X": 0.0,
    "SCF DIPOLE Y": 0.0,
    "SCF DIPOLE Z": -2.426425908003589,
    "SCF ITERATION ENERGY": -112.52592607753972,
    "SCF ITERATIONS": 11.0,
    "SCF TOTAL ENERGY": -112.52592607753972,
    "TWO-ELECTRON ENERGY": 57.4751483550187
}