{
    "CC D1 DIAGNOSTIC": 0.036433210049230697,
    "CC D2 DIAGNOSTIC": 0.22035559291258974,
    "CC NEW D1 DIAGNOSTIC": 0.036433210049230697,
    "CC T1 DIAGNOSTIC": 0.014949358066799104,
    "CCSD CORRELATION ENERGY": -0.31534391787816485,
    "CCSD OPPOSITE-SPIN CORRELATION ENERGY": -0.26023326408772635,
    "CCSD SAME-SPIN CORRELATION ENERGY": -0.0551106537904385,
    "CCSD TOTAL ENERGY": -109.12720135786292,
    "CURRENT CORRELATION ENERGY": -0.31534391787816485,
    "CURRENT DIPOLE X": 0.0,
    "CURRENT DIPOLE Y": 0.0,
    "CURRENT DIPOLE Z": 5.643810867306312e-16,
    "CURRENT ENERGY": -109.12720135786292,
    "CURRENT REFERENCE ENERGY": -108.81185743998505,
    "HF TOTAL ENERGY": -108.81185743998505,
    "LCCSD (+LMP2) TOTAL ENERGY": -109.15735311398494,
    "MP2 CORRELATION ENERGY": -0.3516807119975102,
    "MP2 OPPOSITE-SPIN CORRELATION ENERGY": -0.2587573210150482,
    "MP2 SAME-SPIN CORRELATION ENERGY": -0.092923390982462,
    "MP2 TOTAL ENERGY": -109.16353815198227,
    "NUCLEAR REPULSION ENERGY": 20.195722040090693,
    "ONE-ELECTRON ENERGY": -187.10878533309122,
    "PCM POLARIZATION ENERGY": 0.0,
    "PE ENERGY": 0.0,
    "SCF DIPOLE X": 0.0,
    "SCF DIPOLE Y": 0.0,
    "SCF DIPOLE Z": 5.643810867306312e-16,
    "SCF ITERATION ENERGY": -108.81185743998505,
    "SCF ITERATIONS": 8.0,
    "SCF TOTAL ENERGY": -108.81185743998505,
    "TWO-ELECTRON ENERGY": 58.101205853015486
}