{
    "CC D1 DIAGNOSTIC": 0.08021860762617405,
    "CC D2 DIAGNOSTIC": 0.6478225783530156,
    "CC NEW D1 DIAGNOSTIC": 0.08021860762617405,
    "CC T1 DIAGNOSTIC": 0.03383571936976893,
    "CCSD CORRELATION ENERGY": -0.5288594891549651,
    "CCSD OPPOSITE-SPIN CORRELATION ENERGY": -0.556236227491046,
    "CCSD SAME-SPIN CORRELATION ENERGY": 0.027376738336081008,
    "CCSD TOTAL ENERGY": -108.91285633744582,
    "CURRENT CORRELATION ENERGY": -0.5288594891549651,
    "CURRENT DIPOLE X": 0.0,
    "CURRENT DIPOLE Y": 0.0,
    "CURRENT DIPOLE Z": -5.643810867306312e-16,
    "CURRENT ENERGY": -108.91285633744582,
    "CURRENT REFERENCE ENERGY": -108.38399684829074,
    "HF TOTAL ENERGY": -108.38399684829074,
    "LCCSD (+LMP2) TOTAL ENERGY": -108.96544336376301,
    "MP2 CORRELATION ENERGY": -0.7404859685129008,
    "MP2 OPPOSITE-SPIN CORRELATION ENERGY": -0.518458236135506,
    "MP2 SAME-SPIN CORRELATION ENERGY": -0.22202773237739482,
    "MP2 TOTAL ENERGY": -109.12448281680375,
    "NUCLEAR REPULSION ENERGY": 13.578965740113606,
    "ONE-ELECTRON ENERGY": -173.74667201676075,
    "PCM POLARIZATION ENERGY": 0.0,
    "PE ENERGY": 0.0,
    "SCF DIPOLE X": 0.0,
    "SCF DIPOLE Y": 0.0,
    "SCF DIPOLE Z": -5.643810867306312e-16,
    "SCF ITERATION ENERGY": -108.38399684829074,
    "SCF ITERATIONS": 8.0,
    "SCF TOTAL ENERGY": -108.38399684829074,
    "TWO-ELECTRON ENERGY": 51.78370942835642
}