{
    "CC D1 DIAGNOSTIC": 0.0377142090476228,
    "CC D2 DIAGNOSTIC": 0.3301096693303061,
    "CC NEW D1 DIAGNOSTIC": 0.0377142090476228,
    "CC T1 DIAGNOSTIC": 0.009237006005985178,
    "CCSD CORRELATION ENERGY": -0.26224232051299545,
    "CCSD OPPOSITE-SPIN CORRELATION ENERGY": -0.2099792125351862,
    "CCSD SAME-SPIN CORRELATION ENERGY": -0.0522631079778092,
    "CCSD TOTAL ENERGY": -257.0513828743434,
    "CURRENT CORRELATION ENERGY": -0.26224232051299545,
    "CURRENT DIPOLE X": 0.0,
    "CURRENT DIPOLE Y": 0.0,
    "CURRENT DIPOLE Z": 3.5204631181213144,
    "CURRENT ENERGY": -257.0513828743434,
    "CURRENT REFERENCE ENERGY": -256.78914055383046,
    "HF TOTAL ENERGY": -256.7891405538304,
    "LCCSD (+LMP2) TOTAL ENERGY": -257.05337997229447,
    "MP2 CORRELATION ENERGY": -0.24227382704056719,
    "MP2 OPPOSITE-SPIN CORRELATION ENERGY": -0.18689952190151923,
    "MP2 SAME-SPIN CORRELATION ENERGY": -0.05537430513904795,
    "MP2 TOTAL ENERGY": -257.03141438087096,
    "NUCLEAR REPULSION ENERGY": 79.58259715579901,
    "ONE-ELECTRON ENERGY": -504.1089597765626,
    "PCM POLARIZATION ENERGY": 0.0,
    "PE ENERGY": 0.0,
    "SCF DIPOLE X": 0.0,
    "SCF DIPOLE Y": 0.0,
    "SCF DIPOLE Z": 3.5204631181213144,
    "SCF ITERATION ENERGY": -256.78914055383046,
    "SCF ITERATIONS": 10.0,
    "SCF TOTAL ENERGY": -256.78914055383046,
    "TWO-ELECTRON ENERGY": 167.73722206693313
}