{
    "CC D1 DIAGNOSTIC": 0.2905571301563915,
    "CC D2 DIAGNOSTIC": 0.249260793169533,
    "CC NEW D1 DIAGNOSTIC": 0.2905571301563915,
    "CC T1 DIAGNOSTIC": 0.12087966795191711,
    "CCSD CORRELATION ENERGY": -0.32838393166624114,
    "CCSD OPPOSITE-SPIN CORRELATION ENERGY": -0.2587886956046716,
    "CCSD SAME-SPIN CORRELATION ENERGY": -0.06959523606156887,
    "CCSD TOTAL ENERGY": -112.74547805347503,
    "CURRENT CORRELATION ENERGY": -0.32838393166624114,
    "CURRENT DIPOLE X": 0.0,
    "CURRENT DIPOLE Y": 0.0,
    "CURRENT DIPOLE Z": -3.099085796150344,
    "CURRENT ENERGY": -112.74547805347503,
    "CURRENT REFERENCE ENERGY": -112.41709412180873,
    "HF TOTAL ENERGY": -112.41709412180873,
    "LCCSD (+LMP2) TOTAL ENERGY": -112.74548402961261,
    "MP2 CORRELATION ENERGY": -0.3059156743191673,
    "MP2 OPPOSITE-SPIN CORRELATION ENERGY": -0.2294930970884954,
    "MP2 SAME-SPIN CORRELATION ENERGY": -0.07642257723067186,
    "MP2 TOTAL ENERGY": -112.72300979612795,
    "NUCLEAR REPULSION ENERGY": 14.566860853947666,
    "ONE-ELECTRON ENERGY": -182.69995350858804,
    "PCM POLARIZATION ENERGY": 0.0,
    "PE ENERGY": 0.0,
    "SCF DIPOLE X": 0.0,
    "SCF DIPOLE Y": 0.0,
    "SCF DIPOLE Z": -3.099085796150344,
    "SCF ITERATION ENERGY": -112.41709412180873,
    "SCF ITERATIONS": 13.0,
    "SCF TOTAL ENERGY": -112.41709412180873,
    "TWO-ELECTRON ENERGY": 55.715998532831634
}