{
    "CC D1 DIAGNOSTIC": 0.017140719978520406,
    "CC D2 DIAGNOSTIC": 0.1515210353218856,
    "CC NEW D1 DIAGNOSTIC": 0.017140719978520406,
    "CC T1 DIAGNOSTIC": 0.005809837875905197,
    "CCSD CORRELATION ENERGY": -0.11680965362116677,
    "CCSD OPPOSITE-SPIN CORRELATION ENERGY": -0.09676132933998734,
    "CCSD SAME-SPIN CORRELATION ENERGY": -0.020048324281179142,
    "CCSD TOTAL ENERGY": -460.1752338053501,
    "CURRENT CORRELATION ENERGY": -0.11680965362116677,
    "CURRENT DIPOLE X": 0.0,
    "CURRENT DIPOLE Y": 0.0,
    "CURRENT DIPOLE Z": -1.9657934520777882,
    "CURRENT ENERGY": -460.1752338053501,
    "CURRENT REFERENCE ENERGY": -460.0584241517288,
    "HF TOTAL ENERGY": -460.05842415172884,
    "LCCSD (+LMP2) TOTAL ENERGY": -460.17500919289466,
    "MP2 CORRELATION ENERGY": -0.1056272298439762,
    "MP2 OPPOSITE-SPIN CORRELATION ENERGY": -0.08438664356872565,
    "MP2 SAME-SPIN CORRELATION ENERGY": -0.02124058627525055,
    "MP2 TOTAL ENERGY": -460.16405138157296,
    "NUCLEAR REPULSION ENERGY": 6.237653322984703,
    "ONE-ELECTRON ENERGY": -648.0710565198176,
    "PCM POLARIZATION ENERGY": 0.0,
    "PE ENERGY": 0.0,
    "SCF DIPOLE X": 0.0,
    "SCF DIPOLE Y": 0.0,
    "SCF DIPOLE Z": -1.9657934520777882,
    "SCF ITERATION ENERGY": -460.0584241517288,
    "SCF ITERATIONS": 9.0,
    "SCF TOTAL ENERGY": -460.0584241517288,
    "TWO-ELECTRON ENERGY": 181.7749790451041
}