{
    "CC D1 DIAGNOSTIC": 0.05403524873669585,
    "CC D2 DIAGNOSTIC": 0.3280335060007554,
    "CC NEW D1 DIAGNOSTIC": 0.05403524873669585,
    "CC T1 DIAGNOSTIC": 0.016862880753453775,
    "CCSD CORRELATION ENERGY": -0.36320243163951926,
    "CCSD OPPOSITE-SPIN CORRELATION ENERGY": -0.30320393721280514,
    "CCSD SAME-SPIN CORRELATION ENERGY": -0.05999849442671412,
    "CCSD TOTAL ENERGY": -149.81902472050436,
    "CURRENT CORRELATION ENERGY": -0.36320243163951926,
    "CURRENT DIPOLE X": 0.0,
    "CURRENT DIPOLE Y": 0.0,
    "CURRENT DIPOLE Z": 0.0,
    "CURRENT ENERGY": -149.81902472050436,
    "CURRENT REFERENCE ENERGY": -149.45582228886428,
    "HF TOTAL ENERGY": -149.45582228886428,
    "LCCSD (+LMP2) TOTAL ENERGY": -149.8537298234578,
    "MP2 CORRELATION ENERGY": -0.3969429103435598,
    "MP2 OPPOSITE-SPIN CORRELATION ENERGY": -0.29601493186873057,
    "MP2 SAME-SPIN CORRELATION ENERGY": -0.1009279784748292,
    "MP2 TOTAL ENERGY": -149.85276519920842,
    "NUCLEAR REPULSION ENERGY": 23.85699453130308,
    "ONE-ELECTRON ENERGY": -253.09471004989928,
    "PCM POLARIZATION ENERGY": 0.0,
    "PE ENERGY": 0.0,
    "SCF DIPOLE X": 0.0,
    "SCF DIPOLE Y": 0.0,
    "SCF DIPOLE Z": 0.0,
    "SCF ITERATION ENERGY": -149.45582228886428,
    "SCF ITERATIONS": 9.0,
    "SCF TOTAL ENERGY": -149.45582228886428,
    "TWO-ELECTRON ENERGY": 79.7818932297319
}