{
    "CC D1 DIAGNOSTIC": 0.026673029006585088,
    "CC D2 DIAGNOSTIC": 0.09312399798464181,
    "CC NEW D1 DIAGNOSTIC": 0.026673029006585088,
    "CC T1 DIAGNOSTIC": 0.01347996438803735,
    "CCSD CORRELATION ENERGY": -0.17456895964108618,
    "CCSD OPPOSITE-SPIN CORRELATION ENERGY": -0.13900281300952105,
    "CCSD SAME-SPIN CORRELATION ENERGY": -0.03556614663156507,
    "CCSD TOTAL ENERGY": -106.86207539404174,
    "CURRENT CORRELATION ENERGY": -0.17456895964108618,
    "CURRENT DIPOLE X": 0.0,
    "CURRENT DIPOLE Y": 0.0,
    "CURRENT DIPOLE Z": -4.077780560649767,
    "CURRENT ENERGY": -106.86207539404174,
    "CURRENT REFERENCE ENERGY": -106.68750643440066,
    "HF TOTAL ENERGY": -106.68750643440066,
    "LCCSD (+LMP2) TOTAL ENERGY": -106.86189350035441,
    "MP2 CORRELATION ENERGY": -0.1748723797557198,
    "MP2 OPPOSITE-SPIN CORRELATION ENERGY": -0.13224026455955779,
    "MP2 SAME-SPIN CORRELATION ENERGY": -0.042632115196162,
    "MP2 TOTAL ENERGY": -106.86237881415637,
    "NUCLEAR REPULSION ENERGY": 13.903516640244067,
    "ONE-ELECTRON ENERGY": -177.91288356707966,
    "PCM POLARIZATION ENERGY": 0.0,
    "PE ENERGY": 0.0,
    "SCF DIPOLE X": 0.0,
    "SCF DIPOLE Y": 0.0,
    "SCF DIPOLE Z": -4.077780560649767,
    "SCF ITERATION ENERGY": -106.68750643440066,
    "SCF ITERATIONS": 10.0,
    "SCF TOTAL ENERGY": -106.68750643440066,
    "TWO-ELECTRON ENERGY": 57.32186049243492
}