{
    "CC D1 DIAGNOSTIC": 0.014744860877105645,
    "CC D2 DIAGNOSTIC": 0.19648759731207247,
    "CC NEW D1 DIAGNOSTIC": 0.014744860877105645,
    "CC T1 DIAGNOSTIC": 0.0062731279056955766,
    "CCSD CORRELATION ENERGY": -0.2521797310480861,
    "CCSD OPPOSITE-SPIN CORRELATION ENERGY": -0.20299050705874394,
    "CCSD SAME-SPIN CORRELATION ENERGY": -0.04918922398934211,
    "CCSD TOTAL ENERGY": -149.30442528679998,
    "CURRENT CORRELATION ENERGY": -0.2521797310480861,
    "CURRENT DIPOLE X": 0.0,
    "CURRENT DIPOLE Y": 0.0,
    "CURRENT DIPOLE Z": 0.0,
    "CURRENT ENERGY": -149.30442528679998,
    "CURRENT REFERENCE ENERGY": -149.0522455557518,
    "HF TOTAL ENERGY": -149.05224555575177,
    "LCCSD (+LMP2) TOTAL ENERGY": -149.3392056184437,
    "MP2 CORRELATION ENERGY": -0.24167854426231677,
    "MP2 OPPOSITE-SPIN CORRELATION ENERGY": -0.18586631556761013,
    "MP2 SAME-SPIN CORRELATION ENERGY": -0.055812228694706645,
    "MP2 TOTAL ENERGY": -149.29392410001424,
    "NUCLEAR REPULSION ENERGY": 39.29796475272959,
    "ONE-ELECTRON ENERGY": -281.61400661381913,
    "PCM POLARIZATION ENERGY": 0.0,
    "PE ENERGY": 0.0,
    "SCF DIPOLE X": 0.0,
    "SCF DIPOLE Y": 0.0,
    "SCF DIPOLE Z": 0.0,
    "SCF ITERATION ENERGY": -149.0522455557518,
    "SCF ITERATIONS": 9.0,
    "SCF TOTAL ENERGY": -149.0522455557518,
    "TWO-ELECTRON ENERGY": 93.26379630533775
}