{
    "CURRENT CORRELATION ENERGY": -0.27555893651167196,
    "CURRENT DIPOLE X": 0.0,
    "CURRENT DIPOLE Y": -1.1287621734612623e-15,
    "CURRENT DIPOLE Z": 0.46851784394877716,
    "CURRENT ENERGY": -110.22345660026188,
    "CURRENT REFERENCE ENERGY": -109.94789766375021,
    "CUSTOM SCS-MP2 CORRELATION ENERGY": -0.2784268155165432,
    "CUSTOM SCS-MP2 TOTAL ENERGY": -110.22632447926675,
    "HF TOTAL ENERGY": -109.94789766375021,
    "MP2 CORRELATION ENERGY": -0.27555893651167196,
    "MP2 OPPOSITE-SPIN CORRELATION ENERGY": -0.2152775038607546,
    "MP2 SAME-SPIN CORRELATION ENERGY": -0.06028143265091308,
    "MP2 TOTAL ENERGY": -110.22345660026188,
    "NUCLEAR REPULSION ENERGY": 32.11287382301789,
    "ONE-ELECTRON ENERGY": -212.46948478370672,
    "PCM POLARIZATION ENERGY": 0.0,
    "PE ENERGY": 0.0,
    "SCF DIPOLE X": 0.0,
    "SCF DIPOLE Y": -1.1287621734612623e-15,
    "SCF DIPOLE Z": 0.46851784394877716,
    "SCF ITERATION ENERGY": -109.94789766375021,
    "SCF ITERATIONS": 10.0,
    "SCF TOTAL ENERGY": -109.94789766375021,
    "SCS-MP2 CORRELATION ENERGY": -0.2784268155165432,
    "SCS-MP2 TOTAL ENERGY": -110.22632447926675,
    "SCS-MP2-VDW CORRELATION ENERGY": -0.30569592126722966,
    "SCS-MP2-VDW TOTAL ENERGY": -110.25359358501744,
    "SCSN-MP2 CORRELATION ENERGY": -0.10609532146560241,
    "SCSN-MP2 TOTAL ENERGY": -110.05399298521581,
    "SOS-MP2 CORRELATION ENERGY": 0.0,
    "SOS-MP2 TOTAL ENERGY": -109.94789766375021,
    "SOS-PI-MP2 CORRELATION ENERGY": -0.30138850540505757,
    "SOS-PI-MP2 TOTAL ENERGY": -110.24928616915527,
    "TWO-ELECTRON ENERGY": 70.40871329693863
}