{
    "CC D1 DIAGNOSTIC": 0.08256581313451271,
    "CC D2 DIAGNOSTIC": 0.29545588286228985,
    "CC NEW D1 DIAGNOSTIC": 0.08256581313451271,
    "CC T1 DIAGNOSTIC": 0.026353180180131115,
    "CCSD CORRELATION ENERGY": -0.20309835774535007,
    "CCSD OPPOSITE-SPIN CORRELATION ENERGY": -0.17097200042758645,
    "CCSD SAME-SPIN CORRELATION ENERGY": -0.03212635731776367,
    "CCSD TOTAL ENERGY": -100.07101887796242,
    "CURRENT CORRELATION ENERGY": -0.20309835774535007,
    "CURRENT DIPOLE X": 0.0,
    "CURRENT DIPOLE Y": 0.0,
    "CURRENT DIPOLE Z": -3.2600702233408083,
    "CURRENT ENERGY": -100.07101887796242,
    "CURRENT REFERENCE ENERGY": -99.86792052021713,
    "HF TOTAL ENERGY": -99.86792052021714,
    "LCCSD (+LMP2) TOTAL ENERGY": -100.08264700094682,
    "MP2 CORRELATION ENERGY": -0.1954969832592578,
    "MP2 OPPOSITE-SPIN CORRELATION ENERGY": -0.15090597263392386,
    "MP2 SAME-SPIN CORRELATION ENERGY": -0.04459101062533394,
    "MP2 TOTAL ENERGY": -100.06341750347633,
    "NUCLEAR REPULSION ENERGY": 2.9897677738484862,
    "ONE-ELECTRON ENERGY": -146.7166595738238,
    "PCM POLARIZATION ENERGY": 0.0,
    "PE ENERGY": 0.0,
    "SCF DIPOLE X": 0.0,
    "SCF DIPOLE Y": 0.0,
    "SCF DIPOLE Z": -3.2600702233408083,
    "SCF ITERATION ENERGY": -99.86792052021713,
    "SCF ITERATIONS": 10.0,
    "SCF TOTAL ENERGY": -99.86792052021713,
    "TWO-ELECTRON ENERGY": 43.858971279758165
}