{
    "CC D1 DIAGNOSTIC": 0.012933269527402631,
    "CC D2 DIAGNOSTIC": 0.12173593286544518,
    "CC NEW D1 DIAGNOSTIC": 0.012933269527402631,
    "CC T1 DIAGNOSTIC": 0.006803550977697848,
    "CCSD CORRELATION ENERGY": -0.16346456357017228,
    "CCSD OPPOSITE-SPIN CORRELATION ENERGY": -0.13574099649716603,
    "CCSD SAME-SPIN CORRELATION ENERGY": -0.027723567073006272,
    "CCSD TOTAL ENERGY": -76.16498972045744,
    "CURRENT CORRELATION ENERGY": -0.16346456357017228,
    "CURRENT DIPOLE X": 0.0,
    "CURRENT DIPOLE Y": 0.0,
    "CURRENT DIPOLE Z": -2.7914953919650918,
    "CURRENT ENERGY": -76.16498972045744,
    "CURRENT REFERENCE ENERGY": -76.00152515688728,
    "HF TOTAL ENERGY": -76.00152515688728,
    "LCCSD (+LMP2) TOTAL ENERGY": -76.15607554714467,
    "MP2 CORRELATION ENERGY": -0.15736907561500615,
    "MP2 OPPOSITE-SPIN CORRELATION ENERGY": -0.12303203916398753,
    "MP2 SAME-SPIN CORRELATION ENERGY": -0.03433703645101863,
    "MP2 TOTAL ENERGY": -76.15889423250228,
    "NUCLEAR REPULSION ENERGY": 9.19747916618589,
    "ONE-ELECTRON ENERGY": -122.96867600098125,
    "PCM POLARIZATION ENERGY": 0.0,
    "PE ENERGY": 0.0,
    "SCF DIPOLE X": 0.0,
    "SCF DIPOLE Y": 0.0,
    "SCF DIPOLE Z": -2.7914953919650918,
    "SCF ITERATION ENERGY": -76.00152515688728,
    "SCF ITERATIONS": 10.0,
    "SCF TOTAL ENERGY": -76.00152515688728,
    "TWO-ELECTRON ENERGY": 37.76967167790808
}