{
    "CC D1 DIAGNOSTIC": 0.008374463529122517,
    "CC D2 DIAGNOSTIC": 0.07975551198879824,
    "CC NEW D1 DIAGNOSTIC": 0.008374463529122517,
    "CC T1 DIAGNOSTIC": 0.00498431034068106,
    "CCSD CORRELATION ENERGY": -0.1468693111934548,
    "CCSD OPPOSITE-SPIN CORRELATION ENERGY": -0.11701156350394815,
    "CCSD SAME-SPIN CORRELATION ENERGY": -0.029857747689506747,
    "CCSD TOTAL ENERGY": -100.00359031003585,
    "CURRENT CORRELATION ENERGY": -0.1468693111934548,
    "CURRENT DIPOLE X": 0.0,
    "CURRENT DIPOLE Y": 0.0,
    "CURRENT DIPOLE Z": -1.977224838329675,
    "CURRENT ENERGY": -100.00359031003585,
    "CURRENT REFERENCE ENERGY": -99.85672099884233,
    "HF TOTAL ENERGY": -99.85672099884232,
    "LCCSD (+LMP2) TOTAL ENERGY": -99.99268410661313,
    "MP2 CORRELATION ENERGY": -0.1448997479784838,
    "MP2 OPPOSITE-SPIN CORRELATION ENERGY": -0.11023640340830307,
    "MP2 SAME-SPIN CORRELATION ENERGY": -0.03466334457018072,
    "MP2 TOTAL ENERGY": -100.00162074682088,
    "NUCLEAR REPULSION ENERGY": 7.318582118223705,
    "ONE-ELECTRON ENERGY": -153.9412514286642,
    "PCM POLARIZATION ENERGY": 0.0,
    "PE ENERGY": 0.0,
    "SCF DIPOLE X": 0.0,
    "SCF DIPOLE Y": 0.0,
    "SCF DIPOLE Z": -1.977224838329675,
    "SCF ITERATION ENERGY": -99.85672099884233,
    "SCF ITERATIONS": 8.0,
    "SCF TOTAL ENERGY": -99.85672099884233,
    "TWO-ELECTRON ENERGY": 46.76594831159817
}