{
    "CC D1 DIAGNOSTIC": 0.013366918422340716,
    "CC D2 DIAGNOSTIC": 0.1176133383198424,
    "CC NEW D1 DIAGNOSTIC": 0.013366918422340716,
    "CC T1 DIAGNOSTIC": 0.006646915436105471,
    "CCSD CORRELATION ENERGY": -0.16211827987685673,
    "CCSD OPPOSITE-SPIN CORRELATION ENERGY": -0.13398824208195223,
    "CCSD SAME-SPIN CORRELATION ENERGY": -0.028130037794904528,
    "CCSD TOTAL ENERGY": -76.17263282380893,
    "CURRENT CORRELATION ENERGY": -0.16211827987685673,
    "CURRENT DIPOLE X": 0.0,
    "CURRENT DIPOLE Y": 0.0,
    "CURRENT DIPOLE Z": -2.4865736697676737,
    "CURRENT ENERGY": -76.17263282380893,
    "CURRENT REFERENCE ENERGY": -76.01051454393212,
    "HF TOTAL ENERGY": -76.01051454393212,
    "LCCSD (+LMP2) TOTAL ENERGY": -76.17353146418175,
    "MP2 CORRELATION ENERGY": -0.15611929551430373,
    "MP2 OPPOSITE-SPIN CORRELATION ENERGY": -0.12162198478143074,
    "MP2 SAME-SPIN CORRELATION ENERGY": -0.03449731073287299,
    "MP2 TOTAL ENERGY": -76.16663383944638,
    "NUCLEAR REPULSION ENERGY": 9.151989851046821,
    "ONE-ELECTRON ENERGY": -122.9862412672181,
    "PCM POLARIZATION ENERGY": 0.0,
    "PE ENERGY": 0.0,
    "SCF DIPOLE X": 0.0,
    "SCF DIPOLE Y": 0.0,
    "SCF DIPOLE Z": -2.4865736697676737,
    "SCF ITERATION ENERGY": -76.01051454393212,
    "SCF ITERATIONS": 10.0,
    "SCF TOTAL ENERGY": -76.01051454393212,
    "TWO-ELECTRON ENERGY": 37.82373687223916
}