{
    "CC D1 DIAGNOSTIC": 0.011251670507607269,
    "CC D2 DIAGNOSTIC": 0.09485432096297343,
    "CC NEW D1 DIAGNOSTIC": 0.011251670507607269,
    "CC T1 DIAGNOSTIC": 0.0043733972667307965,
    "CCSD CORRELATION ENERGY": -0.10622177668342075,
    "CCSD OPPOSITE-SPIN CORRELATION ENERGY": -0.08723834201204356,
    "CCSD SAME-SPIN CORRELATION ENERGY": -0.018983434671376767,
    "CCSD TOTAL ENERGY": -460.1150711916873,
    "CURRENT CORRELATION ENERGY": -0.10622177668342075,
    "CURRENT DIPOLE X": 0.0,
    "CURRENT DIPOLE Y": 0.0,
    "CURRENT DIPOLE Z": -1.7763168243937446,
    "CURRENT ENERGY": -460.1150711916873,
    "CURRENT REFERENCE ENERGY": -460.00884941500385,
    "HF TOTAL ENERGY": -460.00884941500385,
    "LCCSD (+LMP2) TOTAL ENERGY": -460.1153721758555,
    "MP2 CORRELATION ENERGY": -0.09773936614694052,
    "MP2 OPPOSITE-SPIN CORRELATION ENERGY": -0.07816115438958487,
    "MP2 SAME-SPIN CORRELATION ENERGY": -0.01957821175735565,
    "MP2 TOTAL ENERGY": -460.10658878115083,
    "NUCLEAR REPULSION ENERGY": 8.565581357400053,
    "ONE-ELECTRON ENERGY": -652.3835179982404,
    "PCM POLARIZATION ENERGY": 0.0,
    "PE ENERGY": 0.0,
    "SCF DIPOLE X": 0.0,
    "SCF DIPOLE Y": 0.0,
    "SCF DIPOLE Z": -1.7763168243937446,
    "SCF ITERATION ENERGY": -460.00884941500385,
    "SCF ITERATIONS": 8.0,
    "SCF TOTAL ENERGY": -460.00884941500385,
    "TWO-ELECTRON ENERGY": 183.8090872258365
}