{
    "CC D1 DIAGNOSTIC": 0.03953492560148223,
    "CC D2 DIAGNOSTIC": 0.3381469216173354,
    "CC NEW D1 DIAGNOSTIC": 0.03953492560148223,
    "CC T1 DIAGNOSTIC": 0.009647422172257,
    "CCSD CORRELATION ENERGY": -0.26117943631383544,
    "CCSD OPPOSITE-SPIN CORRELATION ENERGY": -0.209176604048052,
    "CCSD SAME-SPIN CORRELATION ENERGY": -0.052002832265783616,
    "CCSD TOTAL ENERGY": -255.94916372074388,
    "CURRENT CORRELATION ENERGY": -0.26117943631383544,
    "CURRENT DIPOLE X": 0.0,
    "CURRENT DIPOLE Y": 0.0,
    "CURRENT DIPOLE Z": 3.495775475588343,
    "CURRENT ENERGY": -255.94916372074388,
    "CURRENT REFERENCE ENERGY": -255.68798428443026,
    "HF TOTAL ENERGY": -255.68798428443026,
    "LCCSD (+LMP2) TOTAL ENERGY": -255.95056384604646,
    "MP2 CORRELATION ENERGY": -0.24080662804599745,
    "MP2 OPPOSITE-SPIN CORRELATION ENERGY": -0.18573435522502985,
    "MP2 SAME-SPIN CORRELATION ENERGY": -0.055072272820967605,
    "MP2 TOTAL ENERGY": -255.92879091247605,
    "NUCLEAR REPULSION ENERGY": 85.4534444869645,
    "ONE-ELECTRON ENERGY": -512.601701392325,
    "PCM POLARIZATION ENERGY": 0.0,
    "PE ENERGY": 0.0,
    "SCF DIPOLE X": 0.0,
    "SCF DIPOLE Y": 0.0,
    "SCF DIPOLE Z": 3.495775475588343,
    "SCF ITERATION ENERGY": -255.68798428443026,
    "SCF ITERATIONS": 10.0,
    "SCF TOTAL ENERGY": -255.68798428443026,
    "TWO-ELECTRON ENERGY": 171.46027262093028
}