{
    "CC D1 DIAGNOSTIC": 0.008362501506059796,
    "CC D2 DIAGNOSTIC": 0.07915242644411684,
    "CC NEW D1 DIAGNOSTIC": 0.008362501506059796,
    "CC T1 DIAGNOSTIC": 0.004974211735882572,
    "CCSD CORRELATION ENERGY": -0.14651076778629477,
    "CCSD OPPOSITE-SPIN CORRELATION ENERGY": -0.11671140371814669,
    "CCSD SAME-SPIN CORRELATION ENERGY": -0.029799364068147968,
    "CCSD TOTAL ENERGY": -99.98921080555102,
    "CURRENT CORRELATION ENERGY": -0.14651076778629477,
    "CURRENT DIPOLE X": 0.0,
    "CURRENT DIPOLE Y": 0.0,
    "CURRENT DIPOLE Z": -1.9664042861376658,
    "CURRENT ENERGY": -99.98921080555102,
    "CURRENT REFERENCE ENERGY": -99.84270003776473,
    "HF TOTAL ENERGY": -99.84270003776473,
    "LCCSD (+LMP2) TOTAL ENERGY": -100.00015161635788,
    "MP2 CORRELATION ENERGY": -0.14451481090672677,
    "MP2 OPPOSITE-SPIN CORRELATION ENERGY": -0.1099541195288274,
    "MP2 SAME-SPIN CORRELATION ENERGY": -0.03456069137789937,
    "MP2 TOTAL ENERGY": -99.98721484867146,
    "NUCLEAR REPULSION ENERGY": 7.404346752421641,
    "ONE-ELECTRON ENERGY": -154.06367993622877,
    "PCM POLARIZATION ENERGY": 0.0,
    "PE ENERGY": 0.0,
    "SCF DIPOLE X": 0.0,
    "SCF DIPOLE Y": 0.0,
    "SCF DIPOLE Z": -1.9664042861376658,
    "SCF ITERATION ENERGY": -99.84270003776473,
    "SCF ITERATIONS": 9.0,
    "SCF TOTAL ENERGY": -99.84270003776473,
    "TWO-ELECTRON ENERGY": 46.816633146042385
}