{
    "CC D1 DIAGNOSTIC": 0.03826118861805323,
    "CC D2 DIAGNOSTIC": 0.09562465113027419,
    "CC NEW D1 DIAGNOSTIC": 0.03826118861805323,
    "CC T1 DIAGNOSTIC": 0.016817973882164952,
    "CCSD CORRELATION ENERGY": -0.17971792419857652,
    "CCSD OPPOSITE-SPIN CORRELATION ENERGY": -0.1440236412459161,
    "CCSD SAME-SPIN CORRELATION ENERGY": -0.03569428295266036,
    "CCSD TOTAL ENERGY": -107.14146433446074,
    "CURRENT CORRELATION ENERGY": -0.17971792419857652,
    "CURRENT DIPOLE X": 0.0,
    "CURRENT DIPOLE Y": 0.0,
    "CURRENT DIPOLE Z": -6.376380271948956,
    "CURRENT ENERGY": -107.14146433446074,
    "CURRENT REFERENCE ENERGY": -106.9617464102621,
    "HF TOTAL ENERGY": -106.9617464102621,
    "LCCSD (+LMP2) TOTAL ENERGY": -107.18723427472044,
    "MP2 CORRELATION ENERGY": -0.18030502510738314,
    "MP2 OPPOSITE-SPIN CORRELATION ENERGY": -0.13661680868029838,
    "MP2 SAME-SPIN CORRELATION ENERGY": -0.04368821642708476,
    "MP2 TOTAL ENERGY": -107.14205143536955,
    "NUCLEAR REPULSION ENERGY": 9.276571461435271,
    "ONE-ELECTRON ENERGY": -169.8487835388898,
    "PCM POLARIZATION ENERGY": 0.0,
    "PE ENERGY": 0.0,
    "SCF DIPOLE X": 0.0,
    "SCF DIPOLE Y": 0.0,
    "SCF DIPOLE Z": -6.376380271948956,
    "SCF ITERATION ENERGY": -106.9617464102621,
    "SCF ITERATIONS": 9.0,
    "SCF TOTAL ENERGY": -106.9617464102621,
    "TWO-ELECTRON ENERGY": 53.61046566719241
}