{
    "CURRENT CORRELATION ENERGY": -0.021063116588505792,
    "CURRENT DIPOLE X": 0.0,
    "CURRENT DIPOLE Y": 0.0,
    "CURRENT DIPOLE Z": 1.0635056103080331e-14,
    "CURRENT ENERGY": -1.114184673044393,
    "CURRENT REFERENCE ENERGY": -1.0931215564558872,
    "CUSTOM SCS-MP2 CORRELATION ENERGY": -0.025275739906207028,
    "CUSTOM SCS-MP2 TOTAL ENERGY": -1.1183972963620943,
    "HF TOTAL ENERGY": -1.0931215564558872,
    "MP2 CORRELATION ENERGY": -0.021063116588505792,
    "MP2 OPPOSITE-SPIN CORRELATION ENERGY": -0.02106311658850586,
    "MP2 SAME-SPIN CORRELATION ENERGY": 0.0,
    "MP2 TOTAL ENERGY": -1.114184673044393,
    "NUCLEAR REPULSION ENERGY": 0.5185936664566,
    "ONE-ELECTRON ENERGY": -2.1765512268171245,
    "PCM POLARIZATION ENERGY": 0.0,
    "PE ENERGY": 0.0,
    "SCF DIPOLE X": 0.0,
    "SCF DIPOLE Y": 0.0,
    "SCF DIPOLE Z": 1.0635056103080331e-14,
    "SCF ITERATION ENERGY": -1.0931215564558872,
    "SCF ITERATIONS": 5.0,
    "SCF TOTAL ENERGY": -1.0931215564558872,
    "SCS-MP2 CORRELATION ENERGY": -0.025275739906207028,
    "SCS-MP2 TOTAL ENERGY": -1.1183972963620943,
    "SCS-MP2-VDW CORRELATION ENERGY": -0.026960789233287485,
    "SCS-MP2-VDW TOTAL ENERGY": -1.1200823456891746,
    "SCSN-MP2 CORRELATION ENERGY": 0.0,
    "SCSN-MP2 TOTAL ENERGY": -1.0931215564558872,
    "SOS-MP2 CORRELATION ENERGY": -0.027382051565057575,
    "SOS-MP2 TOTAL ENERGY": -1.1205036080209447,
    "SOS-PI-MP2 CORRELATION ENERGY": -0.029488363223908243,
    "SOS-PI-MP2 TOTAL ENERGY": -1.1226099196797954,
    "TWO-ELECTRON ENERGY": 0.5648360039046374
}