{
    "CC D1 DIAGNOSTIC": 0.08869170311369506,
    "CC D2 DIAGNOSTIC": 0.7156708735796957,
    "CC NEW D1 DIAGNOSTIC": 0.08869170311369506,
    "CC T1 DIAGNOSTIC": 0.0296238668563737,
    "CCSD CORRELATION ENERGY": -0.5273851574588783,
    "CCSD OPPOSITE-SPIN CORRELATION ENERGY": -0.5183309776478883,
    "CCSD SAME-SPIN CORRELATION ENERGY": -0.009054179810989993,
    "CCSD TOTAL ENERGY": -149.74964454551917,
    "CURRENT CORRELATION ENERGY": -0.5273851574588783,
    "CURRENT DIPOLE X": 0.0,
    "CURRENT DIPOLE Y": 0.0,
    "CURRENT DIPOLE Z": 0.0,
    "CURRENT ENERGY": -149.74964454551917,
    "CURRENT REFERENCE ENERGY": -149.22225938805997,
    "HF TOTAL ENERGY": -149.22225938805997,
    "LCCSD (+LMP2) TOTAL ENERGY": -149.74434590492223,
    "MP2 CORRELATION ENERGY": -0.6605800124688777,
    "MP2 OPPOSITE-SPIN CORRELATION ENERGY": -0.4862966485024889,
    "MP2 SAME-SPIN CORRELATION ENERGY": -0.17428336396638877,
    "MP2 TOTAL ENERGY": -149.88283940052918,
    "NUCLEAR REPULSION ENERGY": 16.997732547523633,
    "ONE-ELECTRON ENERGY": -239.50391747255216,
    "PCM POLARIZATION ENERGY": 0.0,
    "PE ENERGY": 0.0,
    "SCF DIPOLE X": 0.0,
    "SCF DIPOLE Y": 0.0,
    "SCF DIPOLE Z": 0.0,
    "SCF ITERATION ENERGY": -149.22225938805997,
    "SCF ITERATIONS": 9.0,
    "SCF TOTAL ENERGY": -149.22225938805997,
    "TWO-ELECTRON ENERGY": 73.28392553696855
}