{
    "CC D1 DIAGNOSTIC": 0.2683560154132767,
    "CC D2 DIAGNOSTIC": 0.4381422675899942,
    "CC NEW D1 DIAGNOSTIC": 0.2683560154132767,
    "CC T1 DIAGNOSTIC": 0.06120741773628713,
    "CCSD CORRELATION ENERGY": -0.3357104567378521,
    "CCSD OPPOSITE-SPIN CORRELATION ENERGY": -0.2682743111301049,
    "CCSD SAME-SPIN CORRELATION ENERGY": -0.06743614560774724,
    "CCSD TOTAL ENERGY": -260.0346360643487,
    "CURRENT CORRELATION ENERGY": -0.3357104567378521,
    "CURRENT DIPOLE X": 0.0,
    "CURRENT DIPOLE Y": 0.0,
    "CURRENT DIPOLE Z": 3.7951067165193266,
    "CURRENT ENERGY": -260.0346360643487,
    "CURRENT REFERENCE ENERGY": -259.6989256076106,
    "HF TOTAL ENERGY": -259.6989256076106,
    "LCCSD (+LMP2) TOTAL ENERGY": -260.0364169998405,
    "MP2 CORRELATION ENERGY": -0.3180844400708316,
    "MP2 OPPOSITE-SPIN CORRELATION ENERGY": -0.24065235559726456,
    "MP2 SAME-SPIN CORRELATION ENERGY": -0.07743208447356703,
    "MP2 TOTAL ENERGY": -260.0170100476817,
    "NUCLEAR REPULSION ENERGY": 55.45383099685995,
    "ONE-ELECTRON ENERGY": -469.84499785206646,
    "PCM POLARIZATION ENERGY": 0.0,
    "PE ENERGY": 0.0,
    "SCF DIPOLE X": 0.0,
    "SCF DIPOLE Y": 0.0,
    "SCF DIPOLE Z": 3.7951067165193266,
    "SCF ITERATION ENERGY": -259.6989256076106,
    "SCF ITERATIONS": 13.0,
    "SCF TOTAL ENERGY": -259.6989256076106,
    "TWO-ELECTRON ENERGY": 154.69224124759592
}