{
    "CC D1 DIAGNOSTIC": 0.04863363817308529,
    "CC D2 DIAGNOSTIC": 0.298759767902651,
    "CC NEW D1 DIAGNOSTIC": 0.04863363817308529,
    "CC T1 DIAGNOSTIC": 0.015134257811918551,
    "CCSD CORRELATION ENERGY": -0.34546375269257407,
    "CCSD OPPOSITE-SPIN CORRELATION ENERGY": -0.2851692798529976,
    "CCSD SAME-SPIN CORRELATION ENERGY": -0.06029447283957645,
    "CCSD TOTAL ENERGY": -149.82848844604104,
    "CURRENT CORRELATION ENERGY": -0.34546375269257407,
    "CURRENT DIPOLE X": 0.0,
    "CURRENT DIPOLE Y": 0.0,
    "CURRENT DIPOLE Z": 0.0,
    "CURRENT ENERGY": -149.82848844604104,
    "CURRENT REFERENCE ENERGY": -149.48302469334845,
    "HF TOTAL ENERGY": -149.48302469334845,
    "LCCSD (+LMP2) TOTAL ENERGY": -149.82448483357942,
    "MP2 CORRELATION ENERGY": -0.3684292789986033,
    "MP2 OPPOSITE-SPIN CORRELATION ENERGY": -0.2757047238163454,
    "MP2 SAME-SPIN CORRELATION ENERGY": -0.09272455518225786,
    "MP2 TOTAL ENERGY": -149.85145397234706,
    "NUCLEAR REPULSION ENERGY": 25.19476992558175,
    "ONE-ELECTRON ENERGY": -255.71155012156575,
    "PCM POLARIZATION ENERGY": 0.0,
    "PE ENERGY": 0.0,
    "SCF DIPOLE X": 0.0,
    "SCF DIPOLE Y": 0.0,
    "SCF DIPOLE Z": 0.0,
    "SCF ITERATION ENERGY": -149.48302469334845,
    "SCF ITERATIONS": 9.0,
    "SCF TOTAL ENERGY": -149.48302469334845,
    "TWO-ELECTRON ENERGY": 81.03375550263554
}