{
    "CC D1 DIAGNOSTIC": 0.01183476406690988,
    "CC D2 DIAGNOSTIC": 0.1889232091432205,
    "CC NEW D1 DIAGNOSTIC": 0.01183476406690988,
    "CC T1 DIAGNOSTIC": 0.00560061303236028,
    "CCSD CORRELATION ENERGY": -0.24371369303885757,
    "CCSD OPPOSITE-SPIN CORRELATION ENERGY": -0.1957080124230497,
    "CCSD SAME-SPIN CORRELATION ENERGY": -0.04800568061580787,
    "CCSD TOTAL ENERGY": -148.89417189727192,
    "CURRENT CORRELATION ENERGY": -0.24371369303885757,
    "CURRENT DIPOLE X": 0.0,
    "CURRENT DIPOLE Y": 0.0,
    "CURRENT DIPOLE Z": 0.0,
    "CURRENT ENERGY": -148.89417189727192,
    "CURRENT REFERENCE ENERGY": -148.65045820423305,
    "HF TOTAL ENERGY": -148.65045820423302,
    "LCCSD (+LMP2) TOTAL ENERGY": -148.9024399230805,
    "MP2 CORRELATION ENERGY": -0.23228190539563184,
    "MP2 OPPOSITE-SPIN CORRELATION ENERGY": -0.178894313908826,
    "MP2 SAME-SPIN CORRELATION ENERGY": -0.05338759148680583,
    "MP2 TOTAL ENERGY": -148.88274010962868,
    "NUCLEAR REPULSION ENERGY": 43.06454284404551,
    "ONE-ELECTRON ENERGY": -287.8336523724856,
    "PCM POLARIZATION ENERGY": 0.0,
    "PE ENERGY": 0.0,
    "SCF DIPOLE X": 0.0,
    "SCF DIPOLE Y": 0.0,
    "SCF DIPOLE Z": 0.0,
    "SCF ITERATION ENERGY": -148.65045820423305,
    "SCF ITERATIONS": 9.0,
    "SCF TOTAL ENERGY": -148.65045820423305,
    "TWO-ELECTRON ENERGY": 96.11865132420702
}