{
    "CC D1 DIAGNOSTIC": 0.08166511636471242,
    "CC D2 DIAGNOSTIC": 0.6710527658047243,
    "CC NEW D1 DIAGNOSTIC": 0.08166511636471242,
    "CC T1 DIAGNOSTIC": 0.03447946631070833,
    "CCSD CORRELATION ENERGY": -0.538293379090838,
    "CCSD OPPOSITE-SPIN CORRELATION ENERGY": -0.571988738542036,
    "CCSD SAME-SPIN CORRELATION ENERGY": 0.03369535945119795,
    "CCSD TOTAL ENERGY": -108.91406445745383,
    "CURRENT CORRELATION ENERGY": -0.538293379090838,
    "CURRENT DIPOLE X": 0.0,
    "CURRENT DIPOLE Y": 0.0,
    "CURRENT DIPOLE Z": 5.643810867306312e-16,
    "CURRENT ENERGY": -108.91406445745383,
    "CURRENT REFERENCE ENERGY": -108.37577107836248,
    "HF TOTAL ENERGY": -108.37577107836248,
    "LCCSD (+LMP2) TOTAL ENERGY": -108.93169423535517,
    "MP2 CORRELATION ENERGY": -0.7526435537639612,
    "MP2 OPPOSITE-SPIN CORRELATION ENERGY": -0.5265341731450577,
    "MP2 SAME-SPIN CORRELATION ENERGY": -0.2261093806189035,
    "MP2 TOTAL ENERGY": -109.12841463212696,
    "NUCLEAR REPULSION ENERGY": 13.47260308418582,
    "ONE-ELECTRON ENERGY": -173.5321448786662,
    "PCM POLARIZATION ENERGY": 0.0,
    "PE ENERGY": 0.0,
    "SCF DIPOLE X": 0.0,
    "SCF DIPOLE Y": 0.0,
    "SCF DIPOLE Z": 5.643810867306312e-16,
    "SCF ITERATION ENERGY": -108.37577107836248,
    "SCF ITERATIONS": 8.0,
    "SCF TOTAL ENERGY": -108.37577107836248,
    "TWO-ELECTRON ENERGY": 51.68377071611789
}