{
    "CC D1 DIAGNOSTIC": 0.07194692415986097,
    "CC D2 DIAGNOSTIC": 0.09906852792732179,
    "CC NEW D1 DIAGNOSTIC": 0.07194692415986097,
    "CC T1 DIAGNOSTIC": 0.022455796881050923,
    "CCSD CORRELATION ENERGY": -0.1783100472286953,
    "CCSD OPPOSITE-SPIN CORRELATION ENERGY": -0.14120113274865942,
    "CCSD SAME-SPIN CORRELATION ENERGY": -0.037108914480035976,
    "CCSD TOTAL ENERGY": -106.34723106445263,
    "CURRENT CORRELATION ENERGY": -0.1783100472286953,
    "CURRENT DIPOLE X": 0.0,
    "CURRENT DIPOLE Y": 0.0,
    "CURRENT DIPOLE Z": -2.8778235149789495,
    "CURRENT ENERGY": -106.34723106445263,
    "CURRENT REFERENCE ENERGY": -106.16892101722395,
    "HF TOTAL ENERGY": -106.16892101722395,
    "LCCSD (+LMP2) TOTAL ENERGY": -106.34817304311296,
    "MP2 CORRELATION ENERGY": -0.1791810489275387,
    "MP2 OPPOSITE-SPIN CORRELATION ENERGY": -0.13491284264777084,
    "MP2 SAME-SPIN CORRELATION ENERGY": -0.04426820627976785,
    "MP2 TOTAL ENERGY": -106.34810206615147,
    "NUCLEAR REPULSION ENERGY": 17.02556378999946,
    "ONE-ELECTRON ENERGY": -182.5924570060189,
    "PCM POLARIZATION ENERGY": 0.0,
    "PE ENERGY": 0.0,
    "SCF DIPOLE X": 0.0,
    "SCF DIPOLE Y": 0.0,
    "SCF DIPOLE Z": -2.8778235149789495,
    "SCF ITERATION ENERGY": -106.16892101722395,
    "SCF ITERATIONS": 10.0,
    "SCF TOTAL ENERGY": -106.16892101722395,
    "TWO-ELECTRON ENERGY": 59.39797219879547
}