{
    "CC D1 DIAGNOSTIC": 0.03793613761558345,
    "CC D2 DIAGNOSTIC": 0.18715144804177516,
    "CC NEW D1 DIAGNOSTIC": 0.03793613761558345,
    "CC T1 DIAGNOSTIC": 0.012764842259453605,
    "CCSD CORRELATION ENERGY": -0.18072491271016045,
    "CCSD OPPOSITE-SPIN CORRELATION ENERGY": -0.1479437013471346,
    "CCSD SAME-SPIN CORRELATION ENERGY": -0.032781211363025975,
    "CCSD TOTAL ENERGY": -100.13290437809272,
    "CURRENT CORRELATION ENERGY": -0.18072491271016045,
    "CURRENT DIPOLE X": 0.0,
    "CURRENT DIPOLE Y": 0.0,
    "CURRENT DIPOLE Z": -2.7951374954711268,
    "CURRENT ENERGY": -100.13290437809272,
    "CURRENT REFERENCE ENERGY": -99.95217946538259,
    "HF TOTAL ENERGY": -99.95217946538259,
    "LCCSD (+LMP2) TOTAL ENERGY": -100.13442469148806,
    "MP2 CORRELATION ENERGY": -0.17804410897678488,
    "MP2 OPPOSITE-SPIN CORRELATION ENERGY": -0.13589469858138892,
    "MP2 SAME-SPIN CORRELATION ENERGY": -0.042149410395395964,
    "MP2 TOTAL ENERGY": -100.13022357435935,
    "NUCLEAR REPULSION ENERGY": 3.753490630930574,
    "ONE-ELECTRON ENERGY": -148.10302636002717,
    "PCM POLARIZATION ENERGY": 0.0,
    "PE ENERGY": 0.0,
    "SCF DIPOLE X": 0.0,
    "SCF DIPOLE Y": 0.0,
    "SCF DIPOLE Z": -2.7951374954711268,
    "SCF ITERATION ENERGY": -99.95217946538259,
    "SCF ITERATIONS": 10.0,
    "SCF TOTAL ENERGY": -99.95217946538259,
    "TWO-ELECTRON ENERGY": 44.397356263714016
}