{
    "CC D1 DIAGNOSTIC": 0.02309601613886157,
    "CC D2 DIAGNOSTIC": 0.11643238473030353,
    "CC NEW D1 DIAGNOSTIC": 0.02309601613886157,
    "CC T1 DIAGNOSTIC": 0.007152929017001322,
    "CCSD CORRELATION ENERGY": -0.20942369794085158,
    "CCSD OPPOSITE-SPIN CORRELATION ENERGY": -0.16529634628644593,
    "CCSD SAME-SPIN CORRELATION ENERGY": -0.044127351654405594,
    "CCSD TOTAL ENERGY": -107.62318480013639,
    "CURRENT CORRELATION ENERGY": -0.20942369794085158,
    "CURRENT DIPOLE X": 0.0,
    "CURRENT DIPOLE Y": 0.0,
    "CURRENT DIPOLE Z": 1.4673705300497955,
    "CURRENT ENERGY": -107.62318480013639,
    "CURRENT REFERENCE ENERGY": -107.41376110219548,
    "HF TOTAL ENERGY": -107.41376110219548,
    "LCCSD (+LMP2) TOTAL ENERGY": -107.61124679219958,
    "MP2 CORRELATION ENERGY": -0.20035156762123046,
    "MP2 OPPOSITE-SPIN CORRELATION ENERGY": -0.15298695185368696,
    "MP2 SAME-SPIN CORRELATION ENERGY": -0.0473646157675435,
    "MP2 TOTAL ENERGY": -107.61411266981676,
    "NUCLEAR REPULSION ENERGY": 50.046541745740996,
    "ONE-ELECTRON ENERGY": -239.52700394086094,
    "PCM POLARIZATION ENERGY": 0.0,
    "PE ENERGY": 0.0,
    "SCF DIPOLE X": 0.0,
    "SCF DIPOLE Y": 0.0,
    "SCF DIPOLE Z": 1.4673705300497955,
    "SCF ITERATION ENERGY": -107.41376110219548,
    "SCF ITERATIONS": 10.0,
    "SCF TOTAL ENERGY": -107.41376110219548,
    "TWO-ELECTRON ENERGY": 82.06670109292446
}