{
    "CC D1 DIAGNOSTIC": 0.01052363668349456,
    "CC D2 DIAGNOSTIC": 0.18267221162373368,
    "CC NEW D1 DIAGNOSTIC": 0.01052363668349456,
    "CC T1 DIAGNOSTIC": 0.0047724060901050075,
    "CCSD CORRELATION ENERGY": -0.23410887495211788,
    "CCSD OPPOSITE-SPIN CORRELATION ENERGY": -0.18662872512217504,
    "CCSD SAME-SPIN CORRELATION ENERGY": -0.047480149829942864,
    "CCSD TOTAL ENERGY": -147.51679012620016,
    "CURRENT CORRELATION ENERGY": -0.23410887495211788,
    "CURRENT DIPOLE X": 0.0,
    "CURRENT DIPOLE Y": 0.0,
    "CURRENT DIPOLE Z": 0.0,
    "CURRENT ENERGY": -147.51679012620016,
    "CURRENT REFERENCE ENERGY": -147.28268125124816,
    "HF TOTAL ENERGY": -147.28268125124816,
    "LCCSD (+LMP2) TOTAL ENERGY": -147.5598193358275,
    "MP2 CORRELATION ENERGY": -0.22227185925578302,
    "MP2 OPPOSITE-SPIN CORRELATION ENERGY": -0.1707151176582288,
    "MP2 SAME-SPIN CORRELATION ENERGY": -0.05155674159755422,
    "MP2 TOTAL ENERGY": -147.50495311050383,
    "NUCLEAR REPULSION ENERGY": 51.447335535061995,
    "ONE-ELECTRON ENERGY": -300.5186331868174,
    "PCM POLARIZATION ENERGY": 0.0,
    "PE ENERGY": 0.0,
    "SCF DIPOLE X": 0.0,
    "SCF DIPOLE Y": 0.0,
    "SCF DIPOLE Z": 0.0,
    "SCF ITERATION ENERGY": -147.28268125124816,
    "SCF ITERATIONS": 9.0,
    "SCF TOTAL ENERGY": -147.28268125124816,
    "TWO-ELECTRON ENERGY": 101.78861640050724
}