{
    "CC D1 DIAGNOSTIC": 0.058237407542945784,
    "CC D2 DIAGNOSTIC": 0.35489398613057277,
    "CC NEW D1 DIAGNOSTIC": 0.058237407542945784,
    "CC T1 DIAGNOSTIC": 0.0182391886059491,
    "CCSD CORRELATION ENERGY": -0.37765804063525416,
    "CCSD OPPOSITE-SPIN CORRELATION ENERGY": -0.3188303010217509,
    "CCSD SAME-SPIN CORRELATION ENERGY": -0.058827739613503405,
    "CCSD TOTAL ENERGY": -149.8091522435981,
    "CURRENT CORRELATION ENERGY": -0.37765804063525416,
    "CURRENT DIPOLE X": 0.0,
    "CURRENT DIPOLE Y": 0.0,
    "CURRENT DIPOLE Z": 0.0,
    "CURRENT ENERGY": -149.8091522435981,
    "CURRENT REFERENCE ENERGY": -149.4314942029624,
    "HF TOTAL ENERGY": -149.4314942029624,
    "LCCSD (+LMP2) TOTAL ENERGY": -149.8273037234081,
    "MP2 CORRELATION ENERGY": -0.4208896620890858,
    "MP2 OPPOSITE-SPIN CORRELATION ENERGY": -0.3131385617417805,
    "MP2 SAME-SPIN CORRELATION ENERGY": -0.10775110034730528,
    "MP2 TOTAL ENERGY": -149.85238386505193,
    "NUCLEAR REPULSION ENERGY": 22.88489288656407,
    "ONE-ELECTRON ENERGY": -251.18360123113308,
    "PCM POLARIZATION ENERGY": 0.0,
    "PE ENERGY": 0.0,
    "SCF DIPOLE X": 0.0,
    "SCF DIPOLE Y": 0.0,
    "SCF DIPOLE Z": 0.0,
    "SCF ITERATION ENERGY": -149.4314942029624,
    "SCF ITERATIONS": 9.0,
    "SCF TOTAL ENERGY": -149.4314942029624,
    "TWO-ELECTRON ENERGY": 78.86721414160661
}