{
    "CC D1 DIAGNOSTIC": 0.23375397810406667,
    "CC D2 DIAGNOSTIC": 0.2337749646719541,
    "CC NEW D1 DIAGNOSTIC": 0.23375397810406667,
    "CC T1 DIAGNOSTIC": 0.09609226482661687,
    "CCSD CORRELATION ENERGY": -0.3233742073812478,
    "CCSD OPPOSITE-SPIN CORRELATION ENERGY": -0.2578746602750418,
    "CCSD SAME-SPIN CORRELATION ENERGY": -0.06549954710620576,
    "CCSD TOTAL ENERGY": -112.76700644959655,
    "CURRENT CORRELATION ENERGY": -0.3233742073812478,
    "CURRENT DIPOLE X": 0.0,
    "CURRENT DIPOLE Y": 0.0,
    "CURRENT DIPOLE Z": -2.995427635683831,
    "CURRENT ENERGY": -112.76700644959655,
    "CURRENT REFERENCE ENERGY": -112.44363224221487,
    "HF TOTAL ENERGY": -112.44363224221487,
    "LCCSD (+LMP2) TOTAL ENERGY": -112.76701255524878,
    "MP2 CORRELATION ENERGY": -0.3251795998505817,
    "MP2 OPPOSITE-SPIN CORRELATION ENERGY": -0.24138706882650973,
    "MP2 SAME-SPIN CORRELATION ENERGY": -0.08379253102407197,
    "MP2 TOTAL ENERGY": -112.76881184206589,
    "NUCLEAR REPULSION ENERGY": 15.088658854686091,
    "ONE-ELECTRON ENERGY": -183.67594171922443,
    "PCM POLARIZATION ENERGY": 0.0,
    "PE ENERGY": 0.0,
    "SCF DIPOLE X": 0.0,
    "SCF DIPOLE Y": 0.0,
    "SCF DIPOLE Z": -2.995427635683831,
    "SCF ITERATION ENERGY": -112.44363224221487,
    "SCF ITERATIONS": 12.0,
    "SCF TOTAL ENERGY": -112.44363224221487,
    "TWO-ELECTRON ENERGY": 56.14365062232347
}