{
    "CC D1 DIAGNOSTIC": 0.2789767197893552,
    "CC D2 DIAGNOSTIC": 0.2614957104521038,
    "CC NEW D1 DIAGNOSTIC": 0.2789767197893552,
    "CC T1 DIAGNOSTIC": 0.09231603247957973,
    "CCSD CORRELATION ENERGY": -0.4819653048821653,
    "CCSD OPPOSITE-SPIN CORRELATION ENERGY": -0.37559741396412133,
    "CCSD SAME-SPIN CORRELATION ENERGY": -0.1063678909180431,
    "CCSD TOTAL ENERGY": -187.66368041197973,
    "CURRENT CORRELATION ENERGY": -0.4819653048821653,
    "CURRENT DIPOLE X": 0.0,
    "CURRENT DIPOLE Y": 0.0,
    "CURRENT DIPOLE Z": 0.0,
    "CURRENT ENERGY": -187.66368041197973,
    "CURRENT REFERENCE ENERGY": -187.18171510709593,
    "HF TOTAL ENERGY": -187.18171510709593,
    "LCCSD (+LMP2) TOTAL ENERGY": -187.66367349376904,
    "MP2 CORRELATION ENERGY": -0.4342494238048165,
    "MP2 OPPOSITE-SPIN CORRELATION ENERGY": -0.32552204810807495,
    "MP2 SAME-SPIN CORRELATION ENERGY": -0.10872737569674157,
    "MP2 TOTAL ENERGY": -187.6159645309024,
    "NUCLEAR REPULSION ENERGY": 39.52845134951976,
    "ONE-ELECTRON ENERGY": -335.1586874632758,
    "PCM POLARIZATION ENERGY": 0.0,
    "PE ENERGY": 0.0,
    "SCF DIPOLE X": 0.0,
    "SCF DIPOLE Y": 0.0,
    "SCF DIPOLE Z": 0.0,
    "SCF ITERATION ENERGY": -187.18171510709593,
    "SCF ITERATIONS": 12.0,
    "SCF TOTAL ENERGY": -187.18171510709593,
    "TWO-ELECTRON ENERGY": 108.44852100666012
}