{
    "CC D1 DIAGNOSTIC": 0.018520791810852828,
    "CC D2 DIAGNOSTIC": 0.08687755892086849,
    "CC NEW D1 DIAGNOSTIC": 0.018520791810852828,
    "CC T1 DIAGNOSTIC": 0.006669650257377727,
    "CCSD CORRELATION ENERGY": -0.32595816759430385,
    "CCSD OPPOSITE-SPIN CORRELATION ENERGY": -0.24809620742235003,
    "CCSD SAME-SPIN CORRELATION ENERGY": -0.07786196017195399,
    "CCSD TOTAL ENERGY": -182.1859036952143,
    "CURRENT CORRELATION ENERGY": -0.32595816759430385,
    "CURRENT DIPOLE X": 0.0,
    "CURRENT DIPOLE Y": 0.0,
    "CURRENT DIPOLE Z": 0.0,
    "CURRENT ENERGY": -182.1859036952143,
    "CURRENT REFERENCE ENERGY": -181.85994552762043,
    "HF TOTAL ENERGY": -181.85994552762043,
    "LCCSD (+LMP2) TOTAL ENERGY": -182.1780347194046,
    "MP2 CORRELATION ENERGY": -0.3240732866346765,
    "MP2 OPPOSITE-SPIN CORRELATION ENERGY": -0.23838289097155554,
    "MP2 SAME-SPIN CORRELATION ENERGY": -0.08569039566312095,
    "MP2 TOTAL ENERGY": -182.18401881425467,
    "NUCLEAR REPULSION ENERGY": 111.86059676503109,
    "ONE-ELECTRON ENERGY": -464.59095746042306,
    "PCM POLARIZATION ENERGY": 0.0,
    "PE ENERGY": 0.0,
    "SCF DIPOLE X": 0.0,
    "SCF DIPOLE Y": 0.0,
    "SCF DIPOLE Z": 0.0,
    "SCF ITERATION ENERGY": -181.85994552762043,
    "SCF ITERATIONS": 10.0,
    "SCF TOTAL ENERGY": -181.85994552762043,
    "TWO-ELECTRON ENERGY": 170.8704151677715
}