{
    "CC D1 DIAGNOSTIC": 0.012658819174697439,
    "CC D2 DIAGNOSTIC": 0.105197355227662,
    "CC NEW D1 DIAGNOSTIC": 0.012658819174697439,
    "CC T1 DIAGNOSTIC": 0.005950675518365982,
    "CCSD CORRELATION ENERGY": -0.15808487132995494,
    "CCSD OPPOSITE-SPIN CORRELATION ENERGY": -0.12660552320809262,
    "CCSD SAME-SPIN CORRELATION ENERGY": -0.031479348121862316,
    "CCSD TOTAL ENERGY": -100.17752620024208,
    "CURRENT CORRELATION ENERGY": -0.15808487132995494,
    "CURRENT DIPOLE X": 0.0,
    "CURRENT DIPOLE Y": 0.0,
    "CURRENT DIPOLE Z": -2.272159186418722,
    "CURRENT ENERGY": -100.17752620024208,
    "CURRENT REFERENCE ENERGY": -100.01944132891217,
    "HF TOTAL ENERGY": -100.01944132891217,
    "LCCSD (+LMP2) TOTAL ENERGY": -100.19082877620215,
    "MP2 CORRELATION ENERGY": -0.15675976034420186,
    "MP2 OPPOSITE-SPIN CORRELATION ENERGY": -0.11903396289422821,
    "MP2 SAME-SPIN CORRELATION ENERGY": -0.03772579744997365,
    "MP2 TOTAL ENERGY": -100.17620108925632,
    "NUCLEAR REPULSION ENERGY": 5.478360602947805,
    "ONE-ELECTRON ENERGY": -151.09510521091957,
    "PCM POLARIZATION ENERGY": 0.0,
    "PE ENERGY": 0.0,
    "SCF DIPOLE X": 0.0,
    "SCF DIPOLE Y": 0.0,
    "SCF DIPOLE Z": -2.272159186418722,
    "SCF ITERATION ENERGY": -100.01944132891217,
    "SCF ITERATIONS": 9.0,
    "SCF TOTAL ENERGY": -100.01944132891217,
    "TWO-ELECTRON ENERGY": 45.597303279059595
}