{
    "CC D1 DIAGNOSTIC": 0.035190258337049,
    "CC D2 DIAGNOSTIC": 0.1459500851030519,
    "CC NEW D1 DIAGNOSTIC": 0.035190258337049,
    "CC T1 DIAGNOSTIC": 0.014329413211139341,
    "CCSD CORRELATION ENERGY": -0.24563503105436374,
    "CCSD OPPOSITE-SPIN CORRELATION ENERGY": -0.19753792707100332,
    "CCSD SAME-SPIN CORRELATION ENERGY": -0.04809710398336042,
    "CCSD TOTAL ENERGY": -112.92609877914515,
    "CURRENT CORRELATION ENERGY": -0.24563503105436374,
    "CURRENT DIPOLE X": 0.0,
    "CURRENT DIPOLE Y": 0.0,
    "CURRENT DIPOLE Z": -0.09711977215788144,
    "CURRENT ENERGY": -112.92609877914515,
    "CURRENT REFERENCE ENERGY": -112.68046374809077,
    "HF TOTAL ENERGY": -112.68046374809077,
    "LCCSD (+LMP2) TOTAL ENERGY": -112.92602058072919,
    "MP2 CORRELATION ENERGY": -0.24554781335925824,
    "MP2 OPPOSITE-SPIN CORRELATION ENERGY": -0.18601176288890822,
    "MP2 SAME-SPIN CORRELATION ENERGY": -0.059536050470350016,
    "MP2 TOTAL ENERGY": -112.92601156145004,
    "NUCLEAR REPULSION ENERGY": 24.360003452143804,
    "ONE-ELECTRON ENERGY": -201.29016420671735,
    "PCM POLARIZATION ENERGY": 0.0,
    "PE ENERGY": 0.0,
    "SCF DIPOLE X": 0.0,
    "SCF DIPOLE Y": 0.0,
    "SCF DIPOLE Z": -0.09711977215788144,
    "SCF ITERATION ENERGY": -112.68046374809077,
    "SCF ITERATIONS": 9.0,
    "SCF TOTAL ENERGY": -112.68046374809077,
    "TWO-ELECTRON ENERGY": 64.24969700648276
}