{
    "CC D1 DIAGNOSTIC": 0.19563406989788185,
    "CC D2 DIAGNOSTIC": 0.21848067035663665,
    "CC NEW D1 DIAGNOSTIC": 0.19563406989788185,
    "CC T1 DIAGNOSTIC": 0.0639670003480122,
    "CCSD CORRELATION ENERGY": -0.4802802634517508,
    "CCSD OPPOSITE-SPIN CORRELATION ENERGY": -0.37773516069893337,
    "CCSD SAME-SPIN CORRELATION ENERGY": -0.10254510275281797,
    "CCSD TOTAL ENERGY": -187.75399850558384,
    "CURRENT CORRELATION ENERGY": -0.4802802634517508,
    "CURRENT DIPOLE X": 0.0,
    "CURRENT DIPOLE Y": 0.0,
    "CURRENT DIPOLE Z": 0.0,
    "CURRENT ENERGY": -187.75399850558384,
    "CURRENT REFERENCE ENERGY": -187.27371824213202,
    "HF TOTAL ENERGY": -187.27371824213202,
    "LCCSD (+LMP2) TOTAL ENERGY": -187.75410894140242,
    "MP2 CORRELATION ENERGY": -0.4789120474378087,
    "MP2 OPPOSITE-SPIN CORRELATION ENERGY": -0.3534178735613246,
    "MP2 SAME-SPIN CORRELATION ENERGY": -0.1254941738764841,
    "MP2 TOTAL ENERGY": -187.75263028956988,
    "NUCLEAR REPULSION ENERGY": 42.92739461842752,
    "ONE-ELECTRON ENERGY": -341.69978897938597,
    "PCM POLARIZATION ENERGY": 0.0,
    "PE ENERGY": 0.0,
    "SCF DIPOLE X": 0.0,
    "SCF DIPOLE Y": 0.0,
    "SCF DIPOLE Z": 0.0,
    "SCF ITERATION ENERGY": -187.27371824213202,
    "SCF ITERATIONS": 12.0,
    "SCF TOTAL ENERGY": -187.27371824213202,
    "TWO-ELECTRON ENERGY": 111.49867611882644
}