{
    "CC D1 DIAGNOSTIC": 0.041976904840701136,
    "CC D2 DIAGNOSTIC": 0.26925288797750724,
    "CC NEW D1 DIAGNOSTIC": 0.041976904840701136,
    "CC T1 DIAGNOSTIC": 0.013084979083352592,
    "CCSD CORRELATION ENERGY": -0.3246945616416929,
    "CCSD OPPOSITE-SPIN CORRELATION ENERGY": -0.26541872047824444,
    "CCSD SAME-SPIN CORRELATION ENERGY": -0.05927584116344842,
    "CCSD TOTAL ENERGY": -149.83115071695187,
    "CURRENT CORRELATION ENERGY": -0.3246945616416929,
    "CURRENT DIPOLE X": 0.0,
    "CURRENT DIPOLE Y": 0.0,
    "CURRENT DIPOLE Z": 0.0,
    "CURRENT ENERGY": -149.83115071695187,
    "CURRENT REFERENCE ENERGY": -149.50645615531036,
    "HF TOTAL ENERGY": -149.50645615531036,
    "LCCSD (+LMP2) TOTAL ENERGY": -149.84448041972294,
    "MP2 CORRELATION ENERGY": -0.336649937090725,
    "MP2 OPPOSITE-SPIN CORRELATION ENERGY": -0.25317724526156166,
    "MP2 SAME-SPIN CORRELATION ENERGY": -0.08347269182916334,
    "MP2 TOTAL ENERGY": -149.8431060924009,
    "NUCLEAR REPULSION ENERGY": 27.01242867772793,
    "ONE-ELECTRON ENERGY": -259.2365792478222,
    "PCM POLARIZATION ENERGY": 0.0,
    "PE ENERGY": 0.0,
    "SCF DIPOLE X": 0.0,
    "SCF DIPOLE Y": 0.0,
    "SCF DIPOLE Z": 0.0,
    "SCF ITERATION ENERGY": -149.50645615531036,
    "SCF ITERATIONS": 9.0,
    "SCF TOTAL ENERGY": -149.50645615531036,
    "TWO-ELECTRON ENERGY": 82.71769441478389
}