{
    "CURRENT CORRELATION ENERGY": -0.2794781528772887,
    "CURRENT DIPOLE X": 1.1287621734612623e-15,
    "CURRENT DIPOLE Y": 0.0,
    "CURRENT DIPOLE Z": 1.4857677082488918,
    "CURRENT ENERGY": -110.15944898195957,
    "CURRENT REFERENCE ENERGY": -109.87997082908228,
    "CUSTOM SCS-MP2 CORRELATION ENERGY": -0.28271226995323495,
    "CUSTOM SCS-MP2 TOTAL ENERGY": -110.16268309903552,
    "HF TOTAL ENERGY": -109.87997082908228,
    "MP2 CORRELATION ENERGY": -0.2794781528772887,
    "MP2 OPPOSITE-SPIN CORRELATION ENERGY": -0.21871486807015766,
    "MP2 SAME-SPIN CORRELATION ENERGY": -0.06076328480713729,
    "MP2 TOTAL ENERGY": -110.15944898195957,
    "NUCLEAR REPULSION ENERGY": 32.12654416460963,
    "ONE-ELECTRON ENERGY": -212.48908604784594,
    "PCM POLARIZATION ENERGY": 0.0,
    "PE ENERGY": 0.0,
    "SCF DIPOLE X": 1.1287621734612623e-15,
    "SCF DIPOLE Y": 0.0,
    "SCF DIPOLE Z": 1.4857677082488918,
    "SCF ITERATION ENERGY": -109.87997082908228,
    "SCF ITERATIONS": 10.0,
    "SCF TOTAL ENERGY": -109.87997082908228,
    "SCS-MP2 CORRELATION ENERGY": -0.28271226995323495,
    "SCS-MP2 TOTAL ENERGY": -110.16268309903552,
    "SCS-MP2-VDW CORRELATION ENERGY": -0.3103366735333708,
    "SCS-MP2-VDW TOTAL ENERGY": -110.19030750261565,
    "SCSN-MP2 CORRELATION ENERGY": -0.10694338126054959,
    "SCSN-MP2 TOTAL ENERGY": -109.98691421034283,
    "SOS-MP2 CORRELATION ENERGY": 0.0,
    "SOS-MP2 TOTAL ENERGY": -109.87997082908228,
    "SOS-PI-MP2 CORRELATION ENERGY": -0.30620081529822585,
    "SOS-PI-MP2 TOTAL ENERGY": -110.18617164438051,
    "TWO-ELECTRON ENERGY": 70.48257105415402
}