{
    "CURRENT CORRELATION ENERGY": -0.017291918874041468,
    "CURRENT DIPOLE X": 0.0,
    "CURRENT DIPOLE Y": 0.0,
    "CURRENT DIPOLE Z": 1.5123649433484882e-15,
    "CURRENT ENERGY": -1.1400816674214493,
    "CURRENT REFERENCE ENERGY": -1.1227897485474079,
    "CUSTOM SCS-MP2 CORRELATION ENERGY": -0.0207503026488498,
    "CUSTOM SCS-MP2 TOTAL ENERGY": -1.1435400511962577,
    "HF TOTAL ENERGY": -1.1227897485474079,
    "MP2 CORRELATION ENERGY": -0.017291918874041468,
    "MP2 OPPOSITE-SPIN CORRELATION ENERGY": -0.0172919188740415,
    "MP2 SAME-SPIN CORRELATION ENERGY": 0.0,
    "MP2 TOTAL ENERGY": -1.1400816674214493,
    "NUCLEAR REPULSION ENERGY": 0.8103026038384377,
    "ONE-ELECTRON ENERGY": -2.6180116815460632,
    "PCM POLARIZATION ENERGY": 0.0,
    "PE ENERGY": 0.0,
    "SCF DIPOLE X": 0.0,
    "SCF DIPOLE Y": 0.0,
    "SCF DIPOLE Z": 1.5123649433484882e-15,
    "SCF ITERATION ENERGY": -1.1227897485474079,
    "SCF ITERATIONS": 5.0,
    "SCF TOTAL ENERGY": -1.1227897485474079,
    "SCS-MP2 CORRELATION ENERGY": -0.0207503026488498,
    "SCS-MP2 TOTAL ENERGY": -1.1435400511962577,
    "SCS-MP2-VDW CORRELATION ENERGY": -0.022133656158773052,
    "SCS-MP2-VDW TOTAL ENERGY": -1.144923404706181,
    "SCSN-MP2 CORRELATION ENERGY": 0.0,
    "SCSN-MP2 TOTAL ENERGY": -1.1227897485474079,
    "SOS-MP2 CORRELATION ENERGY": 0.0,
    "SOS-MP2 TOTAL ENERGY": -1.1227897485474079,
    "SOS-PI-MP2 CORRELATION ENERGY": -0.024208686423658143,
    "SOS-PI-MP2 TOTAL ENERGY": -1.146998434971066,
    "TWO-ELECTRON ENERGY": 0.6849193291602178
}