{
    "CC D1 DIAGNOSTIC": 0.032811080154333046,
    "CC D2 DIAGNOSTIC": 0.14300151967722874,
    "CC NEW D1 DIAGNOSTIC": 0.032811080154333046,
    "CC T1 DIAGNOSTIC": 0.013474922484429015,
    "CCSD CORRELATION ENERGY": -0.24293746383659506,
    "CCSD OPPOSITE-SPIN CORRELATION ENERGY": -0.19528200443090882,
    "CCSD SAME-SPIN CORRELATION ENERGY": -0.04765545940568622,
    "CCSD TOTAL ENERGY": -112.90954502937103,
    "CURRENT CORRELATION ENERGY": -0.24293746383659506,
    "CURRENT DIPOLE X": 0.0,
    "CURRENT DIPOLE Y": 0.0,
    "CURRENT DIPOLE Z": 0.004391340928344307,
    "CURRENT ENERGY": -112.90954502937103,
    "CURRENT REFERENCE ENERGY": -112.6666075655345,
    "HF TOTAL ENERGY": -112.6666075655345,
    "LCCSD (+LMP2) TOTAL ENERGY": -112.90958971134214,
    "MP2 CORRELATION ENERGY": -0.24198869214773655,
    "MP2 OPPOSITE-SPIN CORRELATION ENERGY": -0.18353717835972305,
    "MP2 SAME-SPIN CORRELATION ENERGY": -0.0584515137880135,
    "MP2 TOTAL ENERGY": -112.90859625768218,
    "NUCLEAR REPULSION ENERGY": 24.900003528669174,
    "ONE-ELECTRON ENERGY": -202.2850864001698,
    "PCM POLARIZATION ENERGY": 0.0,
    "PE ENERGY": 0.0,
    "SCF DIPOLE X": 0.0,
    "SCF DIPOLE Y": 0.0,
    "SCF DIPOLE Z": 0.004391340928344307,
    "SCF ITERATION ENERGY": -112.6666075655345,
    "SCF ITERATIONS": 9.0,
    "SCF TOTAL ENERGY": -112.6666075655345,
    "TWO-ELECTRON ENERGY": 64.71847530596612
}