{
    "CC D1 DIAGNOSTIC": 0.021234326431020967,
    "CC D2 DIAGNOSTIC": 0.20931109247616808,
    "CC NEW D1 DIAGNOSTIC": 0.021234326431020967,
    "CC T1 DIAGNOSTIC": 0.007592781404139803,
    "CCSD CORRELATION ENERGY": -0.2674727745887763,
    "CCSD OPPOSITE-SPIN CORRELATION ENERGY": -0.21583111025705182,
    "CCSD SAME-SPIN CORRELATION ENERGY": -0.0516416643317244,
    "CCSD TOTAL ENERGY": -149.61946737863883,
    "CURRENT CORRELATION ENERGY": -0.2674727745887763,
    "CURRENT DIPOLE X": 0.0,
    "CURRENT DIPOLE Y": 0.0,
    "CURRENT DIPOLE Z": 0.0,
    "CURRENT ENERGY": -149.61946737863883,
    "CURRENT REFERENCE ENERGY": -149.3519946040499,
    "HF TOTAL ENERGY": -149.35199460404993,
    "LCCSD (+LMP2) TOTAL ENERGY": -149.7227672833823,
    "MP2 CORRELATION ENERGY": -0.25960897319484977,
    "MP2 OPPOSITE-SPIN CORRELATION ENERGY": -0.19876470551927825,
    "MP2 SAME-SPIN CORRELATION ENERGY": -0.06084426767557152,
    "MP2 TOTAL ENERGY": -149.6116035772449,
    "NUCLEAR REPULSION ENERGY": 35.01091405243181,
    "ONE-ELECTRON ENERGY": -274.145197046505,
    "PCM POLARIZATION ENERGY": 0.0,
    "PE ENERGY": 0.0,
    "SCF DIPOLE X": 0.0,
    "SCF DIPOLE Y": 0.0,
    "SCF DIPOLE Z": 0.0,
    "SCF ITERATION ENERGY": -149.3519946040499,
    "SCF ITERATIONS": 9.0,
    "SCF TOTAL ENERGY": -149.3519946040499,
    "TWO-ELECTRON ENERGY": 89.78228839002328
}