{
    "CC D1 DIAGNOSTIC": 0.01901090003486809,
    "CC D2 DIAGNOSTIC": 0.16059353720086036,
    "CC NEW D1 DIAGNOSTIC": 0.01901090003486809,
    "CC T1 DIAGNOSTIC": 0.0061448063682583145,
    "CCSD CORRELATION ENERGY": -0.11847459849415029,
    "CCSD OPPOSITE-SPIN CORRELATION ENERGY": -0.09832281191963722,
    "CCSD SAME-SPIN CORRELATION ENERGY": -0.02015178657451283,
    "CCSD TOTAL ENERGY": -460.17148343359895,
    "CURRENT CORRELATION ENERGY": -0.11847459849415029,
    "CURRENT DIPOLE X": 0.0,
    "CURRENT DIPOLE Y": 0.0,
    "CURRENT DIPOLE Z": -1.9937997330711648,
    "CURRENT ENERGY": -460.17148343359895,
    "CURRENT REFERENCE ENERGY": -460.05300883510466,
    "HF TOTAL ENERGY": -460.05300883510466,
    "LCCSD (+LMP2) TOTAL ENERGY": -460.1696640737864,
    "MP2 CORRELATION ENERGY": -0.10679503872669426,
    "MP2 OPPOSITE-SPIN CORRELATION ENERGY": -0.08535176746569494,
    "MP2 SAME-SPIN CORRELATION ENERGY": -0.02144327126099932,
    "MP2 TOTAL ENERGY": -460.1598038738315,
    "NUCLEAR REPULSION ENERGY": 6.04799494492098,
    "ONE-ELECTRON ENERGY": -647.705838361593,
    "PCM POLARIZATION ENERGY": 0.0,
    "PE ENERGY": 0.0,
    "SCF DIPOLE X": 0.0,
    "SCF DIPOLE Y": 0.0,
    "SCF DIPOLE Z": -1.9937997330711648,
    "SCF ITERATION ENERGY": -460.05300883510466,
    "SCF ITERATIONS": 9.0,
    "SCF TOTAL ENERGY": -460.05300883510466,
    "TWO-ELECTRON ENERGY": 181.60483458156733
}