{
    "CC D1 DIAGNOSTIC": 0.040391149073705224,
    "CC D2 DIAGNOSTIC": 0.09541322707128824,
    "CC NEW D1 DIAGNOSTIC": 0.040391149073705224,
    "CC T1 DIAGNOSTIC": 0.018012293088569355,
    "CCSD CORRELATION ENERGY": -0.18079659053085198,
    "CCSD OPPOSITE-SPIN CORRELATION ENERGY": -0.14496470038758572,
    "CCSD SAME-SPIN CORRELATION ENERGY": -0.03583189014326629,
    "CCSD TOTAL ENERGY": -107.1398580367834,
    "CURRENT CORRELATION ENERGY": -0.18079659053085198,
    "CURRENT DIPOLE X": 0.0,
    "CURRENT DIPOLE Y": 0.0,
    "CURRENT DIPOLE Z": -6.923951636549319,
    "CURRENT ENERGY": -107.1398580367834,
    "CURRENT REFERENCE ENERGY": -106.9590614462525,
    "HF TOTAL ENERGY": -106.9590614462525,
    "LCCSD (+LMP2) TOTAL ENERGY": -107.13872979545508,
    "MP2 CORRELATION ENERGY": -0.18151345435089608,
    "MP2 OPPOSITE-SPIN CORRELATION ENERGY": -0.1374995489567132,
    "MP2 SAME-SPIN CORRELATION ENERGY": -0.04401390539418287,
    "MP2 TOTAL ENERGY": -107.14057490060344,
    "NUCLEAR REPULSION ENERGY": 8.564063713644309,
    "ONE-ELECTRON ENERGY": -168.54486607950454,
    "PCM POLARIZATION ENERGY": 0.0,
    "PE ENERGY": 0.0,
    "SCF DIPOLE X": 0.0,
    "SCF DIPOLE Y": 0.0,
    "SCF DIPOLE Z": -6.923951636549319,
    "SCF ITERATION ENERGY": -106.9590614462525,
    "SCF ITERATIONS": 10.0,
    "SCF TOTAL ENERGY": -106.9590614462525,
    "TWO-ELECTRON ENERGY": 53.02174091960772
}