{
    "CC D1 DIAGNOSTIC": 0.04778936187454929,
    "CC D2 DIAGNOSTIC": 0.21295788976009666,
    "CC NEW D1 DIAGNOSTIC": 0.04778936187454929,
    "CC T1 DIAGNOSTIC": 0.015689258972111007,
    "CCSD CORRELATION ENERGY": -0.18645457470053842,
    "CCSD OPPOSITE-SPIN CORRELATION ENERGY": -0.15371490903821003,
    "CCSD SAME-SPIN CORRELATION ENERGY": -0.03273966566232814,
    "CCSD TOTAL ENERGY": -100.11445590117063,
    "CURRENT CORRELATION ENERGY": -0.18645457470053842,
    "CURRENT DIPOLE X": 0.0,
    "CURRENT DIPOLE Y": 0.0,
    "CURRENT DIPOLE Z": -2.9217434761054957,
    "CURRENT ENERGY": -100.11445590117063,
    "CURRENT REFERENCE ENERGY": -99.9280013264701,
    "HF TOTAL ENERGY": -99.92800132647008,
    "LCCSD (+LMP2) TOTAL ENERGY": -100.10908296395681,
    "MP2 CORRELATION ENERGY": -0.18279873695041207,
    "MP2 OPPOSITE-SPIN CORRELATION ENERGY": -0.13988724636865227,
    "MP2 SAME-SPIN CORRELATION ENERGY": -0.042911490581759804,
    "MP2 TOTAL ENERGY": -100.11080006342051,
    "NUCLEAR REPULSION ENERGY": 3.5037204595562663,
    "ONE-ELECTRON ENERGY": -147.6538173300314,
    "PCM POLARIZATION ENERGY": 0.0,
    "PE ENERGY": 0.0,
    "SCF DIPOLE X": 0.0,
    "SCF DIPOLE Y": 0.0,
    "SCF DIPOLE Z": -2.9217434761054957,
    "SCF ITERATION ENERGY": -99.9280013264701,
    "SCF ITERATIONS": 10.0,
    "SCF TOTAL ENERGY": -99.9280013264701,
    "TWO-ELECTRON ENERGY": 44.222095544005036
}