{
    "CC D1 DIAGNOSTIC": 0.01061460224537517,
    "CC D2 DIAGNOSTIC": 0.11055451420436152,
    "CC NEW D1 DIAGNOSTIC": 0.01061460224537517,
    "CC T1 DIAGNOSTIC": 0.004933292416336929,
    "CCSD CORRELATION ENERGY": -0.22115264928309603,
    "CCSD OPPOSITE-SPIN CORRELATION ENERGY": -0.1766385937838567,
    "CCSD SAME-SPIN CORRELATION ENERGY": -0.04451405549923937,
    "CCSD TOTAL ENERGY": -108.33446916743425,
    "CURRENT CORRELATION ENERGY": -0.22115264928309603,
    "CURRENT DIPOLE X": 0.0,
    "CURRENT DIPOLE Y": 0.0,
    "CURRENT DIPOLE Z": 2.821905433653156e-16,
    "CURRENT ENERGY": -108.33446916743425,
    "CURRENT REFERENCE ENERGY": -108.11331651815105,
    "HF TOTAL ENERGY": -108.11331651815105,
    "LCCSD (+LMP2) TOTAL ENERGY": -108.32079513437552,
    "MP2 CORRELATION ENERGY": -0.21431890575444346,
    "MP2 OPPOSITE-SPIN CORRELATION ENERGY": -0.16402437182588864,
    "MP2 SAME-SPIN CORRELATION ENERGY": -0.05029453392855482,
    "MP2 TOTAL ENERGY": -108.32763542390559,
    "NUCLEAR REPULSION ENERGY": 34.28576067271209,
    "ONE-ELECTRON ENERGY": -212.9505771330266,
    "PCM POLARIZATION ENERGY": 0.0,
    "PE ENERGY": 0.0,
    "SCF DIPOLE X": 0.0,
    "SCF DIPOLE Y": 0.0,
    "SCF DIPOLE Z": 2.821905433653156e-16,
    "SCF ITERATION ENERGY": -108.11331651815105,
    "SCF ITERATIONS": 8.0,
    "SCF TOTAL ENERGY": -108.11331651815105,
    "TWO-ELECTRON ENERGY": 70.55149994216346
}