{
    "CC D1 DIAGNOSTIC": 0.03285551937105875,
    "CC D2 DIAGNOSTIC": 0.21883854704015626,
    "CC NEW D1 DIAGNOSTIC": 0.03285551937105875,
    "CC T1 DIAGNOSTIC": 0.008855111248540536,
    "CCSD CORRELATION ENERGY": -0.12863311485533302,
    "CCSD OPPOSITE-SPIN CORRELATION ENERGY": -0.10812248832408083,
    "CCSD SAME-SPIN CORRELATION ENERGY": -0.02051062653125202,
    "CCSD TOTAL ENERGY": -460.1425200767169,
    "CURRENT CORRELATION ENERGY": -0.12863311485533302,
    "CURRENT DIPOLE X": 0.0,
    "CURRENT DIPOLE Y": 0.0,
    "CURRENT DIPOLE Z": -2.174025084732961,
    "CURRENT ENERGY": -460.1425200767169,
    "CURRENT REFERENCE ENERGY": -460.0138869618619,
    "HF TOTAL ENERGY": -460.0138869618619,
    "LCCSD (+LMP2) TOTAL ENERGY": -460.1449076525873,
    "MP2 CORRELATION ENERGY": -0.11352311207207486,
    "MP2 OPPOSITE-SPIN CORRELATION ENERGY": -0.09106537765390212,
    "MP2 SAME-SPIN CORRELATION ENERGY": -0.02245773441817274,
    "MP2 TOTAL ENERGY": -460.1274100739336,
    "NUCLEAR REPULSION ENERGY": 5.204088673536658,
    "ONE-ELECTRON ENERGY": -646.0620305998541,
    "PCM POLARIZATION ENERGY": 0.0,
    "PE ENERGY": 0.0,
    "SCF DIPOLE X": 0.0,
    "SCF DIPOLE Y": 0.0,
    "SCF DIPOLE Z": -2.174025084732961,
    "SCF ITERATION ENERGY": -460.0138869618619,
    "SCF ITERATIONS": 9.0,
    "SCF TOTAL ENERGY": -460.0138869618619,
    "TWO-ELECTRON ENERGY": 180.8440549644556
}