{
    "CC D1 DIAGNOSTIC": 0.009397724537203056,
    "CC D2 DIAGNOSTIC": 0.21049541333640356,
    "CC NEW D1 DIAGNOSTIC": 0.009397724537203056,
    "CC T1 DIAGNOSTIC": 0.004211593223183672,
    "CCSD CORRELATION ENERGY": -0.23029266772116344,
    "CCSD OPPOSITE-SPIN CORRELATION ENERGY": -0.18119205736604505,
    "CCSD SAME-SPIN CORRELATION ENERGY": -0.04910061035511831,
    "CCSD TOTAL ENERGY": -144.59654231159524,
    "CURRENT CORRELATION ENERGY": -0.23029266772116344,
    "CURRENT DIPOLE X": 0.0,
    "CURRENT DIPOLE Y": 0.0,
    "CURRENT DIPOLE Z": 0.0,
    "CURRENT ENERGY": -144.59654231159524,
    "CURRENT REFERENCE ENERGY": -144.36624964387408,
    "HF TOTAL ENERGY": -144.36624964387408,
    "LCCSD (+LMP2) TOTAL ENERGY": -144.41787640584096,
    "MP2 CORRELATION ENERGY": -0.21807376392629,
    "MP2 OPPOSITE-SPIN CORRELATION ENERGY": -0.1656490291599326,
    "MP2 SAME-SPIN CORRELATION ENERGY": -0.052424734766357395,
    "MP2 TOTAL ENERGY": -144.58432340780038,
    "NUCLEAR REPULSION ENERGY": 62.986924813954396,
    "ONE-ELECTRON ENERGY": -315.6170188147974,
    "PCM POLARIZATION ENERGY": 0.0,
    "PE ENERGY": 0.0,
    "SCF DIPOLE X": 0.0,
    "SCF DIPOLE Y": 0.0,
    "SCF DIPOLE Z": 0.0,
    "SCF ITERATION ENERGY": -144.36624964387408,
    "SCF ITERATIONS": 9.0,
    "SCF TOTAL ENERGY": -144.36624964387408,
    "TWO-ELECTRON ENERGY": 108.26384435696892
}