{
    "CC D1 DIAGNOSTIC": 0.0400426963667506,
    "CC D2 DIAGNOSTIC": 0.09546235509499712,
    "CC NEW D1 DIAGNOSTIC": 0.0400426963667506,
    "CC T1 DIAGNOSTIC": 0.017802003317406476,
    "CCSD CORRELATION ENERGY": -0.18061995124908534,
    "CCSD OPPOSITE-SPIN CORRELATION ENERGY": -0.14481079896556284,
    "CCSD SAME-SPIN CORRELATION ENERGY": -0.035809152283522466,
    "CCSD TOTAL ENERGY": -107.14074463210545,
    "CURRENT CORRELATION ENERGY": -0.18061995124908534,
    "CURRENT DIPOLE X": 0.0,
    "CURRENT DIPOLE Y": 0.0,
    "CURRENT DIPOLE Z": -6.827137807904661,
    "CURRENT ENERGY": -107.14074463210545,
    "CURRENT REFERENCE ENERGY": -106.96012468085638,
    "HF TOTAL ENERGY": -106.96012468085638,
    "LCCSD (+LMP2) TOTAL ENERGY": -107.14040374325381,
    "MP2 CORRELATION ENERGY": -0.18131429708210536,
    "MP2 OPPOSITE-SPIN CORRELATION ENERGY": -0.1373545635837987,
    "MP2 SAME-SPIN CORRELATION ENERGY": -0.043959733498306675,
    "MP2 TOTAL ENERGY": -107.14143897793848,
    "NUCLEAR REPULSION ENERGY": 8.681737871541712,
    "ONE-ELECTRON ENERGY": -168.76076871025649,
    "PCM POLARIZATION ENERGY": 0.0,
    "PE ENERGY": 0.0,
    "SCF DIPOLE X": 0.0,
    "SCF DIPOLE Y": 0.0,
    "SCF DIPOLE Z": -6.827137807904661,
    "SCF ITERATION ENERGY": -106.96012468085638,
    "SCF ITERATIONS": 10.0,
    "SCF TOTAL ENERGY": -106.96012468085638,
    "TWO-ELECTRON ENERGY": 53.1189061578584
}