{
    "CC D1 DIAGNOSTIC": 0.010822078518147182,
    "CC D2 DIAGNOSTIC": 0.07742269279738888,
    "CC NEW D1 DIAGNOSTIC": 0.010822078518147182,
    "CC T1 DIAGNOSTIC": 0.004353578543327567,
    "CCSD CORRELATION ENERGY": -0.1044333799960895,
    "CCSD OPPOSITE-SPIN CORRELATION ENERGY": -0.08578569391913787,
    "CCSD SAME-SPIN CORRELATION ENERGY": -0.018647686076951567,
    "CCSD TOTAL ENERGY": -458.80144781771764,
    "CURRENT CORRELATION ENERGY": -0.1044333799960895,
    "CURRENT DIPOLE X": 0.0,
    "CURRENT DIPOLE Y": 0.0,
    "CURRENT DIPOLE Z": -1.4395161638247245,
    "CURRENT ENERGY": -458.80144781771764,
    "CURRENT REFERENCE ENERGY": -458.6970144377213,
    "HF TOTAL ENERGY": -458.6970144377213,
    "LCCSD (+LMP2) TOTAL ENERGY": -458.8066967056159,
    "MP2 CORRELATION ENERGY": -0.09592661489958618,
    "MP2 OPPOSITE-SPIN CORRELATION ENERGY": -0.07699489138392414,
    "MP2 SAME-SPIN CORRELATION ENERGY": -0.01893172351566204,
    "MP2 TOTAL ENERGY": -458.7929410526212,
    "NUCLEAR REPULSION ENERGY": 15.04375213190428,
    "ONE-ELECTRON ENERGY": -661.8995986702967,
    "PCM POLARIZATION ENERGY": 0.0,
    "PE ENERGY": 0.0,
    "SCF DIPOLE X": 0.0,
    "SCF DIPOLE Y": 0.0,
    "SCF DIPOLE Z": -1.4395161638247245,
    "SCF ITERATION ENERGY": -458.6970144377213,
    "SCF ITERATIONS": 9.0,
    "SCF TOTAL ENERGY": -458.6970144377213,
    "TWO-ELECTRON ENERGY": 188.15883210067108
}