{
    "CC D1 DIAGNOSTIC": 0.0789845769612734,
    "CC D2 DIAGNOSTIC": 0.5627589182013716,
    "CC NEW D1 DIAGNOSTIC": 0.0789845769612734,
    "CC T1 DIAGNOSTIC": 0.025475083913392316,
    "CCSD CORRELATION ENERGY": -0.4648101772645861,
    "CCSD OPPOSITE-SPIN CORRELATION ENERGY": -0.43050302198881285,
    "CCSD SAME-SPIN CORRELATION ENERGY": -0.034307155275773105,
    "CCSD TOTAL ENERGY": -149.7591616019417,
    "CURRENT CORRELATION ENERGY": -0.4648101772645861,
    "CURRENT DIPOLE X": 0.0,
    "CURRENT DIPOLE Y": 0.0,
    "CURRENT DIPOLE Z": 0.0,
    "CURRENT ENERGY": -149.7591616019417,
    "CURRENT REFERENCE ENERGY": -149.29435142467713,
    "HF TOTAL ENERGY": -149.29435142467713,
    "LCCSD (+LMP2) TOTAL ENERGY": -149.74061149720006,
    "MP2 CORRELATION ENERGY": -0.5648284920405151,
    "MP2 OPPOSITE-SPIN CORRELATION ENERGY": -0.4169149367777381,
    "MP2 SAME-SPIN CORRELATION ENERGY": -0.147913555262777,
    "MP2 TOTAL ENERGY": -149.85917991671764,
    "NUCLEAR REPULSION ENERGY": 18.773261713351314,
    "ONE-ELECTRON ENERGY": -243.0415690218849,
    "PCM POLARIZATION ENERGY": 0.0,
    "PE ENERGY": 0.0,
    "SCF DIPOLE X": 0.0,
    "SCF DIPOLE Y": 0.0,
    "SCF DIPOLE Z": 0.0,
    "SCF ITERATION ENERGY": -149.29435142467713,
    "SCF ITERATIONS": 9.0,
    "SCF TOTAL ENERGY": -149.29435142467713,
    "TWO-ELECTRON ENERGY": 74.97395588385648
}