{
    "CC D1 DIAGNOSTIC": 0.049180651905700465,
    "CC D2 DIAGNOSTIC": 0.30148646344937075,
    "CC NEW D1 DIAGNOSTIC": 0.049180651905700465,
    "CC T1 DIAGNOSTIC": 0.01530692914027676,
    "CCSD CORRELATION ENERGY": -0.3472218734891396,
    "CCSD OPPOSITE-SPIN CORRELATION ENERGY": -0.28690495938620025,
    "CCSD SAME-SPIN CORRELATION ENERGY": -0.06031691410293949,
    "CCSD TOTAL ENERGY": -149.82775905262756,
    "CURRENT CORRELATION ENERGY": -0.3472218734891396,
    "CURRENT DIPOLE X": 0.0,
    "CURRENT DIPOLE Y": 0.0,
    "CURRENT DIPOLE Z": 0.0,
    "CURRENT ENERGY": -149.82775905262756,
    "CURRENT REFERENCE ENERGY": -149.4805371791384,
    "HF TOTAL ENERGY": -149.48053717913837,
    "LCCSD (+LMP2) TOTAL ENERGY": -149.82979049966636,
    "MP2 CORRELATION ENERGY": -0.3712035993373886,
    "MP2 OPPOSITE-SPIN CORRELATION ENERGY": -0.277676843512212,
    "MP2 SAME-SPIN CORRELATION ENERGY": -0.09352675582517661,
    "MP2 TOTAL ENERGY": -149.8517407784758,
    "NUCLEAR REPULSION ENERGY": 25.054278643468837,
    "ONE-ELECTRON ENERGY": -255.43754608498799,
    "PCM POLARIZATION ENERGY": 0.0,
    "PE ENERGY": 0.0,
    "SCF DIPOLE X": 0.0,
    "SCF DIPOLE Y": 0.0,
    "SCF DIPOLE Z": 0.0,
    "SCF ITERATION ENERGY": -149.4805371791384,
    "SCF ITERATIONS": 9.0,
    "SCF TOTAL ENERGY": -149.4805371791384,
    "TWO-ELECTRON ENERGY": 80.90273026238076
}