{
    "CC D1 DIAGNOSTIC": 0.047205214981187335,
    "CC D2 DIAGNOSTIC": 0.1586329675571151,
    "CC NEW D1 DIAGNOSTIC": 0.047205214981187335,
    "CC T1 DIAGNOSTIC": 0.018769758324459797,
    "CCSD CORRELATION ENERGY": -0.25774541181158767,
    "CCSD OPPOSITE-SPIN CORRELATION ENERGY": -0.2076215441292794,
    "CCSD SAME-SPIN CORRELATION ENERGY": -0.0501238676823082,
    "CCSD TOTAL ENERGY": -112.95656761329064,
    "CURRENT CORRELATION ENERGY": -0.25774541181158767,
    "CURRENT DIPOLE X": 0.0,
    "CURRENT DIPOLE Y": 0.0,
    "CURRENT DIPOLE Z": -0.5588759125237293,
    "CURRENT ENERGY": -112.95656761329064,
    "CURRENT REFERENCE ENERGY": -112.69882220147909,
    "HF TOTAL ENERGY": -112.69882220147909,
    "LCCSD (+LMP2) TOTAL ENERGY": -112.95659032366774,
    "MP2 CORRELATION ENERGY": -0.26196486624263005,
    "MP2 OPPOSITE-SPIN CORRELATION ENERGY": -0.19733164563301095,
    "MP2 SAME-SPIN CORRELATION ENERGY": -0.0646332206096191,
    "MP2 TOTAL ENERGY": -112.9607870677217,
    "NUCLEAR REPULSION ENERGY": 22.26740403665128,
    "ONE-ELECTRON ENERGY": -197.38282072365078,
    "PCM POLARIZATION ENERGY": 0.0,
    "PE ENERGY": 0.0,
    "SCF DIPOLE X": 0.0,
    "SCF DIPOLE Y": 0.0,
    "SCF DIPOLE Z": -0.5588759125237293,
    "SCF ITERATION ENERGY": -112.69882220147909,
    "SCF ITERATIONS": 10.0,
    "SCF TOTAL ENERGY": -112.69882220147909,
    "TWO-ELECTRON ENERGY": 62.41659448552041
}