{
    "CURRENT CORRELATION ENERGY": -0.018183090966007454,
    "CURRENT DIPOLE X": 0.0,
    "CURRENT DIPOLE Y": 0.0,
    "CURRENT DIPOLE Z": 9.338743294495913e-15,
    "CURRENT ENERGY": -1.1449642563531692,
    "CURRENT REFERENCE ENERGY": -1.1267811653871618,
    "CUSTOM SCS-MP2 CORRELATION ENERGY": -0.021819709159208965,
    "CUSTOM SCS-MP2 TOTAL ENERGY": -1.1486008745463707,
    "HF TOTAL ENERGY": -1.1267811653871618,
    "MP2 CORRELATION ENERGY": -0.018183090966007454,
    "MP2 OPPOSITE-SPIN CORRELATION ENERGY": -0.01818309096600747,
    "MP2 SAME-SPIN CORRELATION ENERGY": 0.0,
    "MP2 TOTAL ENERGY": -1.1449642563531692,
    "NUCLEAR REPULSION ENERGY": 0.6823600874428949,
    "ONE-ELECTRON ENERGY": -2.4476876645396297,
    "PCM POLARIZATION ENERGY": 0.0,
    "PE ENERGY": 0.0,
    "SCF DIPOLE X": 0.0,
    "SCF DIPOLE Y": 0.0,
    "SCF DIPOLE Z": 9.338743294495913e-15,
    "SCF ITERATION ENERGY": -1.1267811653871618,
    "SCF ITERATIONS": 5.0,
    "SCF TOTAL ENERGY": -1.1267811653871618,
    "SCS-MP2 CORRELATION ENERGY": -0.021819709159208965,
    "SCS-MP2 TOTAL ENERGY": -1.1486008745463707,
    "SCS-MP2-VDW CORRELATION ENERGY": -0.023274356436489674,
    "SCS-MP2-VDW TOTAL ENERGY": -1.1500555218236514,
    "SCSN-MP2 CORRELATION ENERGY": 0.0,
    "SCSN-MP2 TOTAL ENERGY": -1.1267811653871618,
    "SOS-MP2 CORRELATION ENERGY": 0.0,
    "SOS-MP2 TOTAL ENERGY": -1.1267811653871618,
    "SOS-PI-MP2 CORRELATION ENERGY": -0.025456327352410435,
    "SOS-PI-MP2 TOTAL ENERGY": -1.1522374927395722,
    "TWO-ELECTRON ENERGY": 0.6385464117095732
}