{
    "CC D1 DIAGNOSTIC": 0.03438210987532877,
    "CC D2 DIAGNOSTIC": 0.14496795839125512,
    "CC NEW D1 DIAGNOSTIC": 0.03438210987532877,
    "CC T1 DIAGNOSTIC": 0.014038023718879243,
    "CCSD CORRELATION ENERGY": -0.2447312504497197,
    "CCSD OPPOSITE-SPIN CORRELATION ENERGY": -0.196782586618822,
    "CCSD SAME-SPIN CORRELATION ENERGY": -0.047948663830897686,
    "CCSD TOTAL ENERGY": -112.92107285535661,
    "CURRENT CORRELATION ENERGY": -0.2447312504497197,
    "CURRENT DIPOLE X": 0.0,
    "CURRENT DIPOLE Y": 0.0,
    "CURRENT DIPOLE Z": -0.0630377483977482,
    "CURRENT ENERGY": -112.92107285535661,
    "CURRENT REFERENCE ENERGY": -112.67634160490698,
    "HF TOTAL ENERGY": -112.67634160490698,
    "LCCSD (+LMP2) TOTAL ENERGY": -112.9211131269708,
    "MP2 CORRELATION ENERGY": -0.2443513706940912,
    "MP2 OPPOSITE-SPIN CORRELATION ENERGY": -0.18518082777287925,
    "MP2 SAME-SPIN CORRELATION ENERGY": -0.05917054292121196,
    "MP2 TOTAL ENERGY": -112.92069297560099,
    "NUCLEAR REPULSION ENERGY": 24.537382118057483,
    "ONE-ELECTRON ENERGY": -201.61763459044147,
    "PCM POLARIZATION ENERGY": 0.0,
    "PE ENERGY": 0.0,
    "SCF DIPOLE X": 0.0,
    "SCF DIPOLE Y": 0.0,
    "SCF DIPOLE Z": -0.0630377483977482,
    "SCF ITERATION ENERGY": -112.67634160490698,
    "SCF ITERATIONS": 9.0,
    "SCF TOTAL ENERGY": -112.67634160490698,
    "TWO-ELECTRON ENERGY": 64.40391086747701
}