{
    "CC D1 DIAGNOSTIC": 0.030286776421925884,
    "CC D2 DIAGNOSTIC": 0.1947334744022231,
    "CC NEW D1 DIAGNOSTIC": 0.030286776421925884,
    "CC T1 DIAGNOSTIC": 0.012487664748322249,
    "CCSD CORRELATION ENERGY": -0.29287537649118,
    "CCSD OPPOSITE-SPIN CORRELATION ENERGY": -0.23915858673861337,
    "CCSD SAME-SPIN CORRELATION ENERGY": -0.05371678975256658,
    "CCSD TOTAL ENERGY": -109.16177897438502,
    "CURRENT CORRELATION ENERGY": -0.29287537649118,
    "CURRENT DIPOLE X": 0.0,
    "CURRENT DIPOLE Y": 0.0,
    "CURRENT DIPOLE Z": 5.643810867306312e-16,
    "CURRENT ENERGY": -109.16177897438502,
    "CURRENT REFERENCE ENERGY": -108.86890359789385,
    "HF TOTAL ENERGY": -108.86890359789385,
    "LCCSD (+LMP2) TOTAL ENERGY": NaN,
    "MP2 CORRELATION ENERGY": -0.3140047407439076,
    "MP2 OPPOSITE-SPIN CORRELATION ENERGY": -0.23319889584328227,
    "MP2 SAME-SPIN CORRELATION ENERGY": -0.08080584490062534,
    "MP2 TOTAL ENERGY": -109.18290833863774,
    "NUCLEAR REPULSION ENERGY": 21.864436361199875,
    "ONE-ELECTRON ENERGY": -190.42280381324085,
    "PCM POLARIZATION ENERGY": 0.0,
    "PE ENERGY": 0.0,
    "SCF DIPOLE X": 0.0,
    "SCF DIPOLE Y": 0.0,
    "SCF DIPOLE Z": 5.643810867306312e-16,
    "SCF ITERATION ENERGY": -108.86890359789385,
    "SCF ITERATIONS": 8.0,
    "SCF TOTAL ENERGY": -108.86890359789385,
    "TWO-ELECTRON ENERGY": 59.68946385414713
}