{
    "CC D1 DIAGNOSTIC": 0.017514165061880728,
    "CC D2 DIAGNOSTIC": 0.08912332047309147,
    "CC NEW D1 DIAGNOSTIC": 0.017514165061880728,
    "CC T1 DIAGNOSTIC": 0.006646262749767582,
    "CCSD CORRELATION ENERGY": -0.32494129133805744,
    "CCSD OPPOSITE-SPIN CORRELATION ENERGY": -0.24841349628611115,
    "CCSD SAME-SPIN CORRELATION ENERGY": -0.07652779505194623,
    "CCSD TOTAL ENERGY": -183.26077629445678,
    "CURRENT CORRELATION ENERGY": -0.32494129133805744,
    "CURRENT DIPOLE X": 0.0,
    "CURRENT DIPOLE Y": 0.0,
    "CURRENT DIPOLE Z": 0.0,
    "CURRENT ENERGY": -183.26077629445678,
    "CURRENT REFERENCE ENERGY": -182.9358350031186,
    "HF TOTAL ENERGY": -182.9358350031186,
    "LCCSD (+LMP2) TOTAL ENERGY": -183.25775833792025,
    "MP2 CORRELATION ENERGY": -0.3225073696386348,
    "MP2 OPPOSITE-SPIN CORRELATION ENERGY": -0.238190226569808,
    "MP2 SAME-SPIN CORRELATION ENERGY": -0.08431714306882679,
    "MP2 TOTAL ENERGY": -183.25834237275734,
    "NUCLEAR REPULSION ENERGY": 106.55495581174893,
    "ONE-ELECTRON ENERGY": -456.56628344198344,
    "PCM POLARIZATION ENERGY": 0.0,
    "PE ENERGY": 0.0,
    "SCF DIPOLE X": 0.0,
    "SCF DIPOLE Y": 0.0,
    "SCF DIPOLE Z": 0.0,
    "SCF ITERATION ENERGY": -182.9358350031186,
    "SCF ITERATIONS": 9.0,
    "SCF TOTAL ENERGY": -182.9358350031186,
    "TWO-ELECTRON ENERGY": 167.07549262711592
}