{
    "CC D1 DIAGNOSTIC": 0.031694270799681186,
    "CC D2 DIAGNOSTIC": 0.20036060578022682,
    "CC NEW D1 DIAGNOSTIC": 0.031694270799681186,
    "CC T1 DIAGNOSTIC": 0.013042228402414726,
    "CCSD CORRELATION ENERGY": -0.297895755896376,
    "CCSD OPPOSITE-SPIN CORRELATION ENERGY": -0.24377376525263694,
    "CCSD SAME-SPIN CORRELATION ENERGY": -0.05412199064373907,
    "CCSD TOTAL ENERGY": -109.1556103862788,
    "CURRENT CORRELATION ENERGY": -0.297895755896376,
    "CURRENT DIPOLE X": 0.0,
    "CURRENT DIPOLE Y": 0.0,
    "CURRENT DIPOLE Z": 5.643810867306312e-16,
    "CURRENT ENERGY": -109.1556103862788,
    "CURRENT REFERENCE ENERGY": -108.8577146303824,
    "HF TOTAL ENERGY": -108.85771463038239,
    "LCCSD (+LMP2) TOTAL ENERGY": -109.16072466956493,
    "MP2 CORRELATION ENERGY": -0.3221293941694362,
    "MP2 OPPOSITE-SPIN CORRELATION ENERGY": -0.2387267780286013,
    "MP2 SAME-SPIN CORRELATION ENERGY": -0.08340261614083491,
    "MP2 TOTAL ENERGY": -109.17984402455185,
    "NUCLEAR REPULSION ENERGY": 21.45533048333959,
    "ONE-ELECTRON ENERGY": -189.61466475044506,
    "PCM POLARIZATION ENERGY": 0.0,
    "PE ENERGY": 0.0,
    "SCF DIPOLE X": 0.0,
    "SCF DIPOLE Y": 0.0,
    "SCF DIPOLE Z": 5.643810867306312e-16,
    "SCF ITERATION ENERGY": -108.8577146303824,
    "SCF ITERATIONS": 8.0,
    "SCF TOTAL ENERGY": -108.8577146303824,
    "TWO-ELECTRON ENERGY": 59.30161963672307
}