{
    "CC D1 DIAGNOSTIC": 0.02334407148823293,
    "CC D2 DIAGNOSTIC": 0.08990576705741073,
    "CC NEW D1 DIAGNOSTIC": 0.02334407148823293,
    "CC T1 DIAGNOSTIC": 0.007134534291133174,
    "CCSD CORRELATION ENERGY": -0.3358998683283573,
    "CCSD OPPOSITE-SPIN CORRELATION ENERGY": -0.25160105943664823,
    "CCSD SAME-SPIN CORRELATION ENERGY": -0.08429880889170915,
    "CCSD TOTAL ENERGY": -177.42530643839538,
    "CURRENT CORRELATION ENERGY": -0.3358998683283573,
    "CURRENT DIPOLE X": 0.0,
    "CURRENT DIPOLE Y": 0.0,
    "CURRENT DIPOLE Z": 0.0,
    "CURRENT ENERGY": -177.42530643839538,
    "CURRENT REFERENCE ENERGY": -177.08940657006696,
    "HF TOTAL ENERGY": -177.08940657006696,
    "LCCSD (+LMP2) TOTAL ENERGY": -177.43058607803627,
    "MP2 CORRELATION ENERGY": -0.33695984026764425,
    "MP2 OPPOSITE-SPIN CORRELATION ENERGY": -0.2438713073511212,
    "MP2 SAME-SPIN CORRELATION ENERGY": -0.09308853291652305,
    "MP2 TOTAL ENERGY": -177.42636641033465,
    "NUCLEAR REPULSION ENERGY": 131.50440887986576,
    "ONE-ELECTRON ENERGY": -492.0837662854383,
    "PCM POLARIZATION ENERGY": 0.0,
    "PE ENERGY": 0.0,
    "SCF DIPOLE X": 0.0,
    "SCF DIPOLE Y": 0.0,
    "SCF DIPOLE Z": 0.0,
    "SCF ITERATION ENERGY": -177.08940657006696,
    "SCF ITERATIONS": 10.0,
    "SCF TOTAL ENERGY": -177.08940657006696,
    "TWO-ELECTRON ENERGY": 183.48995083550557
}