{
    "CC D1 DIAGNOSTIC": 0.0297231927146125,
    "CC D2 DIAGNOSTIC": 0.20659813534658458,
    "CC NEW D1 DIAGNOSTIC": 0.0297231927146125,
    "CC T1 DIAGNOSTIC": 0.008214661555474855,
    "CCSD CORRELATION ENERGY": -0.12656655245206236,
    "CCSD OPPOSITE-SPIN CORRELATION ENERGY": -0.10609617687761948,
    "CCSD SAME-SPIN CORRELATION ENERGY": -0.02047037557444288,
    "CCSD TOTAL ENERGY": -460.14849613279296,
    "CURRENT CORRELATION ENERGY": -0.12656655245206236,
    "CURRENT DIPOLE X": 0.0,
    "CURRENT DIPOLE Y": 0.0,
    "CURRENT DIPOLE Z": -2.136176008300936,
    "CURRENT ENERGY": -460.14849613279296,
    "CURRENT REFERENCE ENERGY": -460.0219295803404,
    "HF TOTAL ENERGY": -460.0219295803404,
    "LCCSD (+LMP2) TOTAL ENERGY": -460.14775022677435,
    "MP2 CORRELATION ENERGY": -0.11220867934736362,
    "MP2 OPPOSITE-SPIN CORRELATION ENERGY": -0.08993022793634395,
    "MP2 SAME-SPIN CORRELATION ENERGY": -0.022278451411019667,
    "MP2 TOTAL ENERGY": -460.13413825968826,
    "NUCLEAR REPULSION ENERGY": 5.343900011034657,
    "ONE-ELECTRON ENERGY": -646.3359353177382,
    "PCM POLARIZATION ENERGY": 0.0,
    "PE ENERGY": 0.0,
    "SCF DIPOLE X": 0.0,
    "SCF DIPOLE Y": 0.0,
    "SCF DIPOLE Z": -2.136176008300936,
    "SCF ITERATION ENERGY": -460.0219295803404,
    "SCF ITERATIONS": 9.0,
    "SCF TOTAL ENERGY": -460.0219295803404,
    "TWO-ELECTRON ENERGY": 180.97010572636313
}