{
    "CC D1 DIAGNOSTIC": 0.011575916409746074,
    "CC D2 DIAGNOSTIC": 0.11729351867496075,
    "CC NEW D1 DIAGNOSTIC": 0.011575916409746074,
    "CC T1 DIAGNOSTIC": 0.004800855039757389,
    "CCSD CORRELATION ENERGY": -0.11035842428223151,
    "CCSD OPPOSITE-SPIN CORRELATION ENERGY": -0.09086289770983708,
    "CCSD SAME-SPIN CORRELATION ENERGY": -0.019495526572394256,
    "CCSD TOTAL ENERGY": -460.1740807829263,
    "CURRENT CORRELATION ENERGY": -0.11035842428223151,
    "CURRENT DIPOLE X": 0.0,
    "CURRENT DIPOLE Y": 0.0,
    "CURRENT DIPOLE Z": -1.8595757508157895,
    "CURRENT ENERGY": -460.1740807829263,
    "CURRENT REFERENCE ENERGY": -460.0637223586443,
    "HF TOTAL ENERGY": -460.0637223586443,
    "LCCSD (+LMP2) TOTAL ENERGY": -460.17474456805354,
    "MP2 CORRELATION ENERGY": -0.10092870509233641,
    "MP2 OPPOSITE-SPIN CORRELATION ENERGY": -0.08060200103901638,
    "MP2 SAME-SPIN CORRELATION ENERGY": -0.02032670405332003,
    "MP2 TOTAL ENERGY": -460.16465106373636,
    "NUCLEAR REPULSION ENERGY": 7.262501029195172,
    "ONE-ELECTRON ENERGY": -650.0105487503967,
    "PCM POLARIZATION ENERGY": 0.0,
    "PE ENERGY": 0.0,
    "SCF DIPOLE X": 0.0,
    "SCF DIPOLE Y": 0.0,
    "SCF DIPOLE Z": -1.8595757508157895,
    "SCF ITERATION ENERGY": -460.0637223586443,
    "SCF ITERATIONS": 9.0,
    "SCF TOTAL ENERGY": -460.0637223586443,
    "TWO-ELECTRON ENERGY": 182.68432536255716
}