{
    "CC D1 DIAGNOSTIC": 0.039182671752529784,
    "CC D2 DIAGNOSTIC": 0.24998891738860185,
    "CC NEW D1 DIAGNOSTIC": 0.039182671752529784,
    "CC T1 DIAGNOSTIC": 0.014164793595043882,
    "CCSD CORRELATION ENERGY": -0.20624618938964032,
    "CCSD OPPOSITE-SPIN CORRELATION ENERGY": -0.16888840550485354,
    "CCSD SAME-SPIN CORRELATION ENERGY": -0.03735778388478675,
    "CCSD TOTAL ENERGY": -105.20997151614574,
    "CURRENT CORRELATION ENERGY": -0.20624618938964032,
    "CURRENT DIPOLE X": 0.0,
    "CURRENT DIPOLE Y": 0.0,
    "CURRENT DIPOLE Z": 1.5719016121447298,
    "CURRENT ENERGY": -105.20997151614574,
    "CURRENT REFERENCE ENERGY": -105.00372532675605,
    "HF TOTAL ENERGY": -105.00372532675604,
    "LCCSD (+LMP2) TOTAL ENERGY": -105.21201556726317,
    "MP2 CORRELATION ENERGY": -0.20180011013009103,
    "MP2 OPPOSITE-SPIN CORRELATION ENERGY": -0.15474552427713112,
    "MP2 SAME-SPIN CORRELATION ENERGY": -0.04705458585295991,
    "MP2 TOTAL ENERGY": -105.20552543688619,
    "NUCLEAR REPULSION ENERGY": 21.955746354671113,
    "ONE-ELECTRON ENERGY": -186.28809856511467,
    "PCM POLARIZATION ENERGY": 0.0,
    "PE ENERGY": 0.0,
    "SCF DIPOLE X": 0.0,
    "SCF DIPOLE Y": 0.0,
    "SCF DIPOLE Z": 1.5719016121447298,
    "SCF ITERATION ENERGY": -105.00372532675605,
    "SCF ITERATIONS": 11.0,
    "SCF TOTAL ENERGY": -105.00372532675605,
    "TWO-ELECTRON ENERGY": 59.32862688368751
}