{
    "CC D1 DIAGNOSTIC": 0.0692394111261254,
    "CC D2 DIAGNOSTIC": 0.4472827036239194,
    "CC NEW D1 DIAGNOSTIC": 0.0692394111261254,
    "CC T1 DIAGNOSTIC": 0.021955740065753467,
    "CCSD CORRELATION ENERGY": -0.4194532783632967,
    "CCSD OPPOSITE-SPIN CORRELATION ENERGY": -0.3691009071969453,
    "CCSD SAME-SPIN CORRELATION ENERGY": -0.05035237116635127,
    "CCSD TOTAL ENERGY": -149.78012248187426,
    "CURRENT CORRELATION ENERGY": -0.4194532783632967,
    "CURRENT DIPOLE X": 0.0,
    "CURRENT DIPOLE Y": 0.0,
    "CURRENT DIPOLE Z": 0.0,
    "CURRENT ENERGY": -149.78012248187426,
    "CURRENT REFERENCE ENERGY": -149.36066920351084,
    "HF TOTAL ENERGY": -149.36066920351084,
    "LCCSD (+LMP2) TOTAL ENERGY": -149.81551800215078,
    "MP2 CORRELATION ENERGY": -0.4913621491909863,
    "MP2 OPPOSITE-SPIN CORRELATION ENERGY": -0.36380854873151247,
    "MP2 SAME-SPIN CORRELATION ENERGY": -0.12755360045947384,
    "MP2 TOTAL ENERGY": -149.85203135270194,
    "NUCLEAR REPULSION ENERGY": 20.578934214024798,
    "ONE-ELECTRON ENERGY": -246.62665628028248,
    "PCM POLARIZATION ENERGY": 0.0,
    "PE ENERGY": 0.0,
    "SCF DIPOLE X": 0.0,
    "SCF DIPOLE Y": 0.0,
    "SCF DIPOLE Z": 0.0,
    "SCF ITERATION ENERGY": -149.36066920351084,
    "SCF ITERATIONS": 9.0,
    "SCF TOTAL ENERGY": -149.36066920351084,
    "TWO-ELECTRON ENERGY": 76.68705286274685
}