{
    "CC D1 DIAGNOSTIC": 0.01113724849254655,
    "CC D2 DIAGNOSTIC": 0.08841980347006982,
    "CC NEW D1 DIAGNOSTIC": 0.01113724849254655,
    "CC T1 DIAGNOSTIC": 0.004290756315221192,
    "CCSD CORRELATION ENERGY": -0.10515339267053167,
    "CCSD OPPOSITE-SPIN CORRELATION ENERGY": -0.0863337179257798,
    "CCSD SAME-SPIN CORRELATION ENERGY": -0.0188196747447517,
    "CCSD TOTAL ENERGY": -460.05859166775235,
    "CURRENT CORRELATION ENERGY": -0.10515339267053167,
    "CURRENT DIPOLE X": 0.0,
    "CURRENT DIPOLE Y": 0.0,
    "CURRENT DIPOLE Z": -1.7396644604283737,
    "CURRENT ENERGY": -460.05859166775235,
    "CURRENT REFERENCE ENERGY": -459.95343827508185,
    "HF TOTAL ENERGY": -459.9534382750819,
    "LCCSD (+LMP2) TOTAL ENERGY": -460.0581101419536,
    "MP2 CORRELATION ENERGY": -0.09686614498611175,
    "MP2 OPPOSITE-SPIN CORRELATION ENERGY": -0.0775282814128249,
    "MP2 SAME-SPIN CORRELATION ENERGY": -0.019337863573286845,
    "MP2 TOTAL ENERGY": -460.0503044200679,
    "NUCLEAR REPULSION ENERGY": 9.227868575755721,
    "ONE-ELECTRON ENERGY": -653.5414485838013,
    "PCM POLARIZATION ENERGY": 0.0,
    "PE ENERGY": 0.0,
    "SCF DIPOLE X": 0.0,
    "SCF DIPOLE Y": 0.0,
    "SCF DIPOLE Z": -1.7396644604283737,
    "SCF ITERATION ENERGY": -459.95343827508185,
    "SCF ITERATIONS": 8.0,
    "SCF TOTAL ENERGY": -459.95343827508185,
    "TWO-ELECTRON ENERGY": 184.36014173296374
}