{
    "CC D1 DIAGNOSTIC": 0.05084846490179373,
    "CC D2 DIAGNOSTIC": 0.1569807531344024,
    "CC NEW D1 DIAGNOSTIC": 0.05084846490179373,
    "CC T1 DIAGNOSTIC": 0.01659015995616411,
    "CCSD CORRELATION ENERGY": -0.40609580456493016,
    "CCSD OPPOSITE-SPIN CORRELATION ENERGY": -0.3204897397334231,
    "CCSD SAME-SPIN CORRELATION ENERGY": -0.08560606483150712,
    "CCSD TOTAL ENERGY": -187.97180735760156,
    "CURRENT CORRELATION ENERGY": -0.40609580456493016,
    "CURRENT DIPOLE X": 0.0,
    "CURRENT DIPOLE Y": 0.0,
    "CURRENT DIPOLE Z": 0.0,
    "CURRENT ENERGY": -187.97180735760156,
    "CURRENT REFERENCE ENERGY": -187.56571155303456,
    "HF TOTAL ENERGY": -187.56571155303456,
    "LCCSD (+LMP2) TOTAL ENERGY": -187.97168400222137,
    "MP2 CORRELATION ENERGY": -0.42145774553245363,
    "MP2 OPPOSITE-SPIN CORRELATION ENERGY": -0.3129505037613767,
    "MP2 SAME-SPIN CORRELATION ENERGY": -0.10850724177107696,
    "MP2 TOTAL ENERGY": -187.98716929856909,
    "NUCLEAR REPULSION ENERGY": 58.98994271416298,
    "ONE-ELECTRON ENERGY": -373.05797706074554,
    "PCM POLARIZATION ENERGY": 0.0,
    "PE ENERGY": 0.0,
    "SCF DIPOLE X": 0.0,
    "SCF DIPOLE Y": 0.0,
    "SCF DIPOLE Z": 0.0,
    "SCF ITERATION ENERGY": -187.56571155303456,
    "SCF ITERATIONS": 10.0,
    "SCF TOTAL ENERGY": -187.56571155303456,
    "TWO-ELECTRON ENERGY": 126.50232279354802
}