{
    "CC D1 DIAGNOSTIC": 0.11091567836701008,
    "CC D2 DIAGNOSTIC": 0.22308925568664278,
    "CC NEW D1 DIAGNOSTIC": 0.11091567836701008,
    "CC T1 DIAGNOSTIC": 0.03263695564179297,
    "CCSD CORRELATION ENERGY": -0.2043044718462238,
    "CCSD OPPOSITE-SPIN CORRELATION ENERGY": -0.1658805808198315,
    "CCSD SAME-SPIN CORRELATION ENERGY": -0.038423891026391904,
    "CCSD TOTAL ENERGY": -105.55268192121585,
    "CURRENT CORRELATION ENERGY": -0.2043044718462238,
    "CURRENT DIPOLE X": 0.0,
    "CURRENT DIPOLE Y": 0.0,
    "CURRENT DIPOLE Z": -0.1849460744871676,
    "CURRENT ENERGY": -105.55268192121585,
    "CURRENT REFERENCE ENERGY": -105.34837744936966,
    "HF TOTAL ENERGY": -105.34837744936966,
    "LCCSD (+LMP2) TOTAL ENERGY": -105.54314226315233,
    "MP2 CORRELATION ENERGY": -0.20489867998322248,
    "MP2 OPPOSITE-SPIN CORRELATION ENERGY": -0.15546539254851743,
    "MP2 SAME-SPIN CORRELATION ENERGY": -0.04943328743470504,
    "MP2 TOTAL ENERGY": -105.55327612935284,
    "NUCLEAR REPULSION ENERGY": 20.529019154728587,
    "ONE-ELECTRON ENERGY": -185.90764906236,
    "PCM POLARIZATION ENERGY": 0.0,
    "PE ENERGY": 0.0,
    "SCF DIPOLE X": 0.0,
    "SCF DIPOLE Y": 0.0,
    "SCF DIPOLE Z": -0.1849460744871676,
    "SCF ITERATION ENERGY": -105.34837744936966,
    "SCF ITERATIONS": 12.0,
    "SCF TOTAL ENERGY": -105.34837744936966,
    "TWO-ELECTRON ENERGY": 60.03025245826176
}