{
    "CC D1 DIAGNOSTIC": 0.009750891770072795,
    "CC D2 DIAGNOSTIC": 0.10303268376624855,
    "CC NEW D1 DIAGNOSTIC": 0.009750891770072795,
    "CC T1 DIAGNOSTIC": 0.004435004533361334,
    "CCSD CORRELATION ENERGY": -0.21130332437809438,
    "CCSD OPPOSITE-SPIN CORRELATION ENERGY": -0.1678606329220151,
    "CCSD SAME-SPIN CORRELATION ENERGY": -0.04344269145607929,
    "CCSD TOTAL ENERGY": -106.89396803195964,
    "CURRENT CORRELATION ENERGY": -0.21130332437809438,
    "CURRENT DIPOLE X": 0.0,
    "CURRENT DIPOLE Y": 0.0,
    "CURRENT DIPOLE Z": -8.465716300959468e-16,
    "CURRENT ENERGY": -106.89396803195964,
    "CURRENT REFERENCE ENERGY": -106.68266470758158,
    "HF TOTAL ENERGY": -106.68266470758158,
    "LCCSD (+LMP2) TOTAL ENERGY": -106.85003677758897,
    "MP2 CORRELATION ENERGY": -0.20249753397293363,
    "MP2 OPPOSITE-SPIN CORRELATION ENERGY": -0.15530118382496216,
    "MP2 SAME-SPIN CORRELATION ENERGY": -0.047196350147971466,
    "MP2 TOTAL ENERGY": -106.88516224155448,
    "NUCLEAR REPULSION ENERGY": 41.28005584994537,
    "ONE-ELECTRON ENERGY": -223.62452944953714,
    "PCM POLARIZATION ENERGY": 0.0,
    "PE ENERGY": 0.0,
    "SCF DIPOLE X": 0.0,
    "SCF DIPOLE Y": 0.0,
    "SCF DIPOLE Z": -8.465716300959468e-16,
    "SCF ITERATION ENERGY": -106.68266470758158,
    "SCF ITERATIONS": 8.0,
    "SCF TOTAL ENERGY": -106.68266470758158,
    "TWO-ELECTRON ENERGY": 75.66180889201019
}