{
    "CC D1 DIAGNOSTIC": 0.02777936120688208,
    "CC D2 DIAGNOSTIC": 0.19878497726472655,
    "CC NEW D1 DIAGNOSTIC": 0.02777936120688208,
    "CC T1 DIAGNOSTIC": 0.007823815045670328,
    "CCSD CORRELATION ENERGY": -0.12523033802580294,
    "CCSD OPPOSITE-SPIN CORRELATION ENERGY": -0.10479395606578513,
    "CCSD SAME-SPIN CORRELATION ENERGY": -0.020436381960017805,
    "CCSD TOTAL ENERGY": -460.1524244821108,
    "CURRENT CORRELATION ENERGY": -0.12523033802580294,
    "CURRENT DIPOLE X": 0.0,
    "CURRENT DIPOLE Y": 0.0,
    "CURRENT DIPOLE Z": -2.1119937904519435,
    "CURRENT ENERGY": -460.1524244821108,
    "CURRENT REFERENCE ENERGY": -460.0271941440855,
    "HF TOTAL ENERGY": -460.02719414408546,
    "LCCSD (+LMP2) TOTAL ENERGY": -460.1517112842327,
    "MP2 CORRELATION ENERGY": -0.11134440418762892,
    "MP2 OPPOSITE-SPIN CORRELATION ENERGY": -0.08918857472018386,
    "MP2 SAME-SPIN CORRELATION ENERGY": -0.022155829467445057,
    "MP2 TOTAL ENERGY": -460.1385385482726,
    "NUCLEAR REPULSION ENERGY": 5.4413571540930405,
    "ONE-ELECTRON ENERGY": -646.5266106631707,
    "PCM POLARIZATION ENERGY": 0.0,
    "PE ENERGY": 0.0,
    "SCF DIPOLE X": 0.0,
    "SCF DIPOLE Y": 0.0,
    "SCF DIPOLE Z": -2.1119937904519435,
    "SCF ITERATION ENERGY": -460.0271941440855,
    "SCF ITERATIONS": 9.0,
    "SCF TOTAL ENERGY": -460.0271941440855,
    "TWO-ELECTRON ENERGY": 181.0580593649922
}