{
    "CC D1 DIAGNOSTIC": 0.008814876530948442,
    "CC D2 DIAGNOSTIC": 0.08609546036752162,
    "CC NEW D1 DIAGNOSTIC": 0.008814876530948442,
    "CC T1 DIAGNOSTIC": 0.005137388859986932,
    "CCSD CORRELATION ENERGY": -0.1502109216091165,
    "CCSD OPPOSITE-SPIN CORRELATION ENERGY": -0.11982195824253435,
    "CCSD SAME-SPIN CORRELATION ENERGY": -0.030388963366582186,
    "CCSD TOTAL ENERGY": -100.09900797541263,
    "CURRENT CORRELATION ENERGY": -0.1502109216091165,
    "CURRENT DIPOLE X": 0.0,
    "CURRENT DIPOLE Y": 0.0,
    "CURRENT DIPOLE Z": -2.0720865540918636,
    "CURRENT ENERGY": -100.09900797541263,
    "CURRENT REFERENCE ENERGY": -99.94879705380359,
    "HF TOTAL ENERGY": -99.94879705380359,
    "LCCSD (+LMP2) TOTAL ENERGY": -100.08833199701556,
    "MP2 CORRELATION ENERGY": -0.1484768181335795,
    "MP2 OPPOSITE-SPIN CORRELATION ENERGY": -0.112865228849495,
    "MP2 SAME-SPIN CORRELATION ENERGY": -0.03561158928408449,
    "MP2 TOTAL ENERGY": -100.09727387193709,
    "NUCLEAR REPULSION ENERGY": 6.627667023146644,
    "ONE-ELECTRON ENERGY": -152.9216584567817,
    "PCM POLARIZATION ENERGY": 0.0,
    "PE ENERGY": 0.0,
    "SCF DIPOLE X": 0.0,
    "SCF DIPOLE Y": 0.0,
    "SCF DIPOLE Z": -2.0720865540918636,
    "SCF ITERATION ENERGY": -99.94879705380359,
    "SCF ITERATIONS": 9.0,
    "SCF TOTAL ENERGY": -99.94879705380359,
    "TWO-ELECTRON ENERGY": 46.345194379831476
}