{
    "CC D1 DIAGNOSTIC": 0.01088592767816302,
    "CC D2 DIAGNOSTIC": 0.07782825438760956,
    "CC NEW D1 DIAGNOSTIC": 0.01088592767816302,
    "CC T1 DIAGNOSTIC": 0.004252676890853709,
    "CCSD CORRELATION ENERGY": -0.10391159322624773,
    "CCSD OPPOSITE-SPIN CORRELATION ENERGY": -0.08533623978909763,
    "CCSD SAME-SPIN CORRELATION ENERGY": -0.01857535343715007,
    "CCSD TOTAL ENERGY": -459.59027119205723,
    "CURRENT CORRELATION ENERGY": -0.10391159322624773,
    "CURRENT DIPOLE X": 0.0,
    "CURRENT DIPOLE Y": 0.0,
    "CURRENT DIPOLE Z": -1.5850218648128398,
    "CURRENT ENERGY": -459.59027119205723,
    "CURRENT REFERENCE ENERGY": -459.4863595988313,
    "HF TOTAL ENERGY": -459.4863595988313,
    "LCCSD (+LMP2) TOTAL ENERGY": -459.5908824165789,
    "MP2 CORRELATION ENERGY": -0.09565981087995008,
    "MP2 OPPOSITE-SPIN CORRELATION ENERGY": -0.07674772836039366,
    "MP2 SAME-SPIN CORRELATION ENERGY": -0.018912082519556422,
    "MP2 TOTAL ENERGY": -459.58201940971094,
    "NUCLEAR REPULSION ENERGY": 12.136993245400754,
    "ONE-ELECTRON ENERGY": -658.1381414050788,
    "PCM POLARIZATION ENERGY": 0.0,
    "PE ENERGY": 0.0,
    "SCF DIPOLE X": 0.0,
    "SCF DIPOLE Y": 0.0,
    "SCF DIPOLE Z": -1.5850218648128398,
    "SCF ITERATION ENERGY": -459.4863595988313,
    "SCF ITERATIONS": 8.0,
    "SCF TOTAL ENERGY": -459.4863595988313,
    "TWO-ELECTRON ENERGY": 186.51478856084677
}