{
    "CC D1 DIAGNOSTIC": 0.09966097663325645,
    "CC D2 DIAGNOSTIC": 0.33403821536576495,
    "CC NEW D1 DIAGNOSTIC": 0.09966097663325645,
    "CC T1 DIAGNOSTIC": 0.031685612132295475,
    "CCSD CORRELATION ENERGY": -0.21038420505805264,
    "CCSD OPPOSITE-SPIN CORRELATION ENERGY": -0.1786683713253477,
    "CCSD SAME-SPIN CORRELATION ENERGY": -0.03171583373270556,
    "CCSD TOTAL ENERGY": -100.05694857656026,
    "CURRENT CORRELATION ENERGY": -0.21038420505805264,
    "CURRENT DIPOLE X": 0.0,
    "CURRENT DIPOLE Y": 0.0,
    "CURRENT DIPOLE Z": -3.3925935014294577,
    "CURRENT ENERGY": -100.05694857656026,
    "CURRENT REFERENCE ENERGY": -99.84656437150218,
    "HF TOTAL ENERGY": -99.8465643715022,
    "LCCSD (+LMP2) TOTAL ENERGY": -100.04373088266028,
    "MP2 CORRELATION ENERGY": -0.2006542028309795,
    "MP2 OPPOSITE-SPIN CORRELATION ENERGY": -0.15550958300742024,
    "MP2 SAME-SPIN CORRELATION ENERGY": -0.04514461982355927,
    "MP2 TOTAL ENERGY": -100.04721857433319,
    "NUCLEAR REPULSION ENERGY": 2.829123535253642,
    "ONE-ELECTRON ENERGY": -146.42000383443983,
    "PCM POLARIZATION ENERGY": 0.0,
    "PE ENERGY": 0.0,
    "SCF DIPOLE X": 0.0,
    "SCF DIPOLE Y": 0.0,
    "SCF DIPOLE Z": -3.3925935014294577,
    "SCF ITERATION ENERGY": -99.84656437150218,
    "SCF ITERATIONS": 10.0,
    "SCF TOTAL ENERGY": -99.84656437150218,
    "TWO-ELECTRON ENERGY": 43.744315927683985
}