{
    "CC D1 DIAGNOSTIC": 0.0407276175332419,
    "CC D2 DIAGNOSTIC": 0.09535980218969604,
    "CC NEW D1 DIAGNOSTIC": 0.0407276175332419,
    "CC T1 DIAGNOSTIC": 0.01822245693690672,
    "CCSD CORRELATION ENERGY": -0.1809672832672352,
    "CCSD OPPOSITE-SPIN CORRELATION ENERGY": -0.1451134875259146,
    "CCSD SAME-SPIN CORRELATION ENERGY": -0.03585379574132072,
    "CCSD TOTAL ENERGY": -107.13877483344922,
    "CURRENT CORRELATION ENERGY": -0.1809672832672352,
    "CURRENT DIPOLE X": 0.0,
    "CURRENT DIPOLE Y": 0.0,
    "CURRENT DIPOLE Z": -7.020892676613569,
    "CURRENT ENERGY": -107.13877483344922,
    "CURRENT REFERENCE ENERGY": -106.95780755018197,
    "HF TOTAL ENERGY": -106.95780755018197,
    "LCCSD (+LMP2) TOTAL ENERGY": -107.13875127519836,
    "MP2 CORRELATION ENERGY": -0.18170631237430193,
    "MP2 OPPOSITE-SPIN CORRELATION ENERGY": -0.13763986491237348,
    "MP2 SAME-SPIN CORRELATION ENERGY": -0.04406644746192845,
    "MP2 TOTAL ENERGY": -107.13951386255629,
    "NUCLEAR REPULSION ENERGY": 8.449536858632717,
    "ONE-ELECTRON ENERGY": -168.33456929266862,
    "PCM POLARIZATION ENERGY": 0.0,
    "PE ENERGY": 0.0,
    "SCF DIPOLE X": 0.0,
    "SCF DIPOLE Y": 0.0,
    "SCF DIPOLE Z": -7.020892676613569,
    "SCF ITERATION ENERGY": -106.95780755018197,
    "SCF ITERATIONS": 10.0,
    "SCF TOTAL ENERGY": -106.95780755018197,
    "TWO-ELECTRON ENERGY": 52.927224883853945
}