{
    "CC D1 DIAGNOSTIC": 0.030555809210984528,
    "CC D2 DIAGNOSTIC": 0.1333161201717889,
    "CC NEW D1 DIAGNOSTIC": 0.030555809210984528,
    "CC T1 DIAGNOSTIC": 0.01080916238964218,
    "CCSD CORRELATION ENERGY": -0.36961715151452523,
    "CCSD OPPOSITE-SPIN CORRELATION ENERGY": -0.2903147086405029,
    "CCSD SAME-SPIN CORRELATION ENERGY": -0.07930244287402233,
    "CCSD TOTAL ENERGY": -187.7556331751886,
    "CURRENT CORRELATION ENERGY": -0.36961715151452523,
    "CURRENT DIPOLE X": 0.0,
    "CURRENT DIPOLE Y": 0.0,
    "CURRENT DIPOLE Z": 0.0,
    "CURRENT ENERGY": -187.7556331751886,
    "CURRENT REFERENCE ENERGY": -187.38601602367396,
    "HF TOTAL ENERGY": -187.38601602367396,
    "LCCSD (+LMP2) TOTAL ENERGY": -187.75361821187144,
    "MP2 CORRELATION ENERGY": -0.37463006962003786,
    "MP2 OPPOSITE-SPIN CORRELATION ENERGY": -0.27979344096059194,
    "MP2 SAME-SPIN CORRELATION ENERGY": -0.09483662865944592,
    "MP2 TOTAL ENERGY": -187.7606460932941,
    "NUCLEAR REPULSION ENERGY": 68.42234472175755,
    "ONE-ELECTRON ENERGY": -391.0972408247065,
    "PCM POLARIZATION ENERGY": 0.0,
    "PE ENERGY": 0.0,
    "SCF DIPOLE X": 0.0,
    "SCF DIPOLE Y": 0.0,
    "SCF DIPOLE Z": 0.0,
    "SCF ITERATION ENERGY": -187.38601602367396,
    "SCF ITERATIONS": 9.0,
    "SCF TOTAL ENERGY": -187.38601602367396,
    "TWO-ELECTRON ENERGY": 135.28888007927497
}