{
    "CC D1 DIAGNOSTIC": 0.0423374832217038,
    "CC D2 DIAGNOSTIC": 0.20165113381693506,
    "CC NEW D1 DIAGNOSTIC": 0.0423374832217038,
    "CC T1 DIAGNOSTIC": 0.013423124994507742,
    "CCSD CORRELATION ENERGY": -0.16777752719548158,
    "CCSD OPPOSITE-SPIN CORRELATION ENERGY": -0.13709710176929316,
    "CCSD SAME-SPIN CORRELATION ENERGY": -0.030680425426188457,
    "CCSD TOTAL ENERGY": -104.22186968233952,
    "CURRENT CORRELATION ENERGY": -0.16777752719548158,
    "CURRENT DIPOLE X": 0.0,
    "CURRENT DIPOLE Y": 0.0,
    "CURRENT DIPOLE Z": 4.406379396306048,
    "CURRENT ENERGY": -104.22186968233952,
    "CURRENT REFERENCE ENERGY": -104.05409215514396,
    "HF TOTAL ENERGY": -104.05409215514396,
    "LCCSD (+LMP2) TOTAL ENERGY": -104.22324107559731,
    "MP2 CORRELATION ENERGY": -0.1521869054256648,
    "MP2 OPPOSITE-SPIN CORRELATION ENERGY": -0.12031118237389231,
    "MP2 SAME-SPIN CORRELATION ENERGY": -0.031875723051772484,
    "MP2 TOTAL ENERGY": -104.2062790605697,
    "NUCLEAR REPULSION ENERGY": 26.205245649123597,
    "ONE-ELECTRON ENERGY": -188.86646394918097,
    "PCM POLARIZATION ENERGY": 0.0,
    "PE ENERGY": 0.0,
    "SCF DIPOLE X": 0.0,
    "SCF DIPOLE Y": 0.0,
    "SCF DIPOLE Z": 4.406379396306048,
    "SCF ITERATION ENERGY": -104.05409215514396,
    "SCF ITERATIONS": 10.0,
    "SCF TOTAL ENERGY": -104.05409215514396,
    "TWO-ELECTRON ENERGY": 58.60712614491342
}