{
    "CURRENT CORRELATION ENERGY": -0.2799315727750269,
    "CURRENT DIPOLE X": 0.0,
    "CURRENT DIPOLE Y": 1.6931432601918935e-15,
    "CURRENT DIPOLE Z": -3.482082417255129,
    "CURRENT ENERGY": -110.14637000793495,
    "CURRENT REFERENCE ENERGY": -109.86643843515992,
    "CUSTOM SCS-MP2 CORRELATION ENERGY": -0.28313413361455636,
    "CUSTOM SCS-MP2 TOTAL ENERGY": -110.14957256877447,
    "HF TOTAL ENERGY": -109.86643843515992,
    "MP2 CORRELATION ENERGY": -0.2799315727750269,
    "MP2 OPPOSITE-SPIN CORRELATION ENERGY": -0.21902724156486383,
    "MP2 SAME-SPIN CORRELATION ENERGY": -0.06090433121015937,
    "MP2 TOTAL ENERGY": -110.14637000793495,
    "NUCLEAR REPULSION ENERGY": 32.14729275137141,
    "ONE-ELECTRON ENERGY": -212.43876791033543,
    "PCM POLARIZATION ENERGY": 0.0,
    "PE ENERGY": 0.0,
    "SCF DIPOLE X": 0.0,
    "SCF DIPOLE Y": 1.6931432601918935e-15,
    "SCF DIPOLE Z": -3.482082417255129,
    "SCF ITERATION ENERGY": -109.86643843515992,
    "SCF ITERATIONS": 12.0,
    "SCF TOTAL ENERGY": -109.86643843515992,
    "SCS-MP2 CORRELATION ENERGY": -0.28313413361455636,
    "SCS-MP2 TOTAL ENERGY": -110.14957256877447,
    "SCS-MP2-VDW CORRELATION ENERGY": -0.3108070348081071,
    "SCS-MP2-VDW TOTAL ENERGY": -110.17724546996803,
    "SCSN-MP2 CORRELATION ENERGY": -0.10719162292988926,
    "SCSN-MP2 TOTAL ENERGY": -109.97363005808981,
    "SOS-MP2 CORRELATION ENERGY": 0.0,
    "SOS-MP2 TOTAL ENERGY": -109.86643843515992,
    "SOS-PI-MP2 CORRELATION ENERGY": -0.3066381381908059,
    "SOS-PI-MP2 TOTAL ENERGY": -110.17307657335073,
    "TWO-ELECTRON ENERGY": 70.42503672380411
}