{
    "CC D1 DIAGNOSTIC": 0.027047120471345915,
    "CC D2 DIAGNOSTIC": 0.18217215106923373,
    "CC NEW D1 DIAGNOSTIC": 0.027047120471345915,
    "CC T1 DIAGNOSTIC": 0.011232761658703676,
    "CCSD CORRELATION ENERGY": -0.2815755101139509,
    "CCSD OPPOSITE-SPIN CORRELATION ENERGY": -0.22893646875910392,
    "CCSD SAME-SPIN CORRELATION ENERGY": -0.052639041354846844,
    "CCSD TOTAL ENERGY": -109.16977363624659,
    "CURRENT CORRELATION ENERGY": -0.2815755101139509,
    "CURRENT DIPOLE X": 0.0,
    "CURRENT DIPOLE Y": 0.0,
    "CURRENT DIPOLE Z": 5.643810867306312e-16,
    "CURRENT ENERGY": -109.16977363624659,
    "CURRENT REFERENCE ENERGY": -108.88819812613254,
    "HF TOTAL ENERGY": -108.88819812613254,
    "LCCSD (+LMP2) TOTAL ENERGY": -109.1564178184893,
    "MP2 CORRELATION ENERGY": -0.2963239121010679,
    "MP2 OPPOSITE-SPIN CORRELATION ENERGY": -0.2211316782955216,
    "MP2 SAME-SPIN CORRELATION ENERGY": -0.0751922338055463,
    "MP2 TOTAL ENERGY": -109.18452203823371,
    "NUCLEAR REPULSION ENERGY": 22.882514329238006,
    "ONE-ELECTRON ENERGY": -192.4198565042395,
    "PCM POLARIZATION ENERGY": 0.0,
    "PE ENERGY": 0.0,
    "SCF DIPOLE X": 0.0,
    "SCF DIPOLE Y": 0.0,
    "SCF DIPOLE Z": 5.643810867306312e-16,
    "SCF ITERATION ENERGY": -108.88819812613254,
    "SCF ITERATIONS": 8.0,
    "SCF TOTAL ENERGY": -108.88819812613254,
    "TWO-ELECTRON ENERGY": 60.64914404886896
}