{
    "CC D1 DIAGNOSTIC": 0.07145455197087675,
    "CC D2 DIAGNOSTIC": 0.24438183668719207,
    "CC NEW D1 DIAGNOSTIC": 0.07145455197087675,
    "CC T1 DIAGNOSTIC": 0.021851461432098755,
    "CCSD CORRELATION ENERGY": -0.20762290443637493,
    "CCSD OPPOSITE-SPIN CORRELATION ENERGY": -0.1698254869673088,
    "CCSD SAME-SPIN CORRELATION ENERGY": -0.037797417469066175,
    "CCSD TOTAL ENERGY": -105.38741591207507,
    "CURRENT CORRELATION ENERGY": -0.20762290443637493,
    "CURRENT DIPOLE X": 0.0,
    "CURRENT DIPOLE Y": 0.0,
    "CURRENT DIPOLE Z": 0.6622764229003039,
    "CURRENT ENERGY": -105.38741591207507,
    "CURRENT REFERENCE ENERGY": -105.17979300763866,
    "HF TOTAL ENERGY": -105.17979300763866,
    "LCCSD (+LMP2) TOTAL ENERGY": -105.27393801171871,
    "MP2 CORRELATION ENERGY": -0.20646097504944994,
    "MP2 OPPOSITE-SPIN CORRELATION ENERGY": -0.1574791649742086,
    "MP2 SAME-SPIN CORRELATION ENERGY": -0.04898181007524133,
    "MP2 TOTAL ENERGY": -105.38625398268815,
    "NUCLEAR REPULSION ENERGY": 21.21842651440232,
    "ONE-ELECTRON ENERGY": -186.13493003890375,
    "PCM POLARIZATION ENERGY": 0.0,
    "PE ENERGY": 0.0,
    "SCF DIPOLE X": 0.0,
    "SCF DIPOLE Y": 0.0,
    "SCF DIPOLE Z": 0.6622764229003039,
    "SCF ITERATION ENERGY": -105.17979300763866,
    "SCF ITERATIONS": 12.0,
    "SCF TOTAL ENERGY": -105.17979300763866,
    "TWO-ELECTRON ENERGY": 59.73671051686276
}