{
    "CC D1 DIAGNOSTIC": 0.03548167389879211,
    "CC D2 DIAGNOSTIC": 0.21618878619558898,
    "CC NEW D1 DIAGNOSTIC": 0.03548167389879211,
    "CC T1 DIAGNOSTIC": 0.01456159915235696,
    "CCSD CORRELATION ENERGY": -0.31177016857395135,
    "CCSD OPPOSITE-SPIN CORRELATION ENERGY": -0.25680379867283093,
    "CCSD SAME-SPIN CORRELATION ENERGY": -0.054966369901120304,
    "CCSD TOTAL ENERGY": -109.13362426243447,
    "CURRENT CORRELATION ENERGY": -0.31177016857395135,
    "CURRENT DIPOLE X": 0.0,
    "CURRENT DIPOLE Y": 0.0,
    "CURRENT DIPOLE Z": 0.0,
    "CURRENT ENERGY": -109.13362426243447,
    "CURRENT REFERENCE ENERGY": -108.8218540938609,
    "HF TOTAL ENERGY": -108.8218540938609,
    "LCCSD (+LMP2) TOTAL ENERGY": -109.13781894656148,
    "MP2 CORRELATION ENERGY": -0.34546125186570587,
    "MP2 OPPOSITE-SPIN CORRELATION ENERGY": -0.25455045866515486,
    "MP2 SAME-SPIN CORRELATION ENERGY": -0.09091079320055101,
    "MP2 TOTAL ENERGY": -109.16731534572621,
    "NUCLEAR REPULSION ENERGY": 20.43567121284423,
    "ONE-ELECTRON ENERGY": -187.5880234952711,
    "PCM POLARIZATION ENERGY": 0.0,
    "PE ENERGY": 0.0,
    "SCF DIPOLE X": 0.0,
    "SCF DIPOLE Y": 0.0,
    "SCF DIPOLE Z": 0.0,
    "SCF ITERATION ENERGY": -108.8218540938609,
    "SCF ITERATIONS": 8.0,
    "SCF TOTAL ENERGY": -108.8218540938609,
    "TWO-ELECTRON ENERGY": 58.33049818856597
}