{
    "CC D1 DIAGNOSTIC": 0.008749276499419532,
    "CC D2 DIAGNOSTIC": 0.07530126006998085,
    "CC NEW D1 DIAGNOSTIC": 0.008749276499419532,
    "CC T1 DIAGNOSTIC": 0.004971096641505927,
    "CCSD CORRELATION ENERGY": -0.1413301073468376,
    "CCSD OPPOSITE-SPIN CORRELATION ENERGY": -0.11237440959376538,
    "CCSD SAME-SPIN CORRELATION ENERGY": -0.028955697753072218,
    "CCSD TOTAL ENERGY": -99.59101916341325,
    "CURRENT CORRELATION ENERGY": -0.1413301073468376,
    "CURRENT DIPOLE X": 0.0,
    "CURRENT DIPOLE Y": 0.0,
    "CURRENT DIPOLE Z": -1.7821099140879633,
    "CURRENT ENERGY": -99.59101916341325,
    "CURRENT REFERENCE ENERGY": -99.44968905606642,
    "HF TOTAL ENERGY": -99.44968905606642,
    "LCCSD (+LMP2) TOTAL ENERGY": -99.6184800888176,
    "MP2 CORRELATION ENERGY": -0.13893585058790467,
    "MP2 OPPOSITE-SPIN CORRELATION ENERGY": -0.10585979230301167,
    "MP2 SAME-SPIN CORRELATION ENERGY": -0.033076058284893003,
    "MP2 TOTAL ENERGY": -99.58862490665432,
    "NUCLEAR REPULSION ENERGY": 9.113042156826635,
    "ONE-ELECTRON ENERGY": -156.3185535132801,
    "PCM POLARIZATION ENERGY": 0.0,
    "PE ENERGY": 0.0,
    "SCF DIPOLE X": 0.0,
    "SCF DIPOLE Y": 0.0,
    "SCF DIPOLE Z": -1.7821099140879633,
    "SCF ITERATION ENERGY": -99.44968905606642,
    "SCF ITERATIONS": 9.0,
    "SCF TOTAL ENERGY": -99.44968905606642,
    "TWO-ELECTRON ENERGY": 47.75582230038707
}