{
    "CC D1 DIAGNOSTIC": 0.3967694120156095,
    "CC D2 DIAGNOSTIC": 0.3506694494549728,
    "CC NEW D1 DIAGNOSTIC": 0.3967694120156095,
    "CC T1 DIAGNOSTIC": 0.13141627089158087,
    "CCSD CORRELATION ENERGY": -0.4735900981395482,
    "CCSD OPPOSITE-SPIN CORRELATION ENERGY": -0.36536330455723404,
    "CCSD SAME-SPIN CORRELATION ENERGY": -0.10822679358231357,
    "CCSD TOTAL ENERGY": -187.57955411448074,
    "CURRENT CORRELATION ENERGY": -0.4735900981395482,
    "CURRENT DIPOLE X": 0.0,
    "CURRENT DIPOLE Y": 0.0,
    "CURRENT DIPOLE Z": 0.0,
    "CURRENT ENERGY": -187.57955411448074,
    "CURRENT REFERENCE ENERGY": -187.1059640163407,
    "HF TOTAL ENERGY": -187.1059640163407,
    "LCCSD (+LMP2) TOTAL ENERGY": -187.5798544190645,
    "MP2 CORRELATION ENERGY": -0.36986996158495583,
    "MP2 OPPOSITE-SPIN CORRELATION ENERGY": -0.28592941696442065,
    "MP2 SAME-SPIN CORRELATION ENERGY": -0.08394054462053518,
    "MP2 TOTAL ENERGY": -187.47583397792616,
    "NUCLEAR REPULSION ENERGY": 36.185776940097284,
    "ONE-ELECTRON ENERGY": -328.7582810211137,
    "PCM POLARIZATION ENERGY": 0.0,
    "PE ENERGY": 0.0,
    "SCF DIPOLE X": 0.0,
    "SCF DIPOLE Y": 0.0,
    "SCF DIPOLE Z": 0.0,
    "SCF ITERATION ENERGY": -187.1059640163407,
    "SCF ITERATIONS": 13.0,
    "SCF TOTAL ENERGY": -187.1059640163407,
    "TWO-ELECTRON ENERGY": 105.46654006467573
}