{
    "CC D1 DIAGNOSTIC": 0.04421809459447999,
    "CC D2 DIAGNOSTIC": 0.090670200709432,
    "CC NEW D1 DIAGNOSTIC": 0.04421809459447999,
    "CC T1 DIAGNOSTIC": 0.013932489219241345,
    "CCSD CORRELATION ENERGY": -0.2869721997792269,
    "CCSD OPPOSITE-SPIN CORRELATION ENERGY": -0.2226404636992212,
    "CCSD SAME-SPIN CORRELATION ENERGY": -0.06433173608000586,
    "CCSD TOTAL ENERGY": -261.486114774268,
    "CURRENT CORRELATION ENERGY": -0.2869721997792269,
    "CURRENT DIPOLE X": 0.0,
    "CURRENT DIPOLE Y": 0.0,
    "CURRENT DIPOLE Z": -6.609390906708273,
    "CURRENT ENERGY": -261.486114774268,
    "CURRENT REFERENCE ENERGY": -261.1991425744884,
    "HF TOTAL ENERGY": -261.1991425744884,
    "LCCSD (+LMP2) TOTAL ENERGY": -261.4864893461601,
    "MP2 CORRELATION ENERGY": -0.28791613944607797,
    "MP2 OPPOSITE-SPIN CORRELATION ENERGY": -0.21385691694935116,
    "MP2 SAME-SPIN CORRELATION ENERGY": -0.0740592224967268,
    "MP2 TOTAL ENERGY": -261.48705871393486,
    "NUCLEAR REPULSION ENERGY": 36.51600780178519,
    "ONE-ELECTRON ENERGY": -442.97266852198527,
    "PCM POLARIZATION ENERGY": 0.0,
    "PE ENERGY": 0.0,
    "SCF DIPOLE X": 0.0,
    "SCF DIPOLE Y": 0.0,
    "SCF DIPOLE Z": -6.609390906708273,
    "SCF ITERATION ENERGY": -261.1991425744884,
    "SCF ITERATIONS": 11.0,
    "SCF TOTAL ENERGY": -261.1991425744884,
    "TWO-ELECTRON ENERGY": 145.25751814571169
}