{
    "CC D1 DIAGNOSTIC": 0.044768544205954386,
    "CC D2 DIAGNOSTIC": 0.2808452955462774,
    "CC NEW D1 DIAGNOSTIC": 0.044768544205954386,
    "CC T1 DIAGNOSTIC": 0.013931909127555818,
    "CCSD CORRELATION ENERGY": -0.33326694509832355,
    "CCSD OPPOSITE-SPIN CORRELATION ENERGY": -0.2734115482667306,
    "CCSD SAME-SPIN CORRELATION ENERGY": -0.05985539683159291,
    "CCSD TOTAL ENERGY": -149.8316387523658,
    "CURRENT CORRELATION ENERGY": -0.33326694509832355,
    "CURRENT DIPOLE X": 0.0,
    "CURRENT DIPOLE Y": 0.0,
    "CURRENT DIPOLE Z": 0.0,
    "CURRENT ENERGY": -149.8316387523658,
    "CURRENT REFERENCE ENERGY": -149.49837180726763,
    "HF TOTAL ENERGY": -149.49837180726763,
    "LCCSD (+LMP2) TOTAL ENERGY": -149.8216189792547,
    "MP2 CORRELATION ENERGY": -0.34953607484607097,
    "MP2 OPPOSITE-SPIN CORRELATION ENERGY": -0.26229813929361756,
    "MP2 SAME-SPIN CORRELATION ENERGY": -0.0872379355524534,
    "MP2 TOTAL ENERGY": -149.84790788211353,
    "NUCLEAR REPULSION ENERGY": 26.22412822993432,
    "ONE-ELECTRON ENERGY": -257.7125956790818,
    "PCM POLARIZATION ENERGY": 0.0,
    "PE ENERGY": 0.0,
    "SCF DIPOLE X": 0.0,
    "SCF DIPOLE Y": 0.0,
    "SCF DIPOLE Z": 0.0,
    "SCF ITERATION ENERGY": -149.49837180726763,
    "SCF ITERATIONS": 9.0,
    "SCF TOTAL ENERGY": -149.49837180726763,
    "TWO-ELECTRON ENERGY": 81.99009564187988
}