{
    "CURRENT CORRELATION ENERGY": -0.2750900698975016,
    "CURRENT DIPOLE X": -2.2575243469225247e-15,
    "CURRENT DIPOLE Y": 0.0,
    "CURRENT DIPOLE Z": 0.0,
    "CURRENT ENERGY": -110.231977597659,
    "CURRENT REFERENCE ENERGY": -109.9568875277615,
    "CUSTOM SCS-MP2 CORRELATION ENERGY": -0.2779045360171396,
    "CUSTOM SCS-MP2 TOTAL ENERGY": -110.23479206377864,
    "HF TOTAL ENERGY": -109.9568875277615,
    "MP2 CORRELATION ENERGY": -0.2750900698975016,
    "MP2 OPPOSITE-SPIN CORRELATION ENERGY": -0.21485520698227645,
    "MP2 SAME-SPIN CORRELATION ENERGY": -0.0602348629152237,
    "MP2 TOTAL ENERGY": -110.231977597659,
    "NUCLEAR REPULSION ENERGY": 32.11116205920457,
    "ONE-ELECTRON ENERGY": -212.46722054441042,
    "PCM POLARIZATION ENERGY": 0.0,
    "PE ENERGY": 0.0,
    "SCF DIPOLE X": -2.2575243469225247e-15,
    "SCF DIPOLE Y": 0.0,
    "SCF DIPOLE Z": 0.0,
    "SCF ITERATION ENERGY": -109.9568875277615,
    "SCF ITERATIONS": 9.0,
    "SCF TOTAL ENERGY": -109.9568875277615,
    "SCS-MP2 CORRELATION ENERGY": -0.2779045360171396,
    "SCS-MP2 TOTAL ENERGY": -110.23479206377864,
    "SCS-MP2-VDW CORRELATION ENERGY": -0.3051320963949422,
    "SCS-MP2-VDW TOTAL ENERGY": -110.26201962415644,
    "SCSN-MP2 CORRELATION ENERGY": -0.10601335873079165,
    "SCSN-MP2 TOTAL ENERGY": -110.06290088649229,
    "SOS-MP2 CORRELATION ENERGY": -0.2793117690769549,
    "SOS-MP2 TOTAL ENERGY": -110.23619929683845,
    "SOS-PI-MP2 CORRELATION ENERGY": -0.3007972897751898,
    "SOS-PI-MP2 TOTAL ENERGY": -110.25768481753668,
    "TWO-ELECTRON ENERGY": 70.39917095744437
}