{
    "CC D1 DIAGNOSTIC": 0.3810542057356042,
    "CC D2 DIAGNOSTIC": 0.3822568459694402,
    "CC NEW D1 DIAGNOSTIC": 0.3810542057356042,
    "CC T1 DIAGNOSTIC": 0.08536927952976044,
    "CCSD CORRELATION ENERGY": -0.32032143803026647,
    "CCSD OPPOSITE-SPIN CORRELATION ENERGY": -0.25127364146727843,
    "CCSD SAME-SPIN CORRELATION ENERGY": -0.06904779656298704,
    "CCSD TOTAL ENERGY": -260.61791180232257,
    "CURRENT CORRELATION ENERGY": -0.32032143803026647,
    "CURRENT DIPOLE X": 0.0,
    "CURRENT DIPOLE Y": 0.0,
    "CURRENT DIPOLE Z": -3.3413758673156067,
    "CURRENT ENERGY": -260.61791180232257,
    "CURRENT REFERENCE ENERGY": -260.29759036429215,
    "HF TOTAL ENERGY": -260.2975903642922,
    "LCCSD (+LMP2) TOTAL ENERGY": -260.6152036531781,
    "MP2 CORRELATION ENERGY": -0.31589757004815733,
    "MP2 OPPOSITE-SPIN CORRELATION ENERGY": -0.23434638513257217,
    "MP2 SAME-SPIN CORRELATION ENERGY": -0.08155118491558516,
    "MP2 TOTAL ENERGY": -260.61348793434047,
    "NUCLEAR REPULSION ENERGY": 49.52646188793193,
    "ONE-ELECTRON ENERGY": -465.94392930681215,
    "PCM POLARIZATION ENERGY": 0.0,
    "PE ENERGY": 0.0,
    "SCF DIPOLE X": 0.0,
    "SCF DIPOLE Y": 0.0,
    "SCF DIPOLE Z": -3.3413758673156067,
    "SCF ITERATION ENERGY": -260.29759036429215,
    "SCF ITERATIONS": 13.0,
    "SCF TOTAL ENERGY": -260.29759036429215,
    "TWO-ELECTRON ENERGY": 156.11987705458804
}