{
    "CC D1 DIAGNOSTIC": 0.07403606573636146,
    "CC D2 DIAGNOSTIC": 0.5530684027014436,
    "CC NEW D1 DIAGNOSTIC": 0.07403606573636146,
    "CC T1 DIAGNOSTIC": 0.031141723813510845,
    "CCSD CORRELATION ENERGY": -0.4911827799953592,
    "CCSD OPPOSITE-SPIN CORRELATION ENERGY": -0.49340591390406807,
    "CCSD SAME-SPIN CORRELATION ENERGY": 0.0022231339087089297,
    "CCSD TOTAL ENERGY": -108.91360151564608,
    "CURRENT CORRELATION ENERGY": -0.4911827799953592,
    "CURRENT DIPOLE X": 0.0,
    "CURRENT DIPOLE Y": 0.0,
    "CURRENT DIPOLE Z": 5.643810867306312e-16,
    "CURRENT ENERGY": -108.91360151564608,
    "CURRENT REFERENCE ENERGY": -108.4224187356508,
    "HF TOTAL ENERGY": -108.4224187356508,
    "LCCSD (+LMP2) TOTAL ENERGY": -108.96119792466092,
    "MP2 CORRELATION ENERGY": -0.6872301214049545,
    "MP2 OPPOSITE-SPIN CORRELATION ENERGY": -0.4830600699788745,
    "MP2 SAME-SPIN CORRELATION ENERGY": -0.20417005142608002,
    "MP2 TOTAL ENERGY": -109.10964885705567,
    "NUCLEAR REPULSION ENERGY": 14.079145924265129,
    "ONE-ELECTRON ENERGY": -174.75625404426955,
    "PCM POLARIZATION ENERGY": 0.0,
    "PE ENERGY": 0.0,
    "SCF DIPOLE X": 0.0,
    "SCF DIPOLE Y": 0.0,
    "SCF DIPOLE Z": 5.643810867306312e-16,
    "SCF ITERATION ENERGY": -108.4224187356508,
    "SCF ITERATIONS": 8.0,
    "SCF TOTAL ENERGY": -108.4224187356508,
    "TWO-ELECTRON ENERGY": 52.254689384353625
}