{
    "CC D1 DIAGNOSTIC": 0.023856119476485232,
    "CC D2 DIAGNOSTIC": 0.14571206557236543,
    "CC NEW D1 DIAGNOSTIC": 0.023856119476485232,
    "CC T1 DIAGNOSTIC": 0.00877017216598223,
    "CCSD CORRELATION ENERGY": -0.17051380615294048,
    "CCSD OPPOSITE-SPIN CORRELATION ENERGY": -0.13798821752583956,
    "CCSD SAME-SPIN CORRELATION ENERGY": -0.03252558862710067,
    "CCSD TOTAL ENERGY": -100.16634273280363,
    "CURRENT CORRELATION ENERGY": -0.17051380615294048,
    "CURRENT DIPOLE X": 0.0,
    "CURRENT DIPOLE Y": 0.0,
    "CURRENT DIPOLE Z": -2.562973779506818,
    "CURRENT ENERGY": -100.16634273280363,
    "CURRENT REFERENCE ENERGY": -99.99582892665065,
    "HF TOTAL ENERGY": -99.99582892665066,
    "LCCSD (+LMP2) TOTAL ENERGY": -100.15066419491471,
    "MP2 CORRELATION ENERGY": -0.16897184127310272,
    "MP2 OPPOSITE-SPIN CORRELATION ENERGY": -0.1285031135685536,
    "MP2 SAME-SPIN CORRELATION ENERGY": -0.04046872770454912,
    "MP2 TOTAL ENERGY": -100.1648007679238,
    "NUCLEAR REPULSION ENERGY": 4.347506350045735,
    "ONE-ELECTRON ENERGY": -149.15776365312078,
    "PCM POLARIZATION ENERGY": 0.0,
    "PE ENERGY": 0.0,
    "SCF DIPOLE X": 0.0,
    "SCF DIPOLE Y": 0.0,
    "SCF DIPOLE Z": -2.562973779506818,
    "SCF ITERATION ENERGY": -99.99582892665065,
    "SCF ITERATIONS": 10.0,
    "SCF TOTAL ENERGY": -99.99582892665065,
    "TWO-ELECTRON ENERGY": 44.814428376424395
}