{
    "CC D1 DIAGNOSTIC": 0.021055727994130965,
    "CC D2 DIAGNOSTIC": 0.13644813604907674,
    "CC NEW D1 DIAGNOSTIC": 0.021055727994130965,
    "CC T1 DIAGNOSTIC": 0.008020579106721774,
    "CCSD CORRELATION ENERGY": -0.16796813438566496,
    "CCSD OPPOSITE-SPIN CORRELATION ENERGY": -0.13558581093137365,
    "CCSD SAME-SPIN CORRELATION ENERGY": -0.032382323454291456,
    "CCSD TOTAL ENERGY": -100.17336525100306,
    "CURRENT CORRELATION ENERGY": -0.16796813438566496,
    "CURRENT DIPOLE X": 0.0,
    "CURRENT DIPOLE Y": 0.0,
    "CURRENT DIPOLE Z": -2.504414468340234,
    "CURRENT ENERGY": -100.17336525100306,
    "CURRENT REFERENCE ENERGY": -100.00539711661729,
    "HF TOTAL ENERGY": -100.00539711661727,
    "LCCSD (+LMP2) TOTAL ENERGY": -100.17502587461601,
    "MP2 CORRELATION ENERGY": -0.16657728123800514,
    "MP2 OPPOSITE-SPIN CORRELATION ENERGY": -0.1266037271066583,
    "MP2 SAME-SPIN CORRELATION ENERGY": -0.039973554131346845,
    "MP2 TOTAL ENERGY": -100.17197439785541,
    "NUCLEAR REPULSION ENERGY": 4.534719542152967,
    "ONE-ELECTRON ENERGY": -149.4859295858651,
    "PCM POLARIZATION ENERGY": 0.0,
    "PE ENERGY": 0.0,
    "SCF DIPOLE X": 0.0,
    "SCF DIPOLE Y": 0.0,
    "SCF DIPOLE Z": -2.504414468340234,
    "SCF ITERATION ENERGY": -100.00539711661729,
    "SCF ITERATIONS": 9.0,
    "SCF TOTAL ENERGY": -100.00539711661729,
    "TWO-ELECTRON ENERGY": 44.945812927094856
}