{
    "CC D1 DIAGNOSTIC": 0.015991363231732336,
    "CC D2 DIAGNOSTIC": 0.1183902162048019,
    "CC NEW D1 DIAGNOSTIC": 0.015991363231732336,
    "CC T1 DIAGNOSTIC": 0.006731321339077971,
    "CCSD CORRELATION ENERGY": -0.16256268058940015,
    "CCSD OPPOSITE-SPIN CORRELATION ENERGY": -0.13060468409732467,
    "CCSD SAME-SPIN CORRELATION ENERGY": -0.031957996492075535,
    "CCSD TOTAL ENERGY": -100.18237440726139,
    "CURRENT CORRELATION ENERGY": -0.16256268058940015,
    "CURRENT DIPOLE X": 0.0,
    "CURRENT DIPOLE Y": 0.0,
    "CURRENT DIPOLE Z": -2.378801628231725,
    "CURRENT ENERGY": -100.18237440726139,
    "CURRENT REFERENCE ENERGY": -100.01981172667202,
    "HF TOTAL ENERGY": -100.01981172667203,
    "LCCSD (+LMP2) TOTAL ENERGY": -100.17029089928958,
    "MP2 CORRELATION ENERGY": -0.16130655273449107,
    "MP2 OPPOSITE-SPIN CORRELATION ENERGY": -0.12249818546625427,
    "MP2 SAME-SPIN CORRELATION ENERGY": -0.038808367268236804,
    "MP2 TOTAL ENERGY": -100.18111827940648,
    "NUCLEAR REPULSION ENERGY": 5.0013529515038,
    "ONE-ELECTRON ENERGY": -150.2922346913375,
    "PCM POLARIZATION ENERGY": 0.0,
    "PE ENERGY": 0.0,
    "SCF DIPOLE X": 0.0,
    "SCF DIPOLE Y": 0.0,
    "SCF DIPOLE Z": -2.378801628231725,
    "SCF ITERATION ENERGY": -100.01981172667202,
    "SCF ITERATIONS": 9.0,
    "SCF TOTAL ENERGY": -100.01981172667202,
    "TWO-ELECTRON ENERGY": 45.27107001316168
}