{
    "CC D1 DIAGNOSTIC": 0.4597780802218889,
    "CC D2 DIAGNOSTIC": 0.41812579830061936,
    "CC NEW D1 DIAGNOSTIC": 0.4597780802218889,
    "CC T1 DIAGNOSTIC": 0.15175682079318129,
    "CCSD CORRELATION ENERGY": -0.4679925240742721,
    "CCSD OPPOSITE-SPIN CORRELATION ENERGY": -0.3602698082840777,
    "CCSD SAME-SPIN CORRELATION ENERGY": -0.10772271579019504,
    "CCSD TOTAL ENERGY": -187.54822309414564,
    "CURRENT CORRELATION ENERGY": -0.4679925240742721,
    "CURRENT DIPOLE X": 0.0,
    "CURRENT DIPOLE Y": 0.0,
    "CURRENT DIPOLE Z": 0.0,
    "CURRENT ENERGY": -187.54822309414564,
    "CURRENT REFERENCE ENERGY": -187.0802305700707,
    "HF TOTAL ENERGY": -187.0802305700707,
    "LCCSD (+LMP2) TOTAL ENERGY": -187.54854697735894,
    "MP2 CORRELATION ENERGY": -0.3441542149990876,
    "MP2 OPPOSITE-SPIN CORRELATION ENERGY": -0.27030793885205173,
    "MP2 SAME-SPIN CORRELATION ENERGY": -0.07384627614703587,
    "MP2 TOTAL ENERGY": -187.42438478507046,
    "NUCLEAR REPULSION ENERGY": 34.785037187577394,
    "ONE-ELECTRON ENERGY": -326.06700055792953,
    "PCM POLARIZATION ENERGY": 0.0,
    "PE ENERGY": 0.0,
    "SCF DIPOLE X": 0.0,
    "SCF DIPOLE Y": 0.0,
    "SCF DIPOLE Z": 0.0,
    "SCF ITERATION ENERGY": -187.0802305700707,
    "SCF ITERATIONS": 13.0,
    "SCF TOTAL ENERGY": -187.0802305700707,
    "TWO-ELECTRON ENERGY": 104.2017328002814
}