{
    "CC D1 DIAGNOSTIC": 0.022149373727091904,
    "CC D2 DIAGNOSTIC": 0.16385307900034465,
    "CC NEW D1 DIAGNOSTIC": 0.022149373727091904,
    "CC T1 DIAGNOSTIC": 0.009396107357913642,
    "CCSD CORRELATION ENERGY": -0.2650752266511085,
    "CCSD OPPOSITE-SPIN CORRELATION ENERGY": -0.21435485521473652,
    "CCSD SAME-SPIN CORRELATION ENERGY": -0.05072037143637198,
    "CCSD TOTAL ENERGY": -109.15526730211171,
    "CURRENT CORRELATION ENERGY": -0.2650752266511085,
    "CURRENT DIPOLE X": 0.0,
    "CURRENT DIPOLE Y": 0.0,
    "CURRENT DIPOLE Z": -5.643810867306312e-16,
    "CURRENT ENERGY": -109.15526730211171,
    "CURRENT REFERENCE ENERGY": -108.89019207546059,
    "HF TOTAL ENERGY": -108.89019207546059,
    "LCCSD (+LMP2) TOTAL ENERGY": -109.15526730211171,
    "MP2 CORRELATION ENERGY": -0.27195485626751886,
    "MP2 OPPOSITE-SPIN CORRELATION ENERGY": -0.20439926492480084,
    "MP2 SAME-SPIN CORRELATION ENERGY": -0.06755559134271802,
    "MP2 TOTAL ENERGY": -109.16214693172812,
    "NUCLEAR REPULSION ENERGY": 24.689028618388374,
    "ONE-ELECTRON ENERGY": -195.90783870750403,
    "PCM POLARIZATION ENERGY": 0.0,
    "PE ENERGY": 0.0,
    "SCF DIPOLE X": 0.0,
    "SCF DIPOLE Y": 0.0,
    "SCF DIPOLE Z": -5.643810867306312e-16,
    "SCF ITERATION ENERGY": -108.89019207546059,
    "SCF ITERATIONS": 8.0,
    "SCF TOTAL ENERGY": -108.89019207546059,
    "TWO-ELECTRON ENERGY": 62.32861801365507
}