{
    "CC D1 DIAGNOSTIC": 0.0395539245535698,
    "CC D2 DIAGNOSTIC": 0.2791488195361731,
    "CC NEW D1 DIAGNOSTIC": 0.0395539245535698,
    "CC T1 DIAGNOSTIC": 0.013326104579381905,
    "CCSD CORRELATION ENERGY": -0.29864878756902286,
    "CCSD OPPOSITE-SPIN CORRELATION ENERGY": -0.2518237049778884,
    "CCSD SAME-SPIN CORRELATION ENERGY": -0.04682508259113438,
    "CCSD TOTAL ENERGY": -110.16187494347687,
    "CURRENT CORRELATION ENERGY": -0.29864878756902286,
    "CURRENT DIPOLE X": -1.1287621734612623e-15,
    "CURRENT DIPOLE Y": 2.2575243469225247e-15,
    "CURRENT DIPOLE Z": 1.6655767778420882,
    "CURRENT ENERGY": -110.16187494347687,
    "CURRENT REFERENCE ENERGY": -109.86322615590773,
    "HF TOTAL ENERGY": -109.86322615590773,
    "LCCSD (+LMP2) TOTAL ENERGY": -110.1597649215586,
    "MP2 CORRELATION ENERGY": -0.28051269181558836,
    "MP2 OPPOSITE-SPIN CORRELATION ENERGY": -0.21960542290667756,
    "MP2 SAME-SPIN CORRELATION ENERGY": -0.060907268908910794,
    "MP2 TOTAL ENERGY": -110.14373884772344,
    "NUCLEAR REPULSION ENERGY": 32.13010629215205,
    "ONE-ELECTRON ENERGY": -212.49492083849634,
    "PCM POLARIZATION ENERGY": 0.0,
    "PE ENERGY": 0.0,
    "SCF DIPOLE X": -1.1287621734612623e-15,
    "SCF DIPOLE Y": 2.2575243469225247e-15,
    "SCF DIPOLE Z": 1.6655767778420882,
    "SCF ITERATION ENERGY": -109.86322615590773,
    "SCF ITERATIONS": 10.0,
    "SCF TOTAL ENERGY": -109.86322615590773,
    "TWO-ELECTRON ENERGY": 70.50158839043657
}