{
    "CC D1 DIAGNOSTIC": 0.07720574015331515,
    "CC D2 DIAGNOSTIC": 0.46009795603622566,
    "CC NEW D1 DIAGNOSTIC": 0.07720574015331515,
    "CC T1 DIAGNOSTIC": 0.018845281399250798,
    "CCSD CORRELATION ENERGY": -0.353169694241715,
    "CCSD OPPOSITE-SPIN CORRELATION ENERGY": -0.28912639943282453,
    "CCSD SAME-SPIN CORRELATION ENERGY": -0.06404329480888998,
    "CCSD TOTAL ENERGY": -260.21559191495,
    "CURRENT CORRELATION ENERGY": -0.353169694241715,
    "CURRENT DIPOLE X": 0.0,
    "CURRENT DIPOLE Y": 0.0,
    "CURRENT DIPOLE Z": 2.089528863297225,
    "CURRENT ENERGY": -260.21559191495,
    "CURRENT REFERENCE ENERGY": -259.86242222070837,
    "HF TOTAL ENERGY": -259.86242222070837,
    "LCCSD (+LMP2) TOTAL ENERGY": -260.21559191495,
    "MP2 CORRELATION ENERGY": -0.3472449119721476,
    "MP2 OPPOSITE-SPIN CORRELATION ENERGY": -0.2630099670174674,
    "MP2 SAME-SPIN CORRELATION ENERGY": -0.08423494495468015,
    "MP2 TOTAL ENERGY": -260.2096671326804,
    "NUCLEAR REPULSION ENERGY": 53.738764058812734,
    "ONE-ELECTRON ENERGY": -469.2659792118238,
    "PCM POLARIZATION ENERGY": 0.0,
    "PE ENERGY": 0.0,
    "SCF DIPOLE X": 0.0,
    "SCF DIPOLE Y": 0.0,
    "SCF DIPOLE Z": 2.089528863297225,
    "SCF ITERATION ENERGY": -259.86242222070837,
    "SCF ITERATIONS": 14.0,
    "SCF TOTAL ENERGY": -259.86242222070837,
    "TWO-ELECTRON ENERGY": 155.6647929323027
}