{
    "CC D1 DIAGNOSTIC": 0.02395068657983252,
    "CC D2 DIAGNOSTIC": 0.13017967574286787,
    "CC NEW D1 DIAGNOSTIC": 0.02395068657983252,
    "CC T1 DIAGNOSTIC": 0.010403320710954357,
    "CCSD CORRELATION ENERGY": -0.2317921011671282,
    "CCSD OPPOSITE-SPIN CORRELATION ENERGY": -0.18590638890703676,
    "CCSD SAME-SPIN CORRELATION ENERGY": -0.04588571226009133,
    "CCSD TOTAL ENERGY": -112.77194950575695,
    "CURRENT CORRELATION ENERGY": -0.2317921011671282,
    "CURRENT DIPOLE X": 0.0,
    "CURRENT DIPOLE Y": 0.0,
    "CURRENT DIPOLE Z": 0.4153424309281671,
    "CURRENT ENERGY": -112.77194950575695,
    "CURRENT REFERENCE ENERGY": -112.5401574045897,
    "HF TOTAL ENERGY": -112.5401574045897,
    "LCCSD (+LMP2) TOTAL ENERGY": -112.77204727709284,
    "MP2 CORRELATION ENERGY": -0.2276653560820852,
    "MP2 OPPOSITE-SPIN CORRELATION ENERGY": -0.17348189612972187,
    "MP2 SAME-SPIN CORRELATION ENERGY": -0.054183459952363344,
    "MP2 TOTAL ENERGY": -112.7678227606719,
    "NUCLEAR REPULSION ENERGY": 27.546052949971877,
    "ONE-ELECTRON ENERGY": -207.06608921520817,
    "PCM POLARIZATION ENERGY": 0.0,
    "PE ENERGY": 0.0,
    "SCF DIPOLE X": 0.0,
    "SCF DIPOLE Y": 0.0,
    "SCF DIPOLE Z": 0.4153424309281671,
    "SCF ITERATION ENERGY": -112.5401574045897,
    "SCF ITERATIONS": 9.0,
    "SCF TOTAL ENERGY": -112.5401574045897,
    "TWO-ELECTRON ENERGY": 66.97987886064658
}