{
    "CC D1 DIAGNOSTIC": 0.025358768187712405,
    "CC D2 DIAGNOSTIC": 0.2183448300106807,
    "CC NEW D1 DIAGNOSTIC": 0.025358768187712405,
    "CC T1 DIAGNOSTIC": 0.00854687149893508,
    "CCSD CORRELATION ENERGY": -0.277866208155746,
    "CCSD OPPOSITE-SPIN CORRELATION ENERGY": -0.22454086420367736,
    "CCSD SAME-SPIN CORRELATION ENERGY": -0.053325343952068616,
    "CCSD TOTAL ENERGY": -149.7164334763186,
    "CURRENT CORRELATION ENERGY": -0.277866208155746,
    "CURRENT DIPOLE X": 0.0,
    "CURRENT DIPOLE Y": 0.0,
    "CURRENT DIPOLE Z": 0.0,
    "CURRENT ENERGY": -149.7164334763186,
    "CURRENT REFERENCE ENERGY": -149.4385672681628,
    "HF TOTAL ENERGY": -149.43856726816279,
    "LCCSD (+LMP2) TOTAL ENERGY": -149.47947663523217,
    "MP2 CORRELATION ENERGY": -0.2724365132636184,
    "MP2 OPPOSITE-SPIN CORRELATION ENERGY": -0.2078673198799647,
    "MP2 SAME-SPIN CORRELATION ENERGY": -0.06456919338365369,
    "MP2 TOTAL ENERGY": -149.71100378142646,
    "NUCLEAR REPULSION ENERGY": 32.956483887985925,
    "ONE-ELECTRON ENERGY": -270.42693308569136,
    "PCM POLARIZATION ENERGY": 0.0,
    "PE ENERGY": 0.0,
    "SCF DIPOLE X": 0.0,
    "SCF DIPOLE Y": 0.0,
    "SCF DIPOLE Z": 0.0,
    "SCF ITERATION ENERGY": -149.4385672681628,
    "SCF ITERATIONS": 9.0,
    "SCF TOTAL ENERGY": -149.4385672681628,
    "TWO-ELECTRON ENERGY": 88.03188192954264
}