{
    "CC D1 DIAGNOSTIC": 0.03713218277212964,
    "CC D2 DIAGNOSTIC": 0.09565728226188984,
    "CC NEW D1 DIAGNOSTIC": 0.03713218277212964,
    "CC T1 DIAGNOSTIC": 0.01625471350704104,
    "CCSD CORRELATION ENERGY": -0.1791468974199429,
    "CCSD OPPOSITE-SPIN CORRELATION ENERGY": -0.14352182400394242,
    "CCSD SAME-SPIN CORRELATION ENERGY": -0.035625073416000436,
    "CCSD TOTAL ENERGY": -107.13837751138527,
    "CURRENT CORRELATION ENERGY": -0.1791468974199429,
    "CURRENT DIPOLE X": 0.0,
    "CURRENT DIPOLE Y": 0.0,
    "CURRENT DIPOLE Z": -6.118808732191857,
    "CURRENT ENERGY": -107.13837751138527,
    "CURRENT REFERENCE ENERGY": -106.95923061396542,
    "HF TOTAL ENERGY": -106.95923061396542,
    "LCCSD (+LMP2) TOTAL ENERGY": -107.13845398077137,
    "MP2 CORRELATION ENERGY": -0.1796735755910359,
    "MP2 OPPOSITE-SPIN CORRELATION ENERGY": -0.1361509087372134,
    "MP2 SAME-SPIN CORRELATION ENERGY": -0.0435226668538225,
    "MP2 TOTAL ENERGY": -107.13890418955637,
    "NUCLEAR REPULSION ENERGY": 9.65456418651922,
    "ONE-ELECTRON ENERGY": -170.53654599192967,
    "PCM POLARIZATION ENERGY": 0.0,
    "PE ENERGY": 0.0,
    "SCF DIPOLE X": 0.0,
    "SCF DIPOLE Y": 0.0,
    "SCF DIPOLE Z": -6.118808732191857,
    "SCF ITERATION ENERGY": -106.95923061396542,
    "SCF ITERATIONS": 10.0,
    "SCF TOTAL ENERGY": -106.95923061396542,
    "TWO-ELECTRON ENERGY": 53.92275119144503
}