{
    "CC D1 DIAGNOSTIC": 0.06647263094049218,
    "CC D2 DIAGNOSTIC": 0.1686357876409047,
    "CC NEW D1 DIAGNOSTIC": 0.06647263094049218,
    "CC T1 DIAGNOSTIC": 0.021285214490745843,
    "CCSD CORRELATION ENERGY": -0.4257529023727745,
    "CCSD OPPOSITE-SPIN CORRELATION ENERGY": -0.33652228245117255,
    "CCSD SAME-SPIN CORRELATION ENERGY": -0.08923061992160203,
    "CCSD TOTAL ENERGY": -187.97331786518308,
    "CURRENT CORRELATION ENERGY": -0.4257529023727745,
    "CURRENT DIPOLE X": 0.0,
    "CURRENT DIPOLE Y": 0.0,
    "CURRENT DIPOLE Z": 0.0,
    "CURRENT ENERGY": -187.97331786518308,
    "CURRENT REFERENCE ENERGY": -187.54756496280862,
    "HF TOTAL ENERGY": -187.54756496280862,
    "LCCSD (+LMP2) TOTAL ENERGY": -187.97391630552866,
    "MP2 CORRELATION ENERGY": -0.44728005123248016,
    "MP2 OPPOSITE-SPIN CORRELATION ENERGY": -0.33084041124607644,
    "MP2 SAME-SPIN CORRELATION ENERGY": -0.11643963998640372,
    "MP2 TOTAL ENERGY": -187.99484501404277,
    "NUCLEAR REPULSION ENERGY": 55.017150653821396,
    "ONE-ELECTRON ENERGY": -365.3188180054613,
    "PCM POLARIZATION ENERGY": 0.0,
    "PE ENERGY": 0.0,
    "SCF DIPOLE X": 0.0,
    "SCF DIPOLE Y": 0.0,
    "SCF DIPOLE Z": 0.0,
    "SCF ITERATION ENERGY": -187.54756496280862,
    "SCF ITERATIONS": 10.0,
    "SCF TOTAL ENERGY": -187.54756496280862,
    "TWO-ELECTRON ENERGY": 122.75410238883133
}