{
    "CURRENT CORRELATION ENERGY": -0.15596687734881698,
    "CURRENT DIPOLE X": 0.0,
    "CURRENT DIPOLE Y": 0.0,
    "CURRENT DIPOLE Z": -2.3724713263333648,
    "CURRENT ENERGY": -76.16547009082359,
    "CURRENT REFERENCE ENERGY": -76.00950321347477,
    "CUSTOM SCS-MP2 CORRELATION ENERGY": -0.15715373028925222,
    "CUSTOM SCS-MP2 TOTAL ENERGY": -76.16665694376402,
    "HF TOTAL ENERGY": -76.00950321347477,
    "MP2 CORRELATION ENERGY": -0.15596687734881698,
    "MP2 OPPOSITE-SPIN CORRELATION ENERGY": -0.12134396673805196,
    "MP2 SAME-SPIN CORRELATION ENERGY": -0.034622910610769636,
    "MP2 TOTAL ENERGY": -76.16547009082359,
    "NUCLEAR REPULSION ENERGY": 9.141920900567259,
    "ONE-ELECTRON ENERGY": -122.99486264297407,
    "PCM POLARIZATION ENERGY": 0.0,
    "PE ENERGY": 0.0,
    "SCF DIPOLE X": 0.0,
    "SCF DIPOLE Y": 0.0,
    "SCF DIPOLE Z": -2.3724713263333648,
    "SCF ITERATION ENERGY": -76.00950321347477,
    "SCF ITERATIONS": 10.0,
    "SCF TOTAL ENERGY": -76.00950321347477,
    "SCS-MP2 CORRELATION ENERGY": -0.15715373028925222,
    "SCS-MP2 TOTAL ENERGY": -76.16665694376402,
    "SCS-MP2-VDW CORRELATION ENERGY": -0.17263173273009613,
    "SCS-MP2-VDW TOTAL ENERGY": -76.18213494620487,
    "SCSN-MP2 CORRELATION ENERGY": -0.060936322674962184,
    "SCSN-MP2 TOTAL ENERGY": -76.07043953614973,
    "SOS-MP2 CORRELATION ENERGY": 0.0,
    "SOS-MP2 TOTAL ENERGY": -76.00950321347477,
    "SOS-PI-MP2 CORRELATION ENERGY": -0.16988155343327094,
    "SOS-PI-MP2 TOTAL ENERGY": -76.17938476690804,
    "TWO-ELECTRON ENERGY": 37.84343852893203
}