{
    "CC D1 DIAGNOSTIC": 0.05884478249549944,
    "CC D2 DIAGNOSTIC": 0.16342313147935156,
    "CC NEW D1 DIAGNOSTIC": 0.05884478249549944,
    "CC T1 DIAGNOSTIC": 0.018973115463444407,
    "CCSD CORRELATION ENERGY": -0.41689550725829105,
    "CCSD OPPOSITE-SPIN CORRELATION ENERGY": -0.32931490839610694,
    "CCSD SAME-SPIN CORRELATION ENERGY": -0.08758059886218389,
    "CCSD TOTAL ENERGY": -187.97847155243053,
    "CURRENT CORRELATION ENERGY": -0.41689550725829105,
    "CURRENT DIPOLE X": 0.0,
    "CURRENT DIPOLE Y": 0.0,
    "CURRENT DIPOLE Z": 0.0,
    "CURRENT ENERGY": -187.97847155243053,
    "CURRENT REFERENCE ENERGY": -187.561576045171,
    "HF TOTAL ENERGY": -187.56157604517102,
    "LCCSD (+LMP2) TOTAL ENERGY": -187.96312520292727,
    "MP2 CORRELATION ENERGY": -0.435671390664109,
    "MP2 OPPOSITE-SPIN CORRELATION ENERGY": -0.3228256209131413,
    "MP2 SAME-SPIN CORRELATION ENERGY": -0.11284576975096766,
    "MP2 TOTAL ENERGY": -187.99724743583636,
    "NUCLEAR REPULSION ENERGY": 56.75453435867892,
    "ONE-ELECTRON ENERGY": -368.71072175915094,
    "PCM POLARIZATION ENERGY": 0.0,
    "PE ENERGY": 0.0,
    "SCF DIPOLE X": 0.0,
    "SCF DIPOLE Y": 0.0,
    "SCF DIPOLE Z": 0.0,
    "SCF ITERATION ENERGY": -187.561576045171,
    "SCF ITERATIONS": 10.0,
    "SCF TOTAL ENERGY": -187.561576045171,
    "TWO-ELECTRON ENERGY": 124.394611355301
}