{
    "CC D1 DIAGNOSTIC": 0.04132830996495202,
    "CC D2 DIAGNOSTIC": 0.24780648419556914,
    "CC NEW D1 DIAGNOSTIC": 0.04132830996495202,
    "CC T1 DIAGNOSTIC": 0.014897904543176282,
    "CCSD CORRELATION ENERGY": -0.20451190966298233,
    "CCSD OPPOSITE-SPIN CORRELATION ENERGY": -0.1672636166922074,
    "CCSD SAME-SPIN CORRELATION ENERGY": -0.03724829297077481,
    "CCSD TOTAL ENERGY": -105.14810509110981,
    "CURRENT CORRELATION ENERGY": -0.20451190966298233,
    "CURRENT DIPOLE X": 0.0,
    "CURRENT DIPOLE Y": 0.0,
    "CURRENT DIPOLE Z": 1.873713652291508,
    "CURRENT ENERGY": -105.14810509110981,
    "CURRENT REFERENCE ENERGY": -104.94359318144686,
    "HF TOTAL ENERGY": -104.94359318144686,
    "LCCSD (+LMP2) TOTAL ENERGY": -105.14589427780234,
    "MP2 CORRELATION ENERGY": -0.1987155909194148,
    "MP2 OPPOSITE-SPIN CORRELATION ENERGY": -0.15264376861238602,
    "MP2 SAME-SPIN CORRELATION ENERGY": -0.046071822307028776,
    "MP2 TOTAL ENERGY": -105.14230877236625,
    "NUCLEAR REPULSION ENERGY": 22.213040257264918,
    "ONE-ELECTRON ENERGY": -186.33665007970373,
    "PCM POLARIZATION ENERGY": 0.0,
    "PE ENERGY": 0.0,
    "SCF DIPOLE X": 0.0,
    "SCF DIPOLE Y": 0.0,
    "SCF DIPOLE Z": 1.873713652291508,
    "SCF ITERATION ENERGY": -104.94359318144686,
    "SCF ITERATIONS": 11.0,
    "SCF TOTAL ENERGY": -104.94359318144686,
    "TWO-ELECTRON ENERGY": 59.180016640991965
}