{
    "CC D1 DIAGNOSTIC": 0.5239128943637824,
    "CC D2 DIAGNOSTIC": 0.39995165260717214,
    "CC NEW D1 DIAGNOSTIC": 0.5239128943637824,
    "CC T1 DIAGNOSTIC": 0.21920907366154221,
    "CCSD CORRELATION ENERGY": -0.33735260989449706,
    "CCSD OPPOSITE-SPIN CORRELATION ENERGY": -0.2553300318925782,
    "CCSD SAME-SPIN CORRELATION ENERGY": -0.08202257800192181,
    "CCSD TOTAL ENERGY": -112.69596275480853,
    "CURRENT CORRELATION ENERGY": -0.33735260989449706,
    "CURRENT DIPOLE X": 0.0,
    "CURRENT DIPOLE Y": 0.0,
    "CURRENT DIPOLE Z": -2.907794333642305,
    "CURRENT ENERGY": -112.69596275480853,
    "CURRENT REFERENCE ENERGY": -112.35861014491381,
    "HF TOTAL ENERGY": -112.35861014491381,
    "LCCSD (+LMP2) TOTAL ENERGY": -112.69596762961214,
    "MP2 CORRELATION ENERGY": -0.2300427679027825,
    "MP2 OPPOSITE-SPIN CORRELATION ENERGY": -0.1821810214903879,
    "MP2 SAME-SPIN CORRELATION ENERGY": -0.0478617464123946,
    "MP2 TOTAL ENERGY": -112.58865291281683,
    "NUCLEAR REPULSION ENERGY": 13.14616571214523,
    "ONE-ELECTRON ENERGY": -180.01798760127608,
    "PCM POLARIZATION ENERGY": 0.0,
    "PE ENERGY": 0.0,
    "SCF DIPOLE X": 0.0,
    "SCF DIPOLE Y": 0.0,
    "SCF DIPOLE Z": -2.907794333642305,
    "SCF ITERATION ENERGY": -112.35861014491381,
    "SCF ITERATIONS": 15.0,
    "SCF TOTAL ENERGY": -112.35861014491381,
    "TWO-ELECTRON ENERGY": 54.51321174421703
}