{
    "CC D1 DIAGNOSTIC": 0.06778450639232397,
    "CC D2 DIAGNOSTIC": 0.43293925511663506,
    "CC NEW D1 DIAGNOSTIC": 0.06778450639232397,
    "CC T1 DIAGNOSTIC": 0.02145366044176241,
    "CCSD CORRELATION ENERGY": -0.41349567109418073,
    "CCSD OPPOSITE-SPIN CORRELATION ENERGY": -0.3614875755115901,
    "CCSD SAME-SPIN CORRELATION ENERGY": -0.05200809558259034,
    "CCSD TOTAL ENERGY": -149.78388087722743,
    "CURRENT CORRELATION ENERGY": -0.41349567109418073,
    "CURRENT DIPOLE X": 0.0,
    "CURRENT DIPOLE Y": 0.0,
    "CURRENT DIPOLE Z": 0.0,
    "CURRENT ENERGY": -149.78388087722743,
    "CURRENT REFERENCE ENERGY": -149.37038520613297,
    "HF TOTAL ENERGY": -149.37038520613297,
    "LCCSD (+LMP2) TOTAL ENERGY": -149.81926938732406,
    "MP2 CORRELATION ENERGY": -0.4813655367782984,
    "MP2 OPPOSITE-SPIN CORRELATION ENERGY": -0.35660053324401986,
    "MP2 SAME-SPIN CORRELATION ENERGY": -0.12476500353427855,
    "MP2 TOTAL ENERGY": -149.85175074291155,
    "NUCLEAR REPULSION ENERGY": 20.86563763186725,
    "ONE-ELECTRON ENERGY": -247.19467391940918,
    "PCM POLARIZATION ENERGY": 0.0,
    "PE ENERGY": 0.0,
    "SCF DIPOLE X": 0.0,
    "SCF DIPOLE Y": 0.0,
    "SCF DIPOLE Z": 0.0,
    "SCF ITERATION ENERGY": -149.37038520613297,
    "SCF ITERATIONS": 9.0,
    "SCF TOTAL ENERGY": -149.37038520613297,
    "TWO-ELECTRON ENERGY": 76.95865108140896
}