{
    "CC D1 DIAGNOSTIC": 0.02057233854355539,
    "CC D2 DIAGNOSTIC": 0.12796019111309742,
    "CC NEW D1 DIAGNOSTIC": 0.02057233854355539,
    "CC T1 DIAGNOSTIC": 0.009294530047882702,
    "CCSD CORRELATION ENERGY": -0.22700830157814103,
    "CCSD OPPOSITE-SPIN CORRELATION ENERGY": -0.18184502916031556,
    "CCSD SAME-SPIN CORRELATION ENERGY": -0.045163272417825445,
    "CCSD TOTAL ENERGY": -112.65724705932199,
    "CURRENT CORRELATION ENERGY": -0.22700830157814103,
    "CURRENT DIPOLE X": 0.0,
    "CURRENT DIPOLE Y": 0.0,
    "CURRENT DIPOLE Z": 0.5867650851121976,
    "CURRENT ENERGY": -112.65724705932199,
    "CURRENT REFERENCE ENERGY": -112.430238757744,
    "HF TOTAL ENERGY": -112.430238757744,
    "LCCSD (+LMP2) TOTAL ENERGY": -112.6573902157485,
    "MP2 CORRELATION ENERGY": -0.22170488640080405,
    "MP2 OPPOSITE-SPIN CORRELATION ENERGY": -0.16924077988072758,
    "MP2 SAME-SPIN CORRELATION ENERGY": -0.052464106520076464,
    "MP2 TOTAL ENERGY": -112.65194364414465,
    "NUCLEAR REPULSION ENERGY": 28.966766282635188,
    "ONE-ELECTRON ENERGY": -209.5617034721399,
    "PCM POLARIZATION ENERGY": 0.0,
    "PE ENERGY": 0.0,
    "SCF DIPOLE X": 0.0,
    "SCF DIPOLE Y": 0.0,
    "SCF DIPOLE Z": 0.5867650851121976,
    "SCF ITERATION ENERGY": -112.430238757744,
    "SCF ITERATIONS": 9.0,
    "SCF TOTAL ENERGY": -112.430238757744,
    "TWO-ELECTRON ENERGY": 68.16469843176073
}