{
    "CURRENT CORRELATION ENERGY": -0.15574263656121445,
    "CURRENT DIPOLE X": 0.0,
    "CURRENT DIPOLE Y": 5.643810867306312e-16,
    "CURRENT DIPOLE Z": -2.1130709308693825,
    "CURRENT ENERGY": -76.15933622394152,
    "CURRENT REFERENCE ENERGY": -76.00359358738031,
    "CUSTOM SCS-MP2 CORRELATION ENERGY": -0.1566541787179864,
    "CUSTOM SCS-MP2 TOTAL ENERGY": -76.1602477660983,
    "HF TOTAL ENERGY": -76.00359358738031,
    "MP2 CORRELATION ENERGY": -0.15574263656121445,
    "MP2 OPPOSITE-SPIN CORRELATION ENERGY": -0.12085380753567093,
    "MP2 SAME-SPIN CORRELATION ENERGY": -0.03488882902554381,
    "MP2 TOTAL ENERGY": -76.15933622394152,
    "NUCLEAR REPULSION ENERGY": 9.125527674059004,
    "ONE-ELECTRON ENERGY": -123.01660684959305,
    "PCM POLARIZATION ENERGY": 0.0,
    "PE ENERGY": 0.0,
    "SCF DIPOLE X": 0.0,
    "SCF DIPOLE Y": 5.643810867306312e-16,
    "SCF DIPOLE Z": -2.1130709308693825,
    "SCF ITERATION ENERGY": -76.00359358738031,
    "SCF ITERATIONS": 10.0,
    "SCF TOTAL ENERGY": -76.00359358738031,
    "SCS-MP2 CORRELATION ENERGY": -0.1566541787179864,
    "SCS-MP2 TOTAL ENERGY": -76.1602477660983,
    "SCS-MP2-VDW CORRELATION ENERGY": -0.17213728815842444,
    "SCS-MP2-VDW TOTAL ENERGY": -76.17573087553873,
    "SCSN-MP2 CORRELATION ENERGY": -0.06140433908495879,
    "SCSN-MP2 TOTAL ENERGY": -76.06499792646527,
    "SOS-MP2 CORRELATION ENERGY": 0.0,
    "SOS-MP2 TOTAL ENERGY": -76.00359358738031,
    "SOS-PI-MP2 CORRELATION ENERGY": -0.16919533054993963,
    "SOS-PI-MP2 TOTAL ENERGY": -76.17278891793025,
    "TWO-ELECTRON ENERGY": 37.88748558815374
}