{
    "CC D1 DIAGNOSTIC": 0.02796516014988169,
    "CC D2 DIAGNOSTIC": 0.18568419344248752,
    "CC NEW D1 DIAGNOSTIC": 0.02796516014988169,
    "CC T1 DIAGNOSTIC": 0.011585263117598058,
    "CCSD CORRELATION ENERGY": -0.2847431552302076,
    "CCSD OPPOSITE-SPIN CORRELATION ENERGY": -0.23178043104180776,
    "CCSD SAME-SPIN CORRELATION ENERGY": -0.052962724188399896,
    "CCSD TOTAL ENERGY": -109.16855278288733,
    "CURRENT CORRELATION ENERGY": -0.2847431552302076,
    "CURRENT DIPOLE X": 0.0,
    "CURRENT DIPOLE Y": 0.0,
    "CURRENT DIPOLE Z": 5.643810867306312e-16,
    "CURRENT ENERGY": -109.16855278288733,
    "CURRENT REFERENCE ENERGY": -108.88380962765714,
    "HF TOTAL ENERGY": -108.88380962765714,
    "LCCSD (+LMP2) TOTAL ENERGY": -109.15586789183448,
    "MP2 CORRELATION ENERGY": -0.3011967343532793,
    "MP2 OPPOSITE-SPIN CORRELATION ENERGY": -0.22446289535690309,
    "MP2 SAME-SPIN CORRELATION ENERGY": -0.07673383899637623,
    "MP2 TOTAL ENERGY": -109.18500636201041,
    "NUCLEAR REPULSION ENERGY": 22.582087445265515,
    "ONE-ELECTRON ENERGY": -191.83272763643538,
    "PCM POLARIZATION ENERGY": 0.0,
    "PE ENERGY": 0.0,
    "SCF DIPOLE X": 0.0,
    "SCF DIPOLE Y": 0.0,
    "SCF DIPOLE Z": 5.643810867306312e-16,
    "SCF ITERATION ENERGY": -108.88380962765714,
    "SCF ITERATIONS": 8.0,
    "SCF TOTAL ENERGY": -108.88380962765714,
    "TWO-ELECTRON ENERGY": 60.3668305635127
}