{
    "CC D1 DIAGNOSTIC": 0.09720068815944767,
    "CC D2 DIAGNOSTIC": 0.19119291592906623,
    "CC NEW D1 DIAGNOSTIC": 0.09720068815944767,
    "CC T1 DIAGNOSTIC": 0.038311347464252805,
    "CCSD CORRELATION ENERGY": -0.29092618011837035,
    "CCSD OPPOSITE-SPIN CORRELATION ENERGY": -0.23500766458601685,
    "CCSD SAME-SPIN CORRELATION ENERGY": -0.05591851553235355,
    "CCSD TOTAL ENERGY": -112.8885992351222,
    "CURRENT CORRELATION ENERGY": -0.29092618011837035,
    "CURRENT DIPOLE X": 0.0,
    "CURRENT DIPOLE Y": 0.0,
    "CURRENT DIPOLE Z": -1.8307880181686962,
    "CURRENT ENERGY": -112.8885992351222,
    "CURRENT REFERENCE ENERGY": -112.5976730550037,
    "HF TOTAL ENERGY": -112.5976730550037,
    "LCCSD (+LMP2) TOTAL ENERGY": -112.88860889075856,
    "MP2 CORRELATION ENERGY": -0.3095741562545139,
    "MP2 OPPOSITE-SPIN CORRELATION ENERGY": -0.22963794521870973,
    "MP2 SAME-SPIN CORRELATION ENERGY": -0.07993621103580417,
    "MP2 TOTAL ENERGY": -112.90724721125834,
    "NUCLEAR REPULSION ENERGY": 18.182376677409497,
    "ONE-ELECTRON ENERGY": -189.59107920368547,
    "PCM POLARIZATION ENERGY": 0.0,
    "PE ENERGY": 0.0,
    "SCF DIPOLE X": 0.0,
    "SCF DIPOLE Y": 0.0,
    "SCF DIPOLE Z": -1.8307880181686962,
    "SCF ITERATION ENERGY": -112.5976730550037,
    "SCF ITERATIONS": 10.0,
    "SCF TOTAL ENERGY": -112.5976730550037,
    "TWO-ELECTRON ENERGY": 58.81102947127226
}