{
    "CC D1 DIAGNOSTIC": 0.15719785304888417,
    "CC D2 DIAGNOSTIC": 0.20321740531751764,
    "CC NEW D1 DIAGNOSTIC": 0.15719785304888417,
    "CC T1 DIAGNOSTIC": 0.05087839670782376,
    "CCSD CORRELATION ENERGY": -0.4743624472552764,
    "CCSD OPPOSITE-SPIN CORRELATION ENERGY": -0.37436649146699197,
    "CCSD SAME-SPIN CORRELATION ENERGY": -0.09999595578828391,
    "CCSD TOTAL ENERGY": -187.80904948531625,
    "CURRENT CORRELATION ENERGY": -0.4743624472552764,
    "CURRENT DIPOLE X": 0.0,
    "CURRENT DIPOLE Y": 0.0,
    "CURRENT DIPOLE Z": 0.0,
    "CURRENT ENERGY": -187.80904948531625,
    "CURRENT REFERENCE ENERGY": -187.33468703806062,
    "HF TOTAL ENERGY": -187.33468703806062,
    "LCCSD (+LMP2) TOTAL ENERGY": -187.82334096002182,
    "MP2 CORRELATION ENERGY": -0.49020281624020046,
    "MP2 OPPOSITE-SPIN CORRELATION ENERGY": -0.36045876842126323,
    "MP2 SAME-SPIN CORRELATION ENERGY": -0.12974404781893722,
    "MP2 TOTAL ENERGY": -187.82488985430118,
    "NUCLEAR REPULSION ENERGY": 45.08094284343224,
    "ONE-ELECTRON ENERGY": -345.87633011956797,
    "PCM POLARIZATION ENERGY": 0.0,
    "PE ENERGY": 0.0,
    "SCF DIPOLE X": 0.0,
    "SCF DIPOLE Y": 0.0,
    "SCF DIPOLE Z": 0.0,
    "SCF ITERATION ENERGY": -187.33468703806062,
    "SCF ITERATIONS": 11.0,
    "SCF TOTAL ENERGY": -187.33468703806062,
    "TWO-ELECTRON ENERGY": 113.46070023807512
}