{
    "CC D1 DIAGNOSTIC": 0.038585762843413085,
    "CC D2 DIAGNOSTIC": 0.09232967606082157,
    "CC NEW D1 DIAGNOSTIC": 0.038585762843413085,
    "CC T1 DIAGNOSTIC": 0.014582008391295687,
    "CCSD CORRELATION ENERGY": -0.2926142733402999,
    "CCSD OPPOSITE-SPIN CORRELATION ENERGY": -0.22745432789326123,
    "CCSD SAME-SPIN CORRELATION ENERGY": -0.06515994544703854,
    "CCSD TOTAL ENERGY": -261.6247058319679,
    "CURRENT CORRELATION ENERGY": -0.2926142733402999,
    "CURRENT DIPOLE X": 0.0,
    "CURRENT DIPOLE Y": 0.0,
    "CURRENT DIPOLE Z": -8.102119507087199,
    "CURRENT ENERGY": -261.6247058319679,
    "CURRENT REFERENCE ENERGY": -261.33209155862613,
    "HF TOTAL ENERGY": -261.33209155862613,
    "LCCSD (+LMP2) TOTAL ENERGY": -261.62487986297054,
    "MP2 CORRELATION ENERGY": -0.29436693849071505,
    "MP2 OPPOSITE-SPIN CORRELATION ENERGY": -0.21862155941176611,
    "MP2 SAME-SPIN CORRELATION ENERGY": -0.07574537907894893,
    "MP2 TOTAL ENERGY": -261.62645849711834,
    "NUCLEAR REPULSION ENERGY": 28.445621357188735,
    "ONE-ELECTRON ENERGY": -426.89253881501446,
    "PCM POLARIZATION ENERGY": 0.0,
    "PE ENERGY": 0.0,
    "SCF DIPOLE X": 0.0,
    "SCF DIPOLE Y": 0.0,
    "SCF DIPOLE Z": -8.102119507087199,
    "SCF ITERATION ENERGY": -261.33209155862613,
    "SCF ITERATIONS": 10.0,
    "SCF TOTAL ENERGY": -261.33209155862613,
    "TWO-ELECTRON ENERGY": 137.11482589919962
}