{
    "CC D1 DIAGNOSTIC": 0.008329254248435712,
    "CC D2 DIAGNOSTIC": 0.07747557376904936,
    "CC NEW D1 DIAGNOSTIC": 0.008329254248435712,
    "CC T1 DIAGNOSTIC": 0.004951550861666231,
    "CCSD CORRELATION ENERGY": -0.14545440439941137,
    "CCSD OPPOSITE-SPIN CORRELATION ENERGY": -0.11582796997917648,
    "CCSD SAME-SPIN CORRELATION ENERGY": -0.029626434420234868,
    "CCSD TOTAL ENERGY": -99.94037276492489,
    "CURRENT CORRELATION ENERGY": -0.14545440439941137,
    "CURRENT DIPOLE X": 0.0,
    "CURRENT DIPOLE Y": 0.0,
    "CURRENT DIPOLE Z": -1.9335351752542873,
    "CURRENT ENERGY": -99.94037276492489,
    "CURRENT REFERENCE ENERGY": -99.79491836052534,
    "HF TOTAL ENERGY": -99.79491836052536,
    "LCCSD (+LMP2) TOTAL ENERGY": -99.92829202069953,
    "MP2 CORRELATION ENERGY": -0.14337970495485242,
    "MP2 OPPOSITE-SPIN CORRELATION ENERGY": -0.10912204820644512,
    "MP2 SAME-SPIN CORRELATION ENERGY": -0.03425765674840729,
    "MP2 TOTAL ENERGY": -99.93829806548032,
    "NUCLEAR REPULSION ENERGY": 7.674140763643482,
    "ONE-ELECTRON ENERGY": -154.4429074731628,
    "PCM POLARIZATION ENERGY": 0.0,
    "PE ENERGY": 0.0,
    "SCF DIPOLE X": 0.0,
    "SCF DIPOLE Y": 0.0,
    "SCF DIPOLE Z": -1.9335351752542873,
    "SCF ITERATION ENERGY": -99.79491836052534,
    "SCF ITERATIONS": 9.0,
    "SCF TOTAL ENERGY": -99.79491836052534,
    "TWO-ELECTRON ENERGY": 46.97384834899394
}