{
    "CC D1 DIAGNOSTIC": 0.011585933190535863,
    "CC D2 DIAGNOSTIC": 0.10262781906929491,
    "CC NEW D1 DIAGNOSTIC": 0.011585933190535863,
    "CC T1 DIAGNOSTIC": 0.004841184732140988,
    "CCSD CORRELATION ENERGY": -0.2097589010790608,
    "CCSD OPPOSITE-SPIN CORRELATION ENERGY": -0.16614076742571673,
    "CCSD SAME-SPIN CORRELATION ENERGY": -0.04361813365334399,
    "CCSD TOTAL ENERGY": -105.47072474150755,
    "CURRENT CORRELATION ENERGY": -0.2097589010790608,
    "CURRENT DIPOLE X": 0.0,
    "CURRENT DIPOLE Y": 0.0,
    "CURRENT DIPOLE Z": 0.0,
    "CURRENT ENERGY": -105.47072474150755,
    "CURRENT REFERENCE ENERGY": -105.26096584042854,
    "HF TOTAL ENERGY": -105.26096584042854,
    "LCCSD (+LMP2) TOTAL ENERGY": -105.46130615694908,
    "MP2 CORRELATION ENERGY": -0.20047518608370082,
    "MP2 OPPOSITE-SPIN CORRELATION ENERGY": -0.1536570245393091,
    "MP2 SAME-SPIN CORRELATION ENERGY": -0.04681816154439172,
    "MP2 TOTAL ENERGY": -105.4614410265122,
    "NUCLEAR REPULSION ENERGY": 46.27808951787595,
    "ONE-ELECTRON ENERGY": -230.33399809429548,
    "PCM POLARIZATION ENERGY": 0.0,
    "PE ENERGY": 0.0,
    "SCF DIPOLE X": 0.0,
    "SCF DIPOLE Y": 0.0,
    "SCF DIPOLE Z": 0.0,
    "SCF ITERATION ENERGY": -105.26096584042854,
    "SCF ITERATIONS": 9.0,
    "SCF TOTAL ENERGY": -105.26096584042854,
    "TWO-ELECTRON ENERGY": 78.794942735991
}