{
    "CURRENT CORRELATION ENERGY": -0.27806881465564004,
    "CURRENT DIPOLE X": -2.821905433653156e-16,
    "CURRENT DIPOLE Y": -2.2575243469225247e-15,
    "CURRENT DIPOLE Z": -3.6537115321173226,
    "CURRENT ENERGY": -110.192472073048,
    "CURRENT REFERENCE ENERGY": -109.91440325839235,
    "CUSTOM SCS-MP2 CORRELATION ENERGY": -0.28109289225756706,
    "CUSTOM SCS-MP2 TOTAL ENERGY": -110.19549615064992,
    "HF TOTAL ENERGY": -109.91440325839235,
    "MP2 CORRELATION ENERGY": -0.27806881465564004,
    "MP2 OPPOSITE-SPIN CORRELATION ENERGY": -0.2173884085065611,
    "MP2 SAME-SPIN CORRELATION ENERGY": -0.060680406149081226,
    "MP2 TOTAL ENERGY": -110.192472073048,
    "NUCLEAR REPULSION ENERGY": 32.16619616394715,
    "ONE-ELECTRON ENERGY": -212.43868941306243,
    "PCM POLARIZATION ENERGY": 0.0,
    "PE ENERGY": 0.0,
    "SCF DIPOLE X": -2.821905433653156e-16,
    "SCF DIPOLE Y": -2.2575243469225247e-15,
    "SCF DIPOLE Z": -3.6537115321173226,
    "SCF ITERATION ENERGY": -109.91440325839235,
    "SCF ITERATIONS": 12.0,
    "SCF TOTAL ENERGY": -109.91440325839235,
    "SCS-MP2 CORRELATION ENERGY": -0.28109289225756706,
    "SCS-MP2 TOTAL ENERGY": -110.19549615064992,
    "SCS-MP2-VDW CORRELATION ENERGY": -0.30859736596292464,
    "SCS-MP2-VDW TOTAL ENERGY": -110.22300062435528,
    "SCSN-MP2 CORRELATION ENERGY": -0.1067975148223752,
    "SCSN-MP2 TOTAL ENERGY": -110.02120077321473,
    "SOS-MP2 CORRELATION ENERGY": 0.0,
    "SOS-MP2 TOTAL ENERGY": -109.91440325839235,
    "SOS-PI-MP2 CORRELATION ENERGY": -0.3043437719091884,
    "SOS-PI-MP2 TOTAL ENERGY": -110.21874703030154,
    "TWO-ELECTRON ENERGY": 70.35808999072293
}