{
    "CC D1 DIAGNOSTIC": 0.03625593171580334,
    "CC D2 DIAGNOSTIC": 0.23171261693407214,
    "CC NEW D1 DIAGNOSTIC": 0.03625593171580334,
    "CC T1 DIAGNOSTIC": 0.009563008285458332,
    "CCSD CORRELATION ENERGY": -0.13077482224021977,
    "CCSD OPPOSITE-SPIN CORRELATION ENERGY": -0.11023686538750194,
    "CCSD SAME-SPIN CORRELATION ENERGY": -0.020537956852717865,
    "CCSD TOTAL ENERGY": -460.1365232863436,
    "CURRENT CORRELATION ENERGY": -0.13077482224021977,
    "CURRENT DIPOLE X": 0.0,
    "CURRENT DIPOLE Y": 0.0,
    "CURRENT DIPOLE Z": -2.213762315670399,
    "CURRENT ENERGY": -460.1365232863436,
    "CURRENT REFERENCE ENERGY": -460.00574846410325,
    "HF TOTAL ENERGY": -460.00574846410325,
    "LCCSD (+LMP2) TOTAL ENERGY": -460.18907067591607,
    "MP2 CORRELATION ENERGY": -0.11485786019982878,
    "MP2 OPPOSITE-SPIN CORRELATION ENERGY": -0.09222661021032792,
    "MP2 SAME-SPIN CORRELATION ENERGY": -0.022631249989500862,
    "MP2 TOTAL ENERGY": -460.12060632430325,
    "NUCLEAR REPULSION ENERGY": 5.071406526052721,
    "ONE-ELECTRON ENERGY": -645.8018498702612,
    "PCM POLARIZATION ENERGY": 0.0,
    "PE ENERGY": 0.0,
    "SCF DIPOLE X": 0.0,
    "SCF DIPOLE Y": 0.0,
    "SCF DIPOLE Z": -2.213762315670399,
    "SCF ITERATION ENERGY": -460.00574846410325,
    "SCF ITERATIONS": 9.0,
    "SCF TOTAL ENERGY": -460.00574846410325,
    "TWO-ELECTRON ENERGY": 180.72469488010526
}