{
    "CC D1 DIAGNOSTIC": 0.021657772569438558,
    "CC D2 DIAGNOSTIC": 0.08816833832107279,
    "CC NEW D1 DIAGNOSTIC": 0.021657772569438558,
    "CC T1 DIAGNOSTIC": 0.006930216685313581,
    "CCSD CORRELATION ENERGY": -0.33258847512350925,
    "CCSD OPPOSITE-SPIN CORRELATION ENERGY": -0.2501939126383516,
    "CCSD SAME-SPIN CORRELATION ENERGY": -0.08239456248515697,
    "CCSD TOTAL ENERGY": -178.88156122534807,
    "CURRENT CORRELATION ENERGY": -0.33258847512350925,
    "CURRENT DIPOLE X": 0.0,
    "CURRENT DIPOLE Y": 0.0,
    "CURRENT DIPOLE Z": 0.0,
    "CURRENT ENERGY": -178.88156122534807,
    "CURRENT REFERENCE ENERGY": -178.54897275022415,
    "HF TOTAL ENERGY": -178.54897275022415,
    "LCCSD (+LMP2) TOTAL ENERGY": -178.87997115764028,
    "MP2 CORRELATION ENERGY": -0.3327783900771119,
    "MP2 OPPOSITE-SPIN CORRELATION ENERGY": -0.24193518858586485,
    "MP2 SAME-SPIN CORRELATION ENERGY": -0.09084320149124706,
    "MP2 TOTAL ENERGY": -178.88175114030167,
    "NUCLEAR REPULSION ENERGY": 125.97384962790879,
    "ONE-ELECTRON ENERGY": -484.67753097975344,
    "PCM POLARIZATION ENERGY": 0.0,
    "PE ENERGY": 0.0,
    "SCF DIPOLE X": 0.0,
    "SCF DIPOLE Y": 0.0,
    "SCF DIPOLE Z": 0.0,
    "SCF ITERATION ENERGY": -178.54897275022415,
    "SCF ITERATIONS": 10.0,
    "SCF TOTAL ENERGY": -178.54897275022415,
    "TWO-ELECTRON ENERGY": 180.15470860162048
}