{
    "CC D1 DIAGNOSTIC": 0.10572165831687065,
    "CC D2 DIAGNOSTIC": 0.19505442042107485,
    "CC NEW D1 DIAGNOSTIC": 0.10572165831687065,
    "CC T1 DIAGNOSTIC": 0.04174674761213288,
    "CCSD CORRELATION ENERGY": -0.2947658115341518,
    "CCSD OPPOSITE-SPIN CORRELATION ENERGY": -0.23813457733600174,
    "CCSD SAME-SPIN CORRELATION ENERGY": -0.05663123419815003,
    "CCSD TOTAL ENERGY": -112.87567541490277,
    "CURRENT CORRELATION ENERGY": -0.2947658115341518,
    "CURRENT DIPOLE X": 0.0,
    "CURRENT DIPOLE Y": 0.0,
    "CURRENT DIPOLE Z": -1.976283778938563,
    "CURRENT ENERGY": -112.87567541490277,
    "CURRENT REFERENCE ENERGY": -112.58090960336875,
    "HF TOTAL ENERGY": -112.58090960336875,
    "LCCSD (+LMP2) TOTAL ENERGY": -112.87568429988947,
    "MP2 CORRELATION ENERGY": -0.3149601215380109,
    "MP2 OPPOSITE-SPIN CORRELATION ENERGY": -0.23327728805162112,
    "MP2 SAME-SPIN CORRELATION ENERGY": -0.08168283348638977,
    "MP2 TOTAL ENERGY": -112.89586972490663,
    "NUCLEAR REPULSION ENERGY": 17.798241958872676,
    "ONE-ELECTRON ENERGY": -188.85273551411433,
    "PCM POLARIZATION ENERGY": 0.0,
    "PE ENERGY": 0.0,
    "SCF DIPOLE X": 0.0,
    "SCF DIPOLE Y": 0.0,
    "SCF DIPOLE Z": -1.976283778938563,
    "SCF ITERATION ENERGY": -112.58090960336875,
    "SCF ITERATIONS": 11.0,
    "SCF TOTAL ENERGY": -112.58090960336875,
    "TWO-ELECTRON ENERGY": 58.473583951872904
}