{
    "CC D1 DIAGNOSTIC": 0.32390446563272424,
    "CC D2 DIAGNOSTIC": 0.45856388229136497,
    "CC NEW D1 DIAGNOSTIC": 0.32390446563272424,
    "CC T1 DIAGNOSTIC": 0.07258593352826556,
    "CCSD CORRELATION ENERGY": -0.3383491264543254,
    "CCSD OPPOSITE-SPIN CORRELATION ENERGY": -0.27126497604332145,
    "CCSD SAME-SPIN CORRELATION ENERGY": -0.06708415041100413,
    "CCSD TOTAL ENERGY": -260.484907826695,
    "CURRENT CORRELATION ENERGY": -0.3383491264543254,
    "CURRENT DIPOLE X": 0.0,
    "CURRENT DIPOLE Y": 0.0,
    "CURRENT DIPOLE Z": -1.735290271646747,
    "CURRENT ENERGY": -260.484907826695,
    "CURRENT REFERENCE ENERGY": -260.1465587002407,
    "HF TOTAL ENERGY": -260.1465587002407,
    "LCCSD (+LMP2) TOTAL ENERGY": -260.4850064608349,
    "MP2 CORRELATION ENERGY": -0.3343866691964813,
    "MP2 OPPOSITE-SPIN CORRELATION ENERGY": -0.2498941879730846,
    "MP2 SAME-SPIN CORRELATION ENERGY": -0.0844924812233967,
    "MP2 TOTAL ENERGY": -260.48094536943717,
    "NUCLEAR REPULSION ENERGY": 50.97956101422824,
    "ONE-ELECTRON ENERGY": -467.48117333556223,
    "PCM POLARIZATION ENERGY": 0.0,
    "PE ENERGY": 0.0,
    "SCF DIPOLE X": 0.0,
    "SCF DIPOLE Y": 0.0,
    "SCF DIPOLE Z": -1.735290271646747,
    "SCF ITERATION ENERGY": -260.1465587002407,
    "SCF ITERATIONS": 13.0,
    "SCF TOTAL ENERGY": -260.1465587002407,
    "TWO-ELECTRON ENERGY": 156.35505362109328
}