{
    "CC D1 DIAGNOSTIC": 0.03189855736280218,
    "CC D2 DIAGNOSTIC": 0.09239666987314099,
    "CC NEW D1 DIAGNOSTIC": 0.03189855736280218,
    "CC T1 DIAGNOSTIC": 0.014001286224669368,
    "CCSD CORRELATION ENERGY": -0.17451336973282858,
    "CCSD OPPOSITE-SPIN CORRELATION ENERGY": -0.13878228000290246,
    "CCSD SAME-SPIN CORRELATION ENERGY": -0.035731089729926196,
    "CCSD TOTAL ENERGY": -106.77758063680844,
    "CURRENT CORRELATION ENERGY": -0.17451336973282858,
    "CURRENT DIPOLE X": 0.0,
    "CURRENT DIPOLE Y": 0.0,
    "CURRENT DIPOLE Z": -3.8402869628308873,
    "CURRENT ENERGY": -106.77758063680844,
    "CURRENT REFERENCE ENERGY": -106.60306726707555,
    "HF TOTAL ENERGY": -106.60306726707555,
    "LCCSD (+LMP2) TOTAL ENERGY": -106.77753261713256,
    "MP2 CORRELATION ENERGY": -0.17487191013709516,
    "MP2 OPPOSITE-SPIN CORRELATION ENERGY": -0.13213721774194293,
    "MP2 SAME-SPIN CORRELATION ENERGY": -0.042734692395152235,
    "MP2 TOTAL ENERGY": -106.7779391772127,
    "NUCLEAR REPULSION ENERGY": 14.543576229820514,
    "ONE-ELECTRON ENERGY": -178.9407226763767,
    "PCM POLARIZATION ENERGY": 0.0,
    "PE ENERGY": 0.0,
    "SCF DIPOLE X": 0.0,
    "SCF DIPOLE Y": 0.0,
    "SCF DIPOLE Z": -3.8402869628308873,
    "SCF ITERATION ENERGY": -106.60306726707555,
    "SCF ITERATIONS": 10.0,
    "SCF TOTAL ENERGY": -106.60306726707555,
    "TWO-ELECTRON ENERGY": 57.794079179480654
}