{
    "CC D1 DIAGNOSTIC": 0.03450300563988138,
    "CC D2 DIAGNOSTIC": 0.30865963419380527,
    "CC NEW D1 DIAGNOSTIC": 0.03450300563988138,
    "CC T1 DIAGNOSTIC": 0.008717697662704242,
    "CCSD CORRELATION ENERGY": -0.2689422598940818,
    "CCSD OPPOSITE-SPIN CORRELATION ENERGY": -0.2150239518979911,
    "CCSD SAME-SPIN CORRELATION ENERGY": -0.05391830799609079,
    "CCSD TOTAL ENERGY": -258.91403889677986,
    "CURRENT CORRELATION ENERGY": -0.2689422598940818,
    "CURRENT DIPOLE X": 0.0,
    "CURRENT DIPOLE Y": 0.0,
    "CURRENT DIPOLE Z": 3.5982307574493664,
    "CURRENT ENERGY": -258.91403889677986,
    "CURRENT REFERENCE ENERGY": -258.64509663688546,
    "HF TOTAL ENERGY": -258.64509663688546,
    "LCCSD (+LMP2) TOTAL ENERGY": -258.9179000224184,
    "MP2 CORRELATION ENERGY": -0.2500846828692571,
    "MP2 OPPOSITE-SPIN CORRELATION ENERGY": -0.192691467547688,
    "MP2 SAME-SPIN CORRELATION ENERGY": -0.0573932153215691,
    "MP2 TOTAL ENERGY": -258.89518131975507,
    "NUCLEAR REPULSION ENERGY": 66.61546471188288,
    "ONE-ELECTRON ENERGY": -484.30196772595497,
    "PCM POLARIZATION ENERGY": 0.0,
    "PE ENERGY": 0.0,
    "SCF DIPOLE X": 0.0,
    "SCF DIPOLE Y": 0.0,
    "SCF DIPOLE Z": 3.5982307574493664,
    "SCF ITERATION ENERGY": -258.64509663688546,
    "SCF ITERATIONS": 11.0,
    "SCF TOTAL ENERGY": -258.64509663688546,
    "TWO-ELECTRON ENERGY": 159.04140637718658
}