{
    "CC D1 DIAGNOSTIC": 0.011081322978099118,
    "CC D2 DIAGNOSTIC": 0.11890020147201472,
    "CC NEW D1 DIAGNOSTIC": 0.011081322978099118,
    "CC T1 DIAGNOSTIC": 0.005437763911370882,
    "CCSD CORRELATION ENERGY": -0.2271187782477663,
    "CCSD OPPOSITE-SPIN CORRELATION ENERGY": -0.18176123903065725,
    "CCSD SAME-SPIN CORRELATION ENERGY": -0.045357539217109,
    "CCSD TOTAL ENERGY": -108.64541665856363,
    "CURRENT CORRELATION ENERGY": -0.2271187782477663,
    "CURRENT DIPOLE X": 0.0,
    "CURRENT DIPOLE Y": 0.0,
    "CURRENT DIPOLE Z": 2.821905433653156e-16,
    "CURRENT ENERGY": -108.64541665856363,
    "CURRENT REFERENCE ENERGY": -108.41829788031586,
    "HF TOTAL ENERGY": -108.41829788031586,
    "LCCSD (+LMP2) TOTAL ENERGY": -108.84826048585082,
    "MP2 CORRELATION ENERGY": -0.2216215616729959,
    "MP2 OPPOSITE-SPIN CORRELATION ENERGY": -0.16925549186463637,
    "MP2 SAME-SPIN CORRELATION ENERGY": -0.05236606980835953,
    "MP2 TOTAL ENERGY": -108.63991944198885,
    "NUCLEAR REPULSION ENERGY": 32.0497328027526,
    "ONE-ELECTRON ENERGY": -209.2219645303124,
    "PCM POLARIZATION ENERGY": 0.0,
    "PE ENERGY": 0.0,
    "SCF DIPOLE X": 0.0,
    "SCF DIPOLE Y": 0.0,
    "SCF DIPOLE Z": 2.821905433653156e-16,
    "SCF ITERATION ENERGY": -108.41829788031586,
    "SCF ITERATIONS": 8.0,
    "SCF TOTAL ENERGY": -108.41829788031586,
    "TWO-ELECTRON ENERGY": 68.75393384724393
}