{
    "CC D1 DIAGNOSTIC": 0.08281371855588023,
    "CC D2 DIAGNOSTIC": 0.6179536277830999,
    "CC NEW D1 DIAGNOSTIC": 0.08281371855588023,
    "CC T1 DIAGNOSTIC": 0.026989966275378505,
    "CCSD CORRELATION ENERGY": -0.48647465603376683,
    "CCSD OPPOSITE-SPIN CORRELATION ENERGY": -0.46094777784814617,
    "CCSD SAME-SPIN CORRELATION ENERGY": -0.02552687818562055,
    "CCSD TOTAL ENERGY": -149.75384636278758,
    "CURRENT CORRELATION ENERGY": -0.48647465603376683,
    "CURRENT DIPOLE X": 0.0,
    "CURRENT DIPOLE Y": 0.0,
    "CURRENT DIPOLE Z": 0.0,
    "CURRENT ENERGY": -149.75384636278758,
    "CURRENT REFERENCE ENERGY": -149.26737170675358,
    "HF TOTAL ENERGY": -149.26737170675358,
    "LCCSD (+LMP2) TOTAL ENERGY": -149.7988087312207,
    "MP2 CORRELATION ENERGY": -0.5982416854726788,
    "MP2 OPPOSITE-SPIN CORRELATION ENERGY": -0.44111710120767406,
    "MP2 SAME-SPIN CORRELATION ENERGY": -0.1571245842650047,
    "MP2 TOTAL ENERGY": -149.8656133922265,
    "NUCLEAR REPULSION ENERGY": 18.092888470048642,
    "ONE-ELECTRON ENERGY": -241.68740397278856,
    "PCM POLARIZATION ENERGY": 0.0,
    "PE ENERGY": 0.0,
    "SCF DIPOLE X": 0.0,
    "SCF DIPOLE Y": 0.0,
    "SCF DIPOLE Z": 0.0,
    "SCF ITERATION ENERGY": -149.26737170675358,
    "SCF ITERATIONS": 9.0,
    "SCF TOTAL ENERGY": -149.26737170675358,
    "TWO-ELECTRON ENERGY": 74.32714379598633
}