{
    "CC D1 DIAGNOSTIC": 0.06791962454610105,
    "CC D2 DIAGNOSTIC": 0.4684869782451653,
    "CC NEW D1 DIAGNOSTIC": 0.06791962454610105,
    "CC T1 DIAGNOSTIC": 0.028513517504154703,
    "CCSD CORRELATION ENERGY": -0.4572184937656052,
    "CCSD OPPOSITE-SPIN CORRELATION ENERGY": -0.4383546884016201,
    "CCSD SAME-SPIN CORRELATION ENERGY": -0.018863805363985242,
    "CCSD TOTAL ENERGY": -108.92511268720484,
    "CURRENT CORRELATION ENERGY": -0.4572184937656052,
    "CURRENT DIPOLE X": 0.0,
    "CURRENT DIPOLE Y": 0.0,
    "CURRENT DIPOLE Z": 1.1287621734612623e-15,
    "CURRENT ENERGY": -108.92511268720484,
    "CURRENT REFERENCE ENERGY": -108.4678941934386,
    "HF TOTAL ENERGY": -108.4678941934386,
    "LCCSD (+LMP2) TOTAL ENERGY": -108.9137046589398,
    "MP2 CORRELATION ENERGY": -0.6309205621745666,
    "MP2 OPPOSITE-SPIN CORRELATION ENERGY": -0.44559230902290686,
    "MP2 SAME-SPIN CORRELATION ENERGY": -0.18532825315165974,
    "MP2 TOTAL ENERGY": -109.0988147556138,
    "NUCLEAR REPULSION ENERGY": 14.679962962284979,
    "ONE-ELECTRON ENERGY": -175.97056834874275,
    "PCM POLARIZATION ENERGY": 0.0,
    "PE ENERGY": 0.0,
    "SCF DIPOLE X": 0.0,
    "SCF DIPOLE Y": 0.0,
    "SCF DIPOLE Z": 1.1287621734612623e-15,
    "SCF ITERATION ENERGY": -108.4678941934386,
    "SCF ITERATIONS": 8.0,
    "SCF TOTAL ENERGY": -108.4678941934386,
    "TWO-ELECTRON ENERGY": 52.822711193019174
}