{
    "CC D1 DIAGNOSTIC": 0.0435760985155105,
    "CC D2 DIAGNOSTIC": 0.2550665053788443,
    "CC NEW D1 DIAGNOSTIC": 0.0435760985155105,
    "CC T1 DIAGNOSTIC": 0.01793155683293393,
    "CCSD CORRELATION ENERGY": -0.34338310783737536,
    "CCSD OPPOSITE-SPIN CORRELATION ENERGY": -0.28842768488362797,
    "CCSD SAME-SPIN CORRELATION ENERGY": -0.054955422953747446,
    "CCSD TOTAL ENERGY": -109.07327385412776,
    "CURRENT CORRELATION ENERGY": -0.34338310783737536,
    "CURRENT DIPOLE X": 0.0,
    "CURRENT DIPOLE Y": 0.0,
    "CURRENT DIPOLE Z": 5.643810867306312e-16,
    "CURRENT ENERGY": -109.07327385412776,
    "CURRENT REFERENCE ENERGY": -108.72989074629021,
    "HF TOTAL ENERGY": -108.72989074629021,
    "LCCSD (+LMP2) TOTAL ENERGY": -109.07215225226136,
    "MP2 CORRELATION ENERGY": -0.4033557150609789,
    "MP2 OPPOSITE-SPIN CORRELATION ENERGY": -0.2935734774720744,
    "MP2 SAME-SPIN CORRELATION ENERGY": -0.10978223758890449,
    "MP2 TOTAL ENERGY": -109.13324646135138,
    "NUCLEAR REPULSION ENERGY": 18.561176191522193,
    "ONE-ELECTRON ENERGY": -183.82550261178727,
    "PCM POLARIZATION ENERGY": 0.0,
    "PE ENERGY": 0.0,
    "SCF DIPOLE X": 0.0,
    "SCF DIPOLE Y": 0.0,
    "SCF DIPOLE Z": 5.643810867306312e-16,
    "SCF ITERATION ENERGY": -108.72989074629021,
    "SCF ITERATIONS": 8.0,
    "SCF TOTAL ENERGY": -108.72989074629021,
    "TWO-ELECTRON ENERGY": 56.53443567397488
}