{
    "CC D1 DIAGNOSTIC": 0.037405044107179326,
    "CC D2 DIAGNOSTIC": 0.09195779246829901,
    "CC NEW D1 DIAGNOSTIC": 0.037405044107179326,
    "CC T1 DIAGNOSTIC": 0.014068827774043176,
    "CCSD CORRELATION ENERGY": -0.2913602570349674,
    "CCSD OPPOSITE-SPIN CORRELATION ENERGY": -0.22640250008523702,
    "CCSD SAME-SPIN CORRELATION ENERGY": -0.06495775694973019,
    "CCSD TOTAL ENERGY": -261.61430224440875,
    "CURRENT CORRELATION ENERGY": -0.2913602570349674,
    "CURRENT DIPOLE X": 0.0,
    "CURRENT DIPOLE Y": 0.0,
    "CURRENT DIPOLE Z": -7.700728347703248,
    "CURRENT ENERGY": -261.61430224440875,
    "CURRENT REFERENCE ENERGY": -261.3229419873727,
    "HF TOTAL ENERGY": -261.3229419873727,
    "LCCSD (+LMP2) TOTAL ENERGY": -261.61451375654667,
    "MP2 CORRELATION ENERGY": -0.2929486106197958,
    "MP2 OPPOSITE-SPIN CORRELATION ENERGY": -0.2175928108219673,
    "MP2 SAME-SPIN CORRELATION ENERGY": -0.07535579979782853,
    "MP2 TOTAL ENERGY": -261.6158905979936,
    "NUCLEAR REPULSION ENERGY": 30.17458821247372,
    "ONE-ELECTRON ENERGY": -430.3710465319039,
    "PCM POLARIZATION ENERGY": 0.0,
    "PE ENERGY": 0.0,
    "SCF DIPOLE X": 0.0,
    "SCF DIPOLE Y": 0.0,
    "SCF DIPOLE Z": -7.700728347703248,
    "SCF ITERATION ENERGY": -261.3229419873727,
    "SCF ITERATIONS": 10.0,
    "SCF TOTAL ENERGY": -261.3229419873727,
    "TWO-ELECTRON ENERGY": 138.87351633205748
}