{
    "CURRENT CORRELATION ENERGY": -0.017926662656373882,
    "CURRENT DIPOLE X": 0.0,
    "CURRENT DIPOLE Y": 0.0,
    "CURRENT DIPOLE Z": -2.9630007053358135e-15,
    "CURRENT ENERGY": -1.1458416771674456,
    "CURRENT REFERENCE ENERGY": -1.1279150145110717,
    "CUSTOM SCS-MP2 CORRELATION ENERGY": -0.021511995187648687,
    "CUSTOM SCS-MP2 TOTAL ENERGY": -1.1494270096987205,
    "HF TOTAL ENERGY": -1.1279150145110717,
    "MP2 CORRELATION ENERGY": -0.017926662656373882,
    "MP2 OPPOSITE-SPIN CORRELATION ENERGY": -0.017926662656373906,
    "MP2 SAME-SPIN CORRELATION ENERGY": 0.0,
    "MP2 TOTAL ENERGY": -1.1458416771674456,
    "NUCLEAR REPULSION ENERGY": 0.7104022828172603,
    "ONE-ELECTRON ENERGY": -2.487760108735378,
    "PCM POLARIZATION ENERGY": 0.0,
    "PE ENERGY": 0.0,
    "SCF DIPOLE X": 0.0,
    "SCF DIPOLE Y": 0.0,
    "SCF DIPOLE Z": -2.9630007053358135e-15,
    "SCF ITERATION ENERGY": -1.1279150145110717,
    "SCF ITERATIONS": 5.0,
    "SCF TOTAL ENERGY": -1.1279150145110717,
    "SCS-MP2 CORRELATION ENERGY": -0.021511995187648687,
    "SCS-MP2 TOTAL ENERGY": -1.1494270096987205,
    "SCS-MP2-VDW CORRELATION ENERGY": -0.022946128200158622,
    "SCS-MP2-VDW TOTAL ENERGY": -1.1508611427112303,
    "SCSN-MP2 CORRELATION ENERGY": 0.0,
    "SCSN-MP2 TOTAL ENERGY": -1.1279150145110717,
    "SOS-MP2 CORRELATION ENERGY": 0.0,
    "SOS-MP2 TOTAL ENERGY": -1.1279150145110717,
    "SOS-PI-MP2 CORRELATION ENERGY": -0.02509732771892348,
    "SOS-PI-MP2 TOTAL ENERGY": -1.1530123422299952,
    "TWO-ELECTRON ENERGY": 0.6494428114070459
}