{
    "CURRENT CORRELATION ENERGY": -0.15300342017880553,
    "CURRENT DIPOLE X": 0.0,
    "CURRENT DIPOLE Y": 5.643810867306312e-16,
    "CURRENT DIPOLE Z": -0.10039312267981271,
    "CURRENT ENERGY": -76.12153343417613,
    "CURRENT REFERENCE ENERGY": -75.96853001399732,
    "CUSTOM SCS-MP2 CORRELATION ENERGY": -0.15343051778680852,
    "CUSTOM SCS-MP2 TOTAL ENERGY": -76.12196053178413,
    "HF TOTAL ENERGY": -75.96853001399732,
    "MP2 CORRELATION ENERGY": -0.15300342017880553,
    "MP2 OPPOSITE-SPIN CORRELATION ENERGY": -0.11818774353139325,
    "MP2 SAME-SPIN CORRELATION ENERGY": -0.034815676647409914,
    "MP2 TOTAL ENERGY": -76.12153343417613,
    "NUCLEAR REPULSION ENERGY": 9.095268716603176,
    "ONE-ELECTRON ENERGY": -123.12645292947201,
    "PCM POLARIZATION ENERGY": 0.0,
    "PE ENERGY": 0.0,
    "SCF DIPOLE X": 0.0,
    "SCF DIPOLE Y": 5.643810867306312e-16,
    "SCF DIPOLE Z": -0.10039312267981271,
    "SCF ITERATION ENERGY": -75.96853001399732,
    "SCF ITERATIONS": 10.0,
    "SCF TOTAL ENERGY": -75.96853001399732,
    "SCS-MP2 CORRELATION ENERGY": -0.15343051778680852,
    "SCS-MP2 TOTAL ENERGY": -76.12196053178413,
    "SCS-MP2-VDW CORRELATION ENERGY": -0.16868815004387727,
    "SCS-MP2-VDW TOTAL ENERGY": -76.1372181640412,
    "SCSN-MP2 CORRELATION ENERGY": -0.06127559089944157,
    "SCSN-MP2 TOTAL ENERGY": -76.02980560489677,
    "SOS-MP2 CORRELATION ENERGY": 0.0,
    "SOS-MP2 TOTAL ENERGY": -75.96853001399732,
    "SOS-PI-MP2 CORRELATION ENERGY": -0.16546284094394537,
    "SOS-PI-MP2 TOTAL ENERGY": -76.13399285494127,
    "TWO-ELECTRON ENERGY": 38.06265419887151
}