{
    "CC D1 DIAGNOSTIC": 0.039967231964567806,
    "CC D2 DIAGNOSTIC": 0.09113939243433963,
    "CC NEW D1 DIAGNOSTIC": 0.039967231964567806,
    "CC T1 DIAGNOSTIC": 0.013603376087772106,
    "CCSD CORRELATION ENERGY": -0.28821330063965156,
    "CCSD OPPOSITE-SPIN CORRELATION ENERGY": -0.22373375619276248,
    "CCSD SAME-SPIN CORRELATION ENERGY": -0.06447954444688903,
    "CCSD TOTAL ENERGY": -261.54423054899405,
    "CURRENT CORRELATION ENERGY": -0.28821330063965156,
    "CURRENT DIPOLE X": 0.0,
    "CURRENT DIPOLE Y": 0.0,
    "CURRENT DIPOLE Z": -6.903283686136763,
    "CURRENT ENERGY": -261.54423054899405,
    "CURRENT REFERENCE ENERGY": -261.2560172483537,
    "HF TOTAL ENERGY": -261.2560172483537,
    "LCCSD (+LMP2) TOTAL ENERGY": -261.54423054899405,
    "MP2 CORRELATION ENERGY": -0.28935915357383024,
    "MP2 OPPOSITE-SPIN CORRELATION ENERGY": -0.21495315517508892,
    "MP2 SAME-SPIN CORRELATION ENERGY": -0.07440599839874132,
    "MP2 TOTAL ENERGY": -261.54537640192825,
    "NUCLEAR REPULSION ENERGY": 34.52092790533003,
    "ONE-ELECTRON ENERGY": -439.0423025658128,
    "PCM POLARIZATION ENERGY": 0.0,
    "PE ENERGY": 0.0,
    "SCF DIPOLE X": 0.0,
    "SCF DIPOLE Y": 0.0,
    "SCF DIPOLE Z": -6.903283686136763,
    "SCF ITERATION ENERGY": -261.2560172483537,
    "SCF ITERATIONS": 10.0,
    "SCF TOTAL ENERGY": -261.2560172483537,
    "TWO-ELECTRON ENERGY": 143.26535741212908
}