{
    "CC D1 DIAGNOSTIC": 0.022154516799012664,
    "CC D2 DIAGNOSTIC": 0.08870345875455923,
    "CC NEW D1 DIAGNOSTIC": 0.022154516799012664,
    "CC T1 DIAGNOSTIC": 0.006987000393982493,
    "CCSD CORRELATION ENERGY": -0.33364745767079207,
    "CCSD OPPOSITE-SPIN CORRELATION ENERGY": -0.2506339195578794,
    "CCSD SAME-SPIN CORRELATION ENERGY": -0.08301353811291234,
    "CCSD TOTAL ENERGY": -178.41943407846617,
    "CURRENT CORRELATION ENERGY": -0.33364745767079207,
    "CURRENT DIPOLE X": 0.0,
    "CURRENT DIPOLE Y": 0.0,
    "CURRENT DIPOLE Z": 0.0,
    "CURRENT ENERGY": -178.41943407846617,
    "CURRENT REFERENCE ENERGY": -178.0857866207953,
    "HF TOTAL ENERGY": -178.0857866207953,
    "LCCSD (+LMP2) TOTAL ENERGY": -178.41957562322557,
    "MP2 CORRELATION ENERGY": -0.3341223114852119,
    "MP2 OPPOSITE-SPIN CORRELATION ENERGY": -0.24255198856087384,
    "MP2 SAME-SPIN CORRELATION ENERGY": -0.09157032292433803,
    "MP2 TOTAL ENERGY": -178.41990893228058,
    "NUCLEAR REPULSION ENERGY": 127.76494701598331,
    "ONE-ELECTRON ENERGY": -487.10327465585965,
    "PCM POLARIZATION ENERGY": 0.0,
    "PE ENERGY": 0.0,
    "SCF DIPOLE X": 0.0,
    "SCF DIPOLE Y": 0.0,
    "SCF DIPOLE Z": 0.0,
    "SCF ITERATION ENERGY": -178.0857866207953,
    "SCF ITERATIONS": 10.0,
    "SCF TOTAL ENERGY": -178.0857866207953,
    "TWO-ELECTRON ENERGY": 181.25254101908106
}