{
    "CC D1 DIAGNOSTIC": 0.04232972134571721,
    "CC D2 DIAGNOSTIC": 0.09084919796045524,
    "CC NEW D1 DIAGNOSTIC": 0.04232972134571721,
    "CC T1 DIAGNOSTIC": 0.013753507647781054,
    "CCSD CORRELATION ENERGY": -0.28741244862018533,
    "CCSD OPPOSITE-SPIN CORRELATION ENERGY": -0.22303359635353007,
    "CCSD SAME-SPIN CORRELATION ENERGY": -0.06437885226665516,
    "CCSD TOTAL ENERGY": -261.51016590892,
    "CURRENT CORRELATION ENERGY": -0.28741244862018533,
    "CURRENT DIPOLE X": 0.0,
    "CURRENT DIPOLE Y": 0.0,
    "CURRENT DIPOLE Z": -6.7159650206242,
    "CURRENT ENERGY": -261.51016590892,
    "CURRENT REFERENCE ENERGY": -261.2227534602987,
    "HF TOTAL ENERGY": -261.2227534602987,
    "LCCSD (+LMP2) TOTAL ENERGY": -261.51054401630694,
    "MP2 CORRELATION ENERGY": -0.28843204312860615,
    "MP2 OPPOSITE-SPIN CORRELATION ENERGY": -0.21425281931750195,
    "MP2 SAME-SPIN CORRELATION ENERGY": -0.0741792238111042,
    "MP2 TOTAL ENERGY": -261.5111855034284,
    "NUCLEAR REPULSION ENERGY": 35.764391860753584,
    "ONE-ELECTRON ENERGY": -441.4966085922898,
    "PCM POLARIZATION ENERGY": 0.0,
    "PE ENERGY": 0.0,
    "SCF DIPOLE X": 0.0,
    "SCF DIPOLE Y": 0.0,
    "SCF DIPOLE Z": -6.7159650206242,
    "SCF ITERATION ENERGY": -261.2227534602987,
    "SCF ITERATIONS": 11.0,
    "SCF TOTAL ENERGY": -261.2227534602987,
    "TWO-ELECTRON ENERGY": 144.50946327123756
}