{
    "CC D1 DIAGNOSTIC": 0.08555630768984701,
    "CC D2 DIAGNOSTIC": 0.6613786021020195,
    "CC NEW D1 DIAGNOSTIC": 0.08555630768984701,
    "CC T1 DIAGNOSTIC": 0.02815838539751594,
    "CCSD CORRELATION ENERGY": -0.5041082949464958,
    "CCSD OPPOSITE-SPIN CORRELATION ENERGY": -0.485778107031398,
    "CCSD SAME-SPIN CORRELATION ENERGY": -0.01833018791509755,
    "CCSD TOTAL ENERGY": -149.75126764300578,
    "CURRENT CORRELATION ENERGY": -0.5041082949464958,
    "CURRENT DIPOLE X": 0.0,
    "CURRENT DIPOLE Y": 0.0,
    "CURRENT DIPOLE Z": 0.0,
    "CURRENT ENERGY": -149.75126764300578,
    "CURRENT REFERENCE ENERGY": -149.24715934805903,
    "HF TOTAL ENERGY": -149.24715934805903,
    "LCCSD (+LMP2) TOTAL ENERGY": -149.786752546503,
    "MP2 CORRELATION ENERGY": -0.625050242544756,
    "MP2 OPPOSITE-SPIN CORRELATION ENERGY": -0.4605449123708716,
    "MP2 SAME-SPIN CORRELATION ENERGY": -0.16450533017388447,
    "MP2 TOTAL ENERGY": -149.87220959060403,
    "NUCLEAR REPULSION ENERGY": 17.596869334446787,
    "ONE-ELECTRON ENERGY": -240.69902545998374,
    "PCM POLARIZATION ENERGY": 0.0,
    "PE ENERGY": 0.0,
    "SCF DIPOLE X": 0.0,
    "SCF DIPOLE Y": 0.0,
    "SCF DIPOLE Z": 0.0,
    "SCF ITERATION ENERGY": -149.24715934805903,
    "SCF ITERATIONS": 9.0,
    "SCF TOTAL ENERGY": -149.24715934805903,
    "TWO-ELECTRON ENERGY": 73.85499677747795
}