{
    "CC D1 DIAGNOSTIC": 0.03579748942041261,
    "CC D2 DIAGNOSTIC": 0.2470523814230512,
    "CC NEW D1 DIAGNOSTIC": 0.03579748942041261,
    "CC T1 DIAGNOSTIC": 0.01128643647419695,
    "CCSD CORRELATION ENERGY": -0.3064156346334609,
    "CCSD OPPOSITE-SPIN CORRELATION ENERGY": -0.24899690645238678,
    "CCSD SAME-SPIN CORRELATION ENERGY": -0.05741872818107399,
    "CCSD TOTAL ENERGY": -149.81755557305243,
    "CURRENT CORRELATION ENERGY": -0.3064156346334609,
    "CURRENT DIPOLE X": 0.0,
    "CURRENT DIPOLE Y": 0.0,
    "CURRENT DIPOLE Z": 0.0,
    "CURRENT ENERGY": -149.81755557305243,
    "CURRENT REFERENCE ENERGY": -149.51113993841847,
    "HF TOTAL ENERGY": -149.51113993841847,
    "LCCSD (+LMP2) TOTAL ENERGY": -149.82681278407674,
    "MP2 CORRELATION ENERGY": -0.31032688280876836,
    "MP2 OPPOSITE-SPIN CORRELATION ENERGY": -0.23459459718452766,
    "MP2 SAME-SPIN CORRELATION ENERGY": -0.0757322856242407,
    "MP2 TOTAL ENERGY": -149.82146682122774,
    "NUCLEAR REPULSION ENERGY": 28.925325987524104,
    "ONE-ELECTRON ENERGY": -262.8999372451657,
    "PCM POLARIZATION ENERGY": 0.0,
    "PE ENERGY": 0.0,
    "SCF DIPOLE X": 0.0,
    "SCF DIPOLE Y": 0.0,
    "SCF DIPOLE Z": 0.0,
    "SCF ITERATION ENERGY": -149.51113993841847,
    "SCF ITERATIONS": 9.0,
    "SCF TOTAL ENERGY": -149.51113993841847,
    "TWO-ELECTRON ENERGY": 84.4634713192231
}