{
    "CC D1 DIAGNOSTIC": 0.011011120003216475,
    "CC D2 DIAGNOSTIC": 0.08229441706992195,
    "CC NEW D1 DIAGNOSTIC": 0.011011120003216475,
    "CC T1 DIAGNOSTIC": 0.004239491904405519,
    "CCSD CORRELATION ENERGY": -0.10427137995858668,
    "CCSD OPPOSITE-SPIN CORRELATION ENERGY": -0.08560752276074063,
    "CCSD SAME-SPIN CORRELATION ENERGY": -0.018663857197846134,
    "CCSD TOTAL ENERGY": -459.9334826387839,
    "CURRENT CORRELATION ENERGY": -0.10427137995858668,
    "CURRENT DIPOLE X": 0.0,
    "CURRENT DIPOLE Y": 0.0,
    "CURRENT DIPOLE Z": -1.6837923932570642,
    "CURRENT ENERGY": -459.9334826387839,
    "CURRENT REFERENCE ENERGY": -459.82921125882507,
    "HF TOTAL ENERGY": -459.82921125882507,
    "LCCSD (+LMP2) TOTAL ENERGY": -459.9309945360694,
    "MP2 CORRELATION ENERGY": -0.0960921449906902,
    "MP2 OPPOSITE-SPIN CORRELATION ENERGY": -0.07699695106841316,
    "MP2 SAME-SPIN CORRELATION ENERGY": -0.019095193922277043,
    "MP2 TOTAL ENERGY": -459.92530340381603,
    "NUCLEAR REPULSION ENERGY": 10.259063058433297,
    "ONE-ELECTRON ENERGY": -655.266625961859,
    "PCM POLARIZATION ENERGY": 0.0,
    "PE ENERGY": 0.0,
    "SCF DIPOLE X": 0.0,
    "SCF DIPOLE Y": 0.0,
    "SCF DIPOLE Z": -1.6837923932570642,
    "SCF ITERATION ENERGY": -459.82921125882507,
    "SCF ITERATIONS": 8.0,
    "SCF TOTAL ENERGY": -459.82921125882507,
    "TWO-ELECTRON ENERGY": 185.17835164460058
}