{
    "CC D1 DIAGNOSTIC": 0.008339876362771117,
    "CC D2 DIAGNOSTIC": 0.07801209003744772,
    "CC NEW D1 DIAGNOSTIC": 0.008339876362771117,
    "CC T1 DIAGNOSTIC": 0.004957857168827226,
    "CCSD CORRELATION ENERGY": -0.14580313971147982,
    "CCSD OPPOSITE-SPIN CORRELATION ENERGY": -0.11611949310889452,
    "CCSD SAME-SPIN CORRELATION ENERGY": -0.029683646602585212,
    "CCSD TOTAL ENERGY": -99.9576548848144,
    "CURRENT CORRELATION ENERGY": -0.14580313971147982,
    "CURRENT DIPOLE X": 0.0,
    "CURRENT DIPOLE Y": 0.0,
    "CURRENT DIPOLE Z": -1.9445624772258279,
    "CURRENT ENERGY": -99.9576548848144,
    "CURRENT REFERENCE ENERGY": -99.81185174510293,
    "HF TOTAL ENERGY": -99.81185174510293,
    "LCCSD (+LMP2) TOTAL ENERGY": -99.94443343524337,
    "MP2 CORRELATION ENERGY": -0.14375458963482585,
    "MP2 OPPOSITE-SPIN CORRELATION ENERGY": -0.10939681215835242,
    "MP2 SAME-SPIN CORRELATION ENERGY": -0.03435777747647342,
    "MP2 TOTAL ENERGY": -99.95560633473775,
    "NUCLEAR REPULSION ENERGY": 7.582051074479763,
    "ONE-ELECTRON ENERGY": -154.31446784041668,
    "PCM POLARIZATION ENERGY": 0.0,
    "PE ENERGY": 0.0,
    "SCF DIPOLE X": 0.0,
    "SCF DIPOLE Y": 0.0,
    "SCF DIPOLE Z": -1.9445624772258279,
    "SCF ITERATION ENERGY": -99.81185174510293,
    "SCF ITERATIONS": 9.0,
    "SCF TOTAL ENERGY": -99.81185174510293,
    "TWO-ELECTRON ENERGY": 46.920565020834005
}