{
    "CC D1 DIAGNOSTIC": 0.02665740872508853,
    "CC D2 DIAGNOSTIC": 0.19315311810875396,
    "CC NEW D1 DIAGNOSTIC": 0.02665740872508853,
    "CC T1 DIAGNOSTIC": 0.010352356406854264,
    "CCSD CORRELATION ENERGY": -0.3228267113195882,
    "CCSD OPPOSITE-SPIN CORRELATION ENERGY": -0.26735408393127247,
    "CCSD SAME-SPIN CORRELATION ENERGY": -0.05547262738831582,
    "CCSD TOTAL ENERGY": -151.05624097576379,
    "CURRENT CORRELATION ENERGY": -0.3228267113195882,
    "CURRENT DIPOLE X": 0.0,
    "CURRENT DIPOLE Y": 1.1287621734612623e-15,
    "CURRENT DIPOLE Z": -3.8521867398027965,
    "CURRENT ENERGY": -151.05624097576379,
    "CURRENT REFERENCE ENERGY": -150.73341426444318,
    "HF TOTAL ENERGY": -150.73341426444318,
    "LCCSD (+LMP2) TOTAL ENERGY": -151.06105156543592,
    "MP2 CORRELATION ENERGY": -0.3146838219228757,
    "MP2 OPPOSITE-SPIN CORRELATION ENERGY": -0.24401294228802706,
    "MP2 SAME-SPIN CORRELATION ENERGY": -0.07067087963484864,
    "MP2 TOTAL ENERGY": -151.04809808636708,
    "NUCLEAR REPULSION ENERGY": 36.34806157493106,
    "ONE-ELECTRON ENERGY": -280.0166946252349,
    "PCM POLARIZATION ENERGY": 0.0,
    "PE ENERGY": 0.0,
    "SCF DIPOLE X": 0.0,
    "SCF DIPOLE Y": 1.1287621734612623e-15,
    "SCF DIPOLE Z": -3.8521867398027965,
    "SCF ITERATION ENERGY": -150.73341426444318,
    "SCF ITERATIONS": 11.0,
    "SCF TOTAL ENERGY": -150.73341426444318,
    "TWO-ELECTRON ENERGY": 92.93521878586064
}