{
    "CC D1 DIAGNOSTIC": 0.011085468497430966,
    "CC D2 DIAGNOSTIC": 0.08576430597685768,
    "CC NEW D1 DIAGNOSTIC": 0.011085468497430966,
    "CC T1 DIAGNOSTIC": 0.004264140115590267,
    "CCSD CORRELATION ENERGY": -0.10474791070411928,
    "CCSD OPPOSITE-SPIN CORRELATION ENERGY": -0.08599651449123172,
    "CCSD SAME-SPIN CORRELATION ENERGY": -0.018751396212887503,
    "CCSD TOTAL ENERGY": -460.01882544650186,
    "CURRENT CORRELATION ENERGY": -0.10474791070411928,
    "CURRENT DIPOLE X": 0.0,
    "CURRENT DIPOLE Y": 0.0,
    "CURRENT DIPOLE Z": -1.7194478668673308,
    "CURRENT ENERGY": -460.01882544650186,
    "CURRENT REFERENCE ENERGY": -459.9140775357971,
    "HF TOTAL ENERGY": -459.9140775357971,
    "LCCSD (+LMP2) TOTAL ENERGY": -460.0193590141103,
    "MP2 CORRELATION ENERGY": -0.09652061518071027,
    "MP2 OPPOSITE-SPIN CORRELATION ENERGY": -0.07728613143620994,
    "MP2 SAME-SPIN CORRELATION ENERGY": -0.019234483744500333,
    "MP2 TOTAL ENERGY": -460.01059815097847,
    "NUCLEAR REPULSION ENERGY": 9.598962486308901,
    "ONE-ELECTRON ENERGY": -654.1737323470682,
    "PCM POLARIZATION ENERGY": 0.0,
    "PE ENERGY": 0.0,
    "SCF DIPOLE X": 0.0,
    "SCF DIPOLE Y": 0.0,
    "SCF DIPOLE Z": -1.7194478668673308,
    "SCF ITERATION ENERGY": -459.9140775357971,
    "SCF ITERATIONS": 8.0,
    "SCF TOTAL ENERGY": -459.9140775357971,
    "TWO-ELECTRON ENERGY": 184.66069232496213
}