{
    "CC D1 DIAGNOSTIC": 0.3907128402926283,
    "CC D2 DIAGNOSTIC": 0.34499613703964976,
    "CC NEW D1 DIAGNOSTIC": 0.3907128402926283,
    "CC T1 DIAGNOSTIC": 0.12944044920082393,
    "CCSD CORRELATION ENERGY": -0.4741294970873085,
    "CCSD OPPOSITE-SPIN CORRELATION ENERGY": -0.365901844700401,
    "CCSD SAME-SPIN CORRELATION ENERGY": -0.10822765238690735,
    "CCSD TOTAL ENERGY": -187.58299521679658,
    "CURRENT CORRELATION ENERGY": -0.4741294970873085,
    "CURRENT DIPOLE X": 0.0,
    "CURRENT DIPOLE Y": 0.0,
    "CURRENT DIPOLE Z": 0.0,
    "CURRENT ENERGY": -187.58299521679658,
    "CURRENT REFERENCE ENERGY": -187.10886571970875,
    "HF TOTAL ENERGY": -187.10886571970877,
    "LCCSD (+LMP2) TOTAL ENERGY": -187.60894475747264,
    "MP2 CORRELATION ENERGY": -0.372704649977122,
    "MP2 OPPOSITE-SPIN CORRELATION ENERGY": -0.28765785904440877,
    "MP2 SAME-SPIN CORRELATION ENERGY": -0.08504679093271322,
    "MP2 TOTAL ENERGY": -187.48157036968638,
    "NUCLEAR REPULSION ENERGY": 36.33208062044809,
    "ONE-ELECTRON ENERGY": -329.0387413977587,
    "PCM POLARIZATION ENERGY": 0.0,
    "PE ENERGY": 0.0,
    "SCF DIPOLE X": 0.0,
    "SCF DIPOLE Y": 0.0,
    "SCF DIPOLE Z": 0.0,
    "SCF ITERATION ENERGY": -187.10886571970875,
    "SCF ITERATIONS": 13.0,
    "SCF TOTAL ENERGY": -187.10886571970875,
    "TWO-ELECTRON ENERGY": 105.59779505760186
}