{
    "CC D1 DIAGNOSTIC": 0.06178324164477749,
    "CC D2 DIAGNOSTIC": 0.24723105061643832,
    "CC NEW D1 DIAGNOSTIC": 0.06178324164477749,
    "CC T1 DIAGNOSTIC": 0.019936049893294856,
    "CCSD CORRELATION ENERGY": -0.1936076527054196,
    "CCSD OPPOSITE-SPIN CORRELATION ENERGY": -0.16105865946244668,
    "CCSD SAME-SPIN CORRELATION ENERGY": -0.03254899324297339,
    "CCSD TOTAL ENERGY": -100.09377617668426,
    "CURRENT CORRELATION ENERGY": -0.1936076527054196,
    "CURRENT DIPOLE X": 0.0,
    "CURRENT DIPOLE Y": 0.0,
    "CURRENT DIPOLE Z": -3.073170831150936,
    "CURRENT ENERGY": -100.09377617668426,
    "CURRENT REFERENCE ENERGY": -99.90016852397866,
    "HF TOTAL ENERGY": -99.90016852397866,
    "LCCSD (+LMP2) TOTAL ENERGY": -100.09741778896588,
    "MP2 CORRELATION ENERGY": -0.18844013773088086,
    "MP2 OPPOSITE-SPIN CORRELATION ENERGY": -0.1447222474887292,
    "MP2 SAME-SPIN CORRELATION ENERGY": -0.04371789024215167,
    "MP2 TOTAL ENERGY": -100.08860866170971,
    "NUCLEAR REPULSION ENERGY": 3.2513083509775997,
    "ONE-ELECTRON ENERGY": -147.19587637617954,
    "PCM POLARIZATION ENERGY": 0.0,
    "PE ENERGY": 0.0,
    "SCF DIPOLE X": 0.0,
    "SCF DIPOLE Y": 0.0,
    "SCF DIPOLE Z": -3.073170831150936,
    "SCF ITERATION ENERGY": -99.90016852397866,
    "SCF ITERATIONS": 10.0,
    "SCF TOTAL ENERGY": -99.90016852397866,
    "TWO-ELECTRON ENERGY": 44.04439950122326
}