{
    "CC D1 DIAGNOSTIC": 0.16888736242885122,
    "CC D2 DIAGNOSTIC": 0.4903524140798124,
    "CC NEW D1 DIAGNOSTIC": 0.16888736242885122,
    "CC T1 DIAGNOSTIC": 0.053484707715086836,
    "CCSD CORRELATION ENERGY": -0.2387137803618135,
    "CCSD OPPOSITE-SPIN CORRELATION ENERGY": -0.20887509166819943,
    "CCSD SAME-SPIN CORRELATION ENERGY": -0.02983868869361292,
    "CCSD TOTAL ENERGY": -100.02240664377581,
    "CURRENT CORRELATION ENERGY": -0.2387137803618135,
    "CURRENT DIPOLE X": 0.0,
    "CURRENT DIPOLE Y": 0.0,
    "CURRENT DIPOLE Z": -3.8427873935488144,
    "CURRENT ENERGY": -100.02240664377581,
    "CURRENT REFERENCE ENERGY": -99.78369286341396,
    "HF TOTAL ENERGY": -99.78369286341396,
    "LCCSD (+LMP2) TOTAL ENERGY": -100.01934750909926,
    "MP2 CORRELATION ENERGY": -0.21971140234346093,
    "MP2 OPPOSITE-SPIN CORRELATION ENERGY": -0.17300223144857224,
    "MP2 SAME-SPIN CORRELATION ENERGY": -0.046709170894888685,
    "MP2 TOTAL ENERGY": -100.00340426575745,
    "NUCLEAR REPULSION ENERGY": 2.390306139495511,
    "ONE-ELECTRON ENERGY": -145.6043719706243,
    "PCM POLARIZATION ENERGY": 0.0,
    "PE ENERGY": 0.0,
    "SCF DIPOLE X": 0.0,
    "SCF DIPOLE Y": 0.0,
    "SCF DIPOLE Z": -3.8427873935488144,
    "SCF ITERATION ENERGY": -99.78369286341396,
    "SCF ITERATIONS": 10.0,
    "SCF TOTAL ENERGY": -99.78369286341396,
    "TWO-ELECTRON ENERGY": 43.43037296771482
}