{
    "CC D1 DIAGNOSTIC": 0.08906144902397711,
    "CC D2 DIAGNOSTIC": 0.18054552606077495,
    "CC NEW D1 DIAGNOSTIC": 0.08906144902397711,
    "CC T1 DIAGNOSTIC": 0.028334492830557553,
    "CCSD CORRELATION ENERGY": -0.44568231787455487,
    "CCSD OPPOSITE-SPIN CORRELATION ENERGY": -0.35259314217001503,
    "CCSD SAME-SPIN CORRELATION ENERGY": -0.09308917570454,
    "CCSD TOTAL ENERGY": -187.93462170898698,
    "CURRENT CORRELATION ENERGY": -0.44568231787455487,
    "CURRENT DIPOLE X": 0.0,
    "CURRENT DIPOLE Y": 0.0,
    "CURRENT DIPOLE Z": 0.0,
    "CURRENT ENERGY": -187.93462170898698,
    "CURRENT REFERENCE ENERGY": -187.48893939111076,
    "HF TOTAL ENERGY": -187.48893939111076,
    "LCCSD (+LMP2) TOTAL ENERGY": -187.93566060603243,
    "MP2 CORRELATION ENERGY": -0.472164431504324,
    "MP2 OPPOSITE-SPIN CORRELATION ENERGY": -0.3478908801658888,
    "MP2 SAME-SPIN CORRELATION ENERGY": -0.1242735513384352,
    "MP2 TOTAL ENERGY": -187.96110382261676,
    "NUCLEAR REPULSION ENERGY": 51.25171828968151,
    "ONE-ELECTRON ENERGY": -357.943495727875,
    "PCM POLARIZATION ENERGY": 0.0,
    "PE ENERGY": 0.0,
    "SCF DIPOLE X": 0.0,
    "SCF DIPOLE Y": 0.0,
    "SCF DIPOLE Z": 0.0,
    "SCF ITERATION ENERGY": -187.48893939111076,
    "SCF ITERATIONS": 10.0,
    "SCF TOTAL ENERGY": -187.48893939111076,
    "TWO-ELECTRON ENERGY": 119.20283804708275
}