{
    "CC D1 DIAGNOSTIC": 0.05377283733117903,
    "CC D2 DIAGNOSTIC": 0.09010050406930317,
    "CC NEW D1 DIAGNOSTIC": 0.05377283733117903,
    "CC T1 DIAGNOSTIC": 0.015201222162639335,
    "CCSD CORRELATION ENERGY": -0.2858815830315133,
    "CCSD OPPOSITE-SPIN CORRELATION ENERGY": -0.22160077652400556,
    "CCSD SAME-SPIN CORRELATION ENERGY": -0.06428080650750762,
    "CCSD TOTAL ENERGY": -261.3878995207871,
    "CURRENT CORRELATION ENERGY": -0.2858815830315133,
    "CURRENT DIPOLE X": 0.0,
    "CURRENT DIPOLE Y": 0.0,
    "CURRENT DIPOLE Z": -6.287993002243203,
    "CURRENT ENERGY": -261.3878995207871,
    "CURRENT REFERENCE ENERGY": -261.10201793775593,
    "HF TOTAL ENERGY": -261.10201793775593,
    "LCCSD (+LMP2) TOTAL ENERGY": -261.38825448625033,
    "MP2 CORRELATION ENERGY": -0.2865791759702518,
    "MP2 OPPOSITE-SPIN CORRELATION ENERGY": -0.2127868767671971,
    "MP2 SAME-SPIN CORRELATION ENERGY": -0.07379229920305469,
    "MP2 TOTAL ENERGY": -261.3885971137258,
    "NUCLEAR REPULSION ENERGY": 38.97315972863428,
    "ONE-ELECTRON ENERGY": -447.7506949490043,
    "PCM POLARIZATION ENERGY": 0.0,
    "PE ENERGY": 0.0,
    "SCF DIPOLE X": 0.0,
    "SCF DIPOLE Y": 0.0,
    "SCF DIPOLE Z": -6.287993002243203,
    "SCF ITERATION ENERGY": -261.10201793775593,
    "SCF ITERATIONS": 11.0,
    "SCF TOTAL ENERGY": -261.10201793775593,
    "TWO-ELECTRON ENERGY": 147.6755172826141
}