{
    "CC D1 DIAGNOSTIC": 0.3408632465921375,
    "CC D2 DIAGNOSTIC": 0.26883224705440395,
    "CC NEW D1 DIAGNOSTIC": 0.3408632465921375,
    "CC T1 DIAGNOSTIC": 0.14265671606202077,
    "CCSD CORRELATION ENERGY": -0.3315063297753,
    "CCSD OPPOSITE-SPIN CORRELATION ENERGY": -0.25843465609072025,
    "CCSD SAME-SPIN CORRELATION ENERGY": -0.0730716736845809,
    "CCSD TOTAL ENERGY": -112.73118093163252,
    "CURRENT CORRELATION ENERGY": -0.3315063297753,
    "CURRENT DIPOLE X": 0.0,
    "CURRENT DIPOLE Y": 0.0,
    "CURRENT DIPOLE Z": -3.116279405149188,
    "CURRENT ENERGY": -112.73118093163252,
    "CURRENT REFERENCE ENERGY": -112.39967460185731,
    "HF TOTAL ENERGY": -112.3996746018573,
    "LCCSD (+LMP2) TOTAL ENERGY": -112.73118676894794,
    "MP2 CORRELATION ENERGY": -0.2864739128079058,
    "MP2 OPPOSITE-SPIN CORRELATION ENERGY": -0.21739666998542942,
    "MP2 SAME-SPIN CORRELATION ENERGY": -0.06907724282247638,
    "MP2 TOTAL ENERGY": -112.68614851466513,
    "NUCLEAR REPULSION ENERGY": 14.198597517752361,
    "ONE-ELECTRON ENERGY": -182.01329008942767,
    "PCM POLARIZATION ENERGY": 0.0,
    "PE ENERGY": 0.0,
    "SCF DIPOLE X": 0.0,
    "SCF DIPOLE Y": 0.0,
    "SCF DIPOLE Z": -3.116279405149188,
    "SCF ITERATION ENERGY": -112.39967460185731,
    "SCF ITERATIONS": 14.0,
    "SCF TOTAL ENERGY": -112.39967460185731,
    "TWO-ELECTRON ENERGY": 55.41501796981802
}