{
    "CC D1 DIAGNOSTIC": 0.3066964880344522,
    "CC D2 DIAGNOSTIC": 0.2541380255661474,
    "CC NEW D1 DIAGNOSTIC": 0.3066964880344522,
    "CC T1 DIAGNOSTIC": 0.12789347902348236,
    "CCSD CORRELATION ENERGY": -0.3294907317960674,
    "CCSD OPPOSITE-SPIN CORRELATION ENERGY": -0.25875066936053226,
    "CCSD SAME-SPIN CORRELATION ENERGY": -0.07074006243553471,
    "CCSD TOTAL ENERGY": -112.74052969968692,
    "CURRENT CORRELATION ENERGY": -0.3294907317960674,
    "CURRENT DIPOLE X": 0.0,
    "CURRENT DIPOLE Y": 0.0,
    "CURRENT DIPOLE Z": -3.1106090588072974,
    "CURRENT ENERGY": -112.74052969968692,
    "CURRENT REFERENCE ENERGY": -112.41103896789103,
    "HF TOTAL ENERGY": -112.41103896789103,
    "LCCSD (+LMP2) TOTAL ENERGY": -112.7405356368212,
    "MP2 CORRELATION ENERGY": -0.2997222379854742,
    "MP2 OPPOSITE-SPIN CORRELATION ENERGY": -0.22564428056313957,
    "MP2 SAME-SPIN CORRELATION ENERGY": -0.07407795742233464,
    "MP2 TOTAL ENERGY": -112.71076120587632,
    "NUCLEAR REPULSION ENERGY": 14.442002046628119,
    "ONE-ELECTRON ENERGY": -182.46722838090227,
    "PCM POLARIZATION ENERGY": 0.0,
    "PE ENERGY": 0.0,
    "SCF DIPOLE X": 0.0,
    "SCF DIPOLE Y": 0.0,
    "SCF DIPOLE Z": -3.1106090588072974,
    "SCF ITERATION ENERGY": -112.41103896789103,
    "SCF ITERATIONS": 14.0,
    "SCF TOTAL ENERGY": -112.41103896789103,
    "TWO-ELECTRON ENERGY": 55.61418736638312
}