{
    "CC D1 DIAGNOSTIC": 0.01629867374343208,
    "CC D2 DIAGNOSTIC": 0.09282310193275163,
    "CC NEW D1 DIAGNOSTIC": 0.01629867374343208,
    "CC T1 DIAGNOSTIC": 0.006709613887821882,
    "CCSD CORRELATION ENERGY": -0.3255064190342847,
    "CCSD OPPOSITE-SPIN CORRELATION ENERGY": -0.2502639422436107,
    "CCSD SAME-SPIN CORRELATION ENERGY": -0.07524247679067364,
    "CCSD TOTAL ENERGY": -184.53659109894386,
    "CURRENT CORRELATION ENERGY": -0.3255064190342847,
    "CURRENT DIPOLE X": 0.0,
    "CURRENT DIPOLE Y": 0.0,
    "CURRENT DIPOLE Z": 0.0,
    "CURRENT ENERGY": -184.53659109894386,
    "CURRENT REFERENCE ENERGY": -184.2110846799096,
    "HF TOTAL ENERGY": -184.2110846799096,
    "LCCSD (+LMP2) TOTAL ENERGY": -184.53991482303425,
    "MP2 CORRELATION ENERGY": -0.32268751054597417,
    "MP2 OPPOSITE-SPIN CORRELATION ENERGY": -0.23945119500644607,
    "MP2 SAME-SPIN CORRELATION ENERGY": -0.0832363155395281,
    "MP2 TOTAL ENERGY": -184.53377219045552,
    "NUCLEAR REPULSION ENERGY": 99.47750487222318,
    "ONE-ELECTRON ENERGY": -445.4409654712806,
    "PCM POLARIZATION ENERGY": 0.0,
    "PE ENERGY": 0.0,
    "SCF DIPOLE X": 0.0,
    "SCF DIPOLE Y": 0.0,
    "SCF DIPOLE Z": 0.0,
    "SCF ITERATION ENERGY": -184.2110846799096,
    "SCF ITERATIONS": 9.0,
    "SCF TOTAL ENERGY": -184.2110846799096,
    "TWO-ELECTRON ENERGY": 161.75237591914785
}