{
    "CC D1 DIAGNOSTIC": 0.03947241701059935,
    "CC D2 DIAGNOSTIC": 0.09154227907947943,
    "CC NEW D1 DIAGNOSTIC": 0.03947241701059935,
    "CC T1 DIAGNOSTIC": 0.015159756666965743,
    "CCSD CORRELATION ENERGY": -0.17482403514297593,
    "CCSD OPPOSITE-SPIN CORRELATION ENERGY": -0.13883339802070851,
    "CCSD SAME-SPIN CORRELATION ENERGY": -0.03599063712226738,
    "CCSD TOTAL ENERGY": -106.67190310123155,
    "CURRENT CORRELATION ENERGY": -0.17482403514297593,
    "CURRENT DIPOLE X": 0.0,
    "CURRENT DIPOLE Y": 0.0,
    "CURRENT DIPOLE Z": -3.583078272507485,
    "CURRENT ENERGY": -106.67190310123155,
    "CURRENT REFERENCE ENERGY": -106.49707906608856,
    "HF TOTAL ENERGY": -106.49707906608856,
    "LCCSD (+LMP2) TOTAL ENERGY": -106.77065263171268,
    "MP2 CORRELATION ENERGY": -0.175282399916495,
    "MP2 OPPOSITE-SPIN CORRELATION ENERGY": -0.13232050269165718,
    "MP2 SAME-SPIN CORRELATION ENERGY": -0.042961897224837814,
    "MP2 TOTAL ENERGY": -106.67236146600507,
    "NUCLEAR REPULSION ENERGY": 15.245411007667078,
    "ONE-ELECTRON ENERGY": -180.03240794946657,
    "PCM POLARIZATION ENERGY": 0.0,
    "PE ENERGY": 0.0,
    "SCF DIPOLE X": 0.0,
    "SCF DIPOLE Y": 0.0,
    "SCF DIPOLE Z": -3.583078272507485,
    "SCF ITERATION ENERGY": -106.49707906608856,
    "SCF ITERATIONS": 10.0,
    "SCF TOTAL ENERGY": -106.49707906608856,
    "TWO-ELECTRON ENERGY": 58.28991787571092
}