{
    "CC D1 DIAGNOSTIC": 0.041197290548503275,
    "CC D2 DIAGNOSTIC": 0.24272638363167134,
    "CC NEW D1 DIAGNOSTIC": 0.041197290548503275,
    "CC T1 DIAGNOSTIC": 0.016925132601083564,
    "CCSD CORRELATION ENERGY": -0.3338007814815744,
    "CCSD OPPOSITE-SPIN CORRELATION ENERGY": -0.27851018482032275,
    "CCSD SAME-SPIN CORRELATION ENERGY": -0.05529059666125152,
    "CCSD TOTAL ENERGY": -109.09192455312491,
    "CURRENT CORRELATION ENERGY": -0.3338007814815744,
    "CURRENT DIPOLE X": 0.0,
    "CURRENT DIPOLE Y": 0.0,
    "CURRENT DIPOLE Z": 0.0,
    "CURRENT ENERGY": -109.09192455312491,
    "CURRENT REFERENCE ENERGY": -108.7581237716435,
    "HF TOTAL ENERGY": -108.7581237716435,
    "LCCSD (+LMP2) TOTAL ENERGY": -109.12172944460659,
    "MP2 CORRELATION ENERGY": -0.3851414930468718,
    "MP2 OPPOSITE-SPIN CORRELATION ENERGY": -0.2813256953780223,
    "MP2 SAME-SPIN CORRELATION ENERGY": -0.10381579766884946,
    "MP2 TOTAL ENERGY": -109.14326526469021,
    "NUCLEAR REPULSION ENERGY": 19.07581139091746,
    "ONE-ELECTRON ENERGY": -184.86230866834865,
    "PCM POLARIZATION ENERGY": 0.0,
    "PE ENERGY": 0.0,
    "SCF DIPOLE X": 0.0,
    "SCF DIPOLE Y": 0.0,
    "SCF DIPOLE Z": 0.0,
    "SCF ITERATION ENERGY": -108.7581237716435,
    "SCF ITERATIONS": 8.0,
    "SCF TOTAL ENERGY": -108.7581237716435,
    "TWO-ELECTRON ENERGY": 57.028373505787684
}