{
    "CC D1 DIAGNOSTIC": 0.009788171825885086,
    "CC D2 DIAGNOSTIC": 0.10326323398941196,
    "CC NEW D1 DIAGNOSTIC": 0.009788171825885086,
    "CC T1 DIAGNOSTIC": 0.004431225380767817,
    "CCSD CORRELATION ENERGY": -0.2124803560304426,
    "CCSD OPPOSITE-SPIN CORRELATION ENERGY": -0.16896943930299013,
    "CCSD SAME-SPIN CORRELATION ENERGY": -0.0435109167274525,
    "CCSD TOTAL ENERGY": -107.24487363250635,
    "CURRENT CORRELATION ENERGY": -0.2124803560304426,
    "CURRENT DIPOLE X": 0.0,
    "CURRENT DIPOLE Y": 0.0,
    "CURRENT DIPOLE Z": -2.821905433653156e-16,
    "CURRENT ENERGY": -107.24487363250635,
    "CURRENT REFERENCE ENERGY": -107.03239327647589,
    "HF TOTAL ENERGY": -107.03239327647589,
    "LCCSD (+LMP2) TOTAL ENERGY": -107.26791973526068,
    "MP2 CORRELATION ENERGY": -0.20391171762076707,
    "MP2 OPPOSITE-SPIN CORRELATION ENERGY": -0.1563803811690435,
    "MP2 SAME-SPIN CORRELATION ENERGY": -0.04753133645172358,
    "MP2 TOTAL ENERGY": -107.23630499409668,
    "NUCLEAR REPULSION ENERGY": 39.845613754773495,
    "ONE-ELECTRON ENERGY": -221.5575182320076,
    "PCM POLARIZATION ENERGY": 0.0,
    "PE ENERGY": 0.0,
    "SCF DIPOLE X": 0.0,
    "SCF DIPOLE Y": 0.0,
    "SCF DIPOLE Z": -2.821905433653156e-16,
    "SCF ITERATION ENERGY": -107.03239327647589,
    "SCF ITERATIONS": 8.0,
    "SCF TOTAL ENERGY": -107.03239327647589,
    "TWO-ELECTRON ENERGY": 74.67951120075821
}