{
    "CC D1 DIAGNOSTIC": 0.11688872710266267,
    "CC D2 DIAGNOSTIC": 0.37260895638539065,
    "CC NEW D1 DIAGNOSTIC": 0.11688872710266267,
    "CC T1 DIAGNOSTIC": 0.03708788223476942,
    "CCSD CORRELATION ENERGY": -0.21749677950614418,
    "CCSD OPPOSITE-SPIN CORRELATION ENERGY": -0.18622567192235806,
    "CCSD SAME-SPIN CORRELATION ENERGY": -0.03127110758378543,
    "CCSD TOTAL ENERGY": -100.04563955716804,
    "CURRENT CORRELATION ENERGY": -0.21749677950614418,
    "CURRENT DIPOLE X": 0.0,
    "CURRENT DIPOLE Y": 0.0,
    "CURRENT DIPOLE Z": -3.5138846820452883,
    "CURRENT ENERGY": -100.04563955716804,
    "CURRENT REFERENCE ENERGY": -99.82814277766182,
    "HF TOTAL ENERGY": -99.82814277766182,
    "LCCSD (+LMP2) TOTAL ENERGY": -100.03367112186639,
    "MP2 CORRELATION ENERGY": -0.2055338404779496,
    "MP2 OPPOSITE-SPIN CORRELATION ENERGY": -0.15992281482713308,
    "MP2 SAME-SPIN CORRELATION ENERGY": -0.04561102565081651,
    "MP2 TOTAL ENERGY": -100.03367661813985,
    "NUCLEAR REPULSION ENERGY": 2.696319727766629,
    "ONE-ELECTRON ENERGY": -146.1736806135404,
    "PCM POLARIZATION ENERGY": 0.0,
    "PE ENERGY": 0.0,
    "SCF DIPOLE X": 0.0,
    "SCF DIPOLE Y": 0.0,
    "SCF DIPOLE Z": -3.5138846820452883,
    "SCF ITERATION ENERGY": -99.82814277766182,
    "SCF ITERATIONS": 10.0,
    "SCF TOTAL ENERGY": -99.82814277766182,
    "TWO-ELECTRON ENERGY": 43.64921810811195
}