{
    "CC D1 DIAGNOSTIC": 0.0785976346822626,
    "CC D2 DIAGNOSTIC": 0.28639901641301574,
    "CC NEW D1 DIAGNOSTIC": 0.0785976346822626,
    "CC T1 DIAGNOSTIC": 0.02512109522679086,
    "CCSD CORRELATION ENERGY": -0.20135424837312546,
    "CCSD OPPOSITE-SPIN CORRELATION ENERGY": -0.16913906687838842,
    "CCSD SAME-SPIN CORRELATION ENERGY": -0.03221518149473676,
    "CCSD TOTAL ENERGY": -100.07480726199131,
    "CURRENT CORRELATION ENERGY": -0.20135424837312546,
    "CURRENT DIPOLE X": 0.0,
    "CURRENT DIPOLE Y": 0.0,
    "CURRENT DIPOLE Z": -3.2269661232960667,
    "CURRENT ENERGY": -100.07480726199131,
    "CURRENT REFERENCE ENERGY": -99.87345301361822,
    "HF TOTAL ENERGY": -99.87345301361822,
    "LCCSD (+LMP2) TOTAL ENERGY": -100.07679689355184,
    "MP2 CORRELATION ENERGY": -0.1942320075747881,
    "MP2 OPPOSITE-SPIN CORRELATION ENERGY": -0.14978721708991022,
    "MP2 SAME-SPIN CORRELATION ENERGY": -0.04444479048487787,
    "MP2 TOTAL ENERGY": -100.06768502119297,
    "NUCLEAR REPULSION ENERGY": 3.0328204297919044,
    "ONE-ELECTRON ENERGY": -146.79587732753805,
    "PCM POLARIZATION ENERGY": 0.0,
    "PE ENERGY": 0.0,
    "SCF DIPOLE X": 0.0,
    "SCF DIPOLE Y": 0.0,
    "SCF DIPOLE Z": -3.2269661232960667,
    "SCF ITERATION ENERGY": -99.87345301361822,
    "SCF ITERATIONS": 10.0,
    "SCF TOTAL ENERGY": -99.87345301361822,
    "TWO-ELECTRON ENERGY": 43.88960388412793
}