{
    "CC D1 DIAGNOSTIC": 0.03231508623816076,
    "CC D2 DIAGNOSTIC": 0.2167547186287516,
    "CC NEW D1 DIAGNOSTIC": 0.03231508623816076,
    "CC T1 DIAGNOSTIC": 0.008743755590932873,
    "CCSD CORRELATION ENERGY": -0.12828348537131162,
    "CCSD OPPOSITE-SPIN CORRELATION ENERGY": -0.10777866919039161,
    "CCSD SAME-SPIN CORRELATION ENERGY": -0.020504816180920704,
    "CCSD TOTAL ENERGY": -460.1435197581656,
    "CURRENT CORRELATION ENERGY": -0.12828348537131162,
    "CURRENT DIPOLE X": 0.0,
    "CURRENT DIPOLE Y": 0.0,
    "CURRENT DIPOLE Z": -2.1675855583625045,
    "CURRENT ENERGY": -460.1435197581656,
    "CURRENT REFERENCE ENERGY": -460.0152362727946,
    "HF TOTAL ENERGY": -460.0152362727946,
    "LCCSD (+LMP2) TOTAL ENERGY": -460.14588452348835,
    "MP2 CORRELATION ENERGY": -0.11330259455448637,
    "MP2 OPPOSITE-SPIN CORRELATION ENERGY": -0.0908743444777227,
    "MP2 SAME-SPIN CORRELATION ENERGY": -0.02242825007676366,
    "MP2 TOTAL ENERGY": -460.1285388673488,
    "NUCLEAR REPULSION ENERGY": 5.226880302763825,
    "ONE-ELECTRON ENERGY": -646.106704706046,
    "PCM POLARIZATION ENERGY": 0.0,
    "PE ENERGY": 0.0,
    "SCF DIPOLE X": 0.0,
    "SCF DIPOLE Y": 0.0,
    "SCF DIPOLE Z": -2.1675855583625045,
    "SCF ITERATION ENERGY": -460.0152362727946,
    "SCF ITERATIONS": 9.0,
    "SCF TOTAL ENERGY": -460.0152362727946,
    "TWO-ELECTRON ENERGY": 180.8645881304876
}