{
    "CC D1 DIAGNOSTIC": 0.03728664681789559,
    "CC D2 DIAGNOSTIC": 0.09186199897126321,
    "CC NEW D1 DIAGNOSTIC": 0.03728664681789559,
    "CC T1 DIAGNOSTIC": 0.013916661122882751,
    "CCSD CORRELATION ENERGY": -0.2908645993639991,
    "CCSD OPPOSITE-SPIN CORRELATION ENERGY": -0.22598645904672499,
    "CCSD SAME-SPIN CORRELATION ENERGY": -0.06487814031727424,
    "CCSD TOTAL ENERGY": -261.6078898656548,
    "CURRENT CORRELATION ENERGY": -0.2908645993639991,
    "CURRENT DIPOLE X": 0.0,
    "CURRENT DIPOLE Y": 0.0,
    "CURRENT DIPOLE Z": -7.560219614261746,
    "CURRENT ENERGY": -261.6078898656548,
    "CURRENT REFERENCE ENERGY": -261.3170252662898,
    "HF TOTAL ENERGY": -261.31702526628976,
    "LCCSD (+LMP2) TOTAL ENERGY": -261.602934013646,
    "MP2 CORRELATION ENERGY": -0.29238625892205267,
    "MP2 OPPOSITE-SPIN CORRELATION ENERGY": -0.217183840434012,
    "MP2 SAME-SPIN CORRELATION ENERGY": -0.07520241848804066,
    "MP2 TOTAL ENERGY": -261.60941152521286,
    "NUCLEAR REPULSION ENERGY": 30.844142684643998,
    "ONE-ELECTRON ENERGY": -431.7143659496155,
    "PCM POLARIZATION ENERGY": 0.0,
    "PE ENERGY": 0.0,
    "SCF DIPOLE X": 0.0,
    "SCF DIPOLE Y": 0.0,
    "SCF DIPOLE Z": -7.560219614261746,
    "SCF ITERATION ENERGY": -261.3170252662898,
    "SCF ITERATIONS": 10.0,
    "SCF TOTAL ENERGY": -261.3170252662898,
    "TWO-ELECTRON ENERGY": 139.55319799868172
}