{
    "CC D1 DIAGNOSTIC": 0.3863291784100573,
    "CC D2 DIAGNOSTIC": 0.2963904273522436,
    "CC NEW D1 DIAGNOSTIC": 0.3863291784100573,
    "CC T1 DIAGNOSTIC": 0.16208273757571515,
    "CCSD CORRELATION ENERGY": -0.33363015704621535,
    "CCSD OPPOSITE-SPIN CORRELATION ENERGY": -0.2577358697489018,
    "CCSD SAME-SPIN CORRELATION ENERGY": -0.07589428729731268,
    "CCSD TOTAL ENERGY": -112.72050644319599,
    "CURRENT CORRELATION ENERGY": -0.33363015704621535,
    "CURRENT DIPOLE X": 0.0,
    "CURRENT DIPOLE Y": 0.0,
    "CURRENT DIPOLE Z": -3.0937146149803176,
    "CURRENT ENERGY": -112.72050644319599,
    "CURRENT REFERENCE ENERGY": -112.3868762861496,
    "HF TOTAL ENERGY": -112.3868762861496,
    "LCCSD (+LMP2) TOTAL ENERGY": -112.72051210426207,
    "MP2 CORRELATION ENERGY": -0.2695959444837772,
    "MP2 OPPOSITE-SPIN CORRELATION ENERGY": -0.20687438270608885,
    "MP2 SAME-SPIN CORRELATION ENERGY": -0.06272156177768837,
    "MP2 TOTAL ENERGY": -112.65647223063355,
    "NUCLEAR REPULSION ENERGY": 13.905641585474111,
    "ONE-ELECTRON ENERGY": -181.46468886070642,
    "PCM POLARIZATION ENERGY": 0.0,
    "PE ENERGY": 0.0,
    "SCF DIPOLE X": 0.0,
    "SCF DIPOLE Y": 0.0,
    "SCF DIPOLE Z": -3.0937146149803176,
    "SCF ITERATION ENERGY": -112.3868762861496,
    "SCF ITERATIONS": 15.0,
    "SCF TOTAL ENERGY": -112.3868762861496,
    "TWO-ELECTRON ENERGY": 55.1721709890827
}