{
    "CC D1 DIAGNOSTIC": 0.013180239092760077,
    "CC D2 DIAGNOSTIC": 0.11876696869877373,
    "CC NEW D1 DIAGNOSTIC": 0.013180239092760077,
    "CC T1 DIAGNOSTIC": 0.006665994329809438,
    "CCSD CORRELATION ENERGY": -0.16240769963924426,
    "CCSD OPPOSITE-SPIN CORRELATION ENERGY": -0.1344391000599876,
    "CCSD SAME-SPIN CORRELATION ENERGY": -0.027968599579256626,
    "CCSD TOTAL ENERGY": -76.1723472598284,
    "CURRENT CORRELATION ENERGY": -0.16240769963924426,
    "CURRENT DIPOLE X": 0.0,
    "CURRENT DIPOLE Y": 5.643810867306312e-16,
    "CURRENT DIPOLE Z": -2.5907979397827803,
    "CURRENT ENERGY": -76.1723472598284,
    "CURRENT REFERENCE ENERGY": -76.00993956018914,
    "HF TOTAL ENERGY": -76.00993956018914,
    "LCCSD (+LMP2) TOTAL ENERGY": -76.17292534725179,
    "MP2 CORRELATION ENERGY": -0.15634426530505977,
    "MP2 OPPOSITE-SPIN CORRELATION ENERGY": -0.12195086264979818,
    "MP2 SAME-SPIN CORRELATION ENERGY": -0.034393402655261585,
    "MP2 TOTAL ENERGY": -76.16628382549422,
    "NUCLEAR REPULSION ENERGY": 9.163528894926134,
    "ONE-ELECTRON ENERGY": -122.97909343376146,
    "PCM POLARIZATION ENERGY": 0.0,
    "PE ENERGY": 0.0,
    "SCF DIPOLE X": 0.0,
    "SCF DIPOLE Y": 5.643810867306312e-16,
    "SCF DIPOLE Z": -2.5907979397827803,
    "SCF ITERATION ENERGY": -76.00993956018914,
    "SCF ITERATIONS": 10.0,
    "SCF TOTAL ENERGY": -76.00993956018914,
    "TWO-ELECTRON ENERGY": 37.805624978646186
}