{
    "CC D1 DIAGNOSTIC": 0.06254353023287475,
    "CC D2 DIAGNOSTIC": 0.17114079260395582,
    "CC NEW D1 DIAGNOSTIC": 0.06254353023287475,
    "CC T1 DIAGNOSTIC": 0.02463191613893576,
    "CCSD CORRELATION ENERGY": -0.2703439032009986,
    "CCSD OPPOSITE-SPIN CORRELATION ENERGY": -0.2180589361078653,
    "CCSD SAME-SPIN CORRELATION ENERGY": -0.052284967093133294,
    "CCSD TOTAL ENERGY": -112.94509665435251,
    "CURRENT CORRELATION ENERGY": -0.2703439032009986,
    "CURRENT DIPOLE X": 0.0,
    "CURRENT DIPOLE Y": 0.0,
    "CURRENT DIPOLE Z": -1.0435442895504885,
    "CURRENT ENERGY": -112.94509665435251,
    "CURRENT REFERENCE ENERGY": -112.6747527511515,
    "HF TOTAL ENERGY": -112.6747527511515,
    "LCCSD (+LMP2) TOTAL ENERGY": -112.94511242214938,
    "MP2 CORRELATION ENERGY": -0.2797539568428764,
    "MP2 OPPOSITE-SPIN CORRELATION ENERGY": -0.20946535097014676,
    "MP2 SAME-SPIN CORRELATION ENERGY": -0.07028860587272964,
    "MP2 TOTAL ENERGY": -112.9545067079944,
    "NUCLEAR REPULSION ENERGY": 20.50588525890402,
    "ONE-ELECTRON ENERGY": -194.04216185641366,
    "PCM POLARIZATION ENERGY": 0.0,
    "PE ENERGY": 0.0,
    "SCF DIPOLE X": 0.0,
    "SCF DIPOLE Y": 0.0,
    "SCF DIPOLE Z": -1.0435442895504885,
    "SCF ITERATION ENERGY": -112.6747527511515,
    "SCF ITERATIONS": 10.0,
    "SCF TOTAL ENERGY": -112.6747527511515,
    "TWO-ELECTRON ENERGY": 60.86152384635814
}