{
    "CURRENT CORRELATION ENERGY": -0.023528392643582974,
    "CURRENT DIPOLE X": 0.0,
    "CURRENT DIPOLE Y": 0.0,
    "CURRENT DIPOLE Z": -1.1640359913819267e-15,
    "CURRENT ENERGY": -1.086811372465782,
    "CURRENT REFERENCE ENERGY": -1.063282979822199,
    "CUSTOM SCS-MP2 CORRELATION ENERGY": -0.028234071172299445,
    "CUSTOM SCS-MP2 TOTAL ENERGY": -1.0915170509944985,
    "HF TOTAL ENERGY": -1.063282979822199,
    "MP2 CORRELATION ENERGY": -0.023528392643582974,
    "MP2 OPPOSITE-SPIN CORRELATION ENERGY": -0.023528392643582873,
    "MP2 SAME-SPIN CORRELATION ENERGY": 0.0,
    "MP2 TOTAL ENERGY": -1.086811372465782,
    "NUCLEAR REPULSION ENERGY": 0.45095101431008694,
    "ONE-ELECTRON ENERGY": -2.0423605207744497,
    "PCM POLARIZATION ENERGY": 0.0,
    "PE ENERGY": 0.0,
    "SCF DIPOLE X": 0.0,
    "SCF DIPOLE Y": 0.0,
    "SCF DIPOLE Z": -1.1640359913819267e-15,
    "SCF ITERATION ENERGY": -1.063282979822199,
    "SCF ITERATIONS": 5.0,
    "SCF TOTAL ENERGY": -1.063282979822199,
    "SCS-MP2 CORRELATION ENERGY": -0.028234071172299445,
    "SCS-MP2 TOTAL ENERGY": -1.0915170509944985,
    "SCS-MP2-VDW CORRELATION ENERGY": -0.030116342583786038,
    "SCS-MP2-VDW TOTAL ENERGY": -1.093399322405985,
    "SCSN-MP2 CORRELATION ENERGY": 0.0,
    "SCSN-MP2 TOTAL ENERGY": -1.063282979822199,
    "SOS-MP2 CORRELATION ENERGY": 0.0,
    "SOS-MP2 TOTAL ENERGY": -1.063282979822199,
    "SOS-PI-MP2 CORRELATION ENERGY": -0.032939749701015986,
    "SOS-PI-MP2 TOTAL ENERGY": -1.096222729523215,
    "TWO-ELECTRON ENERGY": 0.5281265266421638
}