{
    "CC D1 DIAGNOSTIC": 0.04321106970853225,
    "CC D2 DIAGNOSTIC": 0.10150376421406034,
    "CC NEW D1 DIAGNOSTIC": 0.04321106970853225,
    "CC T1 DIAGNOSTIC": 0.02012861456490335,
    "CCSD CORRELATION ENERGY": -0.1822400027569142,
    "CCSD OPPOSITE-SPIN CORRELATION ENERGY": -0.14623240582243976,
    "CCSD SAME-SPIN CORRELATION ENERGY": -0.036007596934474334,
    "CCSD TOTAL ENERGY": -107.12325045821102,
    "CURRENT CORRELATION ENERGY": -0.1822400027569142,
    "CURRENT DIPOLE X": 0.0,
    "CURRENT DIPOLE Y": 0.0,
    "CURRENT DIPOLE Z": -7.901257021374818,
    "CURRENT ENERGY": -107.12325045821102,
    "CURRENT REFERENCE ENERGY": -106.94101045545402,
    "HF TOTAL ENERGY": -106.94101045545402,
    "LCCSD (+LMP2) TOTAL ENERGY": -107.12318521183202,
    "MP2 CORRELATION ENERGY": -0.18315137779438762,
    "MP2 OPPOSITE-SPIN CORRELATION ENERGY": -0.13869389864397536,
    "MP2 SAME-SPIN CORRELATION ENERGY": -0.04445747915041226,
    "MP2 TOTAL ENERGY": -107.1241618332485,
    "NUCLEAR REPULSION ENERGY": 7.541827991856525,
    "ONE-ELECTRON ENERGY": -166.66419551209202,
    "PCM POLARIZATION ENERGY": 0.0,
    "PE ENERGY": 0.0,
    "SCF DIPOLE X": 0.0,
    "SCF DIPOLE Y": 0.0,
    "SCF DIPOLE Z": -7.901257021374818,
    "SCF ITERATION ENERGY": -106.94101045545402,
    "SCF ITERATIONS": 10.0,
    "SCF TOTAL ENERGY": -106.94101045545402,
    "TWO-ELECTRON ENERGY": 52.181357064781466
}