{
    "CC D1 DIAGNOSTIC": 0.01633603315317293,
    "CC D2 DIAGNOSTIC": 0.11968359279835401,
    "CC NEW D1 DIAGNOSTIC": 0.01633603315317293,
    "CC T1 DIAGNOSTIC": 0.006815633467684833,
    "CCSD CORRELATION ENERGY": -0.16297390624843253,
    "CCSD OPPOSITE-SPIN CORRELATION ENERGY": -0.1309777199441237,
    "CCSD SAME-SPIN CORRELATION ENERGY": -0.03199618630430906,
    "CCSD TOTAL ENERGY": -100.18211541464531,
    "CURRENT CORRELATION ENERGY": -0.16297390624843253,
    "CURRENT DIPOLE X": 0.0,
    "CURRENT DIPOLE Y": 0.0,
    "CURRENT DIPOLE Z": -2.3884491515063853,
    "CURRENT ENERGY": -100.18211541464531,
    "CURRENT REFERENCE ENERGY": -100.0191415083968,
    "HF TOTAL ENERGY": -100.0191415083968,
    "LCCSD (+LMP2) TOTAL ENERGY": -100.16964718386826,
    "MP2 CORRELATION ENERGY": -0.16171628233851257,
    "MP2 OPPOSITE-SPIN CORRELATION ENERGY": -0.12281373832039373,
    "MP2 SAME-SPIN CORRELATION ENERGY": -0.03890254401811884,
    "MP2 TOTAL ENERGY": -100.18085779073539,
    "NUCLEAR REPULSION ENERGY": 4.962075310523404,
    "ONE-ELECTRON ENERGY": -150.22509754239937,
    "PCM POLARIZATION ENERGY": 0.0,
    "PE ENERGY": 0.0,
    "SCF DIPOLE X": 0.0,
    "SCF DIPOLE Y": 0.0,
    "SCF DIPOLE Z": -2.3884491515063853,
    "SCF ITERATION ENERGY": -100.0191415083968,
    "SCF ITERATIONS": 9.0,
    "SCF TOTAL ENERGY": -100.0191415083968,
    "TWO-ELECTRON ENERGY": 45.243880723479165
}