{
    "CC D1 DIAGNOSTIC": 0.051906893168815235,
    "CC D2 DIAGNOSTIC": 0.287027635752646,
    "CC NEW D1 DIAGNOSTIC": 0.051906893168815235,
    "CC T1 DIAGNOSTIC": 0.012938587401797971,
    "CCSD CORRELATION ENERGY": -0.1396930834611815,
    "CCSD OPPOSITE-SPIN CORRELATION ENERGY": -0.11916622802052605,
    "CCSD SAME-SPIN CORRELATION ENERGY": -0.02052685544065609,
    "CCSD TOTAL ENERGY": -460.1145026825456,
    "CURRENT CORRELATION ENERGY": -0.1396930834611815,
    "CURRENT DIPOLE X": 0.0,
    "CURRENT DIPOLE Y": 0.0,
    "CURRENT DIPOLE Z": -2.3830889143680856,
    "CURRENT ENERGY": -460.1145026825456,
    "CURRENT REFERENCE ENERGY": -459.97480959908506,
    "HF TOTAL ENERGY": -459.9748095990851,
    "LCCSD (+LMP2) TOTAL ENERGY": -460.14949583453335,
    "MP2 CORRELATION ENERGY": -0.12015028361379437,
    "MP2 OPPOSITE-SPIN CORRELATION ENERGY": -0.09690771275019663,
    "MP2 SAME-SPIN CORRELATION ENERGY": -0.02324257086359774,
    "MP2 TOTAL ENERGY": -460.0949598826982,
    "NUCLEAR REPULSION ENERGY": 4.619887751475122,
    "ONE-ELECTRON ENERGY": -644.9174301891912,
    "PCM POLARIZATION ENERGY": 0.0,
    "PE ENERGY": 0.0,
    "SCF DIPOLE X": 0.0,
    "SCF DIPOLE Y": 0.0,
    "SCF DIPOLE Z": -2.3830889143680856,
    "SCF ITERATION ENERGY": -459.97480959908506,
    "SCF ITERATIONS": 9.0,
    "SCF TOTAL ENERGY": -459.97480959908506,
    "TWO-ELECTRON ENERGY": 180.32273283863097
}