{
    "CC D1 DIAGNOSTIC": 0.032442132710996066,
    "CC D2 DIAGNOSTIC": 0.23674536080640643,
    "CC NEW D1 DIAGNOSTIC": 0.032442132710996066,
    "CC T1 DIAGNOSTIC": 0.010360713532678284,
    "CCSD CORRELATION ENERGY": -0.2969053734753018,
    "CCSD OPPOSITE-SPIN CORRELATION ENERGY": -0.24072326001051186,
    "CCSD SAME-SPIN CORRELATION ENERGY": -0.056182113464789796,
    "CCSD TOTAL ENERGY": -149.79937405597013,
    "CURRENT CORRELATION ENERGY": -0.2969053734753018,
    "CURRENT DIPOLE X": 0.0,
    "CURRENT DIPOLE Y": 0.0,
    "CURRENT DIPOLE Z": 0.0,
    "CURRENT ENERGY": -149.79937405597013,
    "CURRENT REFERENCE ENERGY": -149.50246868249528,
    "HF TOTAL ENERGY": -149.50246868249525,
    "LCCSD (+LMP2) TOTAL ENERGY": -149.83455346297197,
    "MP2 CORRELATION ENERGY": -0.29726865806691466,
    "MP2 OPPOSITE-SPIN CORRELATION ENERGY": -0.22539076068629707,
    "MP2 SAME-SPIN CORRELATION ENERGY": -0.07187789738061759,
    "MP2 TOTAL ENERGY": -149.79973734056173,
    "NUCLEAR REPULSION ENERGY": 30.087504263808576,
    "ONE-ELECTRON ENERGY": -265.09873424770365,
    "PCM POLARIZATION ENERGY": 0.0,
    "PE ENERGY": 0.0,
    "SCF DIPOLE X": 0.0,
    "SCF DIPOLE Y": 0.0,
    "SCF DIPOLE Z": 0.0,
    "SCF ITERATION ENERGY": -149.50246868249528,
    "SCF ITERATIONS": 9.0,
    "SCF TOTAL ENERGY": -149.50246868249528,
    "TWO-ELECTRON ENERGY": 85.50876130139983
}