{
    "CC D1 DIAGNOSTIC": 0.03529670341790843,
    "CC D2 DIAGNOSTIC": 0.09560070103049699,
    "CC NEW D1 DIAGNOSTIC": 0.03529670341790843,
    "CC T1 DIAGNOSTIC": 0.015416866168648504,
    "CCSD CORRELATION ENERGY": -0.17822122345409436,
    "CCSD OPPOSITE-SPIN CORRELATION ENERGY": -0.1426971143328956,
    "CCSD SAME-SPIN CORRELATION ENERGY": -0.03552410912119877,
    "CCSD TOTAL ENERGY": -107.12648571890414,
    "CURRENT CORRELATION ENERGY": -0.17822122345409436,
    "CURRENT DIPOLE X": 0.0,
    "CURRENT DIPOLE Y": 0.0,
    "CURRENT DIPOLE Z": -5.730592444805356,
    "CURRENT ENERGY": -107.12648571890414,
    "CURRENT REFERENCE ENERGY": -106.94826449545008,
    "HF TOTAL ENERGY": -106.94826449545008,
    "LCCSD (+LMP2) TOTAL ENERGY": -107.12611730222999,
    "MP2 CORRELATION ENERGY": -0.17866291091746014,
    "MP2 OPPOSITE-SPIN CORRELATION ENERGY": -0.1353942676449415,
    "MP2 SAME-SPIN CORRELATION ENERGY": -0.04326864327251864,
    "MP2 TOTAL ENERGY": -107.12692740636751,
    "NUCLEAR REPULSION ENERGY": 10.283071077504198,
    "ONE-ELECTRON ENERGY": -171.67221223041952,
    "PCM POLARIZATION ENERGY": 0.0,
    "PE ENERGY": 0.0,
    "SCF DIPOLE X": 0.0,
    "SCF DIPOLE Y": 0.0,
    "SCF DIPOLE Z": -5.730592444805356,
    "SCF ITERATION ENERGY": -106.94826449545008,
    "SCF ITERATIONS": 10.0,
    "SCF TOTAL ENERGY": -106.94826449545008,
    "TWO-ELECTRON ENERGY": 54.44087665746525
}