{
    "CC D1 DIAGNOSTIC": 0.010825102532023954,
    "CC D2 DIAGNOSTIC": 0.07728936200651552,
    "CC NEW D1 DIAGNOSTIC": 0.010825102532023954,
    "CC T1 DIAGNOSTIC": 0.0043389986970787395,
    "CCSD CORRELATION ENERGY": -0.10434183714039671,
    "CCSD OPPOSITE-SPIN CORRELATION ENERGY": -0.08571028602255906,
    "CCSD SAME-SPIN CORRELATION ENERGY": -0.0186315511178375,
    "CCSD TOTAL ENERGY": -458.91664545222363,
    "CURRENT CORRELATION ENERGY": -0.10434183714039671,
    "CURRENT DIPOLE X": 0.0,
    "CURRENT DIPOLE Y": 0.0,
    "CURRENT DIPOLE Z": -1.4575562877059893,
    "CURRENT ENERGY": -458.91664545222363,
    "CURRENT REFERENCE ENERGY": -458.81230361508244,
    "HF TOTAL ENERGY": -458.81230361508244,
    "LCCSD (+LMP2) TOTAL ENERGY": -458.9773385129979,
    "MP2 CORRELATION ENERGY": -0.09586468218878058,
    "MP2 OPPOSITE-SPIN CORRELATION ENERGY": -0.07694711810633147,
    "MP2 SAME-SPIN CORRELATION ENERGY": -0.018917564082449115,
    "MP2 TOTAL ENERGY": -458.908168297272,
    "NUCLEAR REPULSION ENERGY": 14.673823800791881,
    "ONE-ELECTRON ENERGY": -661.4638768117237,
    "PCM POLARIZATION ENERGY": 0.0,
    "PE ENERGY": 0.0,
    "SCF DIPOLE X": 0.0,
    "SCF DIPOLE Y": 0.0,
    "SCF DIPOLE Z": -1.4575562877059893,
    "SCF ITERATION ENERGY": -458.81230361508244,
    "SCF ITERATIONS": 9.0,
    "SCF TOTAL ENERGY": -458.81230361508244,
    "TWO-ELECTRON ENERGY": 187.97774939584937
}