{
    "CC D1 DIAGNOSTIC": 0.0408370980370123,
    "CC D2 DIAGNOSTIC": 0.09534109403037198,
    "CC NEW D1 DIAGNOSTIC": 0.0408370980370123,
    "CC T1 DIAGNOSTIC": 0.018292497324330904,
    "CCSD CORRELATION ENERGY": -0.18102285857109043,
    "CCSD OPPOSITE-SPIN CORRELATION ENERGY": -0.1451619555704931,
    "CCSD SAME-SPIN CORRELATION ENERGY": -0.035860903000597355,
    "CCSD TOTAL ENERGY": -107.13837405042003,
    "CURRENT CORRELATION ENERGY": -0.18102285857109043,
    "CURRENT DIPOLE X": 0.0,
    "CURRENT DIPOLE Y": 0.0,
    "CURRENT DIPOLE Z": -7.053237648385801,
    "CURRENT ENERGY": -107.13837405042003,
    "CURRENT REFERENCE ENERGY": -106.95735119184896,
    "HF TOTAL ENERGY": -106.95735119184896,
    "LCCSD (+LMP2) TOTAL ENERGY": -107.1351322431986,
    "MP2 CORRELATION ENERGY": -0.18176918414902757,
    "MP2 OPPOSITE-SPIN CORRELATION ENERGY": -0.13768559777552927,
    "MP2 SAME-SPIN CORRELATION ENERGY": -0.044083586373498296,
    "MP2 TOTAL ENERGY": -107.13912037599796,
    "NUCLEAR REPULSION ENERGY": 8.412038913993817,
    "ONE-ELECTRON ENERGY": -168.2656816561379,
    "PCM POLARIZATION ENERGY": 0.0,
    "PE ENERGY": 0.0,
    "SCF DIPOLE X": 0.0,
    "SCF DIPOLE Y": 0.0,
    "SCF DIPOLE Z": -7.053237648385801,
    "SCF ITERATION ENERGY": -106.95735119184896,
    "SCF ITERATIONS": 10.0,
    "SCF TOTAL ENERGY": -106.95735119184896,
    "TWO-ELECTRON ENERGY": 52.89629155029512
}