{
    "CC D1 DIAGNOSTIC": 0.015169174347305414,
    "CC D2 DIAGNOSTIC": 0.1973084151078451,
    "CC NEW D1 DIAGNOSTIC": 0.015169174347305414,
    "CC T1 DIAGNOSTIC": 0.006352151887436778,
    "CCSD CORRELATION ENERGY": -0.25314151518545974,
    "CCSD OPPOSITE-SPIN CORRELATION ENERGY": -0.20380490385634736,
    "CCSD SAME-SPIN CORRELATION ENERGY": -0.049336611329112434,
    "CCSD TOTAL ENERGY": -149.33528223712833,
    "CURRENT CORRELATION ENERGY": -0.25314151518545974,
    "CURRENT DIPOLE X": 0.0,
    "CURRENT DIPOLE Y": 0.0,
    "CURRENT DIPOLE Z": 0.0,
    "CURRENT ENERGY": -149.33528223712833,
    "CURRENT REFERENCE ENERGY": -149.08214072194284,
    "HF TOTAL ENERGY": -149.08214072194284,
    "LCCSD (+LMP2) TOTAL ENERGY": -149.37903970492877,
    "MP2 CORRELATION ENERGY": -0.24277166861566313,
    "MP2 OPPOSITE-SPIN CORRELATION ENERGY": -0.18666326385405935,
    "MP2 SAME-SPIN CORRELATION ENERGY": -0.05610840476160378,
    "MP2 TOTAL ENERGY": -149.32491239055852,
    "NUCLEAR REPULSION ENERGY": 38.957230954295504,
    "ONE-ELECTRON ENERGY": -281.03535641863465,
    "PCM POLARIZATION ENERGY": 0.0,
    "PE ENERGY": 0.0,
    "SCF DIPOLE X": 0.0,
    "SCF DIPOLE Y": 0.0,
    "SCF DIPOLE Z": 0.0,
    "SCF ITERATION ENERGY": -149.08214072194284,
    "SCF ITERATIONS": 9.0,
    "SCF TOTAL ENERGY": -149.08214072194284,
    "TWO-ELECTRON ENERGY": 92.9959847423963
}