{
    "CC D1 DIAGNOSTIC": 0.024554913090978698,
    "CC D2 DIAGNOSTIC": 0.1311664974183171,
    "CC NEW D1 DIAGNOSTIC": 0.024554913090978698,
    "CC T1 DIAGNOSTIC": 0.010605932503793384,
    "CCSD CORRELATION ENERGY": -0.23261385312771374,
    "CCSD OPPOSITE-SPIN CORRELATION ENERGY": -0.18660135735553654,
    "CCSD SAME-SPIN CORRELATION ENERGY": -0.04601249577217714,
    "CCSD TOTAL ENERGY": -112.7873277453407,
    "CURRENT CORRELATION ENERGY": -0.23261385312771374,
    "CURRENT DIPOLE X": 0.0,
    "CURRENT DIPOLE Y": 0.0,
    "CURRENT DIPOLE Z": 0.3855820600273115,
    "CURRENT ENERGY": -112.7873277453407,
    "CURRENT REFERENCE ENERGY": -112.55471389221299,
    "HF TOTAL ENERGY": -112.55471389221299,
    "LCCSD (+LMP2) TOTAL ENERGY": -112.78741943709616,
    "MP2 CORRELATION ENERGY": -0.22870050694440897,
    "MP2 OPPOSITE-SPIN CORRELATION ENERGY": -0.1742145846890412,
    "MP2 SAME-SPIN CORRELATION ENERGY": -0.054485922255367775,
    "MP2 TOTAL ENERGY": -112.7834143991574,
    "NUCLEAR REPULSION ENERGY": 27.32270657470184,
    "ONE-ELECTRON ENERGY": -206.66902332921347,
    "PCM POLARIZATION ENERGY": 0.0,
    "PE ENERGY": 0.0,
    "SCF DIPOLE X": 0.0,
    "SCF DIPOLE Y": 0.0,
    "SCF DIPOLE Z": 0.3855820600273115,
    "SCF ITERATION ENERGY": -112.55471389221299,
    "SCF ITERATIONS": 9.0,
    "SCF TOTAL ENERGY": -112.55471389221299,
    "TWO-ELECTRON ENERGY": 66.79160286229865
}