{
    "CC D1 DIAGNOSTIC": 0.038464310680352436,
    "CC D2 DIAGNOSTIC": 0.09213710549611928,
    "CC NEW D1 DIAGNOSTIC": 0.038464310680352436,
    "CC T1 DIAGNOSTIC": 0.014541815361510562,
    "CCSD CORRELATION ENERGY": -0.29253136463905977,
    "CCSD OPPOSITE-SPIN CORRELATION ENERGY": -0.22738471780910208,
    "CCSD SAME-SPIN CORRELATION ENERGY": -0.06514664682995774,
    "CCSD TOTAL ENERGY": -261.6242616042274,
    "CURRENT CORRELATION ENERGY": -0.29253136463905977,
    "CURRENT DIPOLE X": 0.0,
    "CURRENT DIPOLE Y": 0.0,
    "CURRENT DIPOLE Z": -8.073040569307325,
    "CURRENT ENERGY": -261.6242616042274,
    "CURRENT REFERENCE ENERGY": -261.331730239587,
    "HF TOTAL ENERGY": -261.331730239587,
    "LCCSD (+LMP2) TOTAL ENERGY": -261.6242616042274,
    "MP2 CORRELATION ENERGY": -0.29427339654409423,
    "MP2 OPPOSITE-SPIN CORRELATION ENERGY": -0.2185537483697113,
    "MP2 SAME-SPIN CORRELATION ENERGY": -0.07571964817438293,
    "MP2 TOTAL ENERGY": -261.62600363613245,
    "NUCLEAR REPULSION ENERGY": 28.562521170985406,
    "ONE-ELECTRON ENERGY": -427.1281329798353,
    "PCM POLARIZATION ENERGY": 0.0,
    "PE ENERGY": 0.0,
    "SCF DIPOLE X": 0.0,
    "SCF DIPOLE Y": 0.0,
    "SCF DIPOLE Z": -8.073040569307325,
    "SCF ITERATION ENERGY": -261.331730239587,
    "SCF ITERATIONS": 10.0,
    "SCF TOTAL ENERGY": -261.331730239587,
    "TWO-ELECTRON ENERGY": 137.2338815692629
}