{
    "CC D1 DIAGNOSTIC": 0.05544465879989186,
    "CC D2 DIAGNOSTIC": 0.23196521397789524,
    "CC NEW D1 DIAGNOSTIC": 0.05544465879989186,
    "CC T1 DIAGNOSTIC": 0.018002208298572624,
    "CCSD CORRELATION ENERGY": -0.1904743467453648,
    "CCSD OPPOSITE-SPIN CORRELATION ENERGY": -0.15782542388112425,
    "CCSD SAME-SPIN CORRELATION ENERGY": -0.03264892286424012,
    "CCSD TOTAL ENERGY": -100.10246989469144,
    "CURRENT CORRELATION ENERGY": -0.1904743467453648,
    "CURRENT DIPOLE X": 0.0,
    "CURRENT DIPOLE Y": 0.0,
    "CURRENT DIPOLE Z": -3.007880119473836,
    "CURRENT ENERGY": -100.10246989469144,
    "CURRENT REFERENCE ENERGY": -99.91199554794602,
    "HF TOTAL ENERGY": -99.91199554794602,
    "LCCSD (+LMP2) TOTAL ENERGY": -100.07883579744355,
    "MP2 CORRELATION ENERGY": -0.18600672099843865,
    "MP2 OPPOSITE-SPIN CORRELATION ENERGY": -0.14262417417673073,
    "MP2 SAME-SPIN CORRELATION ENERGY": -0.04338254682170792,
    "MP2 TOTAL ENERGY": -100.09800226894451,
    "NUCLEAR REPULSION ENERGY": 3.3548898559644957,
    "ONE-ELECTRON ENERGY": -147.384322248165,
    "PCM POLARIZATION ENERGY": 0.0,
    "PE ENERGY": 0.0,
    "SCF DIPOLE X": 0.0,
    "SCF DIPOLE Y": 0.0,
    "SCF DIPOLE Z": -3.007880119473836,
    "SCF ITERATION ENERGY": -99.91199554794602,
    "SCF ITERATIONS": 10.0,
    "SCF TOTAL ENERGY": -99.91199554794602,
    "TWO-ELECTRON ENERGY": 44.117436844254485
}