{
    "CC D1 DIAGNOSTIC": 0.06514759082433023,
    "CC D2 DIAGNOSTIC": 0.2552003786872259,
    "CC NEW D1 DIAGNOSTIC": 0.06514759082433023,
    "CC T1 DIAGNOSTIC": 0.020967882011465107,
    "CCSD CORRELATION ENERGY": -0.19521492345064756,
    "CCSD OPPOSITE-SPIN CORRELATION ENERGY": -0.16272583730789805,
    "CCSD SAME-SPIN CORRELATION ENERGY": -0.03248908614274912,
    "CCSD TOTAL ENERGY": -100.08954562687717,
    "CURRENT CORRELATION ENERGY": -0.19521492345064756,
    "CURRENT DIPOLE X": 0.0,
    "CURRENT DIPOLE Y": 0.0,
    "CURRENT DIPOLE Z": -3.1059871859065336,
    "CURRENT ENERGY": -100.08954562687717,
    "CURRENT REFERENCE ENERGY": -99.89433070342658,
    "HF TOTAL ENERGY": -99.89433070342656,
    "LCCSD (+LMP2) TOTAL ENERGY": -100.09220298131264,
    "MP2 CORRELATION ENERGY": -0.1896670190723724,
    "MP2 OPPOSITE-SPIN CORRELATION ENERGY": -0.14578696652039894,
    "MP2 SAME-SPIN CORRELATION ENERGY": -0.04388005255197347,
    "MP2 TOTAL ENERGY": -100.08399772249889,
    "NUCLEAR REPULSION ENERGY": 3.2018796767228723,
    "ONE-ELECTRON ENERGY": -147.1056836794775,
    "PCM POLARIZATION ENERGY": 0.0,
    "PE ENERGY": 0.0,
    "SCF DIPOLE X": 0.0,
    "SCF DIPOLE Y": 0.0,
    "SCF DIPOLE Z": -3.1059871859065336,
    "SCF ITERATION ENERGY": -99.89433070342658,
    "SCF ITERATIONS": 10.0,
    "SCF TOTAL ENERGY": -99.89433070342658,
    "TWO-ELECTRON ENERGY": 44.00947329932804
}