{
    "CC D1 DIAGNOSTIC": 0.03630999791850528,
    "CC D2 DIAGNOSTIC": 0.3236143580895948,
    "CC NEW D1 DIAGNOSTIC": 0.03630999791850528,
    "CC T1 DIAGNOSTIC": 0.00895011319149121,
    "CCSD CORRELATION ENERGY": -0.26364987141622787,
    "CCSD OPPOSITE-SPIN CORRELATION ENERGY": -0.2110407215988415,
    "CCSD SAME-SPIN CORRELATION ENERGY": -0.052609149817386486,
    "CCSD TOTAL ENERGY": -257.7562741806239,
    "CURRENT CORRELATION ENERGY": -0.26364987141622787,
    "CURRENT DIPOLE X": 0.0,
    "CURRENT DIPOLE Y": 0.0,
    "CURRENT DIPOLE Z": 3.533889093711064,
    "CURRENT ENERGY": -257.7562741806239,
    "CURRENT REFERENCE ENERGY": -257.4926243092076,
    "HF TOTAL ENERGY": -257.4926243092076,
    "LCCSD (+LMP2) TOTAL ENERGY": -257.7576665597899,
    "MP2 CORRELATION ENERGY": -0.24402241594751894,
    "MP2 OPPOSITE-SPIN CORRELATION ENERGY": -0.18822413188401838,
    "MP2 SAME-SPIN CORRELATION ENERGY": -0.05579828406350057,
    "MP2 TOTAL ENERGY": -257.7366467251552,
    "NUCLEAR REPULSION ENERGY": 75.27307023400482,
    "ONE-ELECTRON ENERGY": -497.6735856322558,
    "PCM POLARIZATION ENERGY": 0.0,
    "PE ENERGY": 0.0,
    "SCF DIPOLE X": 0.0,
    "SCF DIPOLE Y": 0.0,
    "SCF DIPOLE Z": 3.533889093711064,
    "SCF ITERATION ENERGY": -257.4926243092076,
    "SCF ITERATIONS": 11.0,
    "SCF TOTAL ENERGY": -257.4926243092076,
    "TWO-ELECTRON ENERGY": 164.9078910890434
}