{
    "CC D1 DIAGNOSTIC": 0.04613734040255379,
    "CC D2 DIAGNOSTIC": 0.15258540460973072,
    "CC NEW D1 DIAGNOSTIC": 0.04613734040255379,
    "CC T1 DIAGNOSTIC": 0.015208019343726014,
    "CCSD CORRELATION ENERGY": -0.3988902822211337,
    "CCSD OPPOSITE-SPIN CORRELATION ENERGY": -0.31457905820665805,
    "CCSD SAME-SPIN CORRELATION ENERGY": -0.0843112240144756,
    "CCSD TOTAL ENERGY": -187.95733196527587,
    "CURRENT CORRELATION ENERGY": -0.3988902822211337,
    "CURRENT DIPOLE X": 0.0,
    "CURRENT DIPOLE Y": 0.0,
    "CURRENT DIPOLE Z": 0.0,
    "CURRENT ENERGY": -187.95733196527587,
    "CURRENT REFERENCE ENERGY": -187.55844168305475,
    "HF TOTAL ENERGY": -187.55844168305475,
    "LCCSD (+LMP2) TOTAL ENERGY": -187.95726307200871,
    "MP2 CORRELATION ENERGY": -0.41202032067521027,
    "MP2 OPPOSITE-SPIN CORRELATION ENERGY": -0.30635194964375867,
    "MP2 SAME-SPIN CORRELATION ENERGY": -0.1056683710314516,
    "MP2 TOTAL ENERGY": -187.97046200372992,
    "NUCLEAR REPULSION ENERGY": 60.58068274241006,
    "ONE-ELECTRON ENERGY": -376.1373285068733,
    "PCM POLARIZATION ENERGY": 0.0,
    "PE ENERGY": 0.0,
    "SCF DIPOLE X": 0.0,
    "SCF DIPOLE Y": 0.0,
    "SCF DIPOLE Z": 0.0,
    "SCF ITERATION ENERGY": -187.55844168305475,
    "SCF ITERATIONS": 10.0,
    "SCF TOTAL ENERGY": -187.55844168305475,
    "TWO-ELECTRON ENERGY": 127.99820408140852
}