{
    "CC D1 DIAGNOSTIC": 0.12695442982205826,
    "CC D2 DIAGNOSTIC": 0.20357606728641423,
    "CC NEW D1 DIAGNOSTIC": 0.12695442982205826,
    "CC T1 DIAGNOSTIC": 0.03715592144995206,
    "CCSD CORRELATION ENERGY": -0.2006604460883655,
    "CCSD OPPOSITE-SPIN CORRELATION ENERGY": -0.16189766219333304,
    "CCSD SAME-SPIN CORRELATION ENERGY": -0.03876278389503243,
    "CCSD TOTAL ENERGY": -105.65644046511353,
    "CURRENT CORRELATION ENERGY": -0.2006604460883655,
    "CURRENT DIPOLE X": 0.0,
    "CURRENT DIPOLE Y": 0.0,
    "CURRENT DIPOLE Z": -0.6824009137512308,
    "CURRENT ENERGY": -105.65644046511353,
    "CURRENT REFERENCE ENERGY": -105.45578001902524,
    "HF TOTAL ENERGY": -105.45578001902524,
    "LCCSD (+LMP2) TOTAL ENERGY": -105.65409085285994,
    "MP2 CORRELATION ENERGY": -0.20174447471314602,
    "MP2 OPPOSITE-SPIN CORRELATION ENERGY": -0.15261180908842267,
    "MP2 SAME-SPIN CORRELATION ENERGY": -0.04913266562472335,
    "MP2 TOTAL ENERGY": -105.65752449373832,
    "NUCLEAR REPULSION ENERGY": 20.093774932366856,
    "ONE-ELECTRON ENERGY": -185.6937426691729,
    "PCM POLARIZATION ENERGY": 0.0,
    "PE ENERGY": 0.0,
    "SCF DIPOLE X": 0.0,
    "SCF DIPOLE Y": 0.0,
    "SCF DIPOLE Z": -0.6824009137512308,
    "SCF ITERATION ENERGY": -105.45578001902524,
    "SCF ITERATIONS": 12.0,
    "SCF TOTAL ENERGY": -105.45578001902524,
    "TWO-ELECTRON ENERGY": 60.1441877177808
}