{
    "CC D1 DIAGNOSTIC": 0.1510385073500562,
    "CC D2 DIAGNOSTIC": 0.44949385853491025,
    "CC NEW D1 DIAGNOSTIC": 0.1510385073500562,
    "CC T1 DIAGNOSTIC": 0.04784582833392381,
    "CCSD CORRELATION ENERGY": -0.2313938898529926,
    "CCSD OPPOSITE-SPIN CORRELATION ENERGY": -0.20105391703590303,
    "CCSD SAME-SPIN CORRELATION ENERGY": -0.030339972817091942,
    "CCSD TOTAL ENERGY": -100.028970926018,
    "CURRENT CORRELATION ENERGY": -0.2313938898529926,
    "CURRENT DIPOLE X": 0.0,
    "CURRENT DIPOLE Y": 0.0,
    "CURRENT DIPOLE Z": -3.7334144323509535,
    "CURRENT ENERGY": -100.028970926018,
    "CURRENT REFERENCE ENERGY": -99.797577036165,
    "HF TOTAL ENERGY": -99.797577036165,
    "LCCSD (+LMP2) TOTAL ENERGY": -100.10085592830829,
    "MP2 CORRELATION ENERGY": -0.21483382291664485,
    "MP2 OPPOSITE-SPIN CORRELATION ENERGY": -0.16846464157889907,
    "MP2 SAME-SPIN CORRELATION ENERGY": -0.046369181337745785,
    "MP2 TOTAL ENERGY": -100.01241085908165,
    "NUCLEAR REPULSION ENERGY": 2.484289342883277,
    "ONE-ELECTRON ENERGY": -145.77924805711677,
    "PCM POLARIZATION ENERGY": 0.0,
    "PE ENERGY": 0.0,
    "SCF DIPOLE X": 0.0,
    "SCF DIPOLE Y": 0.0,
    "SCF DIPOLE Z": -3.7334144323509535,
    "SCF ITERATION ENERGY": -99.797577036165,
    "SCF ITERATIONS": 10.0,
    "SCF TOTAL ENERGY": -99.797577036165,
    "TWO-ELECTRON ENERGY": 43.497381678068514
}