{
    "CC D1 DIAGNOSTIC": 0.06952926658444265,
    "CC D2 DIAGNOSTIC": 0.17591460668923145,
    "CC NEW D1 DIAGNOSTIC": 0.06952926658444265,
    "CC T1 DIAGNOSTIC": 0.027348016932942216,
    "CCSD CORRELATION ENERGY": -0.2752576598774293,
    "CCSD OPPOSITE-SPIN CORRELATION ENERGY": -0.2221194947390248,
    "CCSD SAME-SPIN CORRELATION ENERGY": -0.05313816513840444,
    "CCSD TOTAL ENERGY": -112.93441942107552,
    "CURRENT CORRELATION ENERGY": -0.2752576598774293,
    "CURRENT DIPOLE X": 0.0,
    "CURRENT DIPOLE Y": 0.0,
    "CURRENT DIPOLE Z": -1.2323927020851868,
    "CURRENT ENERGY": -112.93441942107552,
    "CURRENT REFERENCE ENERGY": -112.65916176119823,
    "HF TOTAL ENERGY": -112.65916176119823,
    "LCCSD (+LMP2) TOTAL ENERGY": -112.93250889561293,
    "MP2 CORRELATION ENERGY": -0.28685071987110694,
    "MP2 OPPOSITE-SPIN CORRELATION ENERGY": -0.21427908622651792,
    "MP2 SAME-SPIN CORRELATION ENERGY": -0.07257163364458902,
    "MP2 TOTAL ENERGY": -112.9460124810692,
    "NUCLEAR REPULSION ENERGY": 19.900396520944252,
    "ONE-ELECTRON ENERGY": -192.88592204485678,
    "PCM POLARIZATION ENERGY": 0.0,
    "PE ENERGY": 0.0,
    "SCF DIPOLE X": 0.0,
    "SCF DIPOLE Y": 0.0,
    "SCF DIPOLE Z": -1.2323927020851868,
    "SCF ITERATION ENERGY": -112.65916176119823,
    "SCF ITERATIONS": 10.0,
    "SCF TOTAL ENERGY": -112.65916176119823,
    "TWO-ELECTRON ENERGY": 60.32636376271431
}