{
    "CC D1 DIAGNOSTIC": 0.03500638470934776,
    "CC D2 DIAGNOSTIC": 0.21413892596619377,
    "CC NEW D1 DIAGNOSTIC": 0.03500638470934776,
    "CC T1 DIAGNOSTIC": 0.014368807500000058,
    "CCSD CORRELATION ENERGY": -0.30999864093265755,
    "CCSD OPPOSITE-SPIN CORRELATION ENERGY": -0.25511556692251075,
    "CCSD SAME-SPIN CORRELATION ENERGY": -0.05488307401014675,
    "CCSD TOTAL ENERGY": -109.13672076663867,
    "CURRENT CORRELATION ENERGY": -0.30999864093265755,
    "CURRENT DIPOLE X": 0.0,
    "CURRENT DIPOLE Y": 0.0,
    "CURRENT DIPOLE Z": -5.643810867306312e-16,
    "CURRENT ENERGY": -109.13672076663867,
    "CURRENT REFERENCE ENERGY": -108.82672212570606,
    "HF TOTAL ENERGY": -108.82672212570606,
    "LCCSD (+LMP2) TOTAL ENERGY": -109.1543767438973,
    "MP2 CORRELATION ENERGY": -0.342410028409173,
    "MP2 OPPOSITE-SPIN CORRELATION ENERGY": -0.2524850032096678,
    "MP2 SAME-SPIN CORRELATION ENERGY": -0.08992502519950518,
    "MP2 TOTAL ENERGY": -109.16913215411519,
    "NUCLEAR REPULSION ENERGY": 20.557796738020595,
    "ONE-ELECTRON ENERGY": -187.8316195224723,
    "PCM POLARIZATION ENERGY": 0.0,
    "PE ENERGY": 0.0,
    "SCF DIPOLE X": 0.0,
    "SCF DIPOLE Y": 0.0,
    "SCF DIPOLE Z": -5.643810867306312e-16,
    "SCF ITERATION ENERGY": -108.82672212570606,
    "SCF ITERATIONS": 8.0,
    "SCF TOTAL ENERGY": -108.82672212570606,
    "TWO-ELECTRON ENERGY": 58.447100658745654
}