{
    "CC D1 DIAGNOSTIC": 0.09938749380067295,
    "CC D2 DIAGNOSTIC": 0.23156241484445297,
    "CC NEW D1 DIAGNOSTIC": 0.09938749380067295,
    "CC T1 DIAGNOSTIC": 0.02942693101171686,
    "CCSD CORRELATION ENERGY": -0.2057928627579907,
    "CCSD OPPOSITE-SPIN CORRELATION ENERGY": -0.16757856846675248,
    "CCSD SAME-SPIN CORRELATION ENERGY": -0.03821429429123793,
    "CCSD TOTAL ENERGY": -105.49890830941999,
    "CURRENT CORRELATION ENERGY": -0.2057928627579907,
    "CURRENT DIPOLE X": 0.0,
    "CURRENT DIPOLE Y": 0.0,
    "CURRENT DIPOLE Z": 0.08583080271362593,
    "CURRENT ENERGY": -105.49890830941999,
    "CURRENT REFERENCE ENERGY": -105.29311544666197,
    "HF TOTAL ENERGY": -105.29311544666197,
    "LCCSD (+LMP2) TOTAL ENERGY": -105.49984292149765,
    "MP2 CORRELATION ENERGY": -0.20596225513912994,
    "MP2 OPPOSITE-SPIN CORRELATION ENERGY": -0.15653765811299641,
    "MP2 SAME-SPIN CORRELATION ENERGY": -0.04942459702613353,
    "MP2 TOTAL ENERGY": -105.49907770180113,
    "NUCLEAR REPULSION ENERGY": 20.753789437444606,
    "ONE-ELECTRON ENERGY": -185.99507992312485,
    "PCM POLARIZATION ENERGY": 0.0,
    "PE ENERGY": 0.0,
    "SCF DIPOLE X": 0.0,
    "SCF DIPOLE Y": 0.0,
    "SCF DIPOLE Z": 0.08583080271362593,
    "SCF ITERATION ENERGY": -105.29311544666197,
    "SCF ITERATIONS": 12.0,
    "SCF TOTAL ENERGY": -105.29311544666197,
    "TWO-ELECTRON ENERGY": 59.94817503901828
}