{
    "CC D1 DIAGNOSTIC": 0.06122508835665467,
    "CC D2 DIAGNOSTIC": 0.17018414063896742,
    "CC NEW D1 DIAGNOSTIC": 0.06122508835665467,
    "CC T1 DIAGNOSTIC": 0.02412209835755571,
    "CCSD CORRELATION ENERGY": -0.2693639361221245,
    "CCSD OPPOSITE-SPIN CORRELATION ENERGY": -0.21724846743327897,
    "CCSD SAME-SPIN CORRELATION ENERGY": -0.052115468688845534,
    "CCSD TOTAL ENERGY": -112.94690778794848,
    "CURRENT CORRELATION ENERGY": -0.2693639361221245,
    "CURRENT DIPOLE X": 0.0,
    "CURRENT DIPOLE Y": 0.0,
    "CURRENT DIPOLE Z": -1.0058424852846193,
    "CURRENT ENERGY": -112.94690778794848,
    "CURRENT REFERENCE ENERGY": -112.6775438518264,
    "HF TOTAL ENERGY": -112.67754385182639,
    "LCCSD (+LMP2) TOTAL ENERGY": -112.94692395904018,
    "MP2 CORRELATION ENERGY": -0.2783475944429047,
    "MP2 OPPOSITE-SPIN CORRELATION ENERGY": -0.2085098778509387,
    "MP2 SAME-SPIN CORRELATION ENERGY": -0.069837716591966,
    "MP2 TOTAL ENERGY": -112.95589144626926,
    "NUCLEAR REPULSION ENERGY": 20.631431495183023,
    "ONE-ELECTRON ENERGY": -194.2814674021935,
    "PCM POLARIZATION ENERGY": 0.0,
    "PE ENERGY": 0.0,
    "SCF DIPOLE X": 0.0,
    "SCF DIPOLE Y": 0.0,
    "SCF DIPOLE Z": -1.0058424852846193,
    "SCF ITERATION ENERGY": -112.6775438518264,
    "SCF ITERATIONS": 10.0,
    "SCF TOTAL ENERGY": -112.6775438518264,
    "TWO-ELECTRON ENERGY": 60.972492055184084
}