{
    "CC D1 DIAGNOSTIC": 0.012279008994492245,
    "CC D2 DIAGNOSTIC": 0.12645617130426842,
    "CC NEW D1 DIAGNOSTIC": 0.012279008994492245,
    "CC T1 DIAGNOSTIC": 0.005985790367812902,
    "CCSD CORRELATION ENERGY": -0.23296920429782492,
    "CCSD OPPOSITE-SPIN CORRELATION ENERGY": -0.18675347266298156,
    "CCSD SAME-SPIN CORRELATION ENERGY": -0.04621573163484313,
    "CCSD TOTAL ENERGY": -108.8317942968527,
    "CURRENT CORRELATION ENERGY": -0.23296920429782492,
    "CURRENT DIPOLE X": 0.0,
    "CURRENT DIPOLE Y": 0.0,
    "CURRENT DIPOLE Z": -2.821905433653156e-16,
    "CURRENT ENERGY": -108.8317942968527,
    "CURRENT REFERENCE ENERGY": -108.59882509255482,
    "HF TOTAL ENERGY": -108.59882509255482,
    "LCCSD (+LMP2) TOTAL ENERGY": -108.99213300011631,
    "MP2 CORRELATION ENERGY": -0.22892521294490498,
    "MP2 OPPOSITE-SPIN CORRELATION ENERGY": -0.17443333253411591,
    "MP2 SAME-SPIN CORRELATION ENERGY": -0.05449188041078906,
    "MP2 TOTAL ENERGY": -108.82775030549978,
    "NUCLEAR REPULSION ENERGY": 30.35298224260689,
    "ONE-ELECTRON ENERGY": -206.29145113544746,
    "PCM POLARIZATION ENERGY": 0.0,
    "PE ENERGY": 0.0,
    "SCF DIPOLE X": 0.0,
    "SCF DIPOLE Y": 0.0,
    "SCF DIPOLE Z": -2.821905433653156e-16,
    "SCF ITERATION ENERGY": -108.59882509255482,
    "SCF ITERATIONS": 8.0,
    "SCF TOTAL ENERGY": -108.59882509255482,
    "TWO-ELECTRON ENERGY": 67.33964380028576
}