{
    "CC D1 DIAGNOSTIC": 0.02178845880021531,
    "CC D2 DIAGNOSTIC": 0.11726586204325137,
    "CC NEW D1 DIAGNOSTIC": 0.02178845880021531,
    "CC T1 DIAGNOSTIC": 0.008578360389691937,
    "CCSD CORRELATION ENERGY": -0.3489957700678224,
    "CCSD OPPOSITE-SPIN CORRELATION ENERGY": -0.2727653734968569,
    "CCSD SAME-SPIN CORRELATION ENERGY": -0.07623039657096536,
    "CCSD TOTAL ENERGY": -187.29424125740323,
    "CURRENT CORRELATION ENERGY": -0.3489957700678224,
    "CURRENT DIPOLE X": 0.0,
    "CURRENT DIPOLE Y": 0.0,
    "CURRENT DIPOLE Z": 0.0,
    "CURRENT ENERGY": -187.29424125740323,
    "CURRENT REFERENCE ENERGY": -186.9452454873351,
    "HF TOTAL ENERGY": -186.9452454873351,
    "LCCSD (+LMP2) TOTAL ENERGY": -187.29436944730188,
    "MP2 CORRELATION ENERGY": -0.34947133840003153,
    "MP2 OPPOSITE-SPIN CORRELATION ENERGY": -0.2613475330525334,
    "MP2 SAME-SPIN CORRELATION ENERGY": -0.08812380534749814,
    "MP2 TOTAL ENERGY": -187.29471682573543,
    "NUCLEAR REPULSION ENERGY": 76.58637448969455,
    "ONE-ELECTRON ENERGY": -406.2015966868752,
    "PCM POLARIZATION ENERGY": 0.0,
    "PE ENERGY": 0.0,
    "SCF DIPOLE X": 0.0,
    "SCF DIPOLE Y": 0.0,
    "SCF DIPOLE Z": 0.0,
    "SCF ITERATION ENERGY": -186.9452454873351,
    "SCF ITERATIONS": 9.0,
    "SCF TOTAL ENERGY": -186.9452454873351,
    "TWO-ELECTRON ENERGY": 142.66997670984554
}