{
    "CC D1 DIAGNOSTIC": 0.018168432027679714,
    "CC D2 DIAGNOSTIC": 0.12638805576839068,
    "CC NEW D1 DIAGNOSTIC": 0.018168432027679714,
    "CC T1 DIAGNOSTIC": 0.007273098607754077,
    "CCSD CORRELATION ENERGY": -0.16504090265597504,
    "CCSD OPPOSITE-SPIN CORRELATION ENERGY": -0.13286759570128862,
    "CCSD SAME-SPIN CORRELATION ENERGY": -0.03217330695468623,
    "CCSD TOTAL ENERGY": -100.17958320573236,
    "CURRENT CORRELATION ENERGY": -0.16504090265597504,
    "CURRENT DIPOLE X": 0.0,
    "CURRENT DIPOLE Y": 0.0,
    "CURRENT DIPOLE Z": -2.436677547021788,
    "CURRENT ENERGY": -100.17958320573236,
    "CURRENT REFERENCE ENERGY": -100.01454230307625,
    "HF TOTAL ENERGY": -100.01454230307624,
    "LCCSD (+LMP2) TOTAL ENERGY": -100.18184230355163,
    "MP2 CORRELATION ENERGY": -0.1637542313957434,
    "MP2 OPPOSITE-SPIN CORRELATION ENERGY": -0.12439212901939226,
    "MP2 SAME-SPIN CORRELATION ENERGY": -0.039362102376351155,
    "MP2 TOTAL ENERGY": -100.17829653447212,
    "NUCLEAR REPULSION ENERGY": 4.774591356725291,
    "ONE-ELECTRON ENERGY": -149.90269219022306,
    "PCM POLARIZATION ENERGY": 0.0,
    "PE ENERGY": 0.0,
    "SCF DIPOLE X": 0.0,
    "SCF DIPOLE Y": 0.0,
    "SCF DIPOLE Z": -2.436677547021788,
    "SCF ITERATION ENERGY": -100.01454230307625,
    "SCF ITERATIONS": 9.0,
    "SCF TOTAL ENERGY": -100.01454230307625,
    "TWO-ELECTRON ENERGY": 45.11355853042153
}