{
    "CURRENT CORRELATION ENERGY": -0.8550017433999528,
    "CURRENT DIPOLE X": -5.2255943434051384e-15,
    "CURRENT DIPOLE Y": -2.741010224830368e-14,
    "CURRENT DIPOLE Z": -1.8342385318745515e-12,
    "CURRENT ENERGY": -5145.419034917169,
    "CURRENT REFERENCE ENERGY": -5144.564033173769,
    "CUSTOM SCS-MP2 CORRELATION ENERGY": -0.7866482487804469,
    "CUSTOM SCS-MP2 TOTAL ENERGY": -5145.350681422549,
    "HF TOTAL ENERGY": -5144.564033173769,
    "MP2 CORRELATION ENERGY": -0.8550017433999528,
    "MP2 OPPOSITE-SPIN CORRELATION ENERGY": -0.5788242319006508,
    "MP2 SAME-SPIN CORRELATION ENERGY": -0.2761775114989979,
    "MP2 TOTAL ENERGY": -5145.419034917169,
    "NUCLEAR REPULSION ENERGY": 324.121041535375,
    "ONE-ELECTRON ENERGY": -7811.0995065628695,
    "PCM POLARIZATION ENERGY": 0.0,
    "PE ENERGY": 0.0,
    "SCF DIPOLE X": -5.2255943434051384e-15,
    "SCF DIPOLE Y": -2.741010224830368e-14,
    "SCF DIPOLE Z": -1.8342385318745515e-12,
    "SCF ITERATION ENERGY": -5144.564033173769,
    "SCF ITERATIONS": 8.0,
    "SCF TOTAL ENERGY": -5144.564033173769,
    "SCS-MP2 CORRELATION ENERGY": -0.7866482487804469,
    "SCS-MP2 TOTAL ENERGY": -5145.350681422549,
    "SCS-MP2-VDW CORRELATION ENERGY": -0.8789837725826146,
    "SCS-MP2-VDW TOTAL ENERGY": -5145.443016946351,
    "SCSN-MP2 CORRELATION ENERGY": -0.48607242023899744,
    "SCSN-MP2 TOTAL ENERGY": -5145.050105594008,
    "SOS-MP2 CORRELATION ENERGY": 0.0,
    "SOS-MP2 TOTAL ENERGY": -5144.564033173769,
    "SOS-PI-MP2 CORRELATION ENERGY": -0.8103539246612854,
    "SOS-PI-MP2 TOTAL ENERGY": -5145.37438709843,
    "TWO-ELECTRON ENERGY": 2342.414431853725
}