{
    "CURRENT CORRELATION ENERGY": -0.04418928024057889,
    "CURRENT DIPOLE X": 0.0,
    "CURRENT DIPOLE Y": 0.0,
    "CURRENT DIPOLE Z": -7.301680309577541e-15,
    "CURRENT ENERGY": -0.9668355584232153,
    "CURRENT REFERENCE ENERGY": -0.9226462781826364,
    "CUSTOM SCS-MP2 CORRELATION ENERGY": -0.05302713628869463,
    "CUSTOM SCS-MP2 TOTAL ENERGY": -0.975673414471331,
    "HF TOTAL ENERGY": -0.9226462781826364,
    "MP2 CORRELATION ENERGY": -0.04418928024057889,
    "MP2 OPPOSITE-SPIN CORRELATION ENERGY": -0.04418928024057886,
    "MP2 SAME-SPIN CORRELATION ENERGY": 0.0,
    "MP2 TOTAL ENERGY": -0.9668355584232153,
    "NUCLEAR REPULSION ENERGY": 0.264588605335,
    "ONE-ELECTRON ENERGY": -1.5935101581203246,
    "PCM POLARIZATION ENERGY": 0.0,
    "PE ENERGY": 0.0,
    "SCF DIPOLE X": 0.0,
    "SCF DIPOLE Y": 0.0,
    "SCF DIPOLE Z": -7.301680309577541e-15,
    "SCF ITERATION ENERGY": -0.9226462781826364,
    "SCF ITERATIONS": 5.0,
    "SCF TOTAL ENERGY": -0.9226462781826364,
    "SCS-MP2 CORRELATION ENERGY": -0.05302713628869463,
    "SCS-MP2 TOTAL ENERGY": -0.975673414471331,
    "SCS-MP2-VDW CORRELATION ENERGY": -0.05656227870794095,
    "SCS-MP2-VDW TOTAL ENERGY": -0.9792085568905774,
    "SCSN-MP2 CORRELATION ENERGY": 0.0,
    "SCSN-MP2 TOTAL ENERGY": -0.9226462781826364,
    "SOS-MP2 CORRELATION ENERGY": 0.0,
    "SOS-MP2 TOTAL ENERGY": -0.9226462781826364,
    "SOS-PI-MP2 CORRELATION ENERGY": -0.06186499233681042,
    "SOS-PI-MP2 TOTAL ENERGY": -0.9845112705194469,
    "TWO-ELECTRON ENERGY": 0.4062752746026882
}