{
    "CC D1 DIAGNOSTIC": 0.04356409274019298,
    "CC D2 DIAGNOSTIC": 0.10277830541838624,
    "CC NEW D1 DIAGNOSTIC": 0.04356409274019298,
    "CC T1 DIAGNOSTIC": 0.02049068301187774,
    "CCSD CORRELATION ENERGY": -0.1824258405404881,
    "CCSD OPPOSITE-SPIN CORRELATION ENERGY": -0.1463987146009229,
    "CCSD SAME-SPIN CORRELATION ENERGY": -0.036027125939565224,
    "CCSD TOTAL ENERGY": -107.1196974371862,
    "CURRENT CORRELATION ENERGY": -0.1824258405404881,
    "CURRENT DIPOLE X": 0.0,
    "CURRENT DIPOLE Y": 0.0,
    "CURRENT DIPOLE Z": -8.066117791421545,
    "CURRENT ENERGY": -107.1196974371862,
    "CURRENT REFERENCE ENERGY": -106.93727159664572,
    "HF TOTAL ENERGY": -106.93727159664573,
    "LCCSD (+LMP2) TOTAL ENERGY": -107.11867656738647,
    "MP2 CORRELATION ENERGY": -0.1833619221490803,
    "MP2 OPPOSITE-SPIN CORRELATION ENERGY": -0.1388489565646822,
    "MP2 SAME-SPIN CORRELATION ENERGY": -0.04451296558439807,
    "MP2 TOTAL ENERGY": -107.12063351879479,
    "NUCLEAR REPULSION ENERGY": 7.394718213081689,
    "ONE-ELECTRON ENERGY": -166.39330822144703,
    "PCM POLARIZATION ENERGY": 0.0,
    "PE ENERGY": 0.0,
    "SCF DIPOLE X": 0.0,
    "SCF DIPOLE Y": 0.0,
    "SCF DIPOLE Z": -8.066117791421545,
    "SCF ITERATION ENERGY": -106.93727159664572,
    "SCF ITERATIONS": 10.0,
    "SCF TOTAL ENERGY": -106.93727159664572,
    "TWO-ELECTRON ENERGY": 52.06131841171962
}