{
    "CC D1 DIAGNOSTIC": 0.02026688154480661,
    "CC D2 DIAGNOSTIC": 0.11386346237941361,
    "CC NEW D1 DIAGNOSTIC": 0.02026688154480661,
    "CC T1 DIAGNOSTIC": 0.008228883593769259,
    "CCSD CORRELATION ENERGY": -0.3451699569578583,
    "CCSD OPPOSITE-SPIN CORRELATION ENERGY": -0.26942326541983286,
    "CCSD SAME-SPIN CORRELATION ENERGY": -0.07574669153802566,
    "CCSD TOTAL ENERGY": -187.1391455133883,
    "CURRENT CORRELATION ENERGY": -0.3451699569578583,
    "CURRENT DIPOLE X": 0.0,
    "CURRENT DIPOLE Y": 0.0,
    "CURRENT DIPOLE Z": 0.0,
    "CURRENT ENERGY": -187.1391455133883,
    "CURRENT REFERENCE ENERGY": -186.79397555643038,
    "HF TOTAL ENERGY": -186.79397555643038,
    "LCCSD (+LMP2) TOTAL ENERGY": -187.1434253918108,
    "MP2 CORRELATION ENERGY": -0.3449256769588514,
    "MP2 OPPOSITE-SPIN CORRELATION ENERGY": -0.2579251708831291,
    "MP2 SAME-SPIN CORRELATION ENERGY": -0.0870005060757223,
    "MP2 TOTAL ENERGY": -187.1389012333893,
    "NUCLEAR REPULSION ENERGY": 78.59592950545917,
    "ONE-ELECTRON ENERGY": -409.8365486540789,
    "PCM POLARIZATION ENERGY": 0.0,
    "PE ENERGY": 0.0,
    "SCF DIPOLE X": 0.0,
    "SCF DIPOLE Y": 0.0,
    "SCF DIPOLE Z": 0.0,
    "SCF ITERATION ENERGY": -186.79397555643038,
    "SCF ITERATIONS": 9.0,
    "SCF TOTAL ENERGY": -186.79397555643038,
    "TWO-ELECTRON ENERGY": 144.4466435921894
}