{
    "CC D1 DIAGNOSTIC": 0.041664506038046105,
    "CC D2 DIAGNOSTIC": 0.0968244521682897,
    "CC NEW D1 DIAGNOSTIC": 0.041664506038046105,
    "CC T1 DIAGNOSTIC": 0.01885313066643501,
    "CCSD CORRELATION ENERGY": -0.18144372819876922,
    "CCSD OPPOSITE-SPIN CORRELATION ENERGY": -0.14552969905205837,
    "CCSD SAME-SPIN CORRELATION ENERGY": -0.03591402914671077,
    "CCSD TOTAL ENERGY": -107.1345604761978,
    "CURRENT CORRELATION ENERGY": -0.18144372819876922,
    "CURRENT DIPOLE X": 0.0,
    "CURRENT DIPOLE Y": 0.0,
    "CURRENT DIPOLE Z": -7.312639315906854,
    "CURRENT ENERGY": -107.1345604761978,
    "CURRENT REFERENCE ENERGY": -106.95311674799906,
    "HF TOTAL ENERGY": -106.95311674799906,
    "LCCSD (+LMP2) TOTAL ENERGY": -107.10183348888107,
    "MP2 CORRELATION ENERGY": -0.18224638347480926,
    "MP2 OPPOSITE-SPIN CORRELATION ENERGY": -0.13803276011838225,
    "MP2 SAME-SPIN CORRELATION ENERGY": -0.044213623356427006,
    "MP2 TOTAL ENERGY": -107.13536313147384,
    "NUCLEAR REPULSION ENERGY": 8.123626151228317,
    "ONE-ELECTRON ENERGY": -167.73537852191745,
    "PCM POLARIZATION ENERGY": 0.0,
    "PE ENERGY": 0.0,
    "SCF DIPOLE X": 0.0,
    "SCF DIPOLE Y": 0.0,
    "SCF DIPOLE Z": -7.312639315906854,
    "SCF ITERATION ENERGY": -106.95311674799906,
    "SCF ITERATIONS": 10.0,
    "SCF TOTAL ENERGY": -106.95311674799906,
    "TWO-ELECTRON ENERGY": 52.658635622690085
}