{
    "CC D1 DIAGNOSTIC": 0.10797674953505933,
    "CC D2 DIAGNOSTIC": 0.19602546431054438,
    "CC NEW D1 DIAGNOSTIC": 0.10797674953505933,
    "CC T1 DIAGNOSTIC": 0.042660501645742005,
    "CCSD CORRELATION ENERGY": -0.2957171132801391,
    "CCSD OPPOSITE-SPIN CORRELATION ENERGY": -0.23890548368563871,
    "CCSD SAME-SPIN CORRELATION ENERGY": -0.05681162959450045,
    "CCSD TOTAL ENERGY": -112.87240261321152,
    "CURRENT CORRELATION ENERGY": -0.2957171132801391,
    "CURRENT DIPOLE X": 0.0,
    "CURRENT DIPOLE Y": 0.0,
    "CURRENT DIPOLE Z": -2.012250645759711,
    "CURRENT ENERGY": -112.87240261321152,
    "CURRENT REFERENCE ENERGY": -112.57668549993177,
    "HF TOTAL ENERGY": -112.57668549993177,
    "LCCSD (+LMP2) TOTAL ENERGY": -112.87241132316385,
    "MP2 CORRELATION ENERGY": -0.3162645405971769,
    "MP2 OPPOSITE-SPIN CORRELATION ENERGY": -0.2341595393834861,
    "MP2 SAME-SPIN CORRELATION ENERGY": -0.0821050012136908,
    "MP2 TOTAL ENERGY": -112.89295004052856,
    "NUCLEAR REPULSION ENERGY": 17.704731055411003,
    "ONE-ELECTRON ENERGY": -188.67297418016972,
    "PCM POLARIZATION ENERGY": 0.0,
    "PE ENERGY": 0.0,
    "SCF DIPOLE X": 0.0,
    "SCF DIPOLE Y": 0.0,
    "SCF DIPOLE Z": -2.012250645759711,
    "SCF ITERATION ENERGY": -112.57668549993177,
    "SCF ITERATIONS": 11.0,
    "SCF TOTAL ENERGY": -112.57668549993177,
    "TWO-ELECTRON ENERGY": 58.391557624826945
}