{
    "CC D1 DIAGNOSTIC": 0.05355531246511319,
    "CC D2 DIAGNOSTIC": 0.3197359772273532,
    "CC NEW D1 DIAGNOSTIC": 0.05355531246511319,
    "CC T1 DIAGNOSTIC": 0.022257121247533537,
    "CCSD CORRELATION ENERGY": -0.38642712469799523,
    "CCSD OPPOSITE-SPIN CORRELATION ENERGY": -0.3376494877909765,
    "CCSD SAME-SPIN CORRELATION ENERGY": -0.04877763690701897,
    "CCSD TOTAL ENERGY": -108.99751783853499,
    "CURRENT CORRELATION ENERGY": -0.38642712469799523,
    "CURRENT DIPOLE X": 0.0,
    "CURRENT DIPOLE Y": 0.0,
    "CURRENT DIPOLE Z": 5.643810867306312e-16,
    "CURRENT ENERGY": -108.99751783853499,
    "CURRENT REFERENCE ENERGY": -108.61109071383697,
    "HF TOTAL ENERGY": -108.61109071383697,
    "LCCSD (+LMP2) TOTAL ENERGY": -108.98605393712427,
    "MP2 CORRELATION ENERGY": -0.4904098034983375,
    "MP2 OPPOSITE-SPIN CORRELATION ENERGY": -0.3518849532190853,
    "MP2 SAME-SPIN CORRELATION ENERGY": -0.1385248502792522,
    "MP2 TOTAL ENERGY": -109.10150051733534,
    "NUCLEAR REPULSION ENERGY": 16.67207425280507,
    "ONE-ELECTRON ENERGY": -180.00488369014437,
    "PCM POLARIZATION ENERGY": 0.0,
    "PE ENERGY": 0.0,
    "SCF DIPOLE X": 0.0,
    "SCF DIPOLE Y": 0.0,
    "SCF DIPOLE Z": 5.643810867306312e-16,
    "SCF ITERATION ENERGY": -108.61109071383697,
    "SCF ITERATIONS": 9.0,
    "SCF TOTAL ENERGY": -108.61109071383697,
    "TWO-ELECTRON ENERGY": 54.721718723502335
}