{
    "CC D1 DIAGNOSTIC": 0.011443306355926192,
    "CC D2 DIAGNOSTIC": 0.10725110908204015,
    "CC NEW D1 DIAGNOSTIC": 0.011443306355926192,
    "CC T1 DIAGNOSTIC": 0.004585465936033951,
    "CCSD CORRELATION ENERGY": -0.10846464685763403,
    "CCSD OPPOSITE-SPIN CORRELATION ENERGY": -0.08918465940975182,
    "CCSD SAME-SPIN CORRELATION ENERGY": -0.019279987447882257,
    "CCSD TOTAL ENERGY": -460.1605013728652,
    "CURRENT CORRELATION ENERGY": -0.10846464685763403,
    "CURRENT DIPOLE X": 0.0,
    "CURRENT DIPOLE Y": 0.0,
    "CURRENT DIPOLE Z": -1.8261576334642706,
    "CURRENT ENERGY": -460.1605013728652,
    "CURRENT REFERENCE ENERGY": -460.05203672600743,
    "HF TOTAL ENERGY": -460.0520367260075,
    "LCCSD (+LMP2) TOTAL ENERGY": -460.1581907870382,
    "MP2 CORRELATION ENERGY": -0.09949244543095345,
    "MP2 OPPOSITE-SPIN CORRELATION ENERGY": -0.07948482197858457,
    "MP2 SAME-SPIN CORRELATION ENERGY": -0.02000762345236888,
    "MP2 TOTAL ENERGY": -460.15152917143854,
    "NUCLEAR REPULSION ENERGY": 7.733073450093351,
    "ONE-ELECTRON ENERGY": -650.8804762799369,
    "PCM POLARIZATION ENERGY": 0.0,
    "PE ENERGY": 0.0,
    "SCF DIPOLE X": 0.0,
    "SCF DIPOLE Y": 0.0,
    "SCF DIPOLE Z": -1.8261576334642706,
    "SCF ITERATION ENERGY": -460.05203672600743,
    "SCF ITERATIONS": 9.0,
    "SCF TOTAL ENERGY": -460.05203672600743,
    "TWO-ELECTRON ENERGY": 183.09536610383614
}