{
    "CC D1 DIAGNOSTIC": 0.011615053550447733,
    "CC D2 DIAGNOSTIC": 0.12058056299911961,
    "CC NEW D1 DIAGNOSTIC": 0.011615053550447733,
    "CC T1 DIAGNOSTIC": 0.004879480772053958,
    "CCSD CORRELATION ENERGY": -0.11098330537160972,
    "CCSD OPPOSITE-SPIN CORRELATION ENERGY": -0.09142253084952164,
    "CCSD SAME-SPIN CORRELATION ENERGY": -0.019560774522088417,
    "CCSD TOTAL ENERGY": -460.17634511380743,
    "CURRENT CORRELATION ENERGY": -0.11098330537160972,
    "CURRENT DIPOLE X": 0.0,
    "CURRENT DIPOLE Y": 0.0,
    "CURRENT DIPOLE Z": -1.870024119094029,
    "CURRENT ENERGY": -460.17634511380743,
    "CURRENT REFERENCE ENERGY": -460.06536180843557,
    "HF TOTAL ENERGY": -460.06536180843557,
    "LCCSD (+LMP2) TOTAL ENERGY": -460.15906024249375,
    "MP2 CORRELATION ENERGY": -0.10139626138840198,
    "MP2 OPPOSITE-SPIN CORRELATION ENERGY": -0.08097044142889084,
    "MP2 SAME-SPIN CORRELATION ENERGY": -0.020425819959511135,
    "MP2 TOTAL ENERGY": -460.1667580698242,
    "NUCLEAR REPULSION ENERGY": 7.132296827476535,
    "ONE-ELECTRON ENERGY": -649.7674719632228,
    "PCM POLARIZATION ENERGY": 0.0,
    "PE ENERGY": 0.0,
    "SCF DIPOLE X": 0.0,
    "SCF DIPOLE Y": 0.0,
    "SCF DIPOLE Z": -1.870024119094029,
    "SCF ITERATION ENERGY": -460.06536180843557,
    "SCF ITERATIONS": 9.0,
    "SCF TOTAL ENERGY": -460.06536180843557,
    "TWO-ELECTRON ENERGY": 182.5698133273106
}