{
    "CC D1 DIAGNOSTIC": 0.041565797922929075,
    "CC D2 DIAGNOSTIC": 0.0965619146662642,
    "CC NEW D1 DIAGNOSTIC": 0.041565797922929075,
    "CC T1 DIAGNOSTIC": 0.018782976957350823,
    "CCSD CORRELATION ENERGY": -0.18139341768422762,
    "CCSD OPPOSITE-SPIN CORRELATION ENERGY": -0.14548565442486128,
    "CCSD SAME-SPIN CORRELATION ENERGY": -0.0359077632593664,
    "CCSD TOTAL ENERGY": -107.1350898969499,
    "CURRENT CORRELATION ENERGY": -0.18139341768422762,
    "CURRENT DIPOLE X": 0.0,
    "CURRENT DIPOLE Y": 0.0,
    "CURRENT DIPOLE Z": -7.28014725077003,
    "CURRENT ENERGY": -107.1350898969499,
    "CURRENT REFERENCE ENERGY": -106.95369647926566,
    "HF TOTAL ENERGY": -106.95369647926566,
    "LCCSD (+LMP2) TOTAL ENERGY": -107.10199902762706,
    "MP2 CORRELATION ENERGY": -0.18218925419907914,
    "MP2 OPPOSITE-SPIN CORRELATION ENERGY": -0.1379911802628787,
    "MP2 SAME-SPIN CORRELATION ENERGY": -0.04419807393620043,
    "MP2 TOTAL ENERGY": -107.13588573346475,
    "NUCLEAR REPULSION ENERGY": 8.15859154355785,
    "ONE-ELECTRON ENERGY": -167.7997069301274,
    "PCM POLARIZATION ENERGY": 0.0,
    "PE ENERGY": 0.0,
    "SCF DIPOLE X": 0.0,
    "SCF DIPOLE Y": 0.0,
    "SCF DIPOLE Z": -7.28014725077003,
    "SCF ITERATION ENERGY": -106.95369647926566,
    "SCF ITERATIONS": 10.0,
    "SCF TOTAL ENERGY": -106.95369647926566,
    "TWO-ELECTRON ENERGY": 52.68741890730388
}