{
    "CC D1 DIAGNOSTIC": 0.028889638461242206,
    "CC D2 DIAGNOSTIC": 0.1892565732577977,
    "CC NEW D1 DIAGNOSTIC": 0.028889638461242206,
    "CC T1 DIAGNOSTIC": 0.01194273895036515,
    "CCSD CORRELATION ENERGY": -0.28796001160452045,
    "CCSD OPPOSITE-SPIN CORRELATION ENERGY": -0.2346853065335515,
    "CCSD SAME-SPIN CORRELATION ENERGY": -0.05327470507096885,
    "CCSD TOTAL ENERGY": -109.16643365576212,
    "CURRENT CORRELATION ENERGY": -0.28796001160452045,
    "CURRENT DIPOLE X": 0.0,
    "CURRENT DIPOLE Y": 0.0,
    "CURRENT DIPOLE Z": 5.643810867306312e-16,
    "CURRENT ENERGY": -109.16643365576212,
    "CURRENT REFERENCE ENERGY": -108.8784736441577,
    "HF TOTAL ENERGY": -108.8784736441577,
    "LCCSD (+LMP2) TOTAL ENERGY": -109.39116981053346,
    "MP2 CORRELATION ENERGY": -0.30621152583923494,
    "MP2 OPPOSITE-SPIN CORRELATION ENERGY": -0.22788668023839972,
    "MP2 SAME-SPIN CORRELATION ENERGY": -0.07832484560083522,
    "MP2 TOTAL ENERGY": -109.18468516999683,
    "NUCLEAR REPULSION ENERGY": 22.289447003210235,
    "ONE-ELECTRON ENERGY": -191.25902623149057,
    "PCM POLARIZATION ENERGY": 0.0,
    "PE ENERGY": 0.0,
    "SCF DIPOLE X": 0.0,
    "SCF DIPOLE Y": 0.0,
    "SCF DIPOLE Z": 5.643810867306312e-16,
    "SCF ITERATION ENERGY": -108.8784736441577,
    "SCF ITERATIONS": 8.0,
    "SCF TOTAL ENERGY": -108.8784736441577,
    "TWO-ELECTRON ENERGY": 60.091105584122644
}