{
    "CC D1 DIAGNOSTIC": 0.2444876754452009,
    "CC D2 DIAGNOSTIC": 0.24371067852762654,
    "CC NEW D1 DIAGNOSTIC": 0.2444876754452009,
    "CC T1 DIAGNOSTIC": 0.08062696192768284,
    "CCSD CORRELATION ENERGY": -0.4825598615809664,
    "CCSD OPPOSITE-SPIN CORRELATION ENERGY": -0.3775179041508211,
    "CCSD SAME-SPIN CORRELATION ENERGY": -0.1050419574301451,
    "CCSD TOTAL ENERGY": -187.69705254619348,
    "CURRENT CORRELATION ENERGY": -0.4825598615809664,
    "CURRENT DIPOLE X": 0.0,
    "CURRENT DIPOLE Y": 0.0,
    "CURRENT DIPOLE Z": 0.0,
    "CURRENT ENERGY": -187.69705254619348,
    "CURRENT REFERENCE ENERGY": -187.21449268461038,
    "HF TOTAL ENERGY": -187.21449268461038,
    "LCCSD (+LMP2) TOTAL ENERGY": -187.70909443582437,
    "MP2 CORRELATION ENERGY": -0.45440915037439106,
    "MP2 OPPOSITE-SPIN CORRELATION ENERGY": -0.33807148407496374,
    "MP2 SAME-SPIN CORRELATION ENERGY": -0.11633766629942732,
    "MP2 TOTAL ENERGY": -187.6689018349869,
    "NUCLEAR REPULSION ENERGY": 40.78427204292357,
    "ONE-ELECTRON ENERGY": -337.56880705826916,
    "PCM POLARIZATION ENERGY": 0.0,
    "PE ENERGY": 0.0,
    "SCF DIPOLE X": 0.0,
    "SCF DIPOLE Y": 0.0,
    "SCF DIPOLE Z": 0.0,
    "SCF ITERATION ENERGY": -187.21449268461038,
    "SCF ITERATIONS": 12.0,
    "SCF TOTAL ENERGY": -187.21449268461038,
    "TWO-ELECTRON ENERGY": 109.57004233073518
}