{
    "CC D1 DIAGNOSTIC": 0.010902563783290204,
    "CC D2 DIAGNOSTIC": 0.07827110358920603,
    "CC NEW D1 DIAGNOSTIC": 0.010902563783290204,
    "CC T1 DIAGNOSTIC": 0.004244577601666195,
    "CCSD CORRELATION ENERGY": -0.10390816611814432,
    "CCSD OPPOSITE-SPIN CORRELATION ENERGY": -0.08532880022697202,
    "CCSD SAME-SPIN CORRELATION ENERGY": -0.018579365891172206,
    "CCSD TOTAL ENERGY": -459.6670494194644,
    "CURRENT CORRELATION ENERGY": -0.10390816611814432,
    "CURRENT DIPOLE X": 0.0,
    "CURRENT DIPOLE Y": 0.0,
    "CURRENT DIPOLE Z": -1.6035921226487344,
    "CURRENT ENERGY": -459.6670494194644,
    "CURRENT REFERENCE ENERGY": -459.56314125334586,
    "HF TOTAL ENERGY": -459.56314125334586,
    "LCCSD (+LMP2) TOTAL ENERGY": -459.6908127850577,
    "MP2 CORRELATION ENERGY": -0.09568326945339659,
    "MP2 OPPOSITE-SPIN CORRELATION ENERGY": -0.07675375314060735,
    "MP2 SAME-SPIN CORRELATION ENERGY": -0.018929516312789232,
    "MP2 TOTAL ENERGY": -459.65882452279965,
    "NUCLEAR REPULSION ENERGY": 11.777674366425067,
    "ONE-ELECTRON ENERGY": -657.6163944412765,
    "PCM POLARIZATION ENERGY": 0.0,
    "PE ENERGY": 0.0,
    "SCF DIPOLE X": 0.0,
    "SCF DIPOLE Y": 0.0,
    "SCF DIPOLE Z": -1.6035921226487344,
    "SCF ITERATION ENERGY": -459.56314125334586,
    "SCF ITERATIONS": 8.0,
    "SCF TOTAL ENERGY": -459.56314125334586,
    "TWO-ELECTRON ENERGY": 186.27557882150555
}