{
    "CC D1 DIAGNOSTIC": 0.04372441838262623,
    "CC D2 DIAGNOSTIC": 0.3546102653860214,
    "CC NEW D1 DIAGNOSTIC": 0.04372441838262623,
    "CC T1 DIAGNOSTIC": 0.010876219187317829,
    "CCSD CORRELATION ENERGY": -0.2614330994909096,
    "CCSD OPPOSITE-SPIN CORRELATION ENERGY": -0.20902430762490865,
    "CCSD SAME-SPIN CORRELATION ENERGY": -0.05240879186600117,
    "CCSD TOTAL ENERGY": -251.60950641471592,
    "CURRENT CORRELATION ENERGY": -0.2614330994909096,
    "CURRENT DIPOLE X": 0.0,
    "CURRENT DIPOLE Y": 0.0,
    "CURRENT DIPOLE Z": 3.320787098216846,
    "CURRENT ENERGY": -251.60950641471592,
    "CURRENT REFERENCE ENERGY": -251.34807331522478,
    "HF TOTAL ENERGY": -251.34807331522478,
    "LCCSD (+LMP2) TOTAL ENERGY": -251.6098240404373,
    "MP2 CORRELATION ENERGY": -0.24040616372801382,
    "MP2 OPPOSITE-SPIN CORRELATION ENERGY": -0.18473745330585606,
    "MP2 SAME-SPIN CORRELATION ENERGY": -0.05566871042215776,
    "MP2 TOTAL ENERGY": -251.58847947895302,
    "NUCLEAR REPULSION ENERGY": 103.22099235059083,
    "ONE-ELECTRON ENERGY": -536.2457149933861,
    "PCM POLARIZATION ENERGY": 0.0,
    "PE ENERGY": 0.0,
    "SCF DIPOLE X": 0.0,
    "SCF DIPOLE Y": 0.0,
    "SCF DIPOLE Z": 3.320787098216846,
    "SCF ITERATION ENERGY": -251.34807331522478,
    "SCF ITERATIONS": 10.0,
    "SCF TOTAL ENERGY": -251.34807331522478,
    "TWO-ELECTRON ENERGY": 181.67664932757043
}