{
    "CC D1 DIAGNOSTIC": 0.017161173985651493,
    "CC D2 DIAGNOSTIC": 0.12332698587934234,
    "CC NEW D1 DIAGNOSTIC": 0.017161173985651493,
    "CC T1 DIAGNOSTIC": 0.007354535468419988,
    "CCSD CORRELATION ENERGY": -0.21705205498685756,
    "CCSD OPPOSITE-SPIN CORRELATION ENERGY": -0.17326102920654915,
    "CCSD SAME-SPIN CORRELATION ENERGY": -0.04379102578030836,
    "CCSD TOTAL ENERGY": -112.17880071538482,
    "CURRENT CORRELATION ENERGY": -0.21705205498685756,
    "CURRENT DIPOLE X": 0.0,
    "CURRENT DIPOLE Y": 0.0,
    "CURRENT DIPOLE Z": 0.9363775162877909,
    "CURRENT ENERGY": -112.17880071538482,
    "CURRENT REFERENCE ENERGY": -111.9617486603979,
    "HF TOTAL ENERGY": -111.9617486603979,
    "LCCSD (+LMP2) TOTAL ENERGY": -112.17908240349013,
    "MP2 CORRELATION ENERGY": -0.20965838326995317,
    "MP2 OPPOSITE-SPIN CORRELATION ENERGY": -0.16051387235253772,
    "MP2 SAME-SPIN CORRELATION ENERGY": -0.04914451091741545,
    "MP2 TOTAL ENERGY": -112.17140704366793,
    "NUCLEAR REPULSION ENERGY": 32.92964636038983,
    "ONE-ELECTRON ENERGY": -216.22911789596805,
    "PCM POLARIZATION ENERGY": 0.0,
    "PE ENERGY": 0.0,
    "SCF DIPOLE X": 0.0,
    "SCF DIPOLE Y": 0.0,
    "SCF DIPOLE Z": 0.9363775162877909,
    "SCF ITERATION ENERGY": -111.9617486603979,
    "SCF ITERATIONS": 10.0,
    "SCF TOTAL ENERGY": -111.9617486603979,
    "TWO-ELECTRON ENERGY": 71.33772287518032
}