{
    "CC D1 DIAGNOSTIC": 0.030790944987579526,
    "CC D2 DIAGNOSTIC": 0.09485209248049219,
    "CC NEW D1 DIAGNOSTIC": 0.030790944987579526,
    "CC T1 DIAGNOSTIC": 0.013791271952007425,
    "CCSD CORRELATION ENERGY": -0.1760330859820808,
    "CCSD OPPOSITE-SPIN CORRELATION ENERGY": -0.1406449347015812,
    "CCSD SAME-SPIN CORRELATION ENERGY": -0.035388151280499686,
    "CCSD TOTAL ENERGY": -107.04719819987338,
    "CURRENT CORRELATION ENERGY": -0.1760330859820808,
    "CURRENT DIPOLE X": 0.0,
    "CURRENT DIPOLE Y": 0.0,
    "CURRENT DIPOLE Z": -4.867242838995406,
    "CURRENT ENERGY": -107.04719819987338,
    "CURRENT REFERENCE ENERGY": -106.87116511389137,
    "HF TOTAL ENERGY": -106.87116511389137,
    "LCCSD (+LMP2) TOTAL ENERGY": -107.04688850347439,
    "MP2 CORRELATION ENERGY": -0.17633491123623835,
    "MP2 OPPOSITE-SPIN CORRELATION ENERGY": -0.13356753811368474,
    "MP2 SAME-SPIN CORRELATION ENERGY": -0.042767373122553604,
    "MP2 TOTAL ENERGY": -107.04750002512753,
    "NUCLEAR REPULSION ENERGY": 11.97165959128383,
    "ONE-ELECTRON ENERGY": -174.6584793657625,
    "PCM POLARIZATION ENERGY": 0.0,
    "PE ENERGY": 0.0,
    "SCF DIPOLE X": 0.0,
    "SCF DIPOLE Y": 0.0,
    "SCF DIPOLE Z": -4.867242838995406,
    "SCF ITERATION ENERGY": -106.87116511389137,
    "SCF ITERATIONS": 9.0,
    "SCF TOTAL ENERGY": -106.87116511389137,
    "TWO-ELECTRON ENERGY": 55.8156546605873
}