{
    "CC D1 DIAGNOSTIC": 0.0515312634933727,
    "CC D2 DIAGNOSTIC": 0.16249955059915508,
    "CC NEW D1 DIAGNOSTIC": 0.0515312634933727,
    "CC T1 DIAGNOSTIC": 0.02040605606892652,
    "CCSD CORRELATION ENERGY": -0.26158270058690974,
    "CCSD OPPOSITE-SPIN CORRELATION ENERGY": -0.21080508012728355,
    "CCSD SAME-SPIN CORRELATION ENERGY": -0.05077762045962625,
    "CCSD TOTAL ENERGY": -112.95626107726572,
    "CURRENT CORRELATION ENERGY": -0.26158270058690974,
    "CURRENT DIPOLE X": 0.0,
    "CURRENT DIPOLE Y": 0.0,
    "CURRENT DIPOLE Z": -0.7063665227217665,
    "CURRENT ENERGY": -112.95626107726572,
    "CURRENT REFERENCE ENERGY": -112.6946783766788,
    "HF TOTAL ENERGY": -112.6946783766788,
    "LCCSD (+LMP2) TOTAL ENERGY": -112.9562811559824,
    "MP2 CORRELATION ENERGY": -0.26731167827615776,
    "MP2 OPPOSITE-SPIN CORRELATION ENERGY": -0.20099066977960556,
    "MP2 SAME-SPIN CORRELATION ENERGY": -0.0663210084965522,
    "MP2 TOTAL ENERGY": -112.96199005495497,
    "NUCLEAR REPULSION ENERGY": 21.693994490643092,
    "ONE-ELECTRON ENERGY": -196.2997296666988,
    "PCM POLARIZATION ENERGY": 0.0,
    "PE ENERGY": 0.0,
    "SCF DIPOLE X": 0.0,
    "SCF DIPOLE Y": 0.0,
    "SCF DIPOLE Z": -0.7063665227217665,
    "SCF ITERATION ENERGY": -112.6946783766788,
    "SCF ITERATIONS": 10.0,
    "SCF TOTAL ENERGY": -112.6946783766788,
    "TWO-ELECTRON ENERGY": 61.91105679937691
}