{
    "CC D1 DIAGNOSTIC": 0.02568386390971165,
    "CC D2 DIAGNOSTIC": 0.17701275827134522,
    "CC NEW D1 DIAGNOSTIC": 0.02568386390971165,
    "CC T1 DIAGNOSTIC": 0.010713969454624486,
    "CCSD CORRELATION ENERGY": -0.2769184377288641,
    "CCSD OPPOSITE-SPIN CORRELATION ENERGY": -0.22478319877008512,
    "CCSD SAME-SPIN CORRELATION ENERGY": -0.05213523895877903,
    "CCSD TOTAL ENERGY": -109.16968937366119,
    "CURRENT CORRELATION ENERGY": -0.2769184377288641,
    "CURRENT DIPOLE X": 0.0,
    "CURRENT DIPOLE Y": 0.0,
    "CURRENT DIPOLE Z": 0.0,
    "CURRENT ENERGY": -109.16968937366119,
    "CURRENT REFERENCE ENERGY": -108.89277093593238,
    "HF TOTAL ENERGY": -108.89277093593236,
    "LCCSD (+LMP2) TOTAL ENERGY": -109.1807660116282,
    "MP2 CORRELATION ENERGY": -0.2892757899430424,
    "MP2 OPPOSITE-SPIN CORRELATION ENERGY": -0.2163052932475845,
    "MP2 SAME-SPIN CORRELATION ENERGY": -0.07297049669545794,
    "MP2 TOTAL ENERGY": -109.18204672587537,
    "NUCLEAR REPULSION ENERGY": 23.348447878928383,
    "ONE-ELECTRON ENERGY": -193.3266112262781,
    "PCM POLARIZATION ENERGY": 0.0,
    "PE ENERGY": 0.0,
    "SCF DIPOLE X": 0.0,
    "SCF DIPOLE Y": 0.0,
    "SCF DIPOLE Z": 0.0,
    "SCF ITERATION ENERGY": -108.89277093593238,
    "SCF ITERATIONS": 8.0,
    "SCF TOTAL ENERGY": -108.89277093593238,
    "TWO-ELECTRON ENERGY": 61.08539241141735
}