{
    "CC D1 DIAGNOSTIC": 0.02726605554513761,
    "CC D2 DIAGNOSTIC": 0.09354126386457483,
    "CC NEW D1 DIAGNOSTIC": 0.02726605554513761,
    "CC T1 DIAGNOSTIC": 0.013349745203078753,
    "CCSD CORRELATION ENERGY": -0.17473229139464438,
    "CCSD OPPOSITE-SPIN CORRELATION ENERGY": -0.13923860243512606,
    "CCSD SAME-SPIN CORRELATION ENERGY": -0.03549368895951832,
    "CCSD TOTAL ENERGY": -106.90860985553864,
    "CURRENT CORRELATION ENERGY": -0.17473229139464438,
    "CURRENT DIPOLE X": 0.0,
    "CURRENT DIPOLE Y": 0.0,
    "CURRENT DIPOLE Z": -4.228831993525839,
    "CURRENT ENERGY": -106.90860985553864,
    "CURRENT REFERENCE ENERGY": -106.73387756414401,
    "HF TOTAL ENERGY": -106.73387756414401,
    "LCCSD (+LMP2) TOTAL ENERGY": -106.90853535494604,
    "MP2 CORRELATION ENERGY": -0.1750172294204465,
    "MP2 OPPOSITE-SPIN CORRELATION ENERGY": -0.1324064489694368,
    "MP2 SAME-SPIN CORRELATION ENERGY": -0.04261078045100972,
    "MP2 TOTAL ENERGY": -106.90889479356444,
    "NUCLEAR REPULSION ENERGY": 13.50721687852689,
    "ONE-ELECTRON ENERGY": -177.26269001757254,
    "PCM POLARIZATION ENERGY": 0.0,
    "PE ENERGY": 0.0,
    "SCF DIPOLE X": 0.0,
    "SCF DIPOLE Y": 0.0,
    "SCF DIPOLE Z": -4.228831993525839,
    "SCF ITERATION ENERGY": -106.73387756414401,
    "SCF ITERATIONS": 10.0,
    "SCF TOTAL ENERGY": -106.73387756414401,
    "TWO-ELECTRON ENERGY": 57.02159557490164
}