{
    "CC D1 DIAGNOSTIC": 0.044324114294015206,
    "CC D2 DIAGNOSTIC": 0.2530379403804373,
    "CC NEW D1 DIAGNOSTIC": 0.044324114294015206,
    "CC T1 DIAGNOSTIC": 0.015239465702631044,
    "CCSD CORRELATION ENERGY": -0.29625549731835205,
    "CCSD OPPOSITE-SPIN CORRELATION ENERGY": -0.24858056336108594,
    "CCSD SAME-SPIN CORRELATION ENERGY": -0.04767493395726627,
    "CCSD TOTAL ENERGY": -110.17645018236404,
    "CURRENT CORRELATION ENERGY": -0.29625549731835205,
    "CURRENT DIPOLE X": 0.0,
    "CURRENT DIPOLE Y": -5.643810867306312e-16,
    "CURRENT DIPOLE Z": -3.541274263093937,
    "CURRENT ENERGY": -110.17645018236404,
    "CURRENT REFERENCE ENERGY": -109.88019468504564,
    "HF TOTAL ENERGY": -109.88019468504564,
    "LCCSD (+LMP2) TOTAL ENERGY": -110.17395258942666,
    "MP2 CORRELATION ENERGY": -0.27957094244851616,
    "MP2 OPPOSITE-SPIN CORRELATION ENERGY": -0.21867088916515767,
    "MP2 SAME-SPIN CORRELATION ENERGY": -0.060900053283358485,
    "MP2 TOTAL ENERGY": -110.1597656274942,
    "NUCLEAR REPULSION ENERGY": 32.15207434677107,
    "ONE-ELECTRON ENERGY": -212.4359328940472,
    "PCM POLARIZATION ENERGY": 0.0,
    "PE ENERGY": 0.0,
    "SCF DIPOLE X": 0.0,
    "SCF DIPOLE Y": -5.643810867306312e-16,
    "SCF DIPOLE Z": -3.541274263093937,
    "SCF ITERATION ENERGY": -109.88019468504564,
    "SCF ITERATIONS": 12.0,
    "SCF TOTAL ENERGY": -109.88019468504564,
    "TWO-ELECTRON ENERGY": 70.40366386223047
}