{
    "CC D1 DIAGNOSTIC": 0.015607376639374948,
    "CC D2 DIAGNOSTIC": 0.11290447730046302,
    "CC NEW D1 DIAGNOSTIC": 0.015607376639374948,
    "CC T1 DIAGNOSTIC": 0.006970045002226858,
    "CCSD CORRELATION ENERGY": -0.160493205358542,
    "CCSD OPPOSITE-SPIN CORRELATION ENERGY": -0.13155275634669608,
    "CCSD SAME-SPIN CORRELATION ENERGY": -0.02894044901184592,
    "CCSD TOTAL ENERGY": -76.14952099171636,
    "CURRENT CORRELATION ENERGY": -0.160493205358542,
    "CURRENT DIPOLE X": 0.0,
    "CURRENT DIPOLE Y": 0.0,
    "CURRENT DIPOLE Z": -1.6216309940336526,
    "CURRENT ENERGY": -76.14952099171636,
    "CURRENT REFERENCE ENERGY": -75.98902778635781,
    "HF TOTAL ENERGY": -75.98902778635781,
    "LCCSD (+LMP2) TOTAL ENERGY": -76.13752386203446,
    "MP2 CORRELATION ENERGY": -0.15515522474335222,
    "MP2 OPPOSITE-SPIN CORRELATION ENERGY": -0.11999861247024253,
    "MP2 SAME-SPIN CORRELATION ENERGY": -0.03515661227310969,
    "MP2 TOTAL ENERGY": -76.14418301110116,
    "NUCLEAR REPULSION ENERGY": 9.10852757184603,
    "ONE-ELECTRON ENERGY": -123.05939635106279,
    "PCM POLARIZATION ENERGY": 0.0,
    "PE ENERGY": 0.0,
    "SCF DIPOLE X": 0.0,
    "SCF DIPOLE Y": 0.0,
    "SCF DIPOLE Z": -1.6216309940336526,
    "SCF ITERATION ENERGY": -75.98902778635781,
    "SCF ITERATIONS": 10.0,
    "SCF TOTAL ENERGY": -75.98902778635781,
    "TWO-ELECTRON ENERGY": 37.96184099285895
}