{
    "CC D1 DIAGNOSTIC": 0.04274057688162629,
    "CC D2 DIAGNOSTIC": 0.091229715218778,
    "CC NEW D1 DIAGNOSTIC": 0.04274057688162629,
    "CC T1 DIAGNOSTIC": 0.015759827266607407,
    "CCSD CORRELATION ENERGY": -0.17504939720648788,
    "CCSD OPPOSITE-SPIN CORRELATION ENERGY": -0.13894409730194843,
    "CCSD SAME-SPIN CORRELATION ENERGY": -0.03610529990453956,
    "CCSD TOTAL ENERGY": -106.63118444709447,
    "CURRENT CORRELATION ENERGY": -0.17504939720648788,
    "CURRENT DIPOLE X": 0.0,
    "CURRENT DIPOLE Y": 0.0,
    "CURRENT DIPOLE Z": -3.4909606566528617,
    "CURRENT ENERGY": -106.63118444709447,
    "CURRENT REFERENCE ENERGY": -106.45613504988796,
    "HF TOTAL ENERGY": -106.45613504988796,
    "LCCSD (+LMP2) TOTAL ENERGY": -106.63177010985903,
    "MP2 CORRELATION ENERGY": -0.1755532921898454,
    "MP2 OPPOSITE-SPIN CORRELATION ENERGY": -0.13247706963389091,
    "MP2 SAME-SPIN CORRELATION ENERGY": -0.043076222555954474,
    "MP2 TOTAL ENERGY": -106.63168834207782,
    "NUCLEAR REPULSION ENERGY": 15.494654784359179,
    "ONE-ELECTRON ENERGY": -180.4102121620686,
    "PCM POLARIZATION ENERGY": 0.0,
    "PE ENERGY": 0.0,
    "SCF DIPOLE X": 0.0,
    "SCF DIPOLE Y": 0.0,
    "SCF DIPOLE Z": -3.4909606566528617,
    "SCF ITERATION ENERGY": -106.45613504988796,
    "SCF ITERATIONS": 10.0,
    "SCF TOTAL ENERGY": -106.45613504988796,
    "TWO-ELECTRON ENERGY": 58.45942232782148
}