{
    "CC D1 DIAGNOSTIC": 0.014993999905742517,
    "CC D2 DIAGNOSTIC": 0.102801581910696,
    "CC NEW D1 DIAGNOSTIC": 0.014993999905742517,
    "CC T1 DIAGNOSTIC": 0.0054983391782531055,
    "CCSD CORRELATION ENERGY": -0.21074746543162345,
    "CCSD OPPOSITE-SPIN CORRELATION ENERGY": -0.16675122451552957,
    "CCSD SAME-SPIN CORRELATION ENERGY": -0.04399624091609383,
    "CCSD TOTAL ENERGY": -104.36784727656247,
    "CURRENT CORRELATION ENERGY": -0.21074746543162345,
    "CURRENT DIPOLE X": 0.0,
    "CURRENT DIPOLE Y": 0.0,
    "CURRENT DIPOLE Z": -1.410952716826578e-16,
    "CURRENT ENERGY": -104.36784727656247,
    "CURRENT REFERENCE ENERGY": -104.1570998111309,
    "HF TOTAL ENERGY": -104.1570998111309,
    "LCCSD (+LMP2) TOTAL ENERGY": -104.3973969541899,
    "MP2 CORRELATION ENERGY": -0.2013312210697802,
    "MP2 OPPOSITE-SPIN CORRELATION ENERGY": -0.1542382193748712,
    "MP2 SAME-SPIN CORRELATION ENERGY": -0.04709300169490899,
    "MP2 TOTAL ENERGY": -104.35843103220063,
    "NUCLEAR REPULSION ENERGY": 49.6154517427228,
    "ONE-ELECTRON ENERGY": -234.3794777066312,
    "PCM POLARIZATION ENERGY": 0.0,
    "PE ENERGY": 0.0,
    "SCF DIPOLE X": 0.0,
    "SCF DIPOLE Y": 0.0,
    "SCF DIPOLE Z": -1.410952716826578e-16,
    "SCF ITERATION ENERGY": -104.1570998111309,
    "SCF ITERATIONS": 9.0,
    "SCF TOTAL ENERGY": -104.1570998111309,
    "TWO-ELECTRON ENERGY": 80.6069261527775
}