{
    "CC D1 DIAGNOSTIC": 0.0182044109481345,
    "CC D2 DIAGNOSTIC": 0.11673085625287412,
    "CC NEW D1 DIAGNOSTIC": 0.0182044109481345,
    "CC T1 DIAGNOSTIC": 0.006112201237011381,
    "CCSD CORRELATION ENERGY": -0.20684423156737491,
    "CCSD OPPOSITE-SPIN CORRELATION ENERGY": -0.16359104500147972,
    "CCSD SAME-SPIN CORRELATION ENERGY": -0.04325318656589519,
    "CCSD TOTAL ENERGY": -109.59251265417944,
    "CURRENT CORRELATION ENERGY": -0.20684423156737491,
    "CURRENT DIPOLE X": 0.0,
    "CURRENT DIPOLE Y": 0.0,
    "CURRENT DIPOLE Z": 1.3949834631478644,
    "CURRENT ENERGY": -109.59251265417944,
    "CURRENT REFERENCE ENERGY": -109.38566842261208,
    "HF TOTAL ENERGY": -109.38566842261208,
    "LCCSD (+LMP2) TOTAL ENERGY": -109.59086324585971,
    "MP2 CORRELATION ENERGY": -0.19778116092541448,
    "MP2 OPPOSITE-SPIN CORRELATION ENERGY": -0.15126805809908714,
    "MP2 SAME-SPIN CORRELATION ENERGY": -0.04651310282632734,
    "MP2 TOTAL ENERGY": -109.58344958353749,
    "NUCLEAR REPULSION ENERGY": 44.14585778445275,
    "ONE-ELECTRON ENERGY": -232.54258206741105,
    "PCM POLARIZATION ENERGY": 0.0,
    "PE ENERGY": 0.0,
    "SCF DIPOLE X": 0.0,
    "SCF DIPOLE Y": 0.0,
    "SCF DIPOLE Z": 1.3949834631478644,
    "SCF ITERATION ENERGY": -109.38566842261208,
    "SCF ITERATIONS": 10.0,
    "SCF TOTAL ENERGY": -109.38566842261208,
    "TWO-ELECTRON ENERGY": 79.01105586034622
}