{
    "CC D1 DIAGNOSTIC": 0.040853658633212185,
    "CC D2 DIAGNOSTIC": 0.09101894300401144,
    "CC NEW D1 DIAGNOSTIC": 0.040853658633212185,
    "CC T1 DIAGNOSTIC": 0.013646584978006889,
    "CCSD CORRELATION ENERGY": -0.28786751316373066,
    "CCSD OPPOSITE-SPIN CORRELATION ENERGY": -0.22343331063231892,
    "CCSD SAME-SPIN CORRELATION ENERGY": -0.06443420253141174,
    "CCSD TOTAL ENERGY": -261.5307710800208,
    "CURRENT CORRELATION ENERGY": -0.28786751316373066,
    "CURRENT DIPOLE X": 0.0,
    "CURRENT DIPOLE Y": 0.0,
    "CURRENT DIPOLE Z": -6.8228362982128585,
    "CURRENT ENERGY": -261.5307710800208,
    "CURRENT REFERENCE ENERGY": -261.24290356685697,
    "HF TOTAL ENERGY": -261.24290356685697,
    "LCCSD (+LMP2) TOTAL ENERGY": -261.53077104111594,
    "MP2 CORRELATION ENERGY": -0.2889601809023555,
    "MP2 OPPOSITE-SPIN CORRELATION ENERGY": -0.21465322826786454,
    "MP2 SAME-SPIN CORRELATION ENERGY": -0.07430695263449094,
    "MP2 TOTAL ENERGY": -261.5318637477594,
    "NUCLEAR REPULSION ENERGY": 35.04309320137704,
    "ONE-ELECTRON ENERGY": -440.07469116815673,
    "PCM POLARIZATION ENERGY": 0.0,
    "PE ENERGY": 0.0,
    "SCF DIPOLE X": 0.0,
    "SCF DIPOLE Y": 0.0,
    "SCF DIPOLE Z": -6.8228362982128585,
    "SCF ITERATION ENERGY": -261.24290356685697,
    "SCF ITERATIONS": 11.0,
    "SCF TOTAL ENERGY": -261.24290356685697,
    "TWO-ELECTRON ENERGY": 143.78869439992275
}