{
    "CC D1 DIAGNOSTIC": 0.008426156149202309,
    "CC D2 DIAGNOSTIC": 0.08237757283849437,
    "CC NEW D1 DIAGNOSTIC": 0.008426156149202309,
    "CC T1 DIAGNOSTIC": 0.005038103095622457,
    "CCSD CORRELATION ENERGY": -0.14833128618619723,
    "CCSD OPPOSITE-SPIN CORRELATION ENERGY": -0.11823784486585075,
    "CCSD SAME-SPIN CORRELATION ENERGY": -0.030093441320346484,
    "CCSD TOTAL ENERGY": -100.05288668190552,
    "CURRENT CORRELATION ENERGY": -0.14833128618619723,
    "CURRENT DIPOLE X": 0.0,
    "CURRENT DIPOLE Y": 0.0,
    "CURRENT DIPOLE Z": -2.0199043997326283,
    "CURRENT ENERGY": -100.05288668190552,
    "CURRENT REFERENCE ENERGY": -99.90455539571946,
    "HF TOTAL ENERGY": -99.90455539571946,
    "LCCSD (+LMP2) TOTAL ENERGY": -100.04323823046428,
    "MP2 CORRELATION ENERGY": -0.14646732336825324,
    "MP2 OPPOSITE-SPIN CORRELATION ENERGY": -0.111386934913542,
    "MP2 SAME-SPIN CORRELATION ENERGY": -0.035080388454711245,
    "MP2 TOTAL ENERGY": -100.05102271908758,
    "NUCLEAR REPULSION ENERGY": 6.994512061328193,
    "ONE-ELECTRON ENERGY": -153.4704173471423,
    "PCM POLARIZATION ENERGY": 0.0,
    "PE ENERGY": 0.0,
    "SCF DIPOLE X": 0.0,
    "SCF DIPOLE Y": 0.0,
    "SCF DIPOLE Z": -2.0199043997326283,
    "SCF ITERATION ENERGY": -99.90455539571946,
    "SCF ITERATIONS": 9.0,
    "SCF TOTAL ENERGY": -99.90455539571946,
    "TWO-ELECTRON ENERGY": 46.571349890094666
}