{
    "CC D1 DIAGNOSTIC": 0.015653795776757514,
    "CC D2 DIAGNOSTIC": 0.11711259374922263,
    "CC NEW D1 DIAGNOSTIC": 0.015653795776757514,
    "CC T1 DIAGNOSTIC": 0.006649328015445348,
    "CCSD CORRELATION ENERGY": -0.16215215488647475,
    "CCSD OPPOSITE-SPIN CORRELATION ENERGY": -0.13023326131304966,
    "CCSD SAME-SPIN CORRELATION ENERGY": -0.031918893573425144,
    "CCSD TOTAL ENERGY": -100.1825387215193,
    "CURRENT CORRELATION ENERGY": -0.16215215488647475,
    "CURRENT DIPOLE X": 0.0,
    "CURRENT DIPOLE Y": 0.0,
    "CURRENT DIPOLE Z": -2.3691503973783385,
    "CURRENT ENERGY": -100.1825387215193,
    "CURRENT REFERENCE ENERGY": -100.02038656663274,
    "HF TOTAL ENERGY": -100.02038656663275,
    "LCCSD (+LMP2) TOTAL ENERGY": -100.18616808404931,
    "MP2 CORRELATION ENERGY": -0.16089613606569797,
    "MP2 OPPOSITE-SPIN CORRELATION ENERGY": -0.12218268848827736,
    "MP2 SAME-SPIN CORRELATION ENERGY": -0.03871344757742061,
    "MP2 TOTAL ENERGY": -100.18128270269852,
    "NUCLEAR REPULSION ENERGY": 5.041257363350905,
    "ONE-ELECTRON ENERGY": -150.3602923646979,
    "PCM POLARIZATION ENERGY": 0.0,
    "PE ENERGY": 0.0,
    "SCF DIPOLE X": 0.0,
    "SCF DIPOLE Y": 0.0,
    "SCF DIPOLE Z": -2.3691503973783385,
    "SCF ITERATION ENERGY": -100.02038656663274,
    "SCF ITERATIONS": 9.0,
    "SCF TOTAL ENERGY": -100.02038656663274,
    "TWO-ELECTRON ENERGY": 45.29864843471425
}