{
    "CC D1 DIAGNOSTIC": 0.34952633209485345,
    "CC D2 DIAGNOSTIC": 0.3095777203388106,
    "CC NEW D1 DIAGNOSTIC": 0.34952633209485345,
    "CC T1 DIAGNOSTIC": 0.11590346660355468,
    "CCSD CORRELATION ENERGY": -0.47763087912635943,
    "CCSD OPPOSITE-SPIN CORRELATION ENERGY": -0.36966195330118895,
    "CCSD SAME-SPIN CORRELATION ENERGY": -0.10796892582517009,
    "CCSD TOTAL ENERGY": -187.6086710794575,
    "CURRENT CORRELATION ENERGY": -0.47763087912635943,
    "CURRENT DIPOLE X": 0.0,
    "CURRENT DIPOLE Y": 0.0,
    "CURRENT DIPOLE Z": 0.0,
    "CURRENT ENERGY": -187.6086710794575,
    "CURRENT REFERENCE ENERGY": -187.13104020032947,
    "HF TOTAL ENERGY": -187.13104020032947,
    "LCCSD (+LMP2) TOTAL ENERGY": -187.61838058321422,
    "MP2 CORRELATION ENERGY": -0.3935962149033101,
    "MP2 OPPOSITE-SPIN CORRELATION ENERGY": -0.3004377561827151,
    "MP2 SAME-SPIN CORRELATION ENERGY": -0.09315845872059497,
    "MP2 TOTAL ENERGY": -187.52463641523445,
    "NUCLEAR REPULSION ENERGY": 37.390296560849485,
    "ONE-ELECTRON ENERGY": -331.0652423848437,
    "PCM POLARIZATION ENERGY": 0.0,
    "PE ENERGY": 0.0,
    "SCF DIPOLE X": 0.0,
    "SCF DIPOLE Y": 0.0,
    "SCF DIPOLE Z": 0.0,
    "SCF ITERATION ENERGY": -187.13104020032947,
    "SCF ITERATIONS": 13.0,
    "SCF TOTAL ENERGY": -187.13104020032947,
    "TWO-ELECTRON ENERGY": 106.54390562366476
}