{
    "CC D1 DIAGNOSTIC": 0.02935405377538475,
    "CC D2 DIAGNOSTIC": 0.1910661105321294,
    "CC NEW D1 DIAGNOSTIC": 0.02935405377538475,
    "CC T1 DIAGNOSTIC": 0.01212325387355664,
    "CCSD CORRELATION ENERGY": -0.289586582921724,
    "CCSD OPPOSITE-SPIN CORRELATION ENERGY": -0.23616083098440765,
    "CCSD SAME-SPIN CORRELATION ENERGY": -0.05342575193731636,
    "CCSD TOTAL ENERGY": -109.1650676074666,
    "CURRENT CORRELATION ENERGY": -0.289586582921724,
    "CURRENT DIPOLE X": 0.0,
    "CURRENT DIPOLE Y": 0.0,
    "CURRENT DIPOLE Z": 5.643810867306312e-16,
    "CURRENT ENERGY": -109.1650676074666,
    "CURRENT REFERENCE ENERGY": -108.87548102454483,
    "HF TOTAL ENERGY": -108.87548102454483,
    "LCCSD (+LMP2) TOTAL ENERGY": -109.18271714198477,
    "MP2 CORRELATION ENERGY": -0.3087728589981152,
    "MP2 OPPOSITE-SPIN CORRELATION ENERGY": -0.22963371538304578,
    "MP2 SAME-SPIN CORRELATION ENERGY": -0.07913914361506941,
    "MP2 TOTAL ENERGY": -109.18425388354298,
    "NUCLEAR REPULSION ENERGY": 22.14595270919814,
    "ONE-ELECTRON ENERGY": -190.97708880853548,
    "PCM POLARIZATION ENERGY": 0.0,
    "PE ENERGY": 0.0,
    "SCF DIPOLE X": 0.0,
    "SCF DIPOLE Y": 0.0,
    "SCF DIPOLE Z": 5.643810867306312e-16,
    "SCF ITERATION ENERGY": -108.87548102454483,
    "SCF ITERATIONS": 8.0,
    "SCF TOTAL ENERGY": -108.87548102454483,
    "TWO-ELECTRON ENERGY": 59.95565507479253
}