{
    "CC D1 DIAGNOSTIC": 0.06746303078634582,
    "CC D2 DIAGNOSTIC": 0.26064023299563777,
    "CC NEW D1 DIAGNOSTIC": 0.06746303078634582,
    "CC T1 DIAGNOSTIC": 0.021679876333652547,
    "CCSD CORRELATION ENERGY": -0.1963020284546285,
    "CCSD OPPOSITE-SPIN CORRELATION ENERGY": -0.1638564804027854,
    "CCSD SAME-SPIN CORRELATION ENERGY": -0.03244554805184352,
    "CCSD TOTAL ENERGY": -100.08677261377989,
    "CURRENT CORRELATION ENERGY": -0.1963020284546285,
    "CURRENT DIPOLE X": 0.0,
    "CURRENT DIPOLE Y": 0.0,
    "CURRENT DIPOLE Z": -3.1279162232823703,
    "CURRENT ENERGY": -100.08677261377989,
    "CURRENT REFERENCE ENERGY": -99.89047058532516,
    "HF TOTAL ENERGY": -99.89047058532518,
    "LCCSD (+LMP2) TOTAL ENERGY": -100.08902160800136,
    "MP2 CORRELATION ENERGY": -0.1904890136174398,
    "MP2 OPPOSITE-SPIN CORRELATION ENERGY": -0.1465028359918587,
    "MP2 SAME-SPIN CORRELATION ENERGY": -0.0439861776255811,
    "MP2 TOTAL ENERGY": -100.0809595989427,
    "NUCLEAR REPULSION ENERGY": 3.1697537936788294,
    "ONE-ELECTRON ENERGY": -147.04696957827937,
    "PCM POLARIZATION ENERGY": 0.0,
    "PE ENERGY": 0.0,
    "SCF DIPOLE X": 0.0,
    "SCF DIPOLE Y": 0.0,
    "SCF DIPOLE Z": -3.1279162232823703,
    "SCF ITERATION ENERGY": -99.89047058532516,
    "SCF ITERATIONS": 10.0,
    "SCF TOTAL ENERGY": -99.89047058532516,
    "TWO-ELECTRON ENERGY": 43.98674519927537
}