{
    "CC D1 DIAGNOSTIC": 0.05021973932997135,
    "CC D2 DIAGNOSTIC": 0.29532989689750433,
    "CC NEW D1 DIAGNOSTIC": 0.05021973932997135,
    "CC T1 DIAGNOSTIC": 0.020797868662326153,
    "CCSD CORRELATION ENERGY": -0.3715121749431741,
    "CCSD OPPOSITE-SPIN CORRELATION ENERGY": -0.3196315246453645,
    "CCSD SAME-SPIN CORRELATION ENERGY": -0.05188065029780975,
    "CCSD TOTAL ENERGY": -109.0216260903398,
    "CURRENT CORRELATION ENERGY": -0.3715121749431741,
    "CURRENT DIPOLE X": 0.0,
    "CURRENT DIPOLE Y": 0.0,
    "CURRENT DIPOLE Z": 5.643810867306312e-16,
    "CURRENT ENERGY": -109.0216260903398,
    "CURRENT REFERENCE ENERGY": -108.65011391539656,
    "HF TOTAL ENERGY": -108.65011391539656,
    "LCCSD (+LMP2) TOTAL ENERGY": -109.03917054614088,
    "MP2 CORRELATION ENERGY": -0.4595411958689575,
    "MP2 OPPOSITE-SPIN CORRELATION ENERGY": -0.3312412355144284,
    "MP2 SAME-SPIN CORRELATION ENERGY": -0.12829996035452906,
    "MP2 TOTAL ENERGY": -109.10965511126557,
    "NUCLEAR REPULSION ENERGY": 17.257548432251404,
    "ONE-ELECTRON ENERGY": -181.19063306728475,
    "PCM POLARIZATION ENERGY": 0.0,
    "PE ENERGY": 0.0,
    "SCF DIPOLE X": 0.0,
    "SCF DIPOLE Y": 0.0,
    "SCF DIPOLE Z": 5.643810867306312e-16,
    "SCF ITERATION ENERGY": -108.65011391539656,
    "SCF ITERATIONS": 9.0,
    "SCF TOTAL ENERGY": -108.65011391539656,
    "TWO-ELECTRON ENERGY": 55.282970719636786
}