{
    "CURRENT CORRELATION ENERGY": -0.03114679841304846,
    "CURRENT DIPOLE X": 0.0,
    "CURRENT DIPOLE Y": 0.0,
    "CURRENT DIPOLE Z": 3.218735885260631e-15,
    "CURRENT ENERGY": -1.0239079821727832,
    "CURRENT REFERENCE ENERGY": -0.9927611837597348,
    "CUSTOM SCS-MP2 CORRELATION ENERGY": -0.037376158095658196,
    "CUSTOM SCS-MP2 TOTAL ENERGY": -1.030137341855393,
    "HF TOTAL ENERGY": -0.9927611837597348,
    "MP2 CORRELATION ENERGY": -0.03114679841304846,
    "MP2 OPPOSITE-SPIN CORRELATION ENERGY": -0.031146798413048498,
    "MP2 SAME-SPIN CORRELATION ENERGY": 0.0,
    "MP2 TOTAL ENERGY": -1.0239079821727832,
    "NUCLEAR REPULSION ENERGY": 0.3434395142096689,
    "ONE-ELECTRON ENERGY": -1.7967846397231784,
    "PCM POLARIZATION ENERGY": 0.0,
    "PE ENERGY": 0.0,
    "SCF DIPOLE X": 0.0,
    "SCF DIPOLE Y": 0.0,
    "SCF DIPOLE Z": 3.218735885260631e-15,
    "SCF ITERATION ENERGY": -0.9927611837597348,
    "SCF ITERATIONS": 5.0,
    "SCF TOTAL ENERGY": -0.9927611837597348,
    "SCS-MP2 CORRELATION ENERGY": -0.037376158095658196,
    "SCS-MP2 TOTAL ENERGY": -1.030137341855393,
    "SCS-MP2-VDW CORRELATION ENERGY": -0.039867901968702046,
    "SCS-MP2-VDW TOTAL ENERGY": -1.0326290857284368,
    "SCSN-MP2 CORRELATION ENERGY": 0.0,
    "SCSN-MP2 TOTAL ENERGY": -0.9927611837597348,
    "SOS-MP2 CORRELATION ENERGY": 0.0,
    "SOS-MP2 TOTAL ENERGY": -0.9927611837597348,
    "SOS-PI-MP2 CORRELATION ENERGY": -0.04360551777826793,
    "SOS-PI-MP2 TOTAL ENERGY": -1.0363667015380027,
    "TWO-ELECTRON ENERGY": 0.46058394175377465
}