{
    "CC D1 DIAGNOSTIC": 0.012973913183905386,
    "CC D2 DIAGNOSTIC": 0.12258138306109338,
    "CC NEW D1 DIAGNOSTIC": 0.012973913183905386,
    "CC T1 DIAGNOSTIC": 0.0068660395238811355,
    "CCSD CORRELATION ENERGY": -0.16389721189757123,
    "CCSD OPPOSITE-SPIN CORRELATION ENERGY": -0.13617894916627293,
    "CCSD SAME-SPIN CORRELATION ENERGY": -0.02771826273129821,
    "CCSD TOTAL ENERGY": -76.16105498951157,
    "CURRENT CORRELATION ENERGY": -0.16389721189757123,
    "CURRENT DIPOLE X": 0.0,
    "CURRENT DIPOLE Y": 0.0,
    "CURRENT DIPOLE Z": -2.836458714315163,
    "CURRENT ENERGY": -76.16105498951157,
    "CURRENT REFERENCE ENERGY": -75.99715777761394,
    "HF TOTAL ENERGY": -75.99715777761394,
    "LCCSD (+LMP2) TOTAL ENERGY": -76.14789779468128,
    "MP2 CORRELATION ENERGY": -0.15784101383928348,
    "MP2 OPPOSITE-SPIN CORRELATION ENERGY": -0.12344107007991417,
    "MP2 SAME-SPIN CORRELATION ENERGY": -0.034399943759369306,
    "MP2 TOTAL ENERGY": -76.15499879145328,
    "NUCLEAR REPULSION ENERGY": 9.209396005035572,
    "ONE-ELECTRON ENERGY": -122.96769103243865,
    "PCM POLARIZATION ENERGY": 0.0,
    "PE ENERGY": 0.0,
    "SCF DIPOLE X": 0.0,
    "SCF DIPOLE Y": 0.0,
    "SCF DIPOLE Z": -2.836458714315163,
    "SCF ITERATION ENERGY": -75.99715777761394,
    "SCF ITERATIONS": 10.0,
    "SCF TOTAL ENERGY": -75.99715777761394,
    "TWO-ELECTRON ENERGY": 37.761137249789144
}