{
    "CC D1 DIAGNOSTIC": 0.029945830134291983,
    "CC D2 DIAGNOSTIC": 0.09265307415719005,
    "CC NEW D1 DIAGNOSTIC": 0.029945830134291983,
    "CC T1 DIAGNOSTIC": 0.013772964336197097,
    "CCSD CORRELATION ENERGY": -0.1745002819878489,
    "CCSD OPPOSITE-SPIN CORRELATION ENERGY": -0.13883297220452798,
    "CCSD SAME-SPIN CORRELATION ENERGY": -0.035667309783320944,
    "CCSD TOTAL ENERGY": -106.8078899204488,
    "CURRENT CORRELATION ENERGY": -0.1745002819878489,
    "CURRENT DIPOLE X": 0.0,
    "CURRENT DIPOLE Y": 0.0,
    "CURRENT DIPOLE Z": -3.92120354846673,
    "CURRENT ENERGY": -106.8078899204488,
    "CURRENT REFERENCE ENERGY": -106.63338963846101,
    "HF TOTAL ENERGY": -106.63338963846101,
    "LCCSD (+LMP2) TOTAL ENERGY": -106.80930898297338,
    "MP2 CORRELATION ENERGY": -0.17483616707996383,
    "MP2 OPPOSITE-SPIN CORRELATION ENERGY": -0.13214696247293034,
    "MP2 SAME-SPIN CORRELATION ENERGY": -0.04268920460703349,
    "MP2 TOTAL ENERGY": -106.80822580554091,
    "NUCLEAR REPULSION ENERGY": 14.323774070175869,
    "ONE-ELECTRON ENERGY": -178.59101797592226,
    "PCM POLARIZATION ENERGY": 0.0,
    "PE ENERGY": 0.0,
    "SCF DIPOLE X": 0.0,
    "SCF DIPOLE Y": 0.0,
    "SCF DIPOLE Z": -3.92120354846673,
    "SCF ITERATION ENERGY": -106.63338963846101,
    "SCF ITERATIONS": 10.0,
    "SCF TOTAL ENERGY": -106.63338963846101,
    "TWO-ELECTRON ENERGY": 57.63385426728538
}