{
    "CC D1 DIAGNOSTIC": 0.3503273879027954,
    "CC D2 DIAGNOSTIC": 0.29239045534821767,
    "CC NEW D1 DIAGNOSTIC": 0.3503273879027954,
    "CC T1 DIAGNOSTIC": 0.07851403796342112,
    "CCSD CORRELATION ENERGY": -0.3088387885714244,
    "CCSD OPPOSITE-SPIN CORRELATION ENERGY": -0.2398601043943099,
    "CCSD SAME-SPIN CORRELATION ENERGY": -0.06897868417711375,
    "CCSD TOTAL ENERGY": -260.7112064378255,
    "CURRENT CORRELATION ENERGY": -0.3088387885714244,
    "CURRENT DIPOLE X": 0.0,
    "CURRENT DIPOLE Y": 0.0,
    "CURRENT DIPOLE Z": -4.154190221675171,
    "CURRENT ENERGY": -260.7112064378255,
    "CURRENT REFERENCE ENERGY": -260.4023676492541,
    "HF TOTAL ENERGY": -260.4023676492541,
    "LCCSD (+LMP2) TOTAL ENERGY": -260.7112072733109,
    "MP2 CORRELATION ENERGY": -0.3053086344556968,
    "MP2 OPPOSITE-SPIN CORRELATION ENERGY": -0.22593937559285965,
    "MP2 SAME-SPIN CORRELATION ENERGY": -0.07936925886283713,
    "MP2 TOTAL ENERGY": -260.70767628370976,
    "NUCLEAR REPULSION ENERGY": 48.489861522835675,
    "ONE-ELECTRON ENERGY": -464.5906312023791,
    "PCM POLARIZATION ENERGY": 0.0,
    "PE ENERGY": 0.0,
    "SCF DIPOLE X": 0.0,
    "SCF DIPOLE Y": 0.0,
    "SCF DIPOLE Z": -4.154190221675171,
    "SCF ITERATION ENERGY": -260.4023676492541,
    "SCF ITERATIONS": 13.0,
    "SCF TOTAL ENERGY": -260.4023676492541,
    "TWO-ELECTRON ENERGY": 155.69840203028934
}