{
    "CC D1 DIAGNOSTIC": 0.03657868625878857,
    "CC D2 DIAGNOSTIC": 0.3248908896980605,
    "CC NEW D1 DIAGNOSTIC": 0.03657868625878857,
    "CC T1 DIAGNOSTIC": 0.009002700390857763,
    "CCSD CORRELATION ENERGY": -0.26333043475025386,
    "CCSD OPPOSITE-SPIN CORRELATION ENERGY": -0.21079920442834235,
    "CCSD SAME-SPIN CORRELATION ENERGY": -0.05253123032191151,
    "CCSD TOTAL ENERGY": -257.6282159855123,
    "CURRENT CORRELATION ENERGY": -0.26333043475025386,
    "CURRENT DIPOLE X": 0.0,
    "CURRENT DIPOLE Y": 0.0,
    "CURRENT DIPOLE Z": 3.5312712492917733,
    "CURRENT ENERGY": -257.6282159855123,
    "CURRENT REFERENCE ENERGY": -257.36488555076204,
    "HF TOTAL ENERGY": -257.36488555076204,
    "LCCSD (+LMP2) TOTAL ENERGY": -257.6282632929612,
    "MP2 CORRELATION ENERGY": -0.24363542963784998,
    "MP2 OPPOSITE-SPIN CORRELATION ENERGY": -0.18793336287093929,
    "MP2 SAME-SPIN CORRELATION ENERGY": -0.055702066766910696,
    "MP2 TOTAL ENERGY": -257.60852098039993,
    "NUCLEAR REPULSION ENERGY": 76.09722793729688,
    "ONE-ELECTRON ENERGY": -498.91686044063067,
    "PCM POLARIZATION ENERGY": 0.0,
    "PE ENERGY": 0.0,
    "SCF DIPOLE X": 0.0,
    "SCF DIPOLE Y": 0.0,
    "SCF DIPOLE Z": 3.5312712492917733,
    "SCF ITERATION ENERGY": -257.36488555076204,
    "SCF ITERATIONS": 11.0,
    "SCF TOTAL ENERGY": -257.36488555076204,
    "TWO-ELECTRON ENERGY": 165.45474695257172
}