{
    "CC D1 DIAGNOSTIC": 0.017009825399049543,
    "CC D2 DIAGNOSTIC": 0.11984624763872259,
    "CC NEW D1 DIAGNOSTIC": 0.017009825399049543,
    "CC T1 DIAGNOSTIC": 0.0063483897837893315,
    "CCSD CORRELATION ENERGY": -0.2104490069512405,
    "CCSD OPPOSITE-SPIN CORRELATION ENERGY": -0.1673383329787208,
    "CCSD SAME-SPIN CORRELATION ENERGY": -0.04311067397251969,
    "CCSD TOTAL ENERGY": -111.3779583399588,
    "CURRENT CORRELATION ENERGY": -0.2104490069512405,
    "CURRENT DIPOLE X": 0.0,
    "CURRENT DIPOLE Y": 0.0,
    "CURRENT DIPOLE Z": 1.1790152352888494,
    "CURRENT ENERGY": -111.3779583399588,
    "CURRENT REFERENCE ENERGY": -111.16750933300746,
    "HF TOTAL ENERGY": -111.16750933300746,
    "LCCSD (+LMP2) TOTAL ENERGY": -111.37812023274614,
    "MP2 CORRELATION ENERGY": -0.20194357285569278,
    "MP2 OPPOSITE-SPIN CORRELATION ENERGY": -0.1547175232020167,
    "MP2 SAME-SPIN CORRELATION ENERGY": -0.04722604965367608,
    "MP2 TOTAL ENERGY": -111.36945290586326,
    "NUCLEAR REPULSION ENERGY": 37.304064327083694,
    "ONE-ELECTRON ENERGY": -223.05247973351925,
    "PCM POLARIZATION ENERGY": 0.0,
    "PE ENERGY": 0.0,
    "SCF DIPOLE X": 0.0,
    "SCF DIPOLE Y": 0.0,
    "SCF DIPOLE Z": 1.1790152352888494,
    "SCF ITERATION ENERGY": -111.16750933300746,
    "SCF ITERATIONS": 10.0,
    "SCF TOTAL ENERGY": -111.16750933300746,
    "TWO-ELECTRON ENERGY": 74.5809060734281
}