{
    "CC D1 DIAGNOSTIC": 0.03918356136972226,
    "CC D2 DIAGNOSTIC": 0.09555839146158802,
    "CC NEW D1 DIAGNOSTIC": 0.03918356136972226,
    "CC T1 DIAGNOSTIC": 0.017310552453087644,
    "CCSD CORRELATION ENERGY": -0.1801847915350885,
    "CCSD OPPOSITE-SPIN CORRELATION ENERGY": -0.1444315423739301,
    "CCSD SAME-SPIN CORRELATION ENERGY": -0.03575324916115841,
    "CCSD TOTAL ENERGY": -107.14190232020263,
    "CURRENT CORRELATION ENERGY": -0.1801847915350885,
    "CURRENT DIPOLE X": 0.0,
    "CURRENT DIPOLE Y": 0.0,
    "CURRENT DIPOLE Z": -6.601619471030013,
    "CURRENT ENERGY": -107.14190232020263,
    "CURRENT REFERENCE ENERGY": -106.96171752866766,
    "HF TOTAL ENERGY": -106.96171752866766,
    "LCCSD (+LMP2) TOTAL ENERGY": -107.14081235414135,
    "MP2 CORRELATION ENERGY": -0.18082569175852586,
    "MP2 OPPOSITE-SPIN CORRELATION ENERGY": -0.13699819735333343,
    "MP2 SAME-SPIN CORRELATION ENERGY": -0.04382749440519243,
    "MP2 TOTAL ENERGY": -107.14254322042608,
    "NUCLEAR REPULSION ENERGY": 8.969303321545459,
    "ONE-ELECTRON ENERGY": -169.28752274987866,
    "PCM POLARIZATION ENERGY": 0.0,
    "PE ENERGY": 0.0,
    "SCF DIPOLE X": 0.0,
    "SCF DIPOLE Y": 0.0,
    "SCF DIPOLE Z": -6.601619471030013,
    "SCF ITERATION ENERGY": -106.96171752866766,
    "SCF ITERATIONS": 10.0,
    "SCF TOTAL ENERGY": -106.96171752866766,
    "TWO-ELECTRON ENERGY": 53.356501899665545
}