{
    "CC D1 DIAGNOSTIC": 0.011263816241461604,
    "CC D2 DIAGNOSTIC": 0.09557934684106902,
    "CC NEW D1 DIAGNOSTIC": 0.011263816241461604,
    "CC T1 DIAGNOSTIC": 0.004384023299505689,
    "CCSD CORRELATION ENERGY": -0.10634764717913808,
    "CCSD OPPOSITE-SPIN CORRELATION ENERGY": -0.08734608692610495,
    "CCSD SAME-SPIN CORRELATION ENERGY": -0.019001560253033137,
    "CCSD TOTAL ENERGY": -460.11935619899197,
    "CURRENT CORRELATION ENERGY": -0.10634764717913808,
    "CURRENT DIPOLE X": 0.0,
    "CURRENT DIPOLE Y": 0.0,
    "CURRENT DIPOLE Z": -1.77976744151663,
    "CURRENT ENERGY": -460.11935619899197,
    "CURRENT REFERENCE ENERGY": -460.01300855181273,
    "HF TOTAL ENERGY": -460.01300855181273,
    "LCCSD (+LMP2) TOTAL ENERGY": -460.08413833253593,
    "MP2 CORRELATION ENERGY": -0.09783999604021275,
    "MP2 OPPOSITE-SPIN CORRELATION ENERGY": -0.07823551167586659,
    "MP2 SAME-SPIN CORRELATION ENERGY": -0.019604484364346156,
    "MP2 TOTAL ENERGY": -460.11084854785304,
    "NUCLEAR REPULSION ENERGY": 8.504543960553969,
    "ONE-ELECTRON ENERGY": -652.2750229973307,
    "PCM POLARIZATION ENERGY": 0.0,
    "PE ENERGY": 0.0,
    "SCF DIPOLE X": 0.0,
    "SCF DIPOLE Y": 0.0,
    "SCF DIPOLE Z": -1.77976744151663,
    "SCF ITERATION ENERGY": -460.01300855181273,
    "SCF ITERATIONS": 9.0,
    "SCF TOTAL ENERGY": -460.01300855181273,
    "TWO-ELECTRON ENERGY": 183.75747048496396
}