{
    "CC D1 DIAGNOSTIC": 0.06973438848751913,
    "CC D2 DIAGNOSTIC": 0.2073527329608589,
    "CC NEW D1 DIAGNOSTIC": 0.06973438848751913,
    "CC T1 DIAGNOSTIC": 0.021625888817972533,
    "CCSD CORRELATION ENERGY": -0.18215676632817335,
    "CCSD OPPOSITE-SPIN CORRELATION ENERGY": -0.1476943292008953,
    "CCSD SAME-SPIN CORRELATION ENERGY": -0.03446243712727842,
    "CCSD TOTAL ENERGY": -104.68158580746824,
    "CURRENT CORRELATION ENERGY": -0.18215676632817335,
    "CURRENT DIPOLE X": 0.0,
    "CURRENT DIPOLE Y": 0.0,
    "CURRENT DIPOLE Z": 3.6322813140942563,
    "CURRENT ENERGY": -104.68158580746824,
    "CURRENT REFERENCE ENERGY": -104.49942904114015,
    "HF TOTAL ENERGY": -104.49942904114015,
    "LCCSD (+LMP2) TOTAL ENERGY": -104.68386488429844,
    "MP2 CORRELATION ENERGY": -0.1683305355353667,
    "MP2 OPPOSITE-SPIN CORRELATION ENERGY": -0.1312948071572311,
    "MP2 SAME-SPIN CORRELATION ENERGY": -0.037035728378135596,
    "MP2 TOTAL ENERGY": -104.66775957667542,
    "NUCLEAR REPULSION ENERGY": 24.198035344084342,
    "ONE-ELECTRON ENERGY": -187.09557977230457,
    "PCM POLARIZATION ENERGY": 0.0,
    "PE ENERGY": 0.0,
    "SCF DIPOLE X": 0.0,
    "SCF DIPOLE Y": 0.0,
    "SCF DIPOLE Z": 3.6322813140942563,
    "SCF ITERATION ENERGY": -104.49942904114015,
    "SCF ITERATIONS": 11.0,
    "SCF TOTAL ENERGY": -104.49942904114015,
    "TWO-ELECTRON ENERGY": 58.3981153870801
}