{
    "CC D1 DIAGNOSTIC": 0.12179910602784713,
    "CC D2 DIAGNOSTIC": 0.19275671720436047,
    "CC NEW D1 DIAGNOSTIC": 0.12179910602784713,
    "CC T1 DIAGNOSTIC": 0.03899122734881031,
    "CCSD CORRELATION ENERGY": -0.46354593332504296,
    "CCSD OPPOSITE-SPIN CORRELATION ENERGY": -0.3665751626589945,
    "CCSD SAME-SPIN CORRELATION ENERGY": -0.09697077066604864,
    "CCSD TOTAL ENERGY": -187.87001351359666,
    "CURRENT CORRELATION ENERGY": -0.46354593332504296,
    "CURRENT DIPOLE X": 0.0,
    "CURRENT DIPOLE Y": 0.0,
    "CURRENT DIPOLE Z": 0.0,
    "CURRENT ENERGY": -187.87001351359666,
    "CURRENT REFERENCE ENERGY": -187.4064675802704,
    "HF TOTAL ENERGY": -187.4064675802704,
    "LCCSD (+LMP2) TOTAL ENERGY": -187.87081196671534,
    "MP2 CORRELATION ENERGY": -0.48906548327567206,
    "MP2 OPPOSITE-SPIN CORRELATION ENERGY": -0.3594367760633898,
    "MP2 SAME-SPIN CORRELATION ENERGY": -0.12962870721228226,
    "MP2 TOTAL ENERGY": -187.8955330635473,
    "NUCLEAR REPULSION ENERGY": 47.71398906260616,
    "ONE-ELECTRON ENERGY": -351.01282742391635,
    "PCM POLARIZATION ENERGY": 0.0,
    "PE ENERGY": 0.0,
    "SCF DIPOLE X": 0.0,
    "SCF DIPOLE Y": 0.0,
    "SCF DIPOLE Z": 0.0,
    "SCF ITERATION ENERGY": -187.4064675802704,
    "SCF ITERATIONS": 11.0,
    "SCF TOTAL ENERGY": -187.4064675802704,
    "TWO-ELECTRON ENERGY": 115.89237078103977
}