{
    "CC D1 DIAGNOSTIC": 0.04223436637295869,
    "CC D2 DIAGNOSTIC": 0.15377529147060126,
    "CC NEW D1 DIAGNOSTIC": 0.04223436637295869,
    "CC T1 DIAGNOSTIC": 0.016911280071485575,
    "CCSD CORRELATION ENERGY": -0.2530151402829974,
    "CCSD OPPOSITE-SPIN CORRELATION ENERGY": -0.20369033652852667,
    "CCSD SAME-SPIN CORRELATION ENERGY": -0.04932480375447065,
    "CCSD TOTAL ENERGY": -112.95143032679407,
    "CURRENT CORRELATION ENERGY": -0.2530151402829974,
    "CURRENT DIPOLE X": 0.0,
    "CURRENT DIPOLE Y": 0.0,
    "CURRENT DIPOLE Z": -0.3776263338589965,
    "CURRENT ENERGY": -112.95143032679407,
    "CURRENT REFERENCE ENERGY": -112.69841518651108,
    "HF TOTAL ENERGY": -112.69841518651108,
    "LCCSD (+LMP2) TOTAL ENERGY": -112.95145739858462,
    "MP2 CORRELATION ENERGY": -0.25546804721652894,
    "MP2 OPPOSITE-SPIN CORRELATION ENERGY": -0.19286871497413985,
    "MP2 SAME-SPIN CORRELATION ENERGY": -0.06259933224238909,
    "MP2 TOTAL ENERGY": -112.9538832337276,
    "NUCLEAR REPULSION ENERGY": 23.028249277083557,
    "ONE-ELECTRON ENERGY": -198.81228397456556,
    "PCM POLARIZATION ENERGY": 0.0,
    "PE ENERGY": 0.0,
    "SCF DIPOLE X": 0.0,
    "SCF DIPOLE Y": 0.0,
    "SCF DIPOLE Z": -0.3776263338589965,
    "SCF ITERATION ENERGY": -112.69841518651108,
    "SCF ITERATIONS": 10.0,
    "SCF TOTAL ENERGY": -112.69841518651108,
    "TWO-ELECTRON ENERGY": 63.08561951097093
}