{
    "CC D1 DIAGNOSTIC": 0.027762595958166825,
    "CC D2 DIAGNOSTIC": 0.13610189565263334,
    "CC NEW D1 DIAGNOSTIC": 0.027762595958166825,
    "CC T1 DIAGNOSTIC": 0.011700098928520105,
    "CCSD CORRELATION ENERGY": -0.23681681361651563,
    "CCSD OPPOSITE-SPIN CORRELATION ENERGY": -0.19014572404603972,
    "CCSD SAME-SPIN CORRELATION ENERGY": -0.046671089570476,
    "CCSD TOTAL ENERGY": -112.85094166144835,
    "CURRENT CORRELATION ENERGY": -0.23681681361651563,
    "CURRENT DIPOLE X": 0.0,
    "CURRENT DIPOLE Y": 0.0,
    "CURRENT DIPOLE Z": 0.23195519820469582,
    "CURRENT ENERGY": -112.85094166144835,
    "CURRENT REFERENCE ENERGY": -112.61412484783192,
    "HF TOTAL ENERGY": -112.61412484783192,
    "LCCSD (+LMP2) TOTAL ENERGY": -112.85100857242347,
    "MP2 CORRELATION ENERGY": -0.23404685851567847,
    "MP2 OPPOSITE-SPIN CORRELATION ENERGY": -0.17798284597934438,
    "MP2 SAME-SPIN CORRELATION ENERGY": -0.056064012536334085,
    "MP2 TOTAL ENERGY": -112.84817170634751,
    "NUCLEAR REPULSION ENERGY": 26.258185539323858,
    "ONE-ELECTRON ENERGY": -204.7596091126586,
    "PCM POLARIZATION ENERGY": 0.0,
    "PE ENERGY": 0.0,
    "SCF DIPOLE X": 0.0,
    "SCF DIPOLE Y": 0.0,
    "SCF DIPOLE Z": 0.23195519820469582,
    "SCF ITERATION ENERGY": -112.61412484783192,
    "SCF ITERATIONS": 9.0,
    "SCF TOTAL ENERGY": -112.61412484783192,
    "TWO-ELECTRON ENERGY": 65.88729872550284
}