{
    "CC D1 DIAGNOSTIC": 0.044767054930685946,
    "CC D2 DIAGNOSTIC": 0.09062420630667364,
    "CC NEW D1 DIAGNOSTIC": 0.044767054930685946,
    "CC T1 DIAGNOSTIC": 0.013991088426450674,
    "CCSD CORRELATION ENERGY": -0.2868657329116507,
    "CCSD OPPOSITE-SPIN CORRELATION ENERGY": -0.22254411140616082,
    "CCSD SAME-SPIN CORRELATION ENERGY": -0.06432162150548992,
    "CCSD TOTAL ENERGY": -261.4795061206994,
    "CURRENT CORRELATION ENERGY": -0.2868657329116507,
    "CURRENT DIPOLE X": 0.0,
    "CURRENT DIPOLE Y": 0.0,
    "CURRENT DIPOLE Z": -6.582766754314125,
    "CURRENT ENERGY": -261.4795061206994,
    "CURRENT REFERENCE ENERGY": -261.1926403877875,
    "HF TOTAL ENERGY": -261.1926403877875,
    "LCCSD (+LMP2) TOTAL ENERGY": -261.4793771240309,
    "MP2 CORRELATION ENERGY": -0.28779033051152003,
    "MP2 OPPOSITE-SPIN CORRELATION ENERGY": -0.21375946627088013,
    "MP2 SAME-SPIN CORRELATION ENERGY": -0.0740308642406399,
    "MP2 TOTAL ENERGY": -261.48043071829926,
    "NUCLEAR REPULSION ENERGY": 36.70887404017489,
    "ONE-ELECTRON ENERGY": -443.35043640010025,
    "PCM POLARIZATION ENERGY": 0.0,
    "PE ENERGY": 0.0,
    "SCF DIPOLE X": 0.0,
    "SCF DIPOLE Y": 0.0,
    "SCF DIPOLE Z": -6.582766754314125,
    "SCF ITERATION ENERGY": -261.1926403877875,
    "SCF ITERATIONS": 11.0,
    "SCF TOTAL ENERGY": -261.1926403877875,
    "TWO-ELECTRON ENERGY": 145.44892197213787
}