{
    "CC D1 DIAGNOSTIC": 0.03857988700253778,
    "CC D2 DIAGNOSTIC": 0.14987024557876924,
    "CC NEW D1 DIAGNOSTIC": 0.03857988700253778,
    "CC T1 DIAGNOSTIC": 0.015563089928154904,
    "CCSD CORRELATION ENERGY": -0.2492933262082307,
    "CCSD OPPOSITE-SPIN CORRELATION ENERGY": -0.2005909052493086,
    "CCSD SAME-SPIN CORRELATION ENERGY": -0.048702420958921966,
    "CCSD TOTAL ENERGY": -112.94180560867798,
    "CURRENT CORRELATION ENERGY": -0.2492933262082307,
    "CURRENT DIPOLE X": 0.0,
    "CURRENT DIPOLE Y": 0.0,
    "CURRENT DIPOLE Z": -0.2357282436558266,
    "CURRENT ENERGY": -112.94180560867798,
    "CURRENT REFERENCE ENERGY": -112.69251228246978,
    "HF TOTAL ENERGY": -112.69251228246978,
    "LCCSD (+LMP2) TOTAL ENERGY": -112.94120496946209,
    "MP2 CORRELATION ENERGY": -0.2504319010620062,
    "MP2 OPPOSITE-SPIN CORRELATION ENERGY": -0.18939464923754024,
    "MP2 SAME-SPIN CORRELATION ENERGY": -0.061037251824465955,
    "MP2 TOTAL ENERGY": -112.94294418353175,
    "NUCLEAR REPULSION ENERGY": 23.67541319119363,
    "ONE-ELECTRON ENERGY": -200.0205041498587,
    "PCM POLARIZATION ENERGY": 0.0,
    "PE ENERGY": 0.0,
    "SCF DIPOLE X": 0.0,
    "SCF DIPOLE Y": 0.0,
    "SCF DIPOLE Z": -0.2357282436558266,
    "SCF ITERATION ENERGY": -112.69251228246978,
    "SCF ITERATIONS": 10.0,
    "SCF TOTAL ENERGY": -112.69251228246978,
    "TWO-ELECTRON ENERGY": 63.6525786761953
}