{
    "CC D1 DIAGNOSTIC": 0.08396944808032436,
    "CC D2 DIAGNOSTIC": 0.18449258872581967,
    "CC NEW D1 DIAGNOSTIC": 0.08396944808032436,
    "CC T1 DIAGNOSTIC": 0.03303137008072534,
    "CCSD CORRELATION ENERGY": -0.28410860006036026,
    "CCSD OPPOSITE-SPIN CORRELATION ENERGY": -0.2294161005231911,
    "CCSD SAME-SPIN CORRELATION ENERGY": -0.054692499537169204,
    "CCSD TOTAL ENERGY": -112.91018092887623,
    "CURRENT CORRELATION ENERGY": -0.28410860006036026,
    "CURRENT DIPOLE X": 0.0,
    "CURRENT DIPOLE Y": 0.0,
    "CURRENT DIPOLE Z": -1.571267547262998,
    "CURRENT ENERGY": -112.91018092887623,
    "CURRENT REFERENCE ENERGY": -112.6260723288154,
    "HF TOTAL ENERGY": -112.6260723288154,
    "LCCSD (+LMP2) TOTAL ENERGY": -112.92801350267571,
    "MP2 CORRELATION ENERGY": -0.29973778402978035,
    "MP2 OPPOSITE-SPIN CORRELATION ENERGY": -0.22299531895951102,
    "MP2 SAME-SPIN CORRELATION ENERGY": -0.07674246507026933,
    "MP2 TOTAL ENERGY": -112.92581011284565,
    "NUCLEAR REPULSION ENERGY": 18.896077444186314,
    "ONE-ELECTRON ENERGY": -190.96175806358255,
    "PCM POLARIZATION ENERGY": 0.0,
    "PE ENERGY": 0.0,
    "SCF DIPOLE X": 0.0,
    "SCF DIPOLE Y": 0.0,
    "SCF DIPOLE Z": -1.571267547262998,
    "SCF ITERATION ENERGY": -112.6260723288154,
    "SCF ITERATIONS": 10.0,
    "SCF TOTAL ENERGY": -112.6260723288154,
    "TWO-ELECTRON ENERGY": 59.439608290580836
}