{
    "CC D1 DIAGNOSTIC": 0.033984180088591456,
    "CC D2 DIAGNOSTIC": 0.09547614210538397,
    "CC NEW D1 DIAGNOSTIC": 0.033984180088591456,
    "CC T1 DIAGNOSTIC": 0.01487357957846047,
    "CCSD CORRELATION ENERGY": -0.17756473996223263,
    "CCSD OPPOSITE-SPIN CORRELATION ENERGY": -0.1421000999286793,
    "CCSD SAME-SPIN CORRELATION ENERGY": -0.03546464003355343,
    "CCSD TOTAL ENERGY": -107.11176547601544,
    "CURRENT CORRELATION ENERGY": -0.17756473996223263,
    "CURRENT DIPOLE X": 0.0,
    "CURRENT DIPOLE Y": 0.0,
    "CURRENT DIPOLE Z": -5.469241018481148,
    "CURRENT ENERGY": -107.11176547601544,
    "CURRENT REFERENCE ENERGY": -106.93420073605319,
    "HF TOTAL ENERGY": -106.93420073605319,
    "LCCSD (+LMP2) TOTAL ENERGY": -107.05676337521118,
    "MP2 CORRELATION ENERGY": -0.17795563687422802,
    "MP2 OPPOSITE-SPIN CORRELATION ENERGY": -0.13485405715951648,
    "MP2 SAME-SPIN CORRELATION ENERGY": -0.04310157971471154,
    "MP2 TOTAL ENERGY": -107.11215637292743,
    "NUCLEAR REPULSION ENERGY": 10.749599822041251,
    "ONE-ELECTRON ENERGY": -172.50765105190152,
    "PCM POLARIZATION ENERGY": 0.0,
    "PE ENERGY": 0.0,
    "SCF DIPOLE X": 0.0,
    "SCF DIPOLE Y": 0.0,
    "SCF DIPOLE Z": -5.469241018481148,
    "SCF ITERATION ENERGY": -106.93420073605319,
    "SCF ITERATIONS": 10.0,
    "SCF TOTAL ENERGY": -106.93420073605319,
    "TWO-ELECTRON ENERGY": 54.82385049380708
}