{
    "CC D1 DIAGNOSTIC": 0.11851943756739891,
    "CC D2 DIAGNOSTIC": 0.3762585589315728,
    "CC NEW D1 DIAGNOSTIC": 0.11851943756739891,
    "CC T1 DIAGNOSTIC": 0.037600317349463855,
    "CCSD CORRELATION ENERGY": -0.21816333320194328,
    "CCSD OPPOSITE-SPIN CORRELATION ENERGY": -0.18693544353949454,
    "CCSD SAME-SPIN CORRELATION ENERGY": -0.031227889662447994,
    "CCSD TOTAL ENERGY": -100.04468790297909,
    "CURRENT CORRELATION ENERGY": -0.21816333320194328,
    "CURRENT DIPOLE X": 0.0,
    "CURRENT DIPOLE Y": 0.0,
    "CURRENT DIPOLE Z": -3.5248929944677556,
    "CURRENT ENERGY": -100.04468790297909,
    "CURRENT REFERENCE ENERGY": -99.82652456977715,
    "HF TOTAL ENERGY": -99.82652456977715,
    "LCCSD (+LMP2) TOTAL ENERGY": -100.03291465003105,
    "MP2 CORRELATION ENERGY": -0.20598529406820165,
    "MP2 OPPOSITE-SPIN CORRELATION ENERGY": -0.16033369470795045,
    "MP2 SAME-SPIN CORRELATION ENERGY": -0.045651599360251205,
    "MP2 TOTAL ENERGY": -100.03250986384535,
    "NUCLEAR REPULSION ENERGY": 2.6848622784984992,
    "ONE-ELECTRON ENERGY": -146.15239381640316,
    "PCM POLARIZATION ENERGY": 0.0,
    "PE ENERGY": 0.0,
    "SCF DIPOLE X": 0.0,
    "SCF DIPOLE Y": 0.0,
    "SCF DIPOLE Z": -3.5248929944677556,
    "SCF ITERATION ENERGY": -99.82652456977715,
    "SCF ITERATIONS": 10.0,
    "SCF TOTAL ENERGY": -99.82652456977715,
    "TWO-ELECTRON ENERGY": 43.64100696812753
}