{
    "CC D1 DIAGNOSTIC": 0.2103081856140332,
    "CC D2 DIAGNOSTIC": 0.22778164667410547,
    "CC NEW D1 DIAGNOSTIC": 0.2103081856140332,
    "CC T1 DIAGNOSTIC": 0.08588033307722538,
    "CCSD CORRELATION ENERGY": -0.3205601297981571,
    "CCSD OPPOSITE-SPIN CORRELATION ENERGY": -0.25671453309005465,
    "CCSD SAME-SPIN CORRELATION ENERGY": -0.06384559670810275,
    "CCSD TOTAL ENERGY": -112.77868794493298,
    "CURRENT CORRELATION ENERGY": -0.3205601297981571,
    "CURRENT DIPOLE X": 0.0,
    "CURRENT DIPOLE Y": 0.0,
    "CURRENT DIPOLE Z": -2.913198751343353,
    "CURRENT ENERGY": -112.77868794493298,
    "CURRENT REFERENCE ENERGY": -112.45812781513489,
    "HF TOTAL ENERGY": -112.45812781513487,
    "LCCSD (+LMP2) TOTAL ENERGY": -112.78527827698215,
    "MP2 CORRELATION ENERGY": -0.330711634766101,
    "MP2 OPPOSITE-SPIN CORRELATION ENERGY": -0.2447291283978686,
    "MP2 SAME-SPIN CORRELATION ENERGY": -0.0859825063682324,
    "MP2 TOTAL ENERGY": -112.78883944990093,
    "NUCLEAR REPULSION ENERGY": 15.363831964497999,
    "ONE-ELECTRON ENERGY": -184.19439306388236,
    "PCM POLARIZATION ENERGY": 0.0,
    "PE ENERGY": 0.0,
    "SCF DIPOLE X": 0.0,
    "SCF DIPOLE Y": 0.0,
    "SCF DIPOLE Z": -2.913198751343353,
    "SCF ITERATION ENERGY": -112.45812781513489,
    "SCF ITERATIONS": 12.0,
    "SCF TOTAL ENERGY": -112.45812781513489,
    "TWO-ELECTRON ENERGY": 56.37243328424949
}