{
    "CC D1 DIAGNOSTIC": 0.022711242283529966,
    "CC D2 DIAGNOSTIC": 0.08928080830480327,
    "CC NEW D1 DIAGNOSTIC": 0.022711242283529966,
    "CC T1 DIAGNOSTIC": 0.007054176967031437,
    "CCSD CORRELATION ENERGY": -0.3347533338993495,
    "CCSD OPPOSITE-SPIN CORRELATION ENERGY": -0.25110419236488896,
    "CCSD SAME-SPIN CORRELATION ENERGY": -0.08364914153446001,
    "CCSD TOTAL ENERGY": -177.93444972341464,
    "CURRENT CORRELATION ENERGY": -0.3347533338993495,
    "CURRENT DIPOLE X": 0.0,
    "CURRENT DIPOLE Y": 0.0,
    "CURRENT DIPOLE Z": 0.0,
    "CURRENT ENERGY": -177.93444972341464,
    "CURRENT REFERENCE ENERGY": -177.59969638951517,
    "HF TOTAL ENERGY": -177.59969638951517,
    "LCCSD (+LMP2) TOTAL ENERGY": -177.90936944170633,
    "MP2 CORRELATION ENERGY": -0.3355188198807578,
    "MP2 OPPOSITE-SPIN CORRELATION ENERGY": -0.24319896530543503,
    "MP2 SAME-SPIN CORRELATION ENERGY": -0.0923198545753228,
    "MP2 TOTAL ENERGY": -177.93521520939603,
    "NUCLEAR REPULSION ENERGY": 129.60771067486772,
    "ONE-ELECTRON ENERGY": -489.57163322174205,
    "PCM POLARIZATION ENERGY": 0.0,
    "PE ENERGY": 0.0,
    "SCF DIPOLE X": 0.0,
    "SCF DIPOLE Y": 0.0,
    "SCF DIPOLE Z": 0.0,
    "SCF ITERATION ENERGY": -177.59969638951517,
    "SCF ITERATIONS": 10.0,
    "SCF TOTAL ENERGY": -177.59969638951517,
    "TWO-ELECTRON ENERGY": 182.36422615735913
}