{
    "CC D1 DIAGNOSTIC": 0.17068244533736857,
    "CC D2 DIAGNOSTIC": 0.49449671746150653,
    "CC NEW D1 DIAGNOSTIC": 0.17068244533736857,
    "CC T1 DIAGNOSTIC": 0.054052247025129695,
    "CCSD CORRELATION ENERGY": -0.2394557716504327,
    "CCSD OPPOSITE-SPIN CORRELATION ENERGY": -0.2096678484292629,
    "CCSD SAME-SPIN CORRELATION ENERGY": -0.02978792322116952,
    "CCSD TOTAL ENERGY": -100.02181010834678,
    "CURRENT CORRELATION ENERGY": -0.2394557716504327,
    "CURRENT DIPOLE X": 0.0,
    "CURRENT DIPOLE Y": 0.0,
    "CURRENT DIPOLE Z": -3.8537174484328185,
    "CURRENT ENERGY": -100.02181010834678,
    "CURRENT REFERENCE ENERGY": -99.7823543366963,
    "HF TOTAL ENERGY": -99.7823543366963,
    "LCCSD (+LMP2) TOTAL ENERGY": -100.0256977058818,
    "MP2 CORRELATION ENERGY": -0.22020796410243923,
    "MP2 OPPOSITE-SPIN CORRELATION ENERGY": -0.17346611944003354,
    "MP2 SAME-SPIN CORRELATION ENERGY": -0.04674184466240569,
    "MP2 TOTAL ENERGY": -100.0025623007988,
    "NUCLEAR REPULSION ENERGY": 2.381297448015,
    "ONE-ELECTRON ENERGY": -145.58761938345108,
    "PCM POLARIZATION ENERGY": 0.0,
    "PE ENERGY": 0.0,
    "SCF DIPOLE X": 0.0,
    "SCF DIPOLE Y": 0.0,
    "SCF DIPOLE Z": -3.8537174484328185,
    "SCF ITERATION ENERGY": -99.7823543366963,
    "SCF ITERATIONS": 10.0,
    "SCF TOTAL ENERGY": -99.7823543366963,
    "TWO-ELECTRON ENERGY": 43.42396759873977
}