{
    "CURRENT CORRELATION ENERGY": -0.27592917009823736,
    "CURRENT DIPOLE X": -1.1287621734612623e-15,
    "CURRENT DIPOLE Y": -1.6931432601918935e-15,
    "CURRENT DIPOLE Z": 0.6293198728051546,
    "CURRENT ENERGY": -110.21691225661382,
    "CURRENT REFERENCE ENERGY": -109.94098308651559,
    "CUSTOM SCS-MP2 CORRELATION ENERGY": -0.27883722789493665,
    "CUSTOM SCS-MP2 TOTAL ENERGY": -110.21982031441053,
    "HF TOTAL ENERGY": -109.94098308651559,
    "MP2 CORRELATION ENERGY": -0.27592917009823736,
    "MP2 OPPOSITE-SPIN CORRELATION ENERGY": -0.21560865907175902,
    "MP2 SAME-SPIN CORRELATION ENERGY": -0.06032051102647745,
    "MP2 TOTAL ENERGY": -110.21691225661382,
    "NUCLEAR REPULSION ENERGY": 32.11420623285617,
    "ONE-ELECTRON ENERGY": -212.47126463175067,
    "PCM POLARIZATION ENERGY": 0.0,
    "PE ENERGY": 0.0,
    "SCF DIPOLE X": -1.1287621734612623e-15,
    "SCF DIPOLE Y": -1.6931432601918935e-15,
    "SCF DIPOLE Z": 0.6293198728051546,
    "SCF ITERATION ENERGY": -109.94098308651559,
    "SCF ITERATIONS": 10.0,
    "SCF TOTAL ENERGY": -109.94098308651559,
    "SCS-MP2 CORRELATION ENERGY": -0.27883722789493665,
    "SCS-MP2 TOTAL ENERGY": -110.21982031441053,
    "SCS-MP2-VDW CORRELATION ENERGY": -0.30613933912509594,
    "SCS-MP2-VDW TOTAL ENERGY": -110.24712242564068,
    "SCSN-MP2 CORRELATION ENERGY": -0.10616409940661242,
    "SCSN-MP2 TOTAL ENERGY": -110.0471471859222,
    "SOS-MP2 CORRELATION ENERGY": 0.0,
    "SOS-MP2 TOTAL ENERGY": -109.94098308651559,
    "SOS-PI-MP2 CORRELATION ENERGY": -0.3018521227004669,
    "SOS-PI-MP2 TOTAL ENERGY": -110.24283520921605,
    "TWO-ELECTRON ENERGY": 70.41607531237892
}