{
    "CURRENT CORRELATION ENERGY": -0.1548082225095726,
    "CURRENT DIPOLE X": 0.0,
    "CURRENT DIPOLE Y": 0.0,
    "CURRENT DIPOLE Z": -1.4209559715452162,
    "CURRENT ENERGY": -76.1386771550264,
    "CURRENT REFERENCE ENERGY": -75.98386893251683,
    "CUSTOM SCS-MP2 CORRELATION ENERGY": -0.15529064175392482,
    "CUSTOM SCS-MP2 TOTAL ENERGY": -76.13915957427075,
    "HF TOTAL ENERGY": -75.98386893251683,
    "MP2 CORRELATION ENERGY": -0.1548082225095726,
    "MP2 OPPOSITE-SPIN CORRELATION ENERGY": -0.119639885673924,
    "MP2 SAME-SPIN CORRELATION ENERGY": -0.03516833683564805,
    "MP2 TOTAL ENERGY": -76.1386771550264,
    "NUCLEAR REPULSION ENERGY": 9.104552044101474,
    "ONE-ELECTRON ENERGY": -123.07502670107309,
    "PCM POLARIZATION ENERGY": 0.0,
    "PE ENERGY": 0.0,
    "SCF DIPOLE X": 0.0,
    "SCF DIPOLE Y": 0.0,
    "SCF DIPOLE Z": -1.4209559715452162,
    "SCF ITERATION ENERGY": -75.98386893251683,
    "SCF ITERATIONS": 10.0,
    "SCF TOTAL ENERGY": -75.98386893251683,
    "SCS-MP2 CORRELATION ENERGY": -0.15529064175392482,
    "SCS-MP2 TOTAL ENERGY": -76.13915957427075,
    "SCS-MP2-VDW CORRELATION ENERGY": -0.17072322208044,
    "SCS-MP2-VDW TOTAL ENERGY": -76.15459215459727,
    "SCSN-MP2 CORRELATION ENERGY": -0.06189627283075083,
    "SCSN-MP2 TOTAL ENERGY": -76.04576520534758,
    "SOS-MP2 CORRELATION ENERGY": 0.0,
    "SOS-MP2 TOTAL ENERGY": -75.98386893251683,
    "SOS-PI-MP2 CORRELATION ENERGY": -0.16749583994349848,
    "SOS-PI-MP2 TOTAL ENERGY": -76.15136477246033,
    "TWO-ELECTRON ENERGY": 37.98660572445478
}