{
    "CC D1 DIAGNOSTIC": 0.059784747058324934,
    "CC D2 DIAGNOSTIC": 0.3658269542237525,
    "CC NEW D1 DIAGNOSTIC": 0.059784747058324934,
    "CC T1 DIAGNOSTIC": 0.018751958359032525,
    "CCSD CORRELATION ENERGY": -0.38315290819626635,
    "CCSD OPPOSITE-SPIN CORRELATION ENERGY": -0.32500565115274155,
    "CCSD SAME-SPIN CORRELATION ENERGY": -0.058147257043524914,
    "CCSD TOTAL ENERGY": -149.80518959559237,
    "CURRENT CORRELATION ENERGY": -0.38315290819626635,
    "CURRENT DIPOLE X": 0.0,
    "CURRENT DIPOLE Y": 0.0,
    "CURRENT DIPOLE Z": 0.0,
    "CURRENT ENERGY": -149.80518959559237,
    "CURRENT REFERENCE ENERGY": -149.42203668739515,
    "HF TOTAL ENERGY": -149.42203668739515,
    "LCCSD (+LMP2) TOTAL ENERGY": -149.80264721894068,
    "MP2 CORRELATION ENERGY": -0.43010900035420835,
    "MP2 OPPOSITE-SPIN CORRELATION ENERGY": -0.31974556334925747,
    "MP2 SAME-SPIN CORRELATION ENERGY": -0.11036343700495088,
    "MP2 TOTAL ENERGY": -149.8521456877503,
    "NUCLEAR REPULSION ENERGY": 22.54047142171612,
    "ONE-ELECTRON ENERGY": -250.5048676874695,
    "PCM POLARIZATION ENERGY": 0.0,
    "PE ENERGY": 0.0,
    "SCF DIPOLE X": 0.0,
    "SCF DIPOLE Y": 0.0,
    "SCF DIPOLE Z": 0.0,
    "SCF ITERATION ENERGY": -149.42203668739515,
    "SCF ITERATIONS": 9.0,
    "SCF TOTAL ENERGY": -149.42203668739515,
    "TWO-ELECTRON ENERGY": 78.54235957835823
}