{
    "CC D1 DIAGNOSTIC": 0.07950321266841637,
    "CC D2 DIAGNOSTIC": 0.6364607316108496,
    "CC NEW D1 DIAGNOSTIC": 0.07950321266841637,
    "CC T1 DIAGNOSTIC": 0.033519708163227455,
    "CCSD CORRELATION ENERGY": -0.5242892899547231,
    "CCSD OPPOSITE-SPIN CORRELATION ENERGY": -0.5485953324694232,
    "CCSD SAME-SPIN CORRELATION ENERGY": 0.024306042514700033,
    "CCSD TOTAL ENERGY": -108.91244106707269,
    "CURRENT CORRELATION ENERGY": -0.5242892899547231,
    "CURRENT DIPOLE X": 0.0,
    "CURRENT DIPOLE Y": 0.0,
    "CURRENT DIPOLE Z": -5.643810867306312e-16,
    "CURRENT ENERGY": -108.91244106707269,
    "CURRENT REFERENCE ENERGY": -108.38815177711778,
    "HF TOTAL ENERGY": -108.38815177711777,
    "LCCSD (+LMP2) TOTAL ENERGY": -108.94211301923522,
    "MP2 CORRELATION ENERGY": -0.7344507806383475,
    "MP2 OPPOSITE-SPIN CORRELATION ENERGY": -0.5144485503326071,
    "MP2 SAME-SPIN CORRELATION ENERGY": -0.2200022303057404,
    "MP2 TOTAL ENERGY": -109.12260255775631,
    "NUCLEAR REPULSION ENERGY": 13.63277934278249,
    "ONE-ELECTRON ENERGY": -173.85523191094467,
    "PCM POLARIZATION ENERGY": 0.0,
    "PE ENERGY": 0.0,
    "SCF DIPOLE X": 0.0,
    "SCF DIPOLE Y": 0.0,
    "SCF DIPOLE Z": -5.643810867306312e-16,
    "SCF ITERATION ENERGY": -108.38815177711778,
    "SCF ITERATIONS": 8.0,
    "SCF TOTAL ENERGY": -108.38815177711778,
    "TWO-ELECTRON ENERGY": 51.83430079104439
}