{
    "CC D1 DIAGNOSTIC": 0.008313255058125017,
    "CC D2 DIAGNOSTIC": 0.07627712216682483,
    "CC NEW D1 DIAGNOSTIC": 0.008313255058125017,
    "CC T1 DIAGNOSTIC": 0.004939815473984796,
    "CCSD CORRELATION ENERGY": -0.14443077020600795,
    "CCSD OPPOSITE-SPIN CORRELATION ENERGY": -0.11497261696361502,
    "CCSD SAME-SPIN CORRELATION ENERGY": -0.02945815324239287,
    "CCSD TOTAL ENERGY": -99.88180714032163,
    "CURRENT CORRELATION ENERGY": -0.14443077020600795,
    "CURRENT DIPOLE X": 0.0,
    "CURRENT DIPOLE Y": 0.0,
    "CURRENT DIPOLE Z": -1.8999895798742454,
    "CURRENT ENERGY": -99.88180714032163,
    "CURRENT REFERENCE ENERGY": -99.73737637011567,
    "HF TOTAL ENERGY": -99.73737637011567,
    "LCCSD (+LMP2) TOTAL ENERGY": -99.86390233808773,
    "MP2 CORRELATION ENERGY": -0.14227850024989278,
    "MP2 OPPOSITE-SPIN CORRELATION ENERGY": -0.10831497623815639,
    "MP2 SAME-SPIN CORRELATION ENERGY": -0.033963524011736385,
    "MP2 TOTAL ENERGY": -99.8796548703655,
    "NUCLEAR REPULSION ENERGY": 7.964339363949328,
    "ONE-ELECTRON ENERGY": -154.84090630976766,
    "PCM POLARIZATION ENERGY": 0.0,
    "PE ENERGY": 0.0,
    "SCF DIPOLE X": 0.0,
    "SCF DIPOLE Y": 0.0,
    "SCF DIPOLE Z": -1.8999895798742454,
    "SCF ITERATION ENERGY": -99.73737637011567,
    "SCF ITERATIONS": 9.0,
    "SCF TOTAL ENERGY": -99.73737637011567,
    "TWO-ELECTRON ENERGY": 47.13919057570265
}