{
    "CC D1 DIAGNOSTIC": 0.07104492418956727,
    "CC D2 DIAGNOSTIC": 0.2689926294529244,
    "CC NEW D1 DIAGNOSTIC": 0.07104492418956727,
    "CC T1 DIAGNOSTIC": 0.02278396566616525,
    "CCSD CORRELATION ENERGY": -0.19795661207499904,
    "CCSD OPPOSITE-SPIN CORRELATION ENERGY": -0.16558167215935712,
    "CCSD SAME-SPIN CORRELATION ENERGY": -0.03237493991564175,
    "CCSD TOTAL ENERGY": -100.08268820208716,
    "CURRENT CORRELATION ENERGY": -0.19795661207499904,
    "CURRENT DIPOLE X": 0.0,
    "CURRENT DIPOLE Y": 0.0,
    "CURRENT DIPOLE Z": -3.160874518571257,
    "CURRENT ENERGY": -100.08268820208716,
    "CURRENT REFERENCE ENERGY": -99.88473159001218,
    "HF TOTAL ENERGY": -99.88473159001218,
    "LCCSD (+LMP2) TOTAL ENERGY": -100.10823128903608,
    "MP2 CORRELATION ENERGY": -0.19172843878084897,
    "MP2 OPPOSITE-SPIN CORRELATION ENERGY": -0.14758598830595954,
    "MP2 SAME-SPIN CORRELATION ENERGY": -0.04414245047488943,
    "MP2 TOTAL ENERGY": -100.076460028793,
    "NUCLEAR REPULSION ENERGY": 3.122755796737959,
    "ONE-ELECTRON ENERGY": -146.96094115831698,
    "PCM POLARIZATION ENERGY": 0.0,
    "PE ENERGY": 0.0,
    "SCF DIPOLE X": 0.0,
    "SCF DIPOLE Y": 0.0,
    "SCF DIPOLE Z": -3.160874518571257,
    "SCF ITERATION ENERGY": -99.88473159001218,
    "SCF ITERATIONS": 10.0,
    "SCF TOTAL ENERGY": -99.88473159001218,
    "TWO-ELECTRON ENERGY": 43.953453771566856
}