{
    "CC D1 DIAGNOSTIC": 0.11507288226837405,
    "CC D2 DIAGNOSTIC": 0.1989561537645653,
    "CC NEW D1 DIAGNOSTIC": 0.11507288226837405,
    "CC T1 DIAGNOSTIC": 0.04554827916522108,
    "CCSD CORRELATION ENERGY": -0.29854659257922816,
    "CCSD OPPOSITE-SPIN CORRELATION ENERGY": -0.2411863402038439,
    "CCSD SAME-SPIN CORRELATION ENERGY": -0.05736025237538425,
    "CCSD TOTAL ENERGY": -112.86251780574615,
    "CURRENT CORRELATION ENERGY": -0.29854659257922816,
    "CURRENT DIPOLE X": 0.0,
    "CURRENT DIPOLE Y": 0.0,
    "CURRENT DIPOLE Z": -2.1190187132120832,
    "CURRENT ENERGY": -112.86251780574615,
    "CURRENT REFERENCE ENERGY": -112.56397121316736,
    "HF TOTAL ENERGY": -112.56397121316736,
    "LCCSD (+LMP2) TOTAL ENERGY": -112.86252603191058,
    "MP2 CORRELATION ENERGY": -0.32004528695829426,
    "MP2 OPPOSITE-SPIN CORRELATION ENERGY": -0.2367199900842859,
    "MP2 SAME-SPIN CORRELATION ENERGY": -0.08332529687400836,
    "MP2 TOTAL ENERGY": -112.88401650012521,
    "NUCLEAR REPULSION ENERGY": 17.430002470068416,
    "ONE-ELECTRON ENERGY": -188.14486260889413,
    "PCM POLARIZATION ENERGY": 0.0,
    "PE ENERGY": 0.0,
    "SCF DIPOLE X": 0.0,
    "SCF DIPOLE Y": 0.0,
    "SCF DIPOLE Z": -2.1190187132120832,
    "SCF ITERATION ENERGY": -112.56397121316736,
    "SCF ITERATIONS": 11.0,
    "SCF TOTAL ENERGY": -112.56397121316736,
    "TWO-ELECTRON ENERGY": 58.15088892565835
}