{
    "CC D1 DIAGNOSTIC": 0.043356219619735084,
    "CC D2 DIAGNOSTIC": 0.10201521874774395,
    "CC NEW D1 DIAGNOSTIC": 0.043356219619735084,
    "CC T1 DIAGNOSTIC": 0.02027286786819445,
    "CCSD CORRELATION ENERGY": -0.18231610888159894,
    "CCSD OPPOSITE-SPIN CORRELATION ENERGY": -0.14630036984790476,
    "CCSD SAME-SPIN CORRELATION ENERGY": -0.03601573903369426,
    "CCSD TOTAL ENERGY": -107.12184400218499,
    "CURRENT CORRELATION ENERGY": -0.18231610888159894,
    "CURRENT DIPOLE X": 0.0,
    "CURRENT DIPOLE Y": 0.0,
    "CURRENT DIPOLE Z": -7.967128128193382,
    "CURRENT ENERGY": -107.12184400218499,
    "CURRENT REFERENCE ENERGY": -106.93952789330343,
    "HF TOTAL ENERGY": -106.93952789330343,
    "LCCSD (+LMP2) TOTAL ENERGY": -107.12025655252691,
    "MP2 CORRELATION ENERGY": -0.1832376817361106,
    "MP2 OPPOSITE-SPIN CORRELATION ENERGY": -0.13875737166438437,
    "MP2 SAME-SPIN CORRELATION ENERGY": -0.04448031007172623,
    "MP2 TOTAL ENERGY": -107.12276557503951,
    "NUCLEAR REPULSION ENERGY": 7.4822872445523965,
    "ONE-ELECTRON ENERGY": -166.55455019677495,
    "PCM POLARIZATION ENERGY": 0.0,
    "PE ENERGY": 0.0,
    "SCF DIPOLE X": 0.0,
    "SCF DIPOLE Y": 0.0,
    "SCF DIPOLE Z": -7.967128128193382,
    "SCF ITERATION ENERGY": -106.93952789330343,
    "SCF ITERATIONS": 10.0,
    "SCF TOTAL ENERGY": -106.93952789330343,
    "TWO-ELECTRON ENERGY": 52.132735058919124
}