{
    "CC D1 DIAGNOSTIC": 0.013773449163412596,
    "CC D2 DIAGNOSTIC": 0.1337240503842017,
    "CC NEW D1 DIAGNOSTIC": 0.013773449163412596,
    "CC T1 DIAGNOSTIC": 0.00523325288846271,
    "CCSD CORRELATION ENERGY": -0.11347961634055316,
    "CCSD OPPOSITE-SPIN CORRELATION ENERGY": -0.09368444626366848,
    "CCSD SAME-SPIN CORRELATION ENERGY": -0.01979517007688411,
    "CCSD TOTAL ENERGY": -460.1793502691629,
    "CURRENT CORRELATION ENERGY": -0.11347961634055316,
    "CURRENT DIPOLE X": 0.0,
    "CURRENT DIPOLE Y": 0.0,
    "CURRENT DIPOLE Z": -1.9109288677468632,
    "CURRENT ENERGY": -460.1793502691629,
    "CURRENT REFERENCE ENERGY": -460.06587065282224,
    "HF TOTAL ENERGY": -460.06587065282224,
    "LCCSD (+LMP2) TOTAL ENERGY": -460.17911563031987,
    "MP2 CORRELATION ENERGY": -0.1032366824978327,
    "MP2 OPPOSITE-SPIN CORRELATION ENERGY": -0.08243962065214426,
    "MP2 SAME-SPIN CORRELATION ENERGY": -0.02079706184568844,
    "MP2 TOTAL ENERGY": -460.1691073353202,
    "NUCLEAR REPULSION ENERGY": 6.692360761482652,
    "ONE-ELECTRON ENERGY": -648.9388749487065,
    "PCM POLARIZATION ENERGY": 0.0,
    "PE ENERGY": 0.0,
    "SCF DIPOLE X": 0.0,
    "SCF DIPOLE Y": 0.0,
    "SCF DIPOLE Z": -1.9109288677468632,
    "SCF ITERATION ENERGY": -460.06587065282224,
    "SCF ITERATIONS": 9.0,
    "SCF TOTAL ENERGY": -460.06587065282224,
    "TWO-ELECTRON ENERGY": 182.1806435344016
}