{
    "CC D1 DIAGNOSTIC": 0.00841395972420398,
    "CC D2 DIAGNOSTIC": 0.07598279761243135,
    "CC NEW D1 DIAGNOSTIC": 0.00841395972420398,
    "CC T1 DIAGNOSTIC": 0.0049383350118914465,
    "CCSD CORRELATION ENERGY": -0.14344531676413227,
    "CCSD OPPOSITE-SPIN CORRELATION ENERGY": -0.114148968955092,
    "CCSD SAME-SPIN CORRELATION ENERGY": -0.029296347809040307,
    "CCSD TOTAL ENERGY": -99.81175699538545,
    "CURRENT CORRELATION ENERGY": -0.14344531676413227,
    "CURRENT DIPOLE X": 0.0,
    "CURRENT DIPOLE Y": 0.0,
    "CURRENT DIPOLE Z": -1.8656785030954137,
    "CURRENT ENERGY": -99.81175699538545,
    "CURRENT REFERENCE ENERGY": -99.66831167862121,
    "HF TOTAL ENERGY": -99.6683116786212,
    "LCCSD (+LMP2) TOTAL ENERGY": -99.83830624078998,
    "MP2 CORRELATION ENERGY": -0.14121728000430325,
    "MP2 OPPOSITE-SPIN CORRELATION ENERGY": -0.10753688487599167,
    "MP2 SAME-SPIN CORRELATION ENERGY": -0.033680395128311585,
    "MP2 TOTAL ENERGY": -99.80952895862562,
    "NUCLEAR REPULSION ENERGY": 8.27734833458489,
    "ONE-ELECTRON ENERGY": -155.2588356813568,
    "PCM POLARIZATION ENERGY": 0.0,
    "PE ENERGY": 0.0,
    "SCF DIPOLE X": 0.0,
    "SCF DIPOLE Y": 0.0,
    "SCF DIPOLE Z": -1.8656785030954137,
    "SCF ITERATION ENERGY": -99.66831167862121,
    "SCF ITERATIONS": 9.0,
    "SCF TOTAL ENERGY": -99.66831167862121,
    "TWO-ELECTRON ENERGY": 47.3131756681507
}