{
    "CC D1 DIAGNOSTIC": 0.05443842190269317,
    "CC D2 DIAGNOSTIC": 0.22950643238485932,
    "CC NEW D1 DIAGNOSTIC": 0.05443842190269317,
    "CC T1 DIAGNOSTIC": 0.017696626135351487,
    "CCSD CORRELATION ENERGY": -0.18996228559930908,
    "CCSD OPPOSITE-SPIN CORRELATION ENERGY": -0.15729933362319695,
    "CCSD SAME-SPIN CORRELATION ENERGY": -0.03266295197611238,
    "CCSD TOTAL ENERGY": -100.10394596693372,
    "CURRENT CORRELATION ENERGY": -0.18996228559930908,
    "CURRENT DIPOLE X": 0.0,
    "CURRENT DIPOLE Y": 0.0,
    "CURRENT DIPOLE Z": -2.9970503467527005,
    "CURRENT ENERGY": -100.10394596693372,
    "CURRENT REFERENCE ENERGY": -99.91398368133451,
    "HF TOTAL ENERGY": -99.91398368133451,
    "LCCSD (+LMP2) TOTAL ENERGY": -100.12052173375828,
    "MP2 CORRELATION ENERGY": -0.18560358746253264,
    "MP2 OPPOSITE-SPIN CORRELATION ENERGY": -0.14227839782131538,
    "MP2 SAME-SPIN CORRELATION ENERGY": -0.04332518964121726,
    "MP2 TOTAL ENERGY": -100.09958726879695,
    "NUCLEAR REPULSION ENERGY": 3.3727985206760507,
    "ONE-ELECTRON ENERGY": -147.4168281984638,
    "PCM POLARIZATION ENERGY": 0.0,
    "PE ENERGY": 0.0,
    "SCF DIPOLE X": 0.0,
    "SCF DIPOLE Y": 0.0,
    "SCF DIPOLE Z": -2.9970503467527005,
    "SCF ITERATION ENERGY": -99.91398368133451,
    "SCF ITERATIONS": 10.0,
    "SCF TOTAL ENERGY": -99.91398368133451,
    "TWO-ELECTRON ENERGY": 44.130045996453255
}