{
    "CC D1 DIAGNOSTIC": 0.08598412934527778,
    "CC D2 DIAGNOSTIC": 0.23875156560312238,
    "CC NEW D1 DIAGNOSTIC": 0.08598412934527778,
    "CC T1 DIAGNOSTIC": 0.02574680209054481,
    "CCSD CORRELATION ENERGY": -0.20693123995995943,
    "CCSD OPPOSITE-SPIN CORRELATION ENERGY": -0.16893152423167435,
    "CCSD SAME-SPIN CORRELATION ENERGY": -0.03799971572828492,
    "CCSD TOTAL ENERGY": -105.4438300206625,
    "CURRENT CORRELATION ENERGY": -0.20693123995995943,
    "CURRENT DIPOLE X": 0.0,
    "CURRENT DIPOLE Y": 0.0,
    "CURRENT DIPOLE Z": 0.3690384667661273,
    "CURRENT ENERGY": -105.4438300206625,
    "CURRENT REFERENCE ENERGY": -105.23689878070269,
    "HF TOTAL ENERGY": -105.23689878070269,
    "LCCSD (+LMP2) TOTAL ENERGY": -105.44566708384906,
    "MP2 CORRELATION ENERGY": -0.20652146627500895,
    "MP2 OPPOSITE-SPIN CORRELATION ENERGY": -0.1572410652547476,
    "MP2 SAME-SPIN CORRELATION ENERGY": -0.04928040102026135,
    "MP2 TOTAL ENERGY": -105.44342024697755,
    "NUCLEAR REPULSION ENERGY": 20.983536183984576,
    "ONE-ELECTRON ENERGY": -186.07036680399534,
    "PCM POLARIZATION ENERGY": 0.0,
    "PE ENERGY": 0.0,
    "SCF DIPOLE X": 0.0,
    "SCF DIPOLE Y": 0.0,
    "SCF DIPOLE Z": 0.3690384667661273,
    "SCF ITERATION ENERGY": -105.23689878070269,
    "SCF ITERATIONS": 12.0,
    "SCF TOTAL ENERGY": -105.23689878070269,
    "TWO-ELECTRON ENERGY": 59.849931839308084
}