{
    "CC D1 DIAGNOSTIC": 0.012960958877217363,
    "CC D2 DIAGNOSTIC": 0.12130406201085564,
    "CC NEW D1 DIAGNOSTIC": 0.012960958877217363,
    "CC T1 DIAGNOSTIC": 0.00677631338275447,
    "CCSD CORRELATION ENERGY": -0.1632719411095556,
    "CCSD OPPOSITE-SPIN CORRELATION ENERGY": -0.1355319963240208,
    "CCSD SAME-SPIN CORRELATION ENERGY": -0.027739944785534792,
    "CCSD TOTAL ENERGY": -76.16664515440642,
    "CURRENT CORRELATION ENERGY": -0.1632719411095556,
    "CURRENT DIPOLE X": 0.0,
    "CURRENT DIPOLE Y": 0.0,
    "CURRENT DIPOLE Z": -2.766842800693076,
    "CURRENT ENERGY": -76.16664515440642,
    "CURRENT REFERENCE ENERGY": -76.00337321329681,
    "HF TOTAL ENERGY": -76.00337321329681,
    "LCCSD (+LMP2) TOTAL ENERGY": -76.17261387312091,
    "MP2 CORRELATION ENERGY": -0.1571666037417527,
    "MP2 OPPOSITE-SPIN CORRELATION ENERGY": -0.12284502489710183,
    "MP2 SAME-SPIN CORRELATION ENERGY": -0.03432157884465087,
    "MP2 TOTAL ENERGY": -76.16053981703863,
    "NUCLEAR REPULSION ENERGY": 9.191930487806331,
    "ONE-ELECTRON ENERGY": -122.96954759349723,
    "PCM POLARIZATION ENERGY": 0.0,
    "PE ENERGY": 0.0,
    "SCF DIPOLE X": 0.0,
    "SCF DIPOLE Y": 0.0,
    "SCF DIPOLE Z": -2.766842800693076,
    "SCF ITERATION ENERGY": -76.00337321329681,
    "SCF ITERATIONS": 10.0,
    "SCF TOTAL ENERGY": -76.00337321329681,
    "TWO-ELECTRON ENERGY": 37.77424389239408
}