{
    "CC D1 DIAGNOSTIC": 0.13360235551574517,
    "CC D2 DIAGNOSTIC": 0.4100862797523055,
    "CC NEW D1 DIAGNOSTIC": 0.13360235551574517,
    "CC T1 DIAGNOSTIC": 0.04234676692703107,
    "CCSD CORRELATION ENERGY": -0.22430291322205995,
    "CCSD OPPOSITE-SPIN CORRELATION ENERGY": -0.19348152377876243,
    "CCSD SAME-SPIN CORRELATION ENERGY": -0.03082138944329693,
    "CCSD TOTAL ENERGY": -100.03669054573159,
    "CURRENT CORRELATION ENERGY": -0.22430291322205995,
    "CURRENT DIPOLE X": 0.0,
    "CURRENT DIPOLE Y": 0.0,
    "CURRENT DIPOLE Z": -3.623811997210377,
    "CURRENT ENERGY": -100.03669054573159,
    "CURRENT REFERENCE ENERGY": -99.81238763250938,
    "HF TOTAL ENERGY": -99.81238763250938,
    "LCCSD (+LMP2) TOTAL ENERGY": -100.0200715402556,
    "MP2 CORRELATION ENERGY": -0.21011097957024139,
    "MP2 OPPOSITE-SPIN CORRELATION ENERGY": -0.1641071733020621,
    "MP2 SAME-SPIN CORRELATION ENERGY": -0.04600380626817929,
    "MP2 TOTAL ENERGY": -100.02249861207977,
    "NUCLEAR REPULSION ENERGY": 2.585965577926248,
    "ONE-ELECTRON ENERGY": -145.96848926372525,
    "PCM POLARIZATION ENERGY": 0.0,
    "PE ENERGY": 0.0,
    "SCF DIPOLE X": 0.0,
    "SCF DIPOLE Y": 0.0,
    "SCF DIPOLE Z": -3.623811997210377,
    "SCF ITERATION ENERGY": -99.81238763250938,
    "SCF ITERATIONS": 10.0,
    "SCF TOTAL ENERGY": -99.81238763250938,
    "TWO-ELECTRON ENERGY": 43.5701360532896
}