{
    "CC D1 DIAGNOSTIC": 0.011523029503584328,
    "CC D2 DIAGNOSTIC": 0.11310770364036715,
    "CC NEW D1 DIAGNOSTIC": 0.011523029503584328,
    "CC T1 DIAGNOSTIC": 0.004706505347975819,
    "CCSD CORRELATION ENERGY": -0.10956509244091531,
    "CCSD OPPOSITE-SPIN CORRELATION ENERGY": -0.09015648208163757,
    "CCSD SAME-SPIN CORRELATION ENERGY": -0.019408610359278183,
    "CCSD TOTAL ENERGY": -460.1698609158761,
    "CURRENT CORRELATION ENERGY": -0.10956509244091531,
    "CURRENT DIPOLE X": 0.0,
    "CURRENT DIPOLE Y": 0.0,
    "CURRENT DIPOLE Z": -1.8459994922097058,
    "CURRENT ENERGY": -460.1698609158761,
    "CURRENT REFERENCE ENERGY": -460.0602958234356,
    "HF TOTAL ENERGY": -460.0602958234356,
    "LCCSD (+LMP2) TOTAL ENERGY": -460.1772987244657,
    "MP2 CORRELATION ENERGY": -0.1003307775621895,
    "MP2 OPPOSITE-SPIN CORRELATION ENERGY": -0.08013405752039227,
    "MP2 SAME-SPIN CORRELATION ENERGY": -0.020196720041797234,
    "MP2 TOTAL ENERGY": -460.1606266009974,
    "NUCLEAR REPULSION ENERGY": 7.443686086056595,
    "ONE-ELECTRON ENERGY": -650.3471138898565,
    "PCM POLARIZATION ENERGY": 0.0,
    "PE ENERGY": 0.0,
    "SCF DIPOLE X": 0.0,
    "SCF DIPOLE Y": 0.0,
    "SCF DIPOLE Z": -1.8459994922097058,
    "SCF ITERATION ENERGY": -460.0602958234356,
    "SCF ITERATIONS": 9.0,
    "SCF TOTAL ENERGY": -460.0602958234356,
    "TWO-ELECTRON ENERGY": 182.84313198036432
}