{
    "CC D1 DIAGNOSTIC": 0.0172801909702995,
    "CC D2 DIAGNOSTIC": 0.12557414188151628,
    "CC NEW D1 DIAGNOSTIC": 0.0172801909702995,
    "CC T1 DIAGNOSTIC": 0.0082174792138224,
    "CCSD CORRELATION ENERGY": -0.2217904696144338,
    "CCSD OPPOSITE-SPIN CORRELATION ENERGY": -0.1773755669650793,
    "CCSD SAME-SPIN CORRELATION ENERGY": -0.044414902649354354,
    "CCSD TOTAL ENERGY": -112.4626954859885,
    "CURRENT CORRELATION ENERGY": -0.2217904696144338,
    "CURRENT DIPOLE X": 0.0,
    "CURRENT DIPOLE Y": 0.0,
    "CURRENT DIPOLE Z": 0.7705807619745361,
    "CURRENT ENERGY": -112.4626954859885,
    "CURRENT REFERENCE ENERGY": -112.24090501637417,
    "HF TOTAL ENERGY": -112.24090501637417,
    "LCCSD (+LMP2) TOTAL ENERGY": -112.47602942628744,
    "MP2 CORRELATION ENERGY": -0.2153309431234539,
    "MP2 OPPOSITE-SPIN CORRELATION ENERGY": -0.16465514336090303,
    "MP2 SAME-SPIN CORRELATION ENERGY": -0.05067579976255088,
    "MP2 TOTAL ENERGY": -112.45623595949752,
    "NUCLEAR REPULSION ENERGY": 30.821345831218547,
    "ONE-ELECTRON ENERGY": -212.73746503104965,
    "PCM POLARIZATION ENERGY": 0.0,
    "PE ENERGY": 0.0,
    "SCF DIPOLE X": 0.0,
    "SCF DIPOLE Y": 0.0,
    "SCF DIPOLE Z": 0.7705807619745361,
    "SCF ITERATION ENERGY": -112.24090501637417,
    "SCF ITERATIONS": 9.0,
    "SCF TOTAL ENERGY": -112.24090501637417,
    "TWO-ELECTRON ENERGY": 69.67521418345694
}