{
    "CC D1 DIAGNOSTIC": 0.03801005295885888,
    "CC D2 DIAGNOSTIC": 0.3314384009694376,
    "CC NEW D1 DIAGNOSTIC": 0.03801005295885888,
    "CC T1 DIAGNOSTIC": 0.009300869485964517,
    "CCSD CORRELATION ENERGY": -0.2620177746429077,
    "CCSD OPPOSITE-SPIN CORRELATION ENERGY": -0.20981046519195168,
    "CCSD SAME-SPIN CORRELATION ENERGY": -0.052207309450956085,
    "CCSD TOTAL ENERGY": -256.8892121338071,
    "CURRENT CORRELATION ENERGY": -0.2620177746429077,
    "CURRENT DIPOLE X": 0.0,
    "CURRENT DIPOLE Y": 0.0,
    "CURRENT DIPOLE Z": 3.5173348669395827,
    "CURRENT ENERGY": -256.8892121338071,
    "CURRENT REFERENCE ENERGY": -256.6271943591644,
    "HF TOTAL ENERGY": -256.6271943591644,
    "LCCSD (+LMP2) TOTAL ENERGY": -256.71245453521254,
    "MP2 CORRELATION ENERGY": -0.2419806814467791,
    "MP2 OPPOSITE-SPIN CORRELATION ENERGY": -0.1866733743646813,
    "MP2 SAME-SPIN CORRELATION ENERGY": -0.0553073070820978,
    "MP2 TOTAL ENERGY": -256.86917504061097,
    "NUCLEAR REPULSION ENERGY": 80.50440330046075,
    "ONE-ELECTRON ENERGY": -505.46383743003537,
    "PCM POLARIZATION ENERGY": 0.0,
    "PE ENERGY": 0.0,
    "SCF DIPOLE X": 0.0,
    "SCF DIPOLE Y": 0.0,
    "SCF DIPOLE Z": 3.5173348669395827,
    "SCF ITERATION ENERGY": -256.6271943591644,
    "SCF ITERATIONS": 10.0,
    "SCF TOTAL ENERGY": -256.6271943591644,
    "TWO-ELECTRON ENERGY": 168.33223977041024
}