{
    "CC D1 DIAGNOSTIC": 0.010819389883567607,
    "CC D2 DIAGNOSTIC": 0.07779376327366552,
    "CC NEW D1 DIAGNOSTIC": 0.010819389883567607,
    "CC T1 DIAGNOSTIC": 0.004385446422925143,
    "CCSD CORRELATION ENERGY": -0.10463834466271513,
    "CCSD OPPOSITE-SPIN CORRELATION ENERGY": -0.08595035200915553,
    "CCSD SAME-SPIN CORRELATION ENERGY": -0.0186879926535595,
    "CCSD TOTAL ENERGY": -458.5402566193703,
    "CURRENT CORRELATION ENERGY": -0.10463834466271513,
    "CURRENT DIPOLE X": 0.0,
    "CURRENT DIPOLE Y": 0.0,
    "CURRENT DIPOLE Z": -1.4011929209409835,
    "CURRENT ENERGY": -458.5402566193703,
    "CURRENT REFERENCE ENERGY": -458.43561827470756,
    "HF TOTAL ENERGY": -458.4356182747076,
    "LCCSD (+LMP2) TOTAL ENERGY": -458.5383299862215,
    "MP2 CORRELATION ENERGY": -0.09607658408945359,
    "MP2 OPPOSITE-SPIN CORRELATION ENERGY": -0.0771047639605309,
    "MP2 SAME-SPIN CORRELATION ENERGY": -0.018971820128922692,
    "MP2 TOTAL ENERGY": -458.5316948587971,
    "NUCLEAR REPULSION ENERGY": 15.842535430943457,
    "ONE-ELECTRON ENERGY": -662.801296711037,
    "PCM POLARIZATION ENERGY": 0.0,
    "PE ENERGY": 0.0,
    "SCF DIPOLE X": 0.0,
    "SCF DIPOLE Y": 0.0,
    "SCF DIPOLE Z": -1.4011929209409835,
    "SCF ITERATION ENERGY": -458.43561827470756,
    "SCF ITERATIONS": 9.0,
    "SCF TOTAL ENERGY": -458.43561827470756,
    "TWO-ELECTRON ENERGY": 188.52314300538595
}