{
    "CC D1 DIAGNOSTIC": 0.01127607433108834,
    "CC D2 DIAGNOSTIC": 0.09631904525234669,
    "CC NEW D1 DIAGNOSTIC": 0.01127607433108834,
    "CC T1 DIAGNOSTIC": 0.00439511001658211,
    "CCSD CORRELATION ENERGY": -0.10647696434478245,
    "CCSD OPPOSITE-SPIN CORRELATION ENERGY": -0.08745699756540606,
    "CCSD SAME-SPIN CORRELATION ENERGY": -0.019019966779376368,
    "CCSD TOTAL ENERGY": -460.12343063595563,
    "CURRENT CORRELATION ENERGY": -0.10647696434478245,
    "CURRENT DIPOLE X": 0.0,
    "CURRENT DIPOLE Y": 0.0,
    "CURRENT DIPOLE Z": -1.783188539779499,
    "CURRENT ENERGY": -460.12343063595563,
    "CURRENT REFERENCE ENERGY": -460.01695367161096,
    "HF TOTAL ENERGY": -460.01695367161096,
    "LCCSD (+LMP2) TOTAL ENERGY": -460.0840932213576,
    "MP2 CORRELATION ENERGY": -0.09794301565885434,
    "MP2 OPPOSITE-SPIN CORRELATION ENERGY": -0.07831188429065668,
    "MP2 SAME-SPIN CORRELATION ENERGY": -0.019631131368197663,
    "MP2 TOTAL ENERGY": -460.1148966872697,
    "NUCLEAR REPULSION ENERGY": 8.444370300455708,
    "ONE-ELECTRON ENERGY": -652.1677852990389,
    "PCM POLARIZATION ENERGY": 0.0,
    "PE ENERGY": 0.0,
    "SCF DIPOLE X": 0.0,
    "SCF DIPOLE Y": 0.0,
    "SCF DIPOLE Z": -1.783188539779499,
    "SCF ITERATION ENERGY": -460.01695367161096,
    "SCF ITERATIONS": 9.0,
    "SCF TOTAL ENERGY": -460.01695367161096,
    "TWO-ELECTRON ENERGY": 183.7064613269722
}