{
    "CC D1 DIAGNOSTIC": 0.22595081484447999,
    "CC D2 DIAGNOSTIC": 0.23422157391849838,
    "CC NEW D1 DIAGNOSTIC": 0.22595081484447999,
    "CC T1 DIAGNOSTIC": 0.07431416299449312,
    "CCSD CORRELATION ENERGY": -0.4822157098974684,
    "CCSD OPPOSITE-SPIN CORRELATION ENERGY": -0.3780336355324243,
    "CCSD SAME-SPIN CORRELATION ENERGY": -0.10418207436504301,
    "CCSD TOTAL ENERGY": -187.7171827837865,
    "CURRENT CORRELATION ENERGY": -0.4822157098974684,
    "CURRENT DIPOLE X": 0.0,
    "CURRENT DIPOLE Y": 0.0,
    "CURRENT DIPOLE Z": 0.0,
    "CURRENT ENERGY": -187.7171827837865,
    "CURRENT REFERENCE ENERGY": -187.2349670738863,
    "HF TOTAL ENERGY": -187.2349670738863,
    "LCCSD (+LMP2) TOTAL ENERGY": -187.7296794691866,
    "MP2 CORRELATION ENERGY": -0.46455050470624853,
    "MP2 OPPOSITE-SPIN CORRELATION ENERGY": -0.34441245337459253,
    "MP2 SAME-SPIN CORRELATION ENERGY": -0.120138051331656,
    "MP2 TOTAL ENERGY": -187.69951757859528,
    "NUCLEAR REPULSION ENERGY": 41.53837260458011,
    "ONE-ELECTRON ENERGY": -339.01956123873686,
    "PCM POLARIZATION ENERGY": 0.0,
    "PE ENERGY": 0.0,
    "SCF DIPOLE X": 0.0,
    "SCF DIPOLE Y": 0.0,
    "SCF DIPOLE Z": 0.0,
    "SCF ITERATION ENERGY": -187.2349670738863,
    "SCF ITERATIONS": 12.0,
    "SCF TOTAL ENERGY": -187.2349670738863,
    "TWO-ELECTRON ENERGY": 110.24622156027046
}