{
    "CC D1 DIAGNOSTIC": 0.0417043847798119,
    "CC D2 DIAGNOSTIC": 0.347231466932999,
    "CC NEW D1 DIAGNOSTIC": 0.0417043847798119,
    "CC T1 DIAGNOSTIC": 0.010203161657497989,
    "CCSD CORRELATION ENERGY": -0.26080706692403965,
    "CCSD OPPOSITE-SPIN CORRELATION ENERGY": -0.2088300969609206,
    "CCSD SAME-SPIN CORRELATION ENERGY": -0.05197696996311915,
    "CCSD TOTAL ENERGY": -254.16963068714813,
    "CURRENT CORRELATION ENERGY": -0.26080706692403965,
    "CURRENT DIPOLE X": 0.0,
    "CURRENT DIPOLE Y": 0.0,
    "CURRENT DIPOLE Z": 3.436591241868439,
    "CURRENT ENERGY": -254.16963068714813,
    "CURRENT REFERENCE ENERGY": -253.90882362022444,
    "HF TOTAL ENERGY": -253.90882362022444,
    "LCCSD (+LMP2) TOTAL ENERGY": -254.1695438471926,
    "MP2 CORRELATION ENERGY": -0.2400290852987016,
    "MP2 OPPOSITE-SPIN CORRELATION ENERGY": -0.18494265159315368,
    "MP2 SAME-SPIN CORRELATION ENERGY": -0.055086433705547916,
    "MP2 TOTAL ENERGY": -254.1488527055228,
    "NUCLEAR REPULSION ENERGY": 93.50062984223918,
    "ONE-ELECTRON ENERGY": -523.700129841146,
    "PCM POLARIZATION ENERGY": 0.0,
    "PE ENERGY": 0.0,
    "SCF DIPOLE X": 0.0,
    "SCF DIPOLE Y": 0.0,
    "SCF DIPOLE Z": 3.436591241868439,
    "SCF ITERATION ENERGY": -253.90882362022444,
    "SCF ITERATIONS": 10.0,
    "SCF TOTAL ENERGY": -253.90882362022444,
    "TWO-ELECTRON ENERGY": 176.2906763786824
}