{
    "CC D1 DIAGNOSTIC": 0.04101135370473713,
    "CC D2 DIAGNOSTIC": 0.19540879839928874,
    "CC NEW D1 DIAGNOSTIC": 0.04101135370473713,
    "CC T1 DIAGNOSTIC": 0.013669593627759026,
    "CCSD CORRELATION ENERGY": -0.18259816125957967,
    "CCSD OPPOSITE-SPIN CORRELATION ENERGY": -0.1498179261166678,
    "CCSD SAME-SPIN CORRELATION ENERGY": -0.032780235142912006,
    "CCSD TOTAL ENERGY": -100.12672973015006,
    "CURRENT CORRELATION ENERGY": -0.18259816125957967,
    "CURRENT DIPOLE X": 0.0,
    "CURRENT DIPOLE Y": 0.0,
    "CURRENT DIPOLE Z": -2.8369478904064493,
    "CURRENT ENERGY": -100.12672973015006,
    "CURRENT REFERENCE ENERGY": -99.94413156889038,
    "HF TOTAL ENERGY": -99.94413156889038,
    "LCCSD (+LMP2) TOTAL ENERGY": -100.13068594330193,
    "MP2 CORRELATION ENERGY": -0.17962327253026855,
    "MP2 OPPOSITE-SPIN CORRELATION ENERGY": -0.13721203290520922,
    "MP2 SAME-SPIN CORRELATION ENERGY": -0.04241123962505933,
    "MP2 TOTAL ENERGY": -100.12375484142075,
    "NUCLEAR REPULSION ENERGY": 3.6663689915279316,
    "ONE-ELECTRON ENERGY": -147.9467473908633,
    "PCM POLARIZATION ENERGY": 0.0,
    "PE ENERGY": 0.0,
    "SCF DIPOLE X": 0.0,
    "SCF DIPOLE Y": 0.0,
    "SCF DIPOLE Z": -2.8369478904064493,
    "SCF ITERATION ENERGY": -99.94413156889038,
    "SCF ITERATIONS": 10.0,
    "SCF TOTAL ENERGY": -99.94413156889038,
    "TWO-ELECTRON ENERGY": 44.33624683044499
}