{
    "CURRENT CORRELATION ENERGY": -0.03756403902126226,
    "CURRENT DIPOLE X": 0.0,
    "CURRENT DIPOLE Y": 0.0,
    "CURRENT DIPOLE Z": -3.5891109734276074e-14,
    "CURRENT ENERGY": -0.990202401828478,
    "CURRENT REFERENCE ENERGY": -0.9526383628072157,
    "CUSTOM SCS-MP2 CORRELATION ENERGY": -0.045076846825514764,
    "CUSTOM SCS-MP2 TOTAL ENERGY": -0.9977152096327304,
    "HF TOTAL ENERGY": -0.9526383628072157,
    "MP2 CORRELATION ENERGY": -0.03756403902126226,
    "MP2 OPPOSITE-SPIN CORRELATION ENERGY": -0.037564039021262305,
    "MP2 SAME-SPIN CORRELATION ENERGY": 0.0,
    "MP2 TOTAL ENERGY": -0.990202401828478,
    "NUCLEAR REPULSION ENERGY": 0.2963392379752001,
    "ONE-ELECTRON ENERGY": -1.6772382004310078,
    "PCM POLARIZATION ENERGY": 0.0,
    "PE ENERGY": 0.0,
    "SCF DIPOLE X": 0.0,
    "SCF DIPOLE Y": 0.0,
    "SCF DIPOLE Z": -3.5891109734276074e-14,
    "SCF ITERATION ENERGY": -0.9526383628072157,
    "SCF ITERATIONS": 5.0,
    "SCF TOTAL ENERGY": -0.9526383628072157,
    "SCS-MP2 CORRELATION ENERGY": -0.045076846825514764,
    "SCS-MP2 TOTAL ENERGY": -0.9977152096327304,
    "SCS-MP2-VDW CORRELATION ENERGY": -0.0480819699472157,
    "SCS-MP2-VDW TOTAL ENERGY": -1.0007203327544314,
    "SCSN-MP2 CORRELATION ENERGY": 0.0,
    "SCSN-MP2 TOTAL ENERGY": -0.9526383628072157,
    "SOS-MP2 CORRELATION ENERGY": 0.0,
    "SOS-MP2 TOTAL ENERGY": -0.9526383628072157,
    "SOS-PI-MP2 CORRELATION ENERGY": -0.05258965462976728,
    "SOS-PI-MP2 TOTAL ENERGY": -1.005228017436983,
    "TWO-ELECTRON ENERGY": 0.42826059964859203
}