{
    "CC D1 DIAGNOSTIC": 0.040244692173196935,
    "CC D2 DIAGNOSTIC": 0.23802476388664914,
    "CC NEW D1 DIAGNOSTIC": 0.040244692173196935,
    "CC T1 DIAGNOSTIC": 0.016525661613995938,
    "CCSD CORRELATION ENERGY": -0.33003314319620586,
    "CCSD OPPOSITE-SPIN CORRELATION ENERGY": -0.27469590048969716,
    "CCSD SAME-SPIN CORRELATION ENERGY": -0.05533724270650875,
    "CCSD TOTAL ENERGY": -109.0992712585466,
    "CURRENT CORRELATION ENERGY": -0.33003314319620586,
    "CURRENT DIPOLE X": 0.0,
    "CURRENT DIPOLE Y": 0.0,
    "CURRENT DIPOLE Z": -5.643810867306312e-16,
    "CURRENT ENERGY": -109.0992712585466,
    "CURRENT REFERENCE ENERGY": -108.76923811535023,
    "HF TOTAL ENERGY": -108.76923811535022,
    "LCCSD (+LMP2) TOTAL ENERGY": -109.11684928406193,
    "MP2 CORRELATION ENERGY": -0.378132774722071,
    "MP2 OPPOSITE-SPIN CORRELATION ENERGY": -0.2766065115383485,
    "MP2 SAME-SPIN CORRELATION ENERGY": -0.10152626318372254,
    "MP2 TOTAL ENERGY": -109.14737089007247,
    "NUCLEAR REPULSION ENERGY": 19.289745724273526,
    "ONE-ELECTRON ENERGY": -185.29256213366557,
    "PCM POLARIZATION ENERGY": 0.0,
    "PE ENERGY": 0.0,
    "SCF DIPOLE X": 0.0,
    "SCF DIPOLE Y": 0.0,
    "SCF DIPOLE Z": -5.643810867306312e-16,
    "SCF ITERATION ENERGY": -108.76923811535023,
    "SCF ITERATIONS": 8.0,
    "SCF TOTAL ENERGY": -108.76923811535023,
    "TWO-ELECTRON ENERGY": 57.23357829404181
}