{
    "CC D1 DIAGNOSTIC": 0.011457933665737052,
    "CC D2 DIAGNOSTIC": 0.18286163403858197,
    "CC NEW D1 DIAGNOSTIC": 0.011457933665737052,
    "CC T1 DIAGNOSTIC": 0.005088240207330959,
    "CCSD CORRELATION ENERGY": -0.23735148220007854,
    "CCSD OPPOSITE-SPIN CORRELATION ENERGY": -0.18991429564952428,
    "CCSD SAME-SPIN CORRELATION ENERGY": -0.04743718655055423,
    "CCSD TOTAL ENERGY": -148.223939703338,
    "CURRENT CORRELATION ENERGY": -0.23735148220007854,
    "CURRENT DIPOLE X": 0.0,
    "CURRENT DIPOLE Y": 0.0,
    "CURRENT DIPOLE Z": 0.0,
    "CURRENT ENERGY": -148.223939703338,
    "CURRENT REFERENCE ENERGY": -147.986588221138,
    "HF TOTAL ENERGY": -147.986588221138,
    "LCCSD (+LMP2) TOTAL ENERGY": -148.25848470640383,
    "MP2 CORRELATION ENERGY": -0.2255484770207392,
    "MP2 OPPOSITE-SPIN CORRELATION ENERGY": -0.1735954654255912,
    "MP2 SAME-SPIN CORRELATION ENERGY": -0.05195301159514801,
    "MP2 TOTAL ENERGY": -148.21213669815867,
    "NUCLEAR REPULSION ENERGY": 47.62968872857329,
    "ONE-ELECTRON ENERGY": -294.9361919103781,
    "PCM POLARIZATION ENERGY": 0.0,
    "PE ENERGY": 0.0,
    "SCF DIPOLE X": 0.0,
    "SCF DIPOLE Y": 0.0,
    "SCF DIPOLE Z": 0.0,
    "SCF ITERATION ENERGY": -147.986588221138,
    "SCF ITERATIONS": 9.0,
    "SCF TOTAL ENERGY": -147.986588221138,
    "TWO-ELECTRON ENERGY": 99.31991496066684
}