{
    "CC D1 DIAGNOSTIC": 0.025905155756042117,
    "CC D2 DIAGNOSTIC": 0.15222690831919997,
    "CC NEW D1 DIAGNOSTIC": 0.025905155756042117,
    "CC T1 DIAGNOSTIC": 0.009330918244755687,
    "CCSD CORRELATION ENERGY": -0.17223320529695357,
    "CCSD OPPOSITE-SPIN CORRELATION ENERGY": -0.13963017892355806,
    "CCSD SAME-SPIN CORRELATION ENERGY": -0.03260302637339563,
    "CCSD TOTAL ENERGY": -100.16107431348362,
    "CURRENT CORRELATION ENERGY": -0.17223320529695357,
    "CURRENT DIPOLE X": 0.0,
    "CURRENT DIPOLE Y": 0.0,
    "CURRENT DIPOLE Z": -2.60239365500819,
    "CURRENT ENERGY": -100.16107431348362,
    "CURRENT REFERENCE ENERGY": -99.9888411081867,
    "HF TOTAL ENERGY": -99.9888411081867,
    "LCCSD (+LMP2) TOTAL ENERGY": -100.16491888919687,
    "MP2 CORRELATION ENERGY": -0.17055787193289967,
    "MP2 OPPOSITE-SPIN CORRELATION ENERGY": -0.1297731263954745,
    "MP2 SAME-SPIN CORRELATION ENERGY": -0.04078474553742517,
    "MP2 TOTAL ENERGY": -100.15939898011958,
    "NUCLEAR REPULSION ENERGY": 4.231055287098079,
    "ONE-ELECTRON ENERGY": -148.95251792201748,
    "PCM POLARIZATION ENERGY": 0.0,
    "PE ENERGY": 0.0,
    "SCF DIPOLE X": 0.0,
    "SCF DIPOLE Y": 0.0,
    "SCF DIPOLE Z": -2.60239365500819,
    "SCF ITERATION ENERGY": -99.9888411081867,
    "SCF ITERATIONS": 10.0,
    "SCF TOTAL ENERGY": -99.9888411081867,
    "TWO-ELECTRON ENERGY": 44.73262152673269
}