{
    "CC D1 DIAGNOSTIC": 0.059107093581294595,
    "CC D2 DIAGNOSTIC": 0.08991327661801587,
    "CC NEW D1 DIAGNOSTIC": 0.059107093581294595,
    "CC T1 DIAGNOSTIC": 0.016052886857351945,
    "CCSD CORRELATION ENERGY": -0.28567468763927145,
    "CCSD OPPOSITE-SPIN CORRELATION ENERGY": -0.22135808795122242,
    "CCSD SAME-SPIN CORRELATION ENERGY": -0.06431659968804909,
    "CCSD TOTAL ENERGY": -261.3442976428198,
    "CURRENT CORRELATION ENERGY": -0.28567468763927145,
    "CURRENT DIPOLE X": 0.0,
    "CURRENT DIPOLE Y": 0.0,
    "CURRENT DIPOLE Z": -6.177849040500719,
    "CURRENT ENERGY": -261.3442976428198,
    "CURRENT REFERENCE ENERGY": -261.058622955181,
    "HF TOTAL ENERGY": -261.058622955181,
    "LCCSD (+LMP2) TOTAL ENERGY": -261.086089391211,
    "MP2 CORRELATION ENERGY": -0.2862800541487849,
    "MP2 OPPOSITE-SPIN CORRELATION ENERGY": -0.21252045983466364,
    "MP2 SAME-SPIN CORRELATION ENERGY": -0.07375959431412124,
    "MP2 TOTAL ENERGY": -261.34490300932936,
    "NUCLEAR REPULSION ENERGY": 39.86738136676738,
    "ONE-ELECTRON ENERGY": -449.46796860781524,
    "PCM POLARIZATION ENERGY": 0.0,
    "PE ENERGY": 0.0,
    "SCF DIPOLE X": 0.0,
    "SCF DIPOLE Y": 0.0,
    "SCF DIPOLE Z": -6.177849040500719,
    "SCF ITERATION ENERGY": -261.058622955181,
    "SCF ITERATIONS": 11.0,
    "SCF TOTAL ENERGY": -261.058622955181,
    "TWO-ELECTRON ENERGY": 148.54196428586678
}