{
    "CC D1 DIAGNOSTIC": 0.020033747230945347,
    "CC D2 DIAGNOSTIC": 0.15604396489953598,
    "CC NEW D1 DIAGNOSTIC": 0.020033747230945347,
    "CC T1 DIAGNOSTIC": 0.008627609973387412,
    "CCSD CORRELATION ENERGY": -0.25811718193425537,
    "CCSD OPPOSITE-SPIN CORRELATION ENERGY": -0.20830510261862048,
    "CCSD SAME-SPIN CORRELATION ENERGY": -0.04981207931563478,
    "CCSD TOTAL ENERGY": -109.13250168027723,
    "CURRENT CORRELATION ENERGY": -0.25811718193425537,
    "CURRENT DIPOLE X": 0.0,
    "CURRENT DIPOLE Y": 0.0,
    "CURRENT DIPOLE Z": -2.821905433653156e-16,
    "CURRENT ENERGY": -109.13250168027723,
    "CURRENT REFERENCE ENERGY": -108.87438449834302,
    "HF TOTAL ENERGY": -108.87438449834302,
    "LCCSD (+LMP2) TOTAL ENERGY": -109.13306650720317,
    "MP2 CORRELATION ENERGY": -0.2621649008126224,
    "MP2 OPPOSITE-SPIN CORRELATION ENERGY": -0.19763743725082364,
    "MP2 SAME-SPIN CORRELATION ENERGY": -0.06452746356179875,
    "MP2 TOTAL ENERGY": -109.1365493991556,
    "NUCLEAR REPULSION ENERGY": 25.607975093018215,
    "ONE-ELECTRON ENERGY": -197.65185760826265,
    "PCM POLARIZATION ENERGY": 0.0,
    "PE ENERGY": 0.0,
    "SCF DIPOLE X": 0.0,
    "SCF DIPOLE Y": 0.0,
    "SCF DIPOLE Z": -2.821905433653156e-16,
    "SCF ITERATION ENERGY": -108.87438449834302,
    "SCF ITERATIONS": 8.0,
    "SCF TOTAL ENERGY": -108.87438449834302,
    "TWO-ELECTRON ENERGY": 63.169498016901414
}