{
    "CURRENT CORRELATION ENERGY": -0.017482097991904588,
    "CURRENT DIPOLE X": 0.0,
    "CURRENT DIPOLE Y": 0.0,
    "CURRENT DIPOLE Z": 2.689628616450664e-15,
    "CURRENT ENERGY": -1.1436990337318373,
    "CURRENT REFERENCE ENERGY": -1.1262169357399328,
    "CUSTOM SCS-MP2 CORRELATION ENERGY": -0.020978517590285555,
    "CUSTOM SCS-MP2 TOTAL ENERGY": -1.1471954533302182,
    "HF TOTAL ENERGY": -1.1262169357399328,
    "MP2 CORRELATION ENERGY": -0.017482097991904588,
    "MP2 OPPOSITE-SPIN CORRELATION ENERGY": -0.01748209799190463,
    "MP2 SAME-SPIN CORRELATION ENERGY": 0.0,
    "MP2 TOTAL ENERGY": -1.1436990337318373,
    "NUCLEAR REPULSION ENERGY": 0.774020397696418,
    "ONE-ELECTRON ENERGY": -2.5728435458674577,
    "PCM POLARIZATION ENERGY": 0.0,
    "PE ENERGY": 0.0,
    "SCF DIPOLE X": 0.0,
    "SCF DIPOLE Y": 0.0,
    "SCF DIPOLE Z": 2.689628616450664e-15,
    "SCF ITERATION ENERGY": -1.1262169357399328,
    "SCF ITERATIONS": 5.0,
    "SCF TOTAL ENERGY": -1.1262169357399328,
    "SCS-MP2 CORRELATION ENERGY": -0.020978517590285555,
    "SCS-MP2 TOTAL ENERGY": -1.1471954533302182,
    "SCS-MP2-VDW CORRELATION ENERGY": -0.0223770854296379,
    "SCS-MP2-VDW TOTAL ENERGY": -1.1485940211695707,
    "SCSN-MP2 CORRELATION ENERGY": 0.0,
    "SCSN-MP2 TOTAL ENERGY": -1.1262169357399328,
    "SOS-MP2 CORRELATION ENERGY": 0.0,
    "SOS-MP2 TOTAL ENERGY": -1.1262169357399328,
    "SOS-PI-MP2 CORRELATION ENERGY": -0.024474937188666557,
    "SOS-PI-MP2 TOTAL ENERGY": -1.1506918729285993,
    "TWO-ELECTRON ENERGY": 0.672606212431107
}