{
    "CC D1 DIAGNOSTIC": 0.042045836385792075,
    "CC D2 DIAGNOSTIC": 0.09787310422672812,
    "CC NEW D1 DIAGNOSTIC": 0.042045836385792075,
    "CC T1 DIAGNOSTIC": 0.01913417403128415,
    "CCSD CORRELATION ENERGY": -0.1816384630391587,
    "CCSD OPPOSITE-SPIN CORRELATION ENERGY": -0.14570047828067237,
    "CCSD SAME-SPIN CORRELATION ENERGY": -0.03593798475848636,
    "CCSD TOTAL ENERGY": -107.13231627856722,
    "CURRENT CORRELATION ENERGY": -0.1816384630391587,
    "CURRENT DIPOLE X": 0.0,
    "CURRENT DIPOLE Y": 0.0,
    "CURRENT DIPOLE Z": -7.442814673659027,
    "CURRENT ENERGY": -107.13231627856722,
    "CURRENT REFERENCE ENERGY": -106.95067781552805,
    "HF TOTAL ENERGY": -106.95067781552805,
    "LCCSD (+LMP2) TOTAL ENERGY": -107.13225962543608,
    "MP2 CORRELATION ENERGY": -0.18246766471615705,
    "MP2 OPPOSITE-SPIN CORRELATION ENERGY": -0.13819391674005083,
    "MP2 SAME-SPIN CORRELATION ENERGY": -0.044273747976106226,
    "MP2 TOTAL ENERGY": -107.13314548024421,
    "NUCLEAR REPULSION ENERGY": 7.986711103735702,
    "ONE-ELECTRON ENERGY": -167.48340795285407,
    "PCM POLARIZATION ENERGY": 0.0,
    "PE ENERGY": 0.0,
    "SCF DIPOLE X": 0.0,
    "SCF DIPOLE Y": 0.0,
    "SCF DIPOLE Z": -7.442814673659027,
    "SCF ITERATION ENERGY": -106.95067781552805,
    "SCF ITERATIONS": 10.0,
    "SCF TOTAL ENERGY": -106.95067781552805,
    "TWO-ELECTRON ENERGY": 52.54601903359032
}