{
    "CC D1 DIAGNOSTIC": 0.07316933663728804,
    "CC D2 DIAGNOSTIC": 0.21740078757776682,
    "CC NEW D1 DIAGNOSTIC": 0.07316933663728804,
    "CC T1 DIAGNOSTIC": 0.022878978692903736,
    "CCSD CORRELATION ENERGY": -0.18900160717691658,
    "CCSD OPPOSITE-SPIN CORRELATION ENERGY": -0.15323770825160113,
    "CCSD SAME-SPIN CORRELATION ENERGY": -0.03576389892531559,
    "CCSD TOTAL ENERGY": -104.82053258981901,
    "CURRENT CORRELATION ENERGY": -0.18900160717691658,
    "CURRENT DIPOLE X": 0.0,
    "CURRENT DIPOLE Y": 0.0,
    "CURRENT DIPOLE Z": 3.2190553205814543,
    "CURRENT ENERGY": -104.82053258981901,
    "CURRENT REFERENCE ENERGY": -104.631530982642,
    "HF TOTAL ENERGY": -104.631530982642,
    "LCCSD (+LMP2) TOTAL ENERGY": -104.81839744362637,
    "MP2 CORRELATION ENERGY": -0.17683038032976334,
    "MP2 OPPOSITE-SPIN CORRELATION ENERGY": -0.13720826080521548,
    "MP2 SAME-SPIN CORRELATION ENERGY": -0.03962211952454786,
    "MP2 TOTAL ENERGY": -104.80836136297185,
    "NUCLEAR REPULSION ENERGY": 23.59559463012374,
    "ONE-ELECTRON ENERGY": -186.75906450682223,
    "PCM POLARIZATION ENERGY": 0.0,
    "PE ENERGY": 0.0,
    "SCF DIPOLE X": 0.0,
    "SCF DIPOLE Y": 0.0,
    "SCF DIPOLE Z": 3.2190553205814543,
    "SCF ITERATION ENERGY": -104.631530982642,
    "SCF ITERATIONS": 11.0,
    "SCF TOTAL ENERGY": -104.631530982642,
    "TWO-ELECTRON ENERGY": 58.53193889405649
}