{
    "CC D1 DIAGNOSTIC": 0.044003704105004135,
    "CC D2 DIAGNOSTIC": 0.10453835199800643,
    "CC NEW D1 DIAGNOSTIC": 0.044003704105004135,
    "CC T1 DIAGNOSTIC": 0.021006941922671215,
    "CCSD CORRELATION ENERGY": -0.18266182568168832,
    "CCSD OPPOSITE-SPIN CORRELATION ENERGY": -0.14661188932033467,
    "CCSD SAME-SPIN CORRELATION ENERGY": -0.03604993636135381,
    "CCSD TOTAL ENERGY": -107.11455213148363,
    "CURRENT CORRELATION ENERGY": -0.18266182568168832,
    "CURRENT DIPOLE X": 0.0,
    "CURRENT DIPOLE Y": 0.0,
    "CURRENT DIPOLE Z": -8.297952717149967,
    "CURRENT ENERGY": -107.11455213148363,
    "CURRENT REFERENCE ENERGY": -106.9318903058018,
    "HF TOTAL ENERGY": -106.9318903058018,
    "LCCSD (+LMP2) TOTAL ENERGY": -107.11458123716177,
    "MP2 CORRELATION ENERGY": -0.18362792881584994,
    "MP2 OPPOSITE-SPIN CORRELATION ENERGY": -0.13904610308616835,
    "MP2 SAME-SPIN CORRELATION ENERGY": -0.044581825729681585,
    "MP2 TOTAL ENERGY": -107.1155182346178,
    "NUCLEAR REPULSION ENERGY": 7.198149754252937,
    "ONE-ELECTRON ENERGY": -166.0314979448056,
    "PCM POLARIZATION ENERGY": 0.0,
    "PE ENERGY": 0.0,
    "SCF DIPOLE X": 0.0,
    "SCF DIPOLE Y": 0.0,
    "SCF DIPOLE Z": -8.297952717149967,
    "SCF ITERATION ENERGY": -106.9318903058018,
    "SCF ITERATIONS": 10.0,
    "SCF TOTAL ENERGY": -106.9318903058018,
    "TWO-ELECTRON ENERGY": 51.90145788475086
}