{
    "CC D1 DIAGNOSTIC": 0.06586948032171229,
    "CC D2 DIAGNOSTIC": 0.2312770860901873,
    "CC NEW D1 DIAGNOSTIC": 0.06586948032171229,
    "CC T1 DIAGNOSTIC": 0.021167169877336387,
    "CCSD CORRELATION ENERGY": -0.1960652126134462,
    "CCSD OPPOSITE-SPIN CORRELATION ENERGY": -0.15940540548995488,
    "CCSD SAME-SPIN CORRELATION ENERGY": -0.036659807123491484,
    "CCSD TOTAL ENERGY": -104.95496543362202,
    "CURRENT CORRELATION ENERGY": -0.1960652126134462,
    "CURRENT DIPOLE X": 0.0,
    "CURRENT DIPOLE Y": 0.0,
    "CURRENT DIPOLE Z": 2.7259725577972698,
    "CURRENT ENERGY": -104.95496543362202,
    "CURRENT REFERENCE ENERGY": -104.75890022100857,
    "HF TOTAL ENERGY": -104.75890022100857,
    "LCCSD (+LMP2) TOTAL ENERGY": -104.99085460783482,
    "MP2 CORRELATION ENERGY": -0.1861679224786542,
    "MP2 OPPOSITE-SPIN CORRELATION ENERGY": -0.14380191849457302,
    "MP2 SAME-SPIN CORRELATION ENERGY": -0.04236600398408119,
    "MP2 TOTAL ENERGY": -104.94506814348723,
    "NUCLEAR REPULSION ENERGY": 23.022422290930447,
    "ONE-ELECTRON ENERGY": -186.5349575434968,
    "PCM POLARIZATION ENERGY": 0.0,
    "PE ENERGY": 0.0,
    "SCF DIPOLE X": 0.0,
    "SCF DIPOLE Y": 0.0,
    "SCF DIPOLE Z": 2.7259725577972698,
    "SCF ITERATION ENERGY": -104.75890022100857,
    "SCF ITERATIONS": 12.0,
    "SCF TOTAL ENERGY": -104.75890022100857,
    "TWO-ELECTRON ENERGY": 58.75363503155778
}