{
    "CC D1 DIAGNOSTIC": 0.02326717749149927,
    "CC D2 DIAGNOSTIC": 0.2136383207394685,
    "CC NEW D1 DIAGNOSTIC": 0.02326717749149927,
    "CC T1 DIAGNOSTIC": 0.008052720487402035,
    "CCSD CORRELATION ENERGY": -0.2725298187075394,
    "CCSD OPPOSITE-SPIN CORRELATION ENERGY": -0.22006363316437105,
    "CCSD SAME-SPIN CORRELATION ENERGY": -0.05246618554316829,
    "CCSD TOTAL ENERGY": -149.6735684156691,
    "CURRENT CORRELATION ENERGY": -0.2725298187075394,
    "CURRENT DIPOLE X": 0.0,
    "CURRENT DIPOLE Y": 0.0,
    "CURRENT DIPOLE Z": 0.0,
    "CURRENT ENERGY": -149.6735684156691,
    "CURRENT REFERENCE ENERGY": -149.40103859696143,
    "HF TOTAL ENERGY": -149.40103859696143,
    "LCCSD (+LMP2) TOTAL ENERGY": -149.15978356254334,
    "MP2 CORRELATION ENERGY": -0.2657864372463576,
    "MP2 OPPOSITE-SPIN CORRELATION ENERGY": -0.20315587599733065,
    "MP2 SAME-SPIN CORRELATION ENERGY": -0.06263056124902694,
    "MP2 TOTAL ENERGY": -149.66682503420793,
    "NUCLEAR REPULSION ENERGY": 33.952649647824295,
    "ONE-ELECTRON ENERGY": -272.2405696903857,
    "PCM POLARIZATION ENERGY": 0.0,
    "PE ENERGY": 0.0,
    "SCF DIPOLE X": 0.0,
    "SCF DIPOLE Y": 0.0,
    "SCF DIPOLE Z": 0.0,
    "SCF ITERATION ENERGY": -149.40103859696143,
    "SCF ITERATIONS": 9.0,
    "SCF TOTAL ENERGY": -149.40103859696143,
    "TWO-ELECTRON ENERGY": 88.88688144559998
}