{
    "CC D1 DIAGNOSTIC": 0.010828912018927935,
    "CC D2 DIAGNOSTIC": 0.07869814152854285,
    "CC NEW D1 DIAGNOSTIC": 0.010828912018927935,
    "CC T1 DIAGNOSTIC": 0.004449090335454229,
    "CCSD CORRELATION ENERGY": -0.1050459990793225,
    "CCSD OPPOSITE-SPIN CORRELATION ENERGY": -0.08625265891022155,
    "CCSD SAME-SPIN CORRELATION ENERGY": -0.01879334016910092,
    "CCSD TOTAL ENERGY": -457.963945867256,
    "CURRENT CORRELATION ENERGY": -0.1050459990793225,
    "CURRENT DIPOLE X": 0.0,
    "CURRENT DIPOLE Y": 0.0,
    "CURRENT DIPOLE Z": -1.3269518251726045,
    "CURRENT ENERGY": -457.963945867256,
    "CURRENT REFERENCE ENERGY": -457.8588998681765,
    "HF TOTAL ENERGY": -457.8588998681765,
    "LCCSD (+LMP2) TOTAL ENERGY": -457.9659390036643,
    "MP2 CORRELATION ENERGY": -0.09642510425229854,
    "MP2 OPPOSITE-SPIN CORRELATION ENERGY": -0.07733321402897113,
    "MP2 SAME-SPIN CORRELATION ENERGY": -0.019091890223327412,
    "MP2 TOTAL ENERGY": -457.95532497242897,
    "NUCLEAR REPULSION ENERGY": 17.46542930435717,
    "ONE-ELECTRON ENERGY": -664.4804023773956,
    "PCM POLARIZATION ENERGY": 0.0,
    "PE ENERGY": 0.0,
    "SCF DIPOLE X": 0.0,
    "SCF DIPOLE Y": 0.0,
    "SCF DIPOLE Z": -1.3269518251726045,
    "SCF ITERATION ENERGY": -457.8588998681765,
    "SCF ITERATIONS": 9.0,
    "SCF TOTAL ENERGY": -457.8588998681765,
    "TWO-ELECTRON ENERGY": 189.15607320486203
}