{
    "CC D1 DIAGNOSTIC": 0.0312987537200053,
    "CC D2 DIAGNOSTIC": 0.14103251599519792,
    "CC NEW D1 DIAGNOSTIC": 0.0312987537200053,
    "CC T1 DIAGNOSTIC": 0.012937369590787865,
    "CCSD CORRELATION ENERGY": -0.2411628479751251,
    "CCSD OPPOSITE-SPIN CORRELATION ENERGY": -0.1937954893432295,
    "CCSD SAME-SPIN CORRELATION ENERGY": -0.04736735863189567,
    "CCSD TOTAL ENERGY": -112.89588405384951,
    "CURRENT CORRELATION ENERGY": -0.2411628479751251,
    "CURRENT DIPOLE X": 0.0,
    "CURRENT DIPOLE Y": 0.0,
    "CURRENT DIPOLE Z": 0.07079363111143798,
    "CURRENT ENERGY": -112.89588405384951,
    "CURRENT REFERENCE ENERGY": -112.65472120587432,
    "HF TOTAL ENERGY": -112.65472120587432,
    "LCCSD (+LMP2) TOTAL ENERGY": -112.9105254659905,
    "MP2 CORRELATION ENERGY": -0.23966694675363268,
    "MP2 OPPOSITE-SPIN CORRELATION ENERGY": -0.18191827118807438,
    "MP2 SAME-SPIN CORRELATION ENERGY": -0.057748675565558294,
    "MP2 TOTAL ENERGY": -112.89438815262803,
    "NUCLEAR REPULSION ENERGY": 25.273503581599204,
    "ONE-ELECTRON ENERGY": -202.96965941099663,
    "PCM POLARIZATION ENERGY": 0.0,
    "PE ENERGY": 0.0,
    "SCF DIPOLE X": 0.0,
    "SCF DIPOLE Y": 0.0,
    "SCF DIPOLE Z": 0.07079363111143798,
    "SCF ITERATION ENERGY": -112.65472120587432,
    "SCF ITERATIONS": 9.0,
    "SCF TOTAL ENERGY": -112.65472120587432,
    "TWO-ELECTRON ENERGY": 65.04143462352309
}