{
    "CC D1 DIAGNOSTIC": 0.04962372232428556,
    "CC D2 DIAGNOSTIC": 0.279275405057225,
    "CC NEW D1 DIAGNOSTIC": 0.04962372232428556,
    "CC T1 DIAGNOSTIC": 0.012437027610856135,
    "CCSD CORRELATION ENERGY": -0.13846535482106112,
    "CCSD OPPOSITE-SPIN CORRELATION ENERGY": -0.11792708928687654,
    "CCSD SAME-SPIN CORRELATION ENERGY": -0.020538265534184502,
    "CCSD TOTAL ENERGY": -460.1172307647936,
    "CURRENT CORRELATION ENERGY": -0.13846535482106112,
    "CURRENT DIPOLE X": 0.0,
    "CURRENT DIPOLE Y": 0.0,
    "CURRENT DIPOLE Z": -2.3595300939805433,
    "CURRENT ENERGY": -460.1172307647936,
    "CURRENT REFERENCE ENERGY": -459.9787654099726,
    "HF TOTAL ENERGY": -459.9787654099726,
    "LCCSD (+LMP2) TOTAL ENERGY": -460.1170279093976,
    "MP2 CORRELATION ENERGY": -0.1194442511705162,
    "MP2 OPPOSITE-SPIN CORRELATION ENERGY": -0.09627670159035176,
    "MP2 SAME-SPIN CORRELATION ENERGY": -0.02316754958016444,
    "MP2 TOTAL ENERGY": -460.0982096611431,
    "NUCLEAR REPULSION ENERGY": 4.674168416962427,
    "ONE-ELECTRON ENERGY": -645.0234818967842,
    "PCM POLARIZATION ENERGY": 0.0,
    "PE ENERGY": 0.0,
    "SCF DIPOLE X": 0.0,
    "SCF DIPOLE Y": 0.0,
    "SCF DIPOLE Z": -2.3595300939805433,
    "SCF ITERATION ENERGY": -459.9787654099726,
    "SCF ITERATIONS": 9.0,
    "SCF TOTAL ENERGY": -459.9787654099726,
    "TWO-ELECTRON ENERGY": 180.37054806984924
}