{
    "CC D1 DIAGNOSTIC": 0.039803779180215056,
    "CC D2 DIAGNOSTIC": 0.09549255743813977,
    "CC NEW D1 DIAGNOSTIC": 0.039803779180215056,
    "CC T1 DIAGNOSTIC": 0.01766170977960988,
    "CCSD CORRELATION ENERGY": -0.18049889588622067,
    "CCSD OPPOSITE-SPIN CORRELATION ENERGY": -0.144705332828008,
    "CCSD SAME-SPIN CORRELATION ENERGY": -0.03579356305821271,
    "CCSD TOTAL ENERGY": -107.14121416967185,
    "CURRENT CORRELATION ENERGY": -0.18049889588622067,
    "CURRENT DIPOLE X": 0.0,
    "CURRENT DIPOLE Y": 0.0,
    "CURRENT DIPOLE Z": -6.7626564132446525,
    "CURRENT ENERGY": -107.14121416967185,
    "CURRENT REFERENCE ENERGY": -106.96071527378564,
    "HF TOTAL ENERGY": -106.96071527378564,
    "LCCSD (+LMP2) TOTAL ENERGY": -107.1401010171831,
    "MP2 CORRELATION ENERGY": -0.1811780741522048,
    "MP2 OPPOSITE-SPIN CORRELATION ENERGY": -0.137255319303543,
    "MP2 SAME-SPIN CORRELATION ENERGY": -0.04392275484866179,
    "MP2 TOTAL ENERGY": -107.14189334793784,
    "NUCLEAR REPULSION ENERGY": 8.762000471278617,
    "ONE-ELECTRON ENERGY": -168.90791997998244,
    "PCM POLARIZATION ENERGY": 0.0,
    "PE ENERGY": 0.0,
    "SCF DIPOLE X": 0.0,
    "SCF DIPOLE Y": 0.0,
    "SCF DIPOLE Z": -6.7626564132446525,
    "SCF ITERATION ENERGY": -106.96071527378564,
    "SCF ITERATIONS": 10.0,
    "SCF TOTAL ENERGY": -106.96071527378564,
    "TWO-ELECTRON ENERGY": 53.18520423491819
}