{
    "CC D1 DIAGNOSTIC": 0.03561398816452982,
    "CC D2 DIAGNOSTIC": 0.09562016645249044,
    "CC NEW D1 DIAGNOSTIC": 0.03561398816452982,
    "CC T1 DIAGNOSTIC": 0.015555226257146226,
    "CCSD CORRELATION ENERGY": -0.17838080933002873,
    "CCSD OPPOSITE-SPIN CORRELATION ENERGY": -0.14284055160397463,
    "CCSD SAME-SPIN CORRELATION ENERGY": -0.035540257726054125,
    "CCSD TOTAL ENERGY": -107.12921593569027,
    "CURRENT CORRELATION ENERGY": -0.17838080933002873,
    "CURRENT DIPOLE X": 0.0,
    "CURRENT DIPOLE Y": 0.0,
    "CURRENT DIPOLE Z": -5.79554940800068,
    "CURRENT ENERGY": -107.12921593569027,
    "CURRENT REFERENCE ENERGY": -106.95083512636027,
    "HF TOTAL ENERGY": -106.95083512636027,
    "LCCSD (+LMP2) TOTAL ENERGY": -107.12836203922505,
    "MP2 CORRELATION ENERGY": -0.17883601231666346,
    "MP2 OPPOSITE-SPIN CORRELATION ENERGY": -0.13552501435940645,
    "MP2 SAME-SPIN CORRELATION ENERGY": -0.043310997957257014,
    "MP2 TOTAL ENERGY": -107.12967113867691,
    "NUCLEAR REPULSION ENERGY": 10.17269822157392,
    "ONE-ELECTRON ENERGY": -171.47357149589442,
    "PCM POLARIZATION ENERGY": 0.0,
    "PE ENERGY": 0.0,
    "SCF DIPOLE X": 0.0,
    "SCF DIPOLE Y": 0.0,
    "SCF DIPOLE Z": -5.79554940800068,
    "SCF ITERATION ENERGY": -106.95083512636027,
    "SCF ITERATIONS": 10.0,
    "SCF TOTAL ENERGY": -106.95083512636027,
    "TWO-ELECTRON ENERGY": 54.350038147960234
}