{
    "CC D1 DIAGNOSTIC": 0.08752648360329865,
    "CC D2 DIAGNOSTIC": 0.7682775855414499,
    "CC NEW D1 DIAGNOSTIC": 0.08752648360329865,
    "CC T1 DIAGNOSTIC": 0.0371740662347111,
    "CCSD CORRELATION ENERGY": -0.5795987737908453,
    "CCSD OPPOSITE-SPIN CORRELATION ENERGY": -0.6401786626890579,
    "CCSD SAME-SPIN CORRELATION ENERGY": 0.06057988889821231,
    "CCSD TOTAL ENERGY": -108.92356696077586,
    "CURRENT CORRELATION ENERGY": -0.5795987737908453,
    "CURRENT DIPOLE X": 0.0,
    "CURRENT DIPOLE Y": 0.0,
    "CURRENT DIPOLE Z": -5.643810867306312e-16,
    "CURRENT ENERGY": -108.92356696077586,
    "CURRENT REFERENCE ENERGY": -108.34396818698502,
    "HF TOTAL ENERGY": -108.34396818698502,
    "LCCSD (+LMP2) TOTAL ENERGY": -109.08491464536407,
    "MP2 CORRELATION ENERGY": -0.80242083920721,
    "MP2 OPPOSITE-SPIN CORRELATION ENERGY": -0.559580763651035,
    "MP2 SAME-SPIN CORRELATION ENERGY": -0.24284007555617493,
    "MP2 TOTAL ENERGY": -109.14638902619222,
    "NUCLEAR REPULSION ENERGY": 13.063308813273851,
    "ONE-ELECTRON ENERGY": -172.70712307501952,
    "PCM POLARIZATION ENERGY": 0.0,
    "PE ENERGY": 0.0,
    "SCF DIPOLE X": 0.0,
    "SCF DIPOLE Y": 0.0,
    "SCF DIPOLE Z": -5.643810867306312e-16,
    "SCF ITERATION ENERGY": -108.34396818698502,
    "SCF ITERATIONS": 8.0,
    "SCF TOTAL ENERGY": -108.34396818698502,
    "TWO-ELECTRON ENERGY": 51.29984607476063
}