{
    "CC D1 DIAGNOSTIC": 0.13698812836089716,
    "CC D2 DIAGNOSTIC": 0.1974379104568651,
    "CC NEW D1 DIAGNOSTIC": 0.13698812836089716,
    "CC T1 DIAGNOSTIC": 0.04405959535674674,
    "CCSD CORRELATION ENERGY": -0.4690032924104301,
    "CCSD OPPOSITE-SPIN CORRELATION ENERGY": -0.370629642453486,
    "CCSD SAME-SPIN CORRELATION ENERGY": -0.09837364995694386,
    "CCSD TOTAL ENERGY": -187.84253567844192,
    "CURRENT CORRELATION ENERGY": -0.4690032924104301,
    "CURRENT DIPOLE X": 0.0,
    "CURRENT DIPOLE Y": 0.0,
    "CURRENT DIPOLE Z": 0.0,
    "CURRENT ENERGY": -187.84253567844192,
    "CURRENT REFERENCE ENERGY": -187.37353238603123,
    "HF TOTAL ENERGY": -187.37353238603123,
    "LCCSD (+LMP2) TOTAL ENERGY": -187.84312600618244,
    "MP2 CORRELATION ENERGY": -0.4912963489223185,
    "MP2 OPPOSITE-SPIN CORRELATION ENERGY": -0.36102443725465005,
    "MP2 SAME-SPIN CORRELATION ENERGY": -0.13027191166766844,
    "MP2 TOTAL ENERGY": -187.8648287349538,
    "NUCLEAR REPULSION ENERGY": 46.48000658684911,
    "ONE-ELECTRON ENERGY": -348.60212874252204,
    "PCM POLARIZATION ENERGY": 0.0,
    "PE ENERGY": 0.0,
    "SCF DIPOLE X": 0.0,
    "SCF DIPOLE Y": 0.0,
    "SCF DIPOLE Z": 0.0,
    "SCF ITERATION ENERGY": -187.37353238603123,
    "SCF ITERATIONS": 11.0,
    "SCF TOTAL ENERGY": -187.37353238603123,
    "TWO-ELECTRON ENERGY": 114.7485897696417
}