{
    "CC D1 DIAGNOSTIC": 0.02594767197594354,
    "CC D2 DIAGNOSTIC": 0.1912454379054957,
    "CC NEW D1 DIAGNOSTIC": 0.02594767197594354,
    "CC T1 DIAGNOSTIC": 0.00746082213284804,
    "CCSD CORRELATION ENERGY": -0.12392721766368209,
    "CCSD OPPOSITE-SPIN CORRELATION ENERGY": -0.10353049359081018,
    "CCSD SAME-SPIN CORRELATION ENERGY": -0.020396724072871908,
    "CCSD TOTAL ENERGY": -460.15627174621835,
    "CURRENT CORRELATION ENERGY": -0.12392721766368209,
    "CURRENT DIPOLE X": 0.0,
    "CURRENT DIPOLE Y": 0.0,
    "CURRENT DIPOLE Z": -2.0886492939759522,
    "CURRENT ENERGY": -460.15627174621835,
    "CURRENT REFERENCE ENERGY": -460.0323445285546,
    "HF TOTAL ENERGY": -460.0323445285545,
    "LCCSD (+LMP2) TOTAL ENERGY": -460.1828541123008,
    "MP2 CORRELATION ENERGY": -0.11049039643813122,
    "MP2 OPPOSITE-SPIN CORRELATION ENERGY": -0.08845955627257446,
    "MP2 SAME-SPIN CORRELATION ENERGY": -0.02203084016555676,
    "MP2 TOTAL ENERGY": -460.1428349249928,
    "NUCLEAR REPULSION ENERGY": 5.542434995964739,
    "ONE-ELECTRON ENERGY": -646.7240835628809,
    "PCM POLARIZATION ENERGY": 0.0,
    "PE ENERGY": 0.0,
    "SCF DIPOLE X": 0.0,
    "SCF DIPOLE Y": 0.0,
    "SCF DIPOLE Z": -2.0886492939759522,
    "SCF ITERATION ENERGY": -460.0323445285546,
    "SCF ITERATIONS": 9.0,
    "SCF TOTAL ENERGY": -460.0323445285546,
    "TWO-ELECTRON ENERGY": 181.14930403836158
}