{
    "CURRENT CORRELATION ENERGY": -0.03844952045349337,
    "CURRENT DIPOLE X": 0.0,
    "CURRENT DIPOLE Y": 0.0,
    "CURRENT DIPOLE Z": -6.322831862279103e-15,
    "CURRENT ENERGY": -0.9865202188489567,
    "CURRENT REFERENCE ENERGY": -0.9480706983954633,
    "CUSTOM SCS-MP2 CORRELATION ENERGY": -0.0461394245441921,
    "CUSTOM SCS-MP2 TOTAL ENERGY": -0.9942101229396554,
    "HF TOTAL ENERGY": -0.9480706983954633,
    "MP2 CORRELATION ENERGY": -0.03844952045349337,
    "MP2 OPPOSITE-SPIN CORRELATION ENERGY": -0.03844952045349342,
    "MP2 SAME-SPIN CORRELATION ENERGY": 0.0,
    "MP2 TOTAL ENERGY": -0.9865202188489567,
    "NUCLEAR REPULSION ENERGY": 0.29134475643629215,
    "ONE-ELECTRON ENERGY": -1.664214002560939,
    "PCM POLARIZATION ENERGY": 0.0,
    "PE ENERGY": 0.0,
    "SCF DIPOLE X": 0.0,
    "SCF DIPOLE Y": 0.0,
    "SCF DIPOLE Z": -6.322831862279103e-15,
    "SCF ITERATION ENERGY": -0.9480706983954633,
    "SCF ITERATIONS": 5.0,
    "SCF TOTAL ENERGY": -0.9480706983954633,
    "SCS-MP2 CORRELATION ENERGY": -0.0461394245441921,
    "SCS-MP2 TOTAL ENERGY": -0.9942101229396554,
    "SCS-MP2-VDW CORRELATION ENERGY": -0.04921538618047161,
    "SCS-MP2-VDW TOTAL ENERGY": -0.9972860845759349,
    "SCSN-MP2 CORRELATION ENERGY": 0.0,
    "SCSN-MP2 TOTAL ENERGY": -0.9480706983954633,
    "SOS-MP2 CORRELATION ENERGY": 0.0,
    "SOS-MP2 TOTAL ENERGY": -0.9480706983954633,
    "SOS-PI-MP2 CORRELATION ENERGY": -0.05382932863489087,
    "SOS-PI-MP2 TOTAL ENERGY": -1.0019000270303542,
    "TWO-ELECTRON ENERGY": 0.4247985477291837
}