{
    "CC D1 DIAGNOSTIC": 0.015738176573904274,
    "CC D2 DIAGNOSTIC": 0.14437941597155363,
    "CC NEW D1 DIAGNOSTIC": 0.015738176573904274,
    "CC T1 DIAGNOSTIC": 0.005565336918981395,
    "CCSD CORRELATION ENERGY": -0.11548284502286964,
    "CCSD OPPOSITE-SPIN CORRELATION ENERGY": -0.09552771383602508,
    "CCSD SAME-SPIN CORRELATION ENERGY": -0.019955131186845027,
    "CCSD TOTAL ENERGY": -460.17757049624197,
    "CURRENT CORRELATION ENERGY": -0.11548284502286964,
    "CURRENT DIPOLE X": 0.0,
    "CURRENT DIPOLE Y": 0.0,
    "CURRENT DIPOLE Z": -1.9437766063653852,
    "CURRENT ENERGY": -460.17757049624197,
    "CURRENT REFERENCE ENERGY": -460.0620876512192,
    "HF TOTAL ENERGY": -460.06208765121926,
    "LCCSD (+LMP2) TOTAL ENERGY": -460.19345311756575,
    "MP2 CORRELATION ENERGY": -0.10468348504482944,
    "MP2 OPPOSITE-SPIN CORRELATION ENERGY": -0.0836132071831705,
    "MP2 SAME-SPIN CORRELATION ENERGY": -0.021070277861658937,
    "MP2 TOTAL ENERGY": -460.1667711362639,
    "NUCLEAR REPULSION ENERGY": 6.4050322135835795,
    "ONE-ELECTRON ENERGY": -648.3918114215985,
    "PCM POLARIZATION ENERGY": 0.0,
    "PE ENERGY": 0.0,
    "SCF DIPOLE X": 0.0,
    "SCF DIPOLE Y": 0.0,
    "SCF DIPOLE Z": -1.9437766063653852,
    "SCF ITERATION ENERGY": -460.0620876512192,
    "SCF ITERATIONS": 9.0,
    "SCF TOTAL ENERGY": -460.0620876512192,
    "TWO-ELECTRON ENERGY": 181.9246915567957
}