{
    "CC D1 DIAGNOSTIC": 0.04398476451319487,
    "CC D2 DIAGNOSTIC": 0.35538391642864653,
    "CC NEW D1 DIAGNOSTIC": 0.04398476451319487,
    "CC T1 DIAGNOSTIC": 0.010991831123039409,
    "CCSD CORRELATION ENERGY": -0.2616144610574947,
    "CCSD OPPOSITE-SPIN CORRELATION ENERGY": -0.20909161595570872,
    "CCSD SAME-SPIN CORRELATION ENERGY": -0.05252284510178615,
    "CCSD TOTAL ENERGY": -251.15886198968772,
    "CURRENT CORRELATION ENERGY": -0.2616144610574947,
    "CURRENT DIPOLE X": 0.0,
    "CURRENT DIPOLE Y": 0.0,
    "CURRENT DIPOLE Z": 3.2978731607335905,
    "CURRENT ENERGY": -251.15886198968772,
    "CURRENT REFERENCE ENERGY": -250.89724752863026,
    "HF TOTAL ENERGY": -250.89724752863026,
    "LCCSD (+LMP2) TOTAL ENERGY": -251.1589981398793,
    "MP2 CORRELATION ENERGY": -0.24056804773850507,
    "MP2 OPPOSITE-SPIN CORRELATION ENERGY": -0.1847550227620165,
    "MP2 SAME-SPIN CORRELATION ENERGY": -0.05581302497648857,
    "MP2 TOTAL ENERGY": -251.13781557636872,
    "NUCLEAR REPULSION ENERGY": 104.77708771266,
    "ONE-ELECTRON ENERGY": -538.166180140491,
    "PCM POLARIZATION ENERGY": 0.0,
    "PE ENERGY": 0.0,
    "SCF DIPOLE X": 0.0,
    "SCF DIPOLE Y": 0.0,
    "SCF DIPOLE Z": 3.2978731607335905,
    "SCF ITERATION ENERGY": -250.89724752863026,
    "SCF ITERATIONS": 10.0,
    "SCF TOTAL ENERGY": -250.89724752863026,
    "TWO-ELECTRON ENERGY": 182.49184489920071
}