{
    "CC D1 DIAGNOSTIC": 0.017009571436628054,
    "CC D2 DIAGNOSTIC": 0.12011548497806399,
    "CC NEW D1 DIAGNOSTIC": 0.017009571436628054,
    "CC T1 DIAGNOSTIC": 0.006408720975942075,
    "CCSD CORRELATION ENERGY": -0.21090648903986126,
    "CCSD OPPOSITE-SPIN CORRELATION ENERGY": -0.1677622508059312,
    "CCSD SAME-SPIN CORRELATION ENERGY": -0.04314423823393013,
    "CCSD TOTAL ENERGY": -111.46458844914447,
    "CURRENT CORRELATION ENERGY": -0.21090648903986126,
    "CURRENT DIPOLE X": 0.0,
    "CURRENT DIPOLE Y": 0.0,
    "CURRENT DIPOLE Z": 1.1607550707527363,
    "CURRENT ENERGY": -111.46458844914447,
    "CURRENT REFERENCE ENERGY": -111.25368196010464,
    "HF TOTAL ENERGY": -111.25368196010464,
    "LCCSD (+LMP2) TOTAL ENERGY": -111.45985196051328,
    "MP2 CORRELATION ENERGY": -0.2024707677584536,
    "MP2 OPPOSITE-SPIN CORRELATION ENERGY": -0.15512402169679884,
    "MP2 SAME-SPIN CORRELATION ENERGY": -0.04734674606165476,
    "MP2 TOTAL ENERGY": -111.45615272786307,
    "NUCLEAR REPULSION ENERGY": 36.895625666568186,
    "ONE-ELECTRON ENERGY": -222.43996511949675,
    "PCM POLARIZATION ENERGY": 0.0,
    "PE ENERGY": 0.0,
    "SCF DIPOLE X": 0.0,
    "SCF DIPOLE Y": 0.0,
    "SCF DIPOLE Z": 1.1607550707527363,
    "SCF ITERATION ENERGY": -111.25368196010464,
    "SCF ITERATIONS": 10.0,
    "SCF TOTAL ENERGY": -111.25368196010464,
    "TWO-ELECTRON ENERGY": 74.29065749282393
}