{
    "CC D1 DIAGNOSTIC": 0.08029268708266278,
    "CC D2 DIAGNOSTIC": 0.5809625918972681,
    "CC NEW D1 DIAGNOSTIC": 0.08029268708266278,
    "CC T1 DIAGNOSTIC": 0.02598037052645772,
    "CCSD CORRELATION ENERGY": -0.471887324247438,
    "CCSD OPPOSITE-SPIN CORRELATION ENERGY": -0.4404186476696695,
    "CCSD SAME-SPIN CORRELATION ENERGY": -0.03146867657776836,
    "CCSD TOTAL ENERGY": -149.7571291793432,
    "CURRENT CORRELATION ENERGY": -0.471887324247438,
    "CURRENT DIPOLE X": 0.0,
    "CURRENT DIPOLE Y": 0.0,
    "CURRENT DIPOLE Z": 0.0,
    "CURRENT ENERGY": -149.7571291793432,
    "CURRENT REFERENCE ENERGY": -149.28524185509562,
    "HF TOTAL ENERGY": -149.2852418550956,
    "LCCSD (+LMP2) TOTAL ENERGY": -149.80206007526817,
    "MP2 CORRELATION ENERGY": -0.5758351866959396,
    "MP2 OPPOSITE-SPIN CORRELATION ENERGY": -0.4248853287009395,
    "MP2 SAME-SPIN CORRELATION ENERGY": -0.1509498579950001,
    "MP2 TOTAL ENERGY": -149.8610770417917,
    "NUCLEAR REPULSION ENERGY": 18.540855447298824,
    "ONE-ELECTRON ENERGY": -242.57920791981704,
    "PCM POLARIZATION ENERGY": 0.0,
    "PE ENERGY": 0.0,
    "SCF DIPOLE X": 0.0,
    "SCF DIPOLE Y": 0.0,
    "SCF DIPOLE Z": 0.0,
    "SCF ITERATION ENERGY": -149.28524185509562,
    "SCF ITERATIONS": 9.0,
    "SCF TOTAL ENERGY": -149.28524185509562,
    "TWO-ELECTRON ENERGY": 74.75311061742262
}