{
    "CC D1 DIAGNOSTIC": 0.009374121848693667,
    "CC D2 DIAGNOSTIC": 0.20725145619062565,
    "CC NEW D1 DIAGNOSTIC": 0.009374121848693667,
    "CC T1 DIAGNOSTIC": 0.004229951097799948,
    "CCSD CORRELATION ENERGY": -0.2303572491184621,
    "CCSD OPPOSITE-SPIN CORRELATION ENERGY": -0.18141186250742597,
    "CCSD SAME-SPIN CORRELATION ENERGY": -0.04894538661103606,
    "CCSD TOTAL ENERGY": -144.85581920148942,
    "CURRENT CORRELATION ENERGY": -0.2303572491184621,
    "CURRENT DIPOLE X": 0.0,
    "CURRENT DIPOLE Y": 0.0,
    "CURRENT DIPOLE Z": 0.0,
    "CURRENT ENERGY": -144.85581920148942,
    "CURRENT REFERENCE ENERGY": -144.62546195237104,
    "HF TOTAL ENERGY": -144.62546195237104,
    "LCCSD (+LMP2) TOTAL ENERGY": -144.85440330268523,
    "MP2 CORRELATION ENERGY": -0.2182441650552088,
    "MP2 OPPOSITE-SPIN CORRELATION ENERGY": -0.16593052800975028,
    "MP2 SAME-SPIN CORRELATION ENERGY": -0.05231363704545852,
    "MP2 TOTAL ENERGY": -144.84370611742617,
    "NUCLEAR REPULSION ENERGY": 62.11613783495964,
    "ONE-ELECTRON ENERGY": -314.5618045828655,
    "PCM POLARIZATION ENERGY": 0.0,
    "PE ENERGY": 0.0,
    "SCF DIPOLE X": 0.0,
    "SCF DIPOLE Y": 0.0,
    "SCF DIPOLE Z": 0.0,
    "SCF ITERATION ENERGY": -144.62546195237104,
    "SCF ITERATIONS": 9.0,
    "SCF TOTAL ENERGY": -144.62546195237104,
    "TWO-ELECTRON ENERGY": 107.8202047955348
}