{
    "CC D1 DIAGNOSTIC": 0.01534513112363659,
    "CC D2 DIAGNOSTIC": 0.1385219425536135,
    "CC NEW D1 DIAGNOSTIC": 0.01534513112363659,
    "CC T1 DIAGNOSTIC": 0.0069901456132624605,
    "CCSD CORRELATION ENERGY": -0.2429022369705274,
    "CCSD OPPOSITE-SPIN CORRELATION ENERGY": -0.1952260624016869,
    "CCSD SAME-SPIN CORRELATION ENERGY": -0.04767617456884052,
    "CCSD TOTAL ENERGY": -109.01282864601323,
    "CURRENT CORRELATION ENERGY": -0.2429022369705274,
    "CURRENT DIPOLE X": 0.0,
    "CURRENT DIPOLE Y": 0.0,
    "CURRENT DIPOLE Z": -2.821905433653156e-16,
    "CURRENT ENERGY": -109.01282864601323,
    "CURRENT REFERENCE ENERGY": -108.76992640904265,
    "HF TOTAL ENERGY": -108.76992640904265,
    "LCCSD (+LMP2) TOTAL ENERGY": -109.0664058597532,
    "MP2 CORRELATION ENERGY": -0.24167804442993468,
    "MP2 OPPOSITE-SPIN CORRELATION ENERGY": -0.1833913027086642,
    "MP2 SAME-SPIN CORRELATION ENERGY": -0.05828674172127049,
    "MP2 TOTAL ENERGY": -109.01160445347264,
    "NUCLEAR REPULSION ENERGY": 28.119929053096293,
    "ONE-ELECTRON ENERGY": -202.30482505504335,
    "PCM POLARIZATION ENERGY": 0.0,
    "PE ENERGY": 0.0,
    "SCF DIPOLE X": 0.0,
    "SCF DIPOLE Y": 0.0,
    "SCF DIPOLE Z": -2.821905433653156e-16,
    "SCF ITERATION ENERGY": -108.76992640904265,
    "SCF ITERATIONS": 8.0,
    "SCF TOTAL ENERGY": -108.76992640904265,
    "TWO-ELECTRON ENERGY": 65.41496959290441
}