{
    "CC D1 DIAGNOSTIC": 0.06069077093176214,
    "CC D2 DIAGNOSTIC": 0.2446249056668995,
    "CC NEW D1 DIAGNOSTIC": 0.06069077093176214,
    "CC T1 DIAGNOSTIC": 0.01960174332858438,
    "CCSD CORRELATION ENERGY": -0.1930780166311065,
    "CCSD OPPOSITE-SPIN CORRELATION ENERGY": -0.1605105129459741,
    "CCSD SAME-SPIN CORRELATION ENERGY": -0.032567503685132976,
    "CCSD TOTAL ENERGY": -100.09520441193546,
    "CURRENT CORRELATION ENERGY": -0.1930780166311065,
    "CURRENT DIPOLE X": 0.0,
    "CURRENT DIPOLE Y": 0.0,
    "CURRENT DIPOLE Z": -3.062255196829244,
    "CURRENT ENERGY": -100.09520441193546,
    "CURRENT REFERENCE ENERGY": -99.90212639530424,
    "HF TOTAL ENERGY": -99.90212639530424,
    "LCCSD (+LMP2) TOTAL ENERGY": -100.10264880820262,
    "MP2 CORRELATION ENERGY": -0.18803274089382593,
    "MP2 OPPOSITE-SPIN CORRELATION ENERGY": -0.14436971030680243,
    "MP2 SAME-SPIN CORRELATION ENERGY": -0.043663030587023505,
    "MP2 TOTAL ENERGY": -100.09015913619818,
    "NUCLEAR REPULSION ENERGY": 3.2681254631378276,
    "ONE-ELECTRON ENERGY": -147.22652294456375,
    "PCM POLARIZATION ENERGY": 0.0,
    "PE ENERGY": 0.0,
    "SCF DIPOLE X": 0.0,
    "SCF DIPOLE Y": 0.0,
    "SCF DIPOLE Z": -3.062255196829244,
    "SCF ITERATION ENERGY": -99.90212639530424,
    "SCF ITERATIONS": 10.0,
    "SCF TOTAL ENERGY": -99.90212639530424,
    "TWO-ELECTRON ENERGY": 44.05627108612168
}