{
    "CC D1 DIAGNOSTIC": 0.3587350583517034,
    "CC D2 DIAGNOSTIC": 0.2793220225599579,
    "CC NEW D1 DIAGNOSTIC": 0.3587350583517034,
    "CC T1 DIAGNOSTIC": 0.15032464656629166,
    "CCSD CORRELATION ENERGY": -0.33240969866523873,
    "CCSD OPPOSITE-SPIN CORRELATION ENERGY": -0.2581853681504191,
    "CCSD SAME-SPIN CORRELATION ENERGY": -0.07422433051481919,
    "CCSD TOTAL ENERGY": -112.72677878366012,
    "CURRENT CORRELATION ENERGY": -0.33240969866523873,
    "CURRENT DIPOLE X": 0.0,
    "CURRENT DIPOLE Y": 0.0,
    "CURRENT DIPOLE Z": -3.1109274307649977,
    "CURRENT ENERGY": -112.72677878366012,
    "CURRENT REFERENCE ENERGY": -112.39436908499476,
    "HF TOTAL ENERGY": -112.39436908499476,
    "LCCSD (+LMP2) TOTAL ENERGY": -112.72678455777061,
    "MP2 CORRELATION ENERGY": -0.2796786499583273,
    "MP2 OPPOSITE-SPIN CORRELATION ENERGY": -0.21316167726877638,
    "MP2 SAME-SPIN CORRELATION ENERGY": -0.06651697268955092,
    "MP2 TOTAL ENERGY": -112.6740477349532,
    "NUCLEAR REPULSION ENERGY": 14.079946285013483,
    "ONE-ELECTRON ENERGY": -181.79152055378248,
    "PCM POLARIZATION ENERGY": 0.0,
    "PE ENERGY": 0.0,
    "SCF DIPOLE X": 0.0,
    "SCF DIPOLE Y": 0.0,
    "SCF DIPOLE Z": -3.1109274307649977,
    "SCF ITERATION ENERGY": -112.39436908499476,
    "SCF ITERATIONS": 14.0,
    "SCF TOTAL ENERGY": -112.39436908499476,
    "TWO-ELECTRON ENERGY": 55.317205183774234
}