{
    "CC D1 DIAGNOSTIC": 0.028281917656454193,
    "CC D2 DIAGNOSTIC": 0.09399259275268126,
    "CC NEW D1 DIAGNOSTIC": 0.028281917656454193,
    "CC T1 DIAGNOSTIC": 0.013344338525820355,
    "CCSD CORRELATION ENERGY": -0.17502679478745628,
    "CCSD OPPOSITE-SPIN CORRELATION ENERGY": -0.1395925248035097,
    "CCSD SAME-SPIN CORRELATION ENERGY": -0.03543426998394664,
    "CCSD TOTAL ENERGY": -106.95751987392921,
    "CURRENT CORRELATION ENERGY": -0.17502679478745628,
    "CURRENT DIPOLE X": 0.0,
    "CURRENT DIPOLE Y": 0.0,
    "CURRENT DIPOLE Z": -4.411810573071382,
    "CURRENT ENERGY": -106.95751987392921,
    "CURRENT REFERENCE ENERGY": -106.78249307914164,
    "HF TOTAL ENERGY": -106.78249307914166,
    "LCCSD (+LMP2) TOTAL ENERGY": -106.95757451419232,
    "MP2 CORRELATION ENERGY": -0.17530339173727094,
    "MP2 OPPOSITE-SPIN CORRELATION ENERGY": -0.13268215239898165,
    "MP2 SAME-SPIN CORRELATION ENERGY": -0.04262123933828929,
    "MP2 TOTAL ENERGY": -106.95779647087903,
    "NUCLEAR REPULSION ENERGY": 13.042519050137203,
    "ONE-ELECTRON ENERGY": -176.4880483211282,
    "PCM POLARIZATION ENERGY": 0.0,
    "PE ENERGY": 0.0,
    "SCF DIPOLE X": 0.0,
    "SCF DIPOLE Y": 0.0,
    "SCF DIPOLE Z": -4.411810573071382,
    "SCF ITERATION ENERGY": -106.78249307914164,
    "SCF ITERATIONS": 9.0,
    "SCF TOTAL ENERGY": -106.78249307914164,
    "TWO-ELECTRON ENERGY": 56.663036191849336
}