{
    "CC D1 DIAGNOSTIC": 0.0530768562865792,
    "CC D2 DIAGNOSTIC": 0.3160313314388552,
    "CC NEW D1 DIAGNOSTIC": 0.0530768562865792,
    "CC T1 DIAGNOSTIC": 0.022047381419376812,
    "CCSD CORRELATION ENERGY": -0.38425421653871117,
    "CCSD OPPOSITE-SPIN CORRELATION ENERGY": -0.3349552656909349,
    "CCSD SAME-SPIN CORRELATION ENERGY": -0.0492989508477763,
    "CCSD TOTAL ENERGY": -109.00085731067665,
    "CURRENT CORRELATION ENERGY": -0.38425421653871117,
    "CURRENT DIPOLE X": 0.0,
    "CURRENT DIPOLE Y": 0.0,
    "CURRENT DIPOLE Z": 0.0,
    "CURRENT ENERGY": -109.00085731067665,
    "CURRENT REFERENCE ENERGY": -108.6166030941379,
    "HF TOTAL ENERGY": -108.6166030941379,
    "LCCSD (+LMP2) TOTAL ENERGY": -108.93823664043421,
    "MP2 CORRELATION ENERGY": -0.48589023814747456,
    "MP2 OPPOSITE-SPIN CORRELATION ENERGY": -0.34886417957038496,
    "MP2 SAME-SPIN CORRELATION ENERGY": -0.1370260585770896,
    "MP2 TOTAL ENERGY": -109.10249333228542,
    "NUCLEAR REPULSION ENERGY": 16.753269419620683,
    "ONE-ELECTRON ENERGY": -180.1693716670685,
    "PCM POLARIZATION ENERGY": 0.0,
    "PE ENERGY": 0.0,
    "SCF DIPOLE X": 0.0,
    "SCF DIPOLE Y": 0.0,
    "SCF DIPOLE Z": 0.0,
    "SCF ITERATION ENERGY": -108.6166030941379,
    "SCF ITERATIONS": 9.0,
    "SCF TOTAL ENERGY": -108.6166030941379,
    "TWO-ELECTRON ENERGY": 54.79949915330992
}