{
    "CC D1 DIAGNOSTIC": 0.0380593283931688,
    "CC D2 DIAGNOSTIC": 0.23838974437955945,
    "CC NEW D1 DIAGNOSTIC": 0.0380593283931688,
    "CC T1 DIAGNOSTIC": 0.009943012064108714,
    "CCSD CORRELATION ENERGY": -0.13187406012433645,
    "CCSD OPPOSITE-SPIN CORRELATION ENERGY": -0.11132725370448816,
    "CCSD SAME-SPIN CORRELATION ENERGY": -0.020546806419848115,
    "CCSD TOTAL ENERGY": -460.1335408302516,
    "CURRENT CORRELATION ENERGY": -0.13187406012433645,
    "CURRENT DIPOLE X": 0.0,
    "CURRENT DIPOLE Y": 0.0,
    "CURRENT DIPOLE Z": -2.234334429249992,
    "CURRENT ENERGY": -460.1335408302516,
    "CURRENT REFERENCE ENERGY": -460.00166677012703,
    "HF TOTAL ENERGY": -460.00166677012703,
    "LCCSD (+LMP2) TOTAL ENERGY": -460.13338343338916,
    "MP2 CORRELATION ENERGY": -0.11553251697540041,
    "MP2 OPPOSITE-SPIN CORRELATION ENERGY": -0.09281670632656597,
    "MP2 SAME-SPIN CORRELATION ENERGY": -0.022715810648834447,
    "MP2 TOTAL ENERGY": -460.11719928710266,
    "NUCLEAR REPULSION ENERGY": 5.0075706397107975,
    "ONE-ELECTRON ENERGY": -645.6766426011601,
    "PCM POLARIZATION ENERGY": 0.0,
    "PE ENERGY": 0.0,
    "SCF DIPOLE X": 0.0,
    "SCF DIPOLE Y": 0.0,
    "SCF DIPOLE Z": -2.234334429249992,
    "SCF ITERATION ENERGY": -460.00166677012703,
    "SCF ITERATIONS": 9.0,
    "SCF TOTAL ENERGY": -460.00166677012703,
    "TWO-ELECTRON ENERGY": 180.66740519132227
}