{
    "CC D1 DIAGNOSTIC": 0.030227461363618834,
    "CC D2 DIAGNOSTIC": 0.0946895483173091,
    "CC NEW D1 DIAGNOSTIC": 0.030227461363618834,
    "CC T1 DIAGNOSTIC": 0.013649253872833772,
    "CCSD CORRELATION ENERGY": -0.17578367395657152,
    "CCSD OPPOSITE-SPIN CORRELATION ENERGY": -0.14039533434921547,
    "CCSD SAME-SPIN CORRELATION ENERGY": -0.03538833960735599,
    "CCSD TOTAL ENERGY": -107.03052050841137,
    "CURRENT CORRELATION ENERGY": -0.17578367395657152,
    "CURRENT DIPOLE X": 0.0,
    "CURRENT DIPOLE Y": 0.0,
    "CURRENT DIPOLE Z": -4.764152557362292,
    "CURRENT ENERGY": -107.03052050841137,
    "CURRENT REFERENCE ENERGY": -106.85473683445481,
    "HF TOTAL ENERGY": -106.85473683445481,
    "LCCSD (+LMP2) TOTAL ENERGY": -107.03120808755236,
    "MP2 CORRELATION ENERGY": -0.1760755156228196,
    "MP2 OPPOSITE-SPIN CORRELATION ENERGY": -0.13335252184775226,
    "MP2 SAME-SPIN CORRELATION ENERGY": -0.04272299377506733,
    "MP2 TOTAL ENERGY": -107.03081235007761,
    "NUCLEAR REPULSION ENERGY": 12.202871900986738,
    "ONE-ELECTRON ENERGY": -175.05831914394406,
    "PCM POLARIZATION ENERGY": 0.0,
    "PE ENERGY": 0.0,
    "SCF DIPOLE X": 0.0,
    "SCF DIPOLE Y": 0.0,
    "SCF DIPOLE Z": -4.764152557362292,
    "SCF ITERATION ENERGY": -106.85473683445481,
    "SCF ITERATIONS": 9.0,
    "SCF TOTAL ENERGY": -106.85473683445481,
    "TWO-ELECTRON ENERGY": 56.00071040850251
}