{
    "CC D1 DIAGNOSTIC": 0.02232067275309758,
    "CC D2 DIAGNOSTIC": 0.11840451097579126,
    "CC NEW D1 DIAGNOSTIC": 0.02232067275309758,
    "CC T1 DIAGNOSTIC": 0.008704052801657801,
    "CCSD CORRELATION ENERGY": -0.3503228433249539,
    "CCSD OPPOSITE-SPIN CORRELATION ENERGY": -0.273915879941928,
    "CCSD SAME-SPIN CORRELATION ENERGY": -0.07640696338302594,
    "CCSD TOTAL ENERGY": -187.34064798235536,
    "CURRENT CORRELATION ENERGY": -0.3503228433249539,
    "CURRENT DIPOLE X": 0.0,
    "CURRENT DIPOLE Y": 0.0,
    "CURRENT DIPOLE Z": 0.0,
    "CURRENT ENERGY": -187.34064798235536,
    "CURRENT REFERENCE ENERGY": -186.99032513903023,
    "HF TOTAL ENERGY": -186.99032513903023,
    "LCCSD (+LMP2) TOTAL ENERGY": -187.3449640247384,
    "MP2 CORRELATION ENERGY": -0.3510576966115137,
    "MP2 OPPOSITE-SPIN CORRELATION ENERGY": -0.2625331715533987,
    "MP2 SAME-SPIN CORRELATION ENERGY": -0.08852452505811498,
    "MP2 TOTAL ENERGY": -187.34138283564192,
    "NUCLEAR REPULSION ENERGY": 75.93916569119011,
    "ONE-ELECTRON ENERGY": -405.0236631030416,
    "PCM POLARIZATION ENERGY": 0.0,
    "PE ENERGY": 0.0,
    "SCF DIPOLE X": 0.0,
    "SCF DIPOLE Y": 0.0,
    "SCF DIPOLE Z": 0.0,
    "SCF ITERATION ENERGY": -186.99032513903023,
    "SCF ITERATIONS": 9.0,
    "SCF TOTAL ENERGY": -186.99032513903023,
    "TWO-ELECTRON ENERGY": 142.09417227282125
}