{
    "CC D1 DIAGNOSTIC": 0.03077888297049773,
    "CC D2 DIAGNOSTIC": 0.23204035338081339,
    "CC NEW D1 DIAGNOSTIC": 0.03077888297049773,
    "CC T1 DIAGNOSTIC": 0.00991679838894378,
    "CCSD CORRELATION ENERGY": -0.2923050299701745,
    "CCSD OPPOSITE-SPIN CORRELATION ENERGY": -0.23677325650681338,
    "CCSD SAME-SPIN CORRELATION ENERGY": -0.05553177346336116,
    "CCSD TOTAL ENERGY": -149.7863097047462,
    "CURRENT CORRELATION ENERGY": -0.2923050299701745,
    "CURRENT DIPOLE X": 0.0,
    "CURRENT DIPOLE Y": 0.0,
    "CURRENT DIPOLE Z": 0.0,
    "CURRENT ENERGY": -149.7863097047462,
    "CURRENT REFERENCE ENERGY": -149.49400467477636,
    "HF TOTAL ENERGY": -149.49400467477636,
    "LCCSD (+LMP2) TOTAL ENERGY": -149.74798514988558,
    "MP2 CORRELATION ENERGY": -0.29110917343193826,
    "MP2 OPPOSITE-SPIN CORRELATION ENERGY": -0.2210492633780246,
    "MP2 SAME-SPIN CORRELATION ENERGY": -0.07005991005391365,
    "MP2 TOTAL ENERGY": -149.78511384820797,
    "NUCLEAR REPULSION ENERGY": 30.70433236944475,
    "ONE-ELECTRON ENERGY": -266.2567161656536,
    "PCM POLARIZATION ENERGY": 0.0,
    "PE ENERGY": 0.0,
    "SCF DIPOLE X": 0.0,
    "SCF DIPOLE Y": 0.0,
    "SCF DIPOLE Z": 0.0,
    "SCF ITERATION ENERGY": -149.49400467477636,
    "SCF ITERATIONS": 9.0,
    "SCF TOTAL ENERGY": -149.49400467477636,
    "TWO-ELECTRON ENERGY": 86.05837912143247
}