{
    "CC D1 DIAGNOSTIC": 0.22162637886574377,
    "CC D2 DIAGNOSTIC": 0.23066974276007465,
    "CC NEW D1 DIAGNOSTIC": 0.22162637886574377,
    "CC T1 DIAGNOSTIC": 0.09080432111206149,
    "CCSD CORRELATION ENERGY": -0.3219909653947343,
    "CCSD OPPOSITE-SPIN CORRELATION ENERGY": -0.25735262867325626,
    "CCSD SAME-SPIN CORRELATION ENERGY": -0.06463833672147823,
    "CCSD TOTAL ENERGY": -112.77278000744981,
    "CURRENT CORRELATION ENERGY": -0.3219909653947343,
    "CURRENT DIPOLE X": 0.0,
    "CURRENT DIPOLE Y": 0.0,
    "CURRENT DIPOLE Z": -2.9564955574748093,
    "CURRENT ENERGY": -112.77278000744981,
    "CURRENT REFERENCE ENERGY": -112.45078904205506,
    "HF TOTAL ENERGY": -112.45078904205506,
    "LCCSD (+LMP2) TOTAL ENERGY": -112.77278615092403,
    "MP2 CORRELATION ENERGY": -0.3282968231158868,
    "MP2 OPPOSITE-SPIN CORRELATION ENERGY": -0.24328137205582237,
    "MP2 SAME-SPIN CORRELATION ENERGY": -0.08501545106006445,
    "MP2 TOTAL ENERGY": -112.77908586517097,
    "NUCLEAR REPULSION ENERGY": 15.22500215758988,
    "ONE-ELECTRON ENERGY": -183.93246622085388,
    "PCM POLARIZATION ENERGY": 0.0,
    "PE ENERGY": 0.0,
    "SCF DIPOLE X": 0.0,
    "SCF DIPOLE Y": 0.0,
    "SCF DIPOLE Z": -2.9564955574748093,
    "SCF ITERATION ENERGY": -112.45078904205506,
    "SCF ITERATIONS": 12.0,
    "SCF TOTAL ENERGY": -112.45078904205506,
    "TWO-ELECTRON ENERGY": 56.25667502120895
}