{
    "CC D1 DIAGNOSTIC": 0.04185787150175544,
    "CC D2 DIAGNOSTIC": 0.09734913906698232,
    "CC NEW D1 DIAGNOSTIC": 0.04185787150175544,
    "CC T1 DIAGNOSTIC": 0.01899355469645802,
    "CCSD CORRELATION ENERGY": -0.1815423932981728,
    "CCSD OPPOSITE-SPIN CORRELATION ENERGY": -0.14561616340346173,
    "CCSD SAME-SPIN CORRELATION ENERGY": -0.03592622989471103,
    "CCSD TOTAL ENERGY": -107.13346257941681,
    "CURRENT CORRELATION ENERGY": -0.1815423932981728,
    "CURRENT DIPOLE X": 0.0,
    "CURRENT DIPOLE Y": 0.0,
    "CURRENT DIPOLE Z": -7.37768487931405,
    "CURRENT ENERGY": -107.13346257941681,
    "CURRENT REFERENCE ENERGY": -106.95192018611866,
    "HF TOTAL ENERGY": -106.95192018611866,
    "LCCSD (+LMP2) TOTAL ENERGY": -107.13357803592365,
    "MP2 CORRELATION ENERGY": -0.18235847187313808,
    "MP2 OPPOSITE-SPIN CORRELATION ENERGY": -0.13811436928779966,
    "MP2 SAME-SPIN CORRELATION ENERGY": -0.044244102585338424,
    "MP2 TOTAL ENERGY": -107.13427865799179,
    "NUCLEAR REPULSION ENERGY": 8.054586835495497,
    "ONE-ELECTRON ENERGY": -167.60833693194553,
    "PCM POLARIZATION ENERGY": 0.0,
    "PE ENERGY": 0.0,
    "SCF DIPOLE X": 0.0,
    "SCF DIPOLE Y": 0.0,
    "SCF DIPOLE Z": -7.37768487931405,
    "SCF ITERATION ENERGY": -106.95192018611866,
    "SCF ITERATIONS": 10.0,
    "SCF TOTAL ENERGY": -106.95192018611866,
    "TWO-ELECTRON ENERGY": 52.60182991033139
}