{
    "CC D1 DIAGNOSTIC": 0.01055107324287992,
    "CC D2 DIAGNOSTIC": 0.09580751802127813,
    "CC NEW D1 DIAGNOSTIC": 0.01055107324287992,
    "CC T1 DIAGNOSTIC": 0.005495863658558805,
    "CCSD CORRELATION ENERGY": -0.15448867097779384,
    "CCSD OPPOSITE-SPIN CORRELATION ENERGY": -0.12347252501064639,
    "CCSD SAME-SPIN CORRELATION ENERGY": -0.031016145967147454,
    "CCSD TOTAL ENERGY": -100.1576686601152,
    "CURRENT CORRELATION ENERGY": -0.15448867097779384,
    "CURRENT DIPOLE X": 0.0,
    "CURRENT DIPOLE Y": 0.0,
    "CURRENT DIPOLE Z": -2.1834751865315902,
    "CURRENT ENERGY": -100.1576686601152,
    "CURRENT REFERENCE ENERGY": -100.00317998913738,
    "HF TOTAL ENERGY": -100.00317998913738,
    "LCCSD (+LMP2) TOTAL ENERGY": -100.1227880052436,
    "MP2 CORRELATION ENERGY": -0.15301177176141367,
    "MP2 OPPOSITE-SPIN CORRELATION ENERGY": -0.1162239559113592,
    "MP2 SAME-SPIN CORRELATION ENERGY": -0.03678781585005447,
    "MP2 TOTAL ENERGY": -100.15619176089882,
    "NUCLEAR REPULSION ENERGY": 5.942046296614232,
    "ONE-ELECTRON ENERGY": -151.85124139263922,
    "PCM POLARIZATION ENERGY": 0.0,
    "PE ENERGY": 0.0,
    "SCF DIPOLE X": 0.0,
    "SCF DIPOLE Y": 0.0,
    "SCF DIPOLE Z": -2.1834751865315902,
    "SCF ITERATION ENERGY": -100.00317998913738,
    "SCF ITERATIONS": 9.0,
    "SCF TOTAL ENERGY": -100.00317998913738,
    "TWO-ELECTRON ENERGY": 45.90601510688763
}