{
    "CC D1 DIAGNOSTIC": 0.026225703853855465,
    "CC D2 DIAGNOSTIC": 0.1942543114719687,
    "CC NEW D1 DIAGNOSTIC": 0.026225703853855465,
    "CC T1 DIAGNOSTIC": 0.010147846734622611,
    "CCSD CORRELATION ENERGY": -0.32195422909789073,
    "CCSD OPPOSITE-SPIN CORRELATION ENERGY": -0.2664613899916419,
    "CCSD SAME-SPIN CORRELATION ENERGY": -0.055492839106248915,
    "CCSD TOTAL ENERGY": -151.0755570377622,
    "CURRENT CORRELATION ENERGY": -0.32195422909789073,
    "CURRENT DIPOLE X": 0.0,
    "CURRENT DIPOLE Y": 0.0,
    "CURRENT DIPOLE Z": 1.6804508762442565,
    "CURRENT ENERGY": -151.0755570377622,
    "CURRENT REFERENCE ENERGY": -150.75360280866383,
    "HF TOTAL ENERGY": -150.75360280866383,
    "LCCSD (+LMP2) TOTAL ENERGY": -151.07944435422172,
    "MP2 CORRELATION ENERGY": -0.3142417789578971,
    "MP2 OPPOSITE-SPIN CORRELATION ENERGY": -0.24343707154963046,
    "MP2 SAME-SPIN CORRELATION ENERGY": -0.07080470740826666,
    "MP2 TOTAL ENERGY": -151.0678445876222,
    "NUCLEAR REPULSION ENERGY": 36.26578657877302,
    "ONE-ELECTRON ENERGY": -280.0277104461299,
    "PCM POLARIZATION ENERGY": 0.0,
    "PE ENERGY": 0.0,
    "SCF DIPOLE X": 0.0,
    "SCF DIPOLE Y": 0.0,
    "SCF DIPOLE Z": 1.6804508762442565,
    "SCF ITERATION ENERGY": -150.75360280866383,
    "SCF ITERATIONS": 11.0,
    "SCF TOTAL ENERGY": -150.75360280866383,
    "TWO-ELECTRON ENERGY": 93.00832105869304
}