{
    "CC D1 DIAGNOSTIC": 0.010759471548295508,
    "CC D2 DIAGNOSTIC": 0.10266244200443782,
    "CC NEW D1 DIAGNOSTIC": 0.010759471548295508,
    "CC T1 DIAGNOSTIC": 0.004683535215297764,
    "CCSD CORRELATION ENERGY": -0.20979476486022827,
    "CCSD OPPOSITE-SPIN CORRELATION ENERGY": -0.16626878777306764,
    "CCSD SAME-SPIN CORRELATION ENERGY": -0.043525977087160495,
    "CCSD TOTAL ENERGY": -105.84289269201265,
    "CURRENT CORRELATION ENERGY": -0.20979476486022827,
    "CURRENT DIPOLE X": 0.0,
    "CURRENT DIPOLE Y": 0.0,
    "CURRENT DIPOLE Z": -2.821905433653156e-16,
    "CURRENT ENERGY": -105.84289269201265,
    "CURRENT REFERENCE ENERGY": -105.63309792715246,
    "HF TOTAL ENERGY": -105.63309792715246,
    "LCCSD (+LMP2) TOTAL ENERGY": -106.05701189536543,
    "MP2 CORRELATION ENERGY": -0.20058910169831673,
    "MP2 OPPOSITE-SPIN CORRELATION ENERGY": -0.15377539224284453,
    "MP2 SAME-SPIN CORRELATION ENERGY": -0.0468137094554722,
    "MP2 TOTAL ENERGY": -105.83368702885073,
    "NUCLEAR REPULSION ENERGY": 45.065563154962184,
    "ONE-ELECTRON ENERGY": -228.77703507508573,
    "PCM POLARIZATION ENERGY": 0.0,
    "PE ENERGY": 0.0,
    "SCF DIPOLE X": 0.0,
    "SCF DIPOLE Y": 0.0,
    "SCF DIPOLE Z": -2.821905433653156e-16,
    "SCF ITERATION ENERGY": -105.63309792715246,
    "SCF ITERATIONS": 9.0,
    "SCF TOTAL ENERGY": -105.63309792715246,
    "TWO-ELECTRON ENERGY": 78.0783739929711
}