{
    "CC D1 DIAGNOSTIC": 0.02588963034649697,
    "CC D2 DIAGNOSTIC": 0.21958587397367224,
    "CC NEW D1 DIAGNOSTIC": 0.02588963034649697,
    "CC T1 DIAGNOSTIC": 0.008675503914137905,
    "CCSD CORRELATION ENERGY": -0.27924187667259365,
    "CCSD OPPOSITE-SPIN CORRELATION ENERGY": -0.22569788869179314,
    "CCSD SAME-SPIN CORRELATION ENERGY": -0.05354398798080051,
    "CCSD TOTAL ENERGY": -149.72562643630027,
    "CURRENT CORRELATION ENERGY": -0.27924187667259365,
    "CURRENT DIPOLE X": 0.0,
    "CURRENT DIPOLE Y": 0.0,
    "CURRENT DIPOLE Z": 0.0,
    "CURRENT ENERGY": -149.72562643630027,
    "CURRENT REFERENCE ENERGY": -149.44638455962783,
    "HF TOTAL ENERGY": -149.44638455962783,
    "LCCSD (+LMP2) TOTAL ENERGY": -149.73636350930747,
    "MP2 CORRELATION ENERGY": -0.27417271961109174,
    "MP2 OPPOSITE-SPIN CORRELATION ENERGY": -0.20909538549735318,
    "MP2 SAME-SPIN CORRELATION ENERGY": -0.06507733411373856,
    "MP2 TOTAL ENERGY": -149.7205572792388,
    "NUCLEAR REPULSION ENERGY": 32.716509490743306,
    "ONE-ELECTRON ENERGY": -269.98710836916933,
    "PCM POLARIZATION ENERGY": 0.0,
    "PE ENERGY": 0.0,
    "SCF DIPOLE X": 0.0,
    "SCF DIPOLE Y": 0.0,
    "SCF DIPOLE Z": 0.0,
    "SCF ITERATION ENERGY": -149.44638455962783,
    "SCF ITERATIONS": 9.0,
    "SCF TOTAL ENERGY": -149.44638455962783,
    "TWO-ELECTRON ENERGY": 87.8242143187982
}