{
    "CC D1 DIAGNOSTIC": 0.06532876727515587,
    "CC D2 DIAGNOSTIC": 0.41029888374942763,
    "CC NEW D1 DIAGNOSTIC": 0.06532876727515587,
    "CC T1 DIAGNOSTIC": 0.02061458503879511,
    "CCSD CORRELATION ENERGY": -0.4037831332579383,
    "CCSD OPPOSITE-SPIN CORRELATION ENERGY": -0.3493792429536642,
    "CCSD SAME-SPIN CORRELATION ENERGY": -0.054403890304273894,
    "CCSD TOTAL ENERGY": -149.79039712703502,
    "CURRENT CORRELATION ENERGY": -0.4037831332579383,
    "CURRENT DIPOLE X": 0.0,
    "CURRENT DIPOLE Y": 0.0,
    "CURRENT DIPOLE Z": 0.0,
    "CURRENT ENERGY": -149.79039712703502,
    "CURRENT REFERENCE ENERGY": -149.3866139937773,
    "HF TOTAL ENERGY": -149.3866139937773,
    "LCCSD (+LMP2) TOTAL ENERGY": -149.82577428196802,
    "MP2 CORRELATION ENERGY": -0.4649752395300425,
    "MP2 OPPOSITE-SPIN CORRELATION ENERGY": -0.3447952628735755,
    "MP2 SAME-SPIN CORRELATION ENERGY": -0.12017997665646701,
    "MP2 TOTAL ENERGY": -149.85158923330712,
    "NUCLEAR REPULSION ENERGY": 21.361651204732546,
    "ONE-ELECTRON ENERGY": -248.17650586676453,
    "PCM POLARIZATION ENERGY": 0.0,
    "PE ENERGY": 0.0,
    "SCF DIPOLE X": 0.0,
    "SCF DIPOLE Y": 0.0,
    "SCF DIPOLE Z": 0.0,
    "SCF ITERATION ENERGY": -149.3866139937773,
    "SCF ITERATIONS": 9.0,
    "SCF TOTAL ENERGY": -149.3866139937773,
    "TWO-ELECTRON ENERGY": 77.42824066825469
}