{
    "CC D1 DIAGNOSTIC": 0.03331912726246958,
    "CC D2 DIAGNOSTIC": 0.21298526561675588,
    "CC NEW D1 DIAGNOSTIC": 0.03331912726246958,
    "CC T1 DIAGNOSTIC": 0.010859498596730804,
    "CCSD CORRELATION ENERGY": -0.2898178848599778,
    "CCSD OPPOSITE-SPIN CORRELATION ENERGY": -0.24217875676427186,
    "CCSD SAME-SPIN CORRELATION ENERGY": -0.04763912809570575,
    "CCSD TOTAL ENERGY": -110.23771554861023,
    "CURRENT CORRELATION ENERGY": -0.2898178848599778,
    "CURRENT DIPOLE X": 0.0,
    "CURRENT DIPOLE Y": -1.1287621734612623e-15,
    "CURRENT DIPOLE Z": 0.46851784394877716,
    "CURRENT ENERGY": -110.23771554861023,
    "CURRENT REFERENCE ENERGY": -109.94789766375021,
    "HF TOTAL ENERGY": -109.94789766375021,
    "LCCSD (+LMP2) TOTAL ENERGY": -110.23706042332381,
    "MP2 CORRELATION ENERGY": -0.2755589365116691,
    "MP2 OPPOSITE-SPIN CORRELATION ENERGY": -0.21527750386075492,
    "MP2 SAME-SPIN CORRELATION ENERGY": -0.06028143265091415,
    "MP2 TOTAL ENERGY": -110.22345660026193,
    "NUCLEAR REPULSION ENERGY": 32.11287382301789,
    "ONE-ELECTRON ENERGY": -212.46948478370672,
    "PCM POLARIZATION ENERGY": 0.0,
    "PE ENERGY": 0.0,
    "SCF DIPOLE X": 0.0,
    "SCF DIPOLE Y": -1.1287621734612623e-15,
    "SCF DIPOLE Z": 0.46851784394877716,
    "SCF ITERATION ENERGY": -109.94789766375021,
    "SCF ITERATIONS": 10.0,
    "SCF TOTAL ENERGY": -109.94789766375021,
    "TWO-ELECTRON ENERGY": 70.40871329693863
}