{
    "CC D1 DIAGNOSTIC": 0.34926937462058283,
    "CC D2 DIAGNOSTIC": 0.44663543162452896,
    "CC NEW D1 DIAGNOSTIC": 0.34926937462058283,
    "CC T1 DIAGNOSTIC": 0.07825998951264748,
    "CCSD CORRELATION ENERGY": -0.3338627369990052,
    "CCSD OPPOSITE-SPIN CORRELATION ENERGY": -0.26609239750126046,
    "CCSD SAME-SPIN CORRELATION ENERGY": -0.0677703394977433,
    "CCSD TOTAL ENERGY": -260.51925222412183,
    "CURRENT CORRELATION ENERGY": -0.3338627369990052,
    "CURRENT DIPOLE X": 0.0,
    "CURRENT DIPOLE Y": 0.0,
    "CURRENT DIPOLE Z": -2.19395722472638,
    "CURRENT ENERGY": -260.51925222412183,
    "CURRENT REFERENCE ENERGY": -260.18538948712285,
    "HF TOTAL ENERGY": -260.18538948712285,
    "LCCSD (+LMP2) TOTAL ENERGY": -260.5192281630508,
    "MP2 CORRELATION ENERGY": -0.32957178849413715,
    "MP2 OPPOSITE-SPIN CORRELATION ENERGY": -0.2457446446900097,
    "MP2 SAME-SPIN CORRELATION ENERGY": -0.08382714380412745,
    "MP2 TOTAL ENERGY": -260.514961275617,
    "NUCLEAR REPULSION ENERGY": 50.60835061849356,
    "ONE-ELECTRON ENERGY": -467.12983719633183,
    "PCM POLARIZATION ENERGY": 0.0,
    "PE ENERGY": 0.0,
    "SCF DIPOLE X": 0.0,
    "SCF DIPOLE Y": 0.0,
    "SCF DIPOLE Z": -2.19395722472638,
    "SCF ITERATION ENERGY": -260.18538948712285,
    "SCF ITERATIONS": 13.0,
    "SCF TOTAL ENERGY": -260.18538948712285,
    "TWO-ELECTRON ENERGY": 156.33609709071544
}