{
    "CC D1 DIAGNOSTIC": 0.07730310133147099,
    "CC D2 DIAGNOSTIC": 0.28343256019092744,
    "CC NEW D1 DIAGNOSTIC": 0.07730310133147099,
    "CC T1 DIAGNOSTIC": 0.024719731905226586,
    "CCSD CORRELATION ENERGY": -0.2007796418758762,
    "CCSD OPPOSITE-SPIN CORRELATION ENERGY": -0.1685361545919919,
    "CCSD SAME-SPIN CORRELATION ENERGY": -0.03224348728388432,
    "CCSD TOTAL ENERGY": -100.07609303926347,
    "CURRENT CORRELATION ENERGY": -0.2007796418758762,
    "CURRENT DIPOLE X": 0.0,
    "CURRENT DIPOLE Y": 0.0,
    "CURRENT DIPOLE Z": -3.215938351794812,
    "CURRENT ENERGY": -100.07609303926347,
    "CURRENT REFERENCE ENERGY": -99.87531339738757,
    "HF TOTAL ENERGY": -99.87531339738757,
    "LCCSD (+LMP2) TOTAL ENERGY": -100.07664525487027,
    "MP2 CORRELATION ENERGY": -0.19381235405237118,
    "MP2 OPPOSITE-SPIN CORRELATION ENERGY": -0.1494170275996322,
    "MP2 SAME-SPIN CORRELATION ENERGY": -0.04439532645273897,
    "MP2 TOTAL ENERGY": -100.06912575143996,
    "NUCLEAR REPULSION ENERGY": 3.047448181060997,
    "ONE-ELECTRON ENERGY": -146.82276345717474,
    "PCM POLARIZATION ENERGY": 0.0,
    "PE ENERGY": 0.0,
    "SCF DIPOLE X": 0.0,
    "SCF DIPOLE Y": 0.0,
    "SCF DIPOLE Z": -3.215938351794812,
    "SCF ITERATION ENERGY": -99.87531339738757,
    "SCF ITERATIONS": 10.0,
    "SCF TOTAL ENERGY": -99.87531339738757,
    "TWO-ELECTRON ENERGY": 43.90000187872619
}