{
    "CC D1 DIAGNOSTIC": 0.010846425499327574,
    "CC D2 DIAGNOSTIC": 0.07714918876738924,
    "CC NEW D1 DIAGNOSTIC": 0.010846425499327574,
    "CC T1 DIAGNOSTIC": 0.00428994128626905,
    "CCSD CORRELATION ENERGY": -0.10405755570801727,
    "CCSD OPPOSITE-SPIN CORRELATION ENERGY": -0.0854692591451002,
    "CCSD SAME-SPIN CORRELATION ENERGY": -0.018588296562916856,
    "CCSD TOTAL ENERGY": -459.29273599812717,
    "CURRENT CORRELATION ENERGY": -0.10405755570801727,
    "CURRENT DIPOLE X": 0.0,
    "CURRENT DIPOLE Y": 0.0,
    "CURRENT DIPOLE Z": -1.5228207215788911,
    "CURRENT ENERGY": -459.29273599812717,
    "CURRENT REFERENCE ENERGY": -459.188678442419,
    "HF TOTAL ENERGY": -459.188678442419,
    "LCCSD (+LMP2) TOTAL ENERGY": -459.29333529161954,
    "MP2 CORRELATION ENERGY": -0.09569786712863376,
    "MP2 OPPOSITE-SPIN CORRELATION ENERGY": -0.07680600843274159,
    "MP2 SAME-SPIN CORRELATION ENERGY": -0.018891858695892175,
    "MP2 TOTAL ENERGY": -459.2843763095478,
    "NUCLEAR REPULSION ENERGY": 13.359750027586644,
    "ONE-ELECTRON ENERGY": -659.8173872689213,
    "PCM POLARIZATION ENERGY": 0.0,
    "PE ENERGY": 0.0,
    "SCF DIPOLE X": 0.0,
    "SCF DIPOLE Y": 0.0,
    "SCF DIPOLE Z": -1.5228207215788911,
    "SCF ITERATION ENERGY": -459.188678442419,
    "SCF ITERATIONS": 8.0,
    "SCF TOTAL ENERGY": -459.188678442419,
    "TWO-ELECTRON ENERGY": 187.2689587989156
}