{
    "CC D1 DIAGNOSTIC": 0.023367214692286815,
    "CC D2 DIAGNOSTIC": 0.1441261490895321,
    "CC NEW D1 DIAGNOSTIC": 0.023367214692286815,
    "CC T1 DIAGNOSTIC": 0.00863781228026138,
    "CCSD CORRELATION ENERGY": -0.17008688483026896,
    "CCSD OPPOSITE-SPIN CORRELATION ENERGY": -0.1375828999551944,
    "CCSD SAME-SPIN CORRELATION ENERGY": -0.03250398487507447,
    "CCSD TOTAL ENERGY": -100.16759517236068,
    "CURRENT CORRELATION ENERGY": -0.17008688483026896,
    "CURRENT DIPOLE X": 0.0,
    "CURRENT DIPOLE Y": 0.0,
    "CURRENT DIPOLE Z": -2.5531703903808074,
    "CURRENT ENERGY": -100.16759517236068,
    "CURRENT REFERENCE ENERGY": -99.99750828753045,
    "HF TOTAL ENERGY": -99.99750828753045,
    "LCCSD (+LMP2) TOTAL ENERGY": -100.09257445106755,
    "MP2 CORRELATION ENERGY": -0.16857415490492705,
    "MP2 OPPOSITE-SPIN CORRELATION ENERGY": -0.12818616154032655,
    "MP2 SAME-SPIN CORRELATION ENERGY": -0.0403879933646005,
    "MP2 TOTAL ENERGY": -100.16608244243534,
    "NUCLEAR REPULSION ENERGY": 4.377627641154597,
    "ONE-ELECTRON ENERGY": -149.2107182800265,
    "PCM POLARIZATION ENERGY": 0.0,
    "PE ENERGY": 0.0,
    "SCF DIPOLE X": 0.0,
    "SCF DIPOLE Y": 0.0,
    "SCF DIPOLE Z": -2.5531703903808074,
    "SCF ITERATION ENERGY": -99.99750828753045,
    "SCF ITERATIONS": 10.0,
    "SCF TOTAL ENERGY": -99.99750828753045,
    "TWO-ELECTRON ENERGY": 44.83558235134145
}