{
    "CC D1 DIAGNOSTIC": 0.06470323976745619,
    "CC D2 DIAGNOSTIC": 0.28662355677790763,
    "CC NEW D1 DIAGNOSTIC": 0.06470323976745619,
    "CC T1 DIAGNOSTIC": 0.015263013281856069,
    "CCSD CORRELATION ENERGY": -0.27655658769253155,
    "CCSD OPPOSITE-SPIN CORRELATION ENERGY": -0.2199936085540754,
    "CCSD SAME-SPIN CORRELATION ENERGY": -0.05656297913845604,
    "CCSD TOTAL ENERGY": -259.51383149351125,
    "CURRENT CORRELATION ENERGY": -0.27655658769253155,
    "CURRENT DIPOLE X": 0.0,
    "CURRENT DIPOLE Y": 0.0,
    "CURRENT DIPOLE Z": 3.839486254491484,
    "CURRENT ENERGY": -259.51383149351125,
    "CURRENT REFERENCE ENERGY": -259.2372749058186,
    "HF TOTAL ENERGY": -259.2372749058186,
    "LCCSD (+LMP2) TOTAL ENERGY": -259.5139338487807,
    "MP2 CORRELATION ENERGY": -0.25827224322358483,
    "MP2 OPPOSITE-SPIN CORRELATION ENERGY": -0.19827776243506443,
    "MP2 SAME-SPIN CORRELATION ENERGY": -0.059994480788520405,
    "MP2 TOTAL ENERGY": -259.4955471490423,
    "NUCLEAR REPULSION ENERGY": 60.78903922687856,
    "ONE-ELECTRON ENERGY": -475.2068522159791,
    "PCM POLARIZATION ENERGY": 0.0,
    "PE ENERGY": 0.0,
    "SCF DIPOLE X": 0.0,
    "SCF DIPOLE Y": 0.0,
    "SCF DIPOLE Z": 3.839486254491484,
    "SCF ITERATION ENERGY": -259.2372749058186,
    "SCF ITERATIONS": 11.0,
    "SCF TOTAL ENERGY": -259.2372749058186,
    "TWO-ELECTRON ENERGY": 155.1805380832819
}