{
    "CURRENT CORRELATION ENERGY": -0.1531704908999103,
    "CURRENT DIPOLE X": 0.0,
    "CURRENT DIPOLE Y": 0.0,
    "CURRENT DIPOLE Z": -0.3981433305353403,
    "CURRENT ENERGY": -76.12270923982473,
    "CURRENT REFERENCE ENERGY": -75.96953874892482,
    "CUSTOM SCS-MP2 CORRELATION ENERGY": -0.15358834360777604,
    "CUSTOM SCS-MP2 TOTAL ENERGY": -76.1231270925326,
    "HF TOTAL ENERGY": -75.96953874892483,
    "MP2 CORRELATION ENERGY": -0.1531704908999103,
    "MP2 OPPOSITE-SPIN CORRELATION ENERGY": -0.11830559227823773,
    "MP2 SAME-SPIN CORRELATION ENERGY": -0.03486489862167236,
    "MP2 TOTAL ENERGY": -76.12270923982473,
    "NUCLEAR REPULSION ENERGY": 9.095800750998468,
    "ONE-ELECTRON ENERGY": -123.12277761685871,
    "PCM POLARIZATION ENERGY": 0.0,
    "PE ENERGY": 0.0,
    "SCF DIPOLE X": 0.0,
    "SCF DIPOLE Y": 0.0,
    "SCF DIPOLE Z": -0.3981433305353403,
    "SCF ITERATION ENERGY": -75.96953874892482,
    "SCF ITERATIONS": 10.0,
    "SCF TOTAL ENERGY": -75.96953874892482,
    "SCS-MP2 CORRELATION ENERGY": -0.15358834360777604,
    "SCS-MP2 TOTAL ENERGY": -76.1231270925326,
    "SCS-MP2-VDW CORRELATION ENERGY": -0.16886360742697093,
    "SCS-MP2-VDW TOTAL ENERGY": -76.13840235635179,
    "SCSN-MP2 CORRELATION ENERGY": -0.06136222157414295,
    "SCSN-MP2 TOTAL ENERGY": -76.03090097049896,
    "SOS-MP2 CORRELATION ENERGY": 0.0,
    "SOS-MP2 TOTAL ENERGY": -75.96953874892482,
    "SOS-PI-MP2 CORRELATION ENERGY": -0.1656278291895319,
    "SOS-PI-MP2 TOTAL ENERGY": -76.13516657811435,
    "TWO-ELECTRON ENERGY": 38.05743811693542
}