{
    "CC D1 DIAGNOSTIC": 0.05547953364668692,
    "CC D2 DIAGNOSTIC": 0.3353798388798562,
    "CC NEW D1 DIAGNOSTIC": 0.05547953364668692,
    "CC T1 DIAGNOSTIC": 0.02310124398115227,
    "CCSD CORRELATION ENERGY": -0.39528096103461346,
    "CCSD OPPOSITE-SPIN CORRELATION ENERGY": -0.3488792452696541,
    "CCSD SAME-SPIN CORRELATION ENERGY": -0.04640171576495916,
    "CCSD TOTAL ENERGY": -108.98456176749896,
    "CURRENT CORRELATION ENERGY": -0.39528096103461346,
    "CURRENT DIPOLE X": 0.0,
    "CURRENT DIPOLE Y": 0.0,
    "CURRENT DIPOLE Z": 5.643810867306312e-16,
    "CURRENT ENERGY": -108.98456176749896,
    "CURRENT REFERENCE ENERGY": -108.58928080646434,
    "HF TOTAL ENERGY": -108.58928080646434,
    "LCCSD (+LMP2) TOTAL ENERGY": -109.03816109835803,
    "MP2 CORRELATION ENERGY": -0.5088468374499835,
    "MP2 OPPOSITE-SPIN CORRELATION ENERGY": -0.36420244950068265,
    "MP2 SAME-SPIN CORRELATION ENERGY": -0.14464438794930085,
    "MP2 TOTAL ENERGY": -109.09812764391432,
    "NUCLEAR REPULSION ENERGY": 16.355014203623355,
    "ONE-ELECTRON ENERGY": -179.36250014917553,
    "PCM POLARIZATION ENERGY": 0.0,
    "PE ENERGY": 0.0,
    "SCF DIPOLE X": 0.0,
    "SCF DIPOLE Y": 0.0,
    "SCF DIPOLE Z": 5.643810867306312e-16,
    "SCF ITERATION ENERGY": -108.58928080646434,
    "SCF ITERATIONS": 9.0,
    "SCF TOTAL ENERGY": -108.58928080646434,
    "TWO-ELECTRON ENERGY": 54.41820513908782
}