{
    "CC D1 DIAGNOSTIC": 0.02731104152855504,
    "CC D2 DIAGNOSTIC": 0.19687458727781354,
    "CC NEW D1 DIAGNOSTIC": 0.02731104152855504,
    "CC T1 DIAGNOSTIC": 0.007730492241090758,
    "CCSD CORRELATION ENERGY": -0.12490145704785106,
    "CCSD OPPOSITE-SPIN CORRELATION ENERGY": -0.10447446168191594,
    "CCSD SAME-SPIN CORRELATION ENERGY": -0.020426995365935965,
    "CCSD TOTAL ENERGY": -460.1533952368641,
    "CURRENT CORRELATION ENERGY": -0.12490145704785106,
    "CURRENT DIPOLE X": 0.0,
    "CURRENT DIPOLE Y": 0.0,
    "CURRENT DIPOLE Z": -2.1060792811138462,
    "CURRENT ENERGY": -460.1533952368641,
    "CURRENT REFERENCE ENERGY": -460.0284937798167,
    "HF TOTAL ENERGY": -460.0284937798167,
    "LCCSD (+LMP2) TOTAL ENERGY": -460.15278418406587,
    "MP2 CORRELATION ENERGY": -0.11112991494312408,
    "MP2 OPPOSITE-SPIN CORRELATION ENERGY": -0.08900511539504653,
    "MP2 SAME-SPIN CORRELATION ENERGY": -0.022124799548077542,
    "MP2 TOTAL ENERGY": -460.13962369475945,
    "NUCLEAR REPULSION ENERGY": 5.466279400600337,
    "ONE-ELECTRON ENERGY": -646.5753297082364,
    "PCM POLARIZATION ENERGY": 0.0,
    "PE ENERGY": 0.0,
    "SCF DIPOLE X": 0.0,
    "SCF DIPOLE Y": 0.0,
    "SCF DIPOLE Z": -2.1060792811138462,
    "SCF ITERATION ENERGY": -460.0284937798167,
    "SCF ITERATIONS": 9.0,
    "SCF TOTAL ENERGY": -460.0284937798167,
    "TWO-ELECTRON ENERGY": 181.08055652781934
}