{
    "CURRENT CORRELATION ENERGY": -0.1560622086089154,
    "CURRENT DIPOLE X": 0.0,
    "CURRENT DIPOLE Y": -5.643810867306312e-16,
    "CURRENT DIPOLE Z": -2.4496302570464343,
    "CURRENT ENERGY": -76.16640620693818,
    "CURRENT REFERENCE ENERGY": -76.01034399832926,
    "CUSTOM SCS-MP2 CORRELATION ENERGY": -0.1573421802880842,
    "CUSTOM SCS-MP2 TOTAL ENERGY": -76.16768617861734,
    "HF TOTAL ENERGY": -76.01034399832926,
    "MP2 CORRELATION ENERGY": -0.1560622086089154,
    "MP2 OPPOSITE-SPIN CORRELATION ENERGY": -0.1215247431751291,
    "MP2 SAME-SPIN CORRELATION ENERGY": -0.03453746543378787,
    "MP2 TOTAL ENERGY": -76.16640620693818,
    "NUCLEAR REPULSION ENERGY": 9.148479553057232,
    "ONE-ELECTRON ENERGY": -122.98895112219267,
    "PCM POLARIZATION ENERGY": 0.0,
    "PE ENERGY": 0.0,
    "SCF DIPOLE X": 0.0,
    "SCF DIPOLE Y": -5.643810867306312e-16,
    "SCF DIPOLE Z": -2.4496302570464343,
    "SCF ITERATION ENERGY": -76.01034399832926,
    "SCF ITERATIONS": 10.0,
    "SCF TOTAL ENERGY": -76.01034399832926,
    "SCS-MP2 CORRELATION ENERGY": -0.1573421802880842,
    "SCS-MP2 TOTAL ENERGY": -76.16768617861734,
    "SCS-MP2-VDW CORRELATION ENERGY": -0.17282040398106346,
    "SCS-MP2-VDW TOTAL ENERGY": -76.18316440231033,
    "SCSN-MP2 CORRELATION ENERGY": -0.06078593916348041,
    "SCSN-MP2 TOTAL ENERGY": -76.07112993749274,
    "SOS-MP2 CORRELATION ENERGY": 0.0,
    "SOS-MP2 TOTAL ENERGY": -76.01034399832926,
    "SOS-PI-MP2 CORRELATION ENERGY": -0.170134640445184,
    "SOS-PI-MP2 TOTAL ENERGY": -76.18047863877445,
    "TWO-ELECTRON ENERGY": 37.830127570806184
}