{
    "CC D1 DIAGNOSTIC": 0.1718682980955292,
    "CC D2 DIAGNOSTIC": 0.20725792431208628,
    "CC NEW D1 DIAGNOSTIC": 0.1718682980955292,
    "CC T1 DIAGNOSTIC": 0.055862526872658594,
    "CCSD CORRELATION ENERGY": -0.4771843009065051,
    "CCSD OPPOSITE-SPIN CORRELATION ENERGY": -0.3761438769638406,
    "CCSD SAME-SPIN CORRELATION ENERGY": -0.10104042394266466,
    "CCSD TOTAL ENERGY": -187.78679689678614,
    "CURRENT CORRELATION ENERGY": -0.4771843009065051,
    "CURRENT DIPOLE X": 0.0,
    "CURRENT DIPOLE Y": 0.0,
    "CURRENT DIPOLE Z": 0.0,
    "CURRENT ENERGY": -187.78679689678614,
    "CURRENT REFERENCE ENERGY": -187.3096125958787,
    "HF TOTAL ENERGY": -187.3096125958787,
    "LCCSD (+LMP2) TOTAL ENERGY": -187.78869166966493,
    "MP2 CORRELATION ENERGY": -0.48709027250394094,
    "MP2 OPPOSITE-SPIN CORRELATION ENERGY": -0.3585388079774615,
    "MP2 SAME-SPIN CORRELATION ENERGY": -0.12855146452647942,
    "MP2 TOTAL ENERGY": -187.79670286838356,
    "NUCLEAR REPULSION ENERGY": 44.19410462356143,
    "ONE-ELECTRON ENERGY": -344.1533911097127,
    "PCM POLARIZATION ENERGY": 0.0,
    "PE ENERGY": 0.0,
    "SCF DIPOLE X": 0.0,
    "SCF DIPOLE Y": 0.0,
    "SCF DIPOLE Z": 0.0,
    "SCF ITERATION ENERGY": -187.3096125958787,
    "SCF ITERATIONS": 11.0,
    "SCF TOTAL ENERGY": -187.3096125958787,
    "TWO-ELECTRON ENERGY": 112.64967389027257
}