{
    "CC D1 DIAGNOSTIC": 0.008592103151415124,
    "CC D2 DIAGNOSTIC": 0.0755915978117826,
    "CC NEW D1 DIAGNOSTIC": 0.008592103151415124,
    "CC T1 DIAGNOSTIC": 0.0049511776003010825,
    "CCSD CORRELATION ENERGY": -0.14220144333971316,
    "CCSD OPPOSITE-SPIN CORRELATION ENERGY": -0.1131072555790242,
    "CCSD SAME-SPIN CORRELATION ENERGY": -0.029094187760689075,
    "CCSD TOTAL ENERGY": -99.69679685798326,
    "CURRENT CORRELATION ENERGY": -0.14220144333971316,
    "CURRENT DIPOLE X": 0.0,
    "CURRENT DIPOLE Y": 0.0,
    "CURRENT DIPOLE Z": -1.818577408039266,
    "CURRENT ENERGY": -99.69679685798326,
    "CURRENT REFERENCE ENERGY": -99.55459541464363,
    "HF TOTAL ENERGY": -99.55459541464361,
    "LCCSD (+LMP2) TOTAL ENERGY": -99.69253886980027,
    "MP2 CORRELATION ENERGY": -0.13987626879504092,
    "MP2 OPPOSITE-SPIN CORRELATION ENERGY": -0.10655222096967737,
    "MP2 SAME-SPIN CORRELATION ENERGY": -0.03332404782536355,
    "MP2 TOTAL ENERGY": -99.69447168343858,
    "NUCLEAR REPULSION ENERGY": 8.735081883041198,
    "ONE-ELECTRON ENERGY": -155.8492134779701,
    "PCM POLARIZATION ENERGY": 0.0,
    "PE ENERGY": 0.0,
    "SCF DIPOLE X": 0.0,
    "SCF DIPOLE Y": 0.0,
    "SCF DIPOLE Z": -1.818577408039266,
    "SCF ITERATION ENERGY": -99.55459541464363,
    "SCF ITERATIONS": 9.0,
    "SCF TOTAL ENERGY": -99.55459541464363,
    "TWO-ELECTRON ENERGY": 47.55953618028527
}