{
    "CC D1 DIAGNOSTIC": 0.04808523781551001,
    "CC D2 DIAGNOSTIC": 0.2960758266536819,
    "CC NEW D1 DIAGNOSTIC": 0.04808523781551001,
    "CC T1 DIAGNOSTIC": 0.014961741076098167,
    "CCSD CORRELATION ENERGY": -0.3437093163861493,
    "CCSD OPPOSITE-SPIN CORRELATION ENERGY": -0.28344789736560727,
    "CCSD SAME-SPIN CORRELATION ENERGY": -0.060261419020542106,
    "CCSD TOTAL ENERGY": -149.82915664062455,
    "CURRENT CORRELATION ENERGY": -0.3437093163861493,
    "CURRENT DIPOLE X": 0.0,
    "CURRENT DIPOLE Y": 0.0,
    "CURRENT DIPOLE Z": 0.0,
    "CURRENT ENERGY": -149.82915664062455,
    "CURRENT REFERENCE ENERGY": -149.48544732423835,
    "HF TOTAL ENERGY": -149.48544732423835,
    "LCCSD (+LMP2) TOTAL ENERGY": -149.8476614540445,
    "MP2 CORRELATION ENERGY": -0.3656731327832986,
    "MP2 OPPOSITE-SPIN CORRELATION ENERGY": -0.2737464020873647,
    "MP2 SAME-SPIN CORRELATION ENERGY": -0.09192673069593388,
    "MP2 TOTAL ENERGY": -149.8511204570217,
    "NUCLEAR REPULSION ENERGY": 25.3368456958388,
    "ONE-ELECTRON ENERGY": -255.98843516703965,
    "PCM POLARIZATION ENERGY": 0.0,
    "PE ENERGY": 0.0,
    "SCF DIPOLE X": 0.0,
    "SCF DIPOLE Y": 0.0,
    "SCF DIPOLE Z": 0.0,
    "SCF ITERATION ENERGY": -149.48544732423835,
    "SCF ITERATIONS": 9.0,
    "SCF TOTAL ENERGY": -149.48544732423835,
    "TWO-ELECTRON ENERGY": 81.1661421469625
}