{
    "CURRENT CORRELATION ENERGY": -0.01696760844189793,
    "CURRENT DIPOLE X": 0.0,
    "CURRENT DIPOLE Y": 0.0,
    "CURRENT DIPOLE Z": 5.0000636902541855e-15,
    "CURRENT ENERGY": -1.125707967491665,
    "CURRENT REFERENCE ENERGY": -1.108740359049767,
    "CUSTOM SCS-MP2 CORRELATION ENERGY": -0.020361130130277568,
    "CUSTOM SCS-MP2 TOTAL ENERGY": -1.1291014891800446,
    "HF TOTAL ENERGY": -1.108740359049767,
    "MP2 CORRELATION ENERGY": -0.01696760844189793,
    "MP2 OPPOSITE-SPIN CORRELATION ENERGY": -0.016967608441897975,
    "MP2 SAME-SPIN CORRELATION ENERGY": 0.0,
    "MP2 TOTAL ENERGY": -1.125707967491665,
    "NUCLEAR REPULSION ENERGY": 0.8941270111320693,
    "ONE-ELECTRON ENERGY": -2.7139832964476485,
    "PCM POLARIZATION ENERGY": 0.0,
    "PE ENERGY": 0.0,
    "SCF DIPOLE X": 0.0,
    "SCF DIPOLE Y": 0.0,
    "SCF DIPOLE Z": 5.0000636902541855e-15,
    "SCF ITERATION ENERGY": -1.108740359049767,
    "SCF ITERATIONS": 6.0,
    "SCF TOTAL ENERGY": -1.108740359049767,
    "SCS-MP2 CORRELATION ENERGY": -0.020361130130277568,
    "SCS-MP2 TOTAL ENERGY": -1.1291014891800446,
    "SCS-MP2-VDW CORRELATION ENERGY": -0.02171853880562935,
    "SCS-MP2-VDW TOTAL ENERGY": -1.1304588978553964,
    "SCSN-MP2 CORRELATION ENERGY": 0.0,
    "SCSN-MP2 TOTAL ENERGY": -1.108740359049767,
    "SOS-MP2 CORRELATION ENERGY": 0.0,
    "SOS-MP2 TOTAL ENERGY": -1.108740359049767,
    "SOS-PI-MP2 CORRELATION ENERGY": -0.023754651818657102,
    "SOS-PI-MP2 TOTAL ENERGY": -1.1324950108684242,
    "TWO-ELECTRON ENERGY": 0.7111159262658122
}