{
    "CC D1 DIAGNOSTIC": 0.1681117109565446,
    "CC D2 DIAGNOSTIC": 0.20622911528702495,
    "CC NEW D1 DIAGNOSTIC": 0.1681117109565446,
    "CC T1 DIAGNOSTIC": 0.054584333427443225,
    "CCSD CORRELATION ENERGY": -0.4765358037809724,
    "CCSD OPPOSITE-SPIN CORRELATION ENERGY": -0.37575360749464964,
    "CCSD SAME-SPIN CORRELATION ENERGY": -0.10078219628632262,
    "CCSD TOTAL ENERGY": -187.79234021930247,
    "CURRENT CORRELATION ENERGY": -0.4765358037809724,
    "CURRENT DIPOLE X": 0.0,
    "CURRENT DIPOLE Y": 0.0,
    "CURRENT DIPOLE Z": 0.0,
    "CURRENT ENERGY": -187.79234021930247,
    "CURRENT REFERENCE ENERGY": -187.31580441552074,
    "HF TOTAL ENERGY": -187.31580441552074,
    "LCCSD (+LMP2) TOTAL ENERGY": -187.79262821182607,
    "MP2 CORRELATION ENERGY": -0.4880474879680775,
    "MP2 OPPOSITE-SPIN CORRELATION ENERGY": -0.3591338431831482,
    "MP2 SAME-SPIN CORRELATION ENERGY": -0.12891364478492928,
    "MP2 TOTAL ENERGY": -187.8038519034896,
    "NUCLEAR REPULSION ENERGY": 44.412526886939844,
    "ONE-ELECTRON ENERGY": -344.5773592819601,
    "PCM POLARIZATION ENERGY": 0.0,
    "PE ENERGY": 0.0,
    "SCF DIPOLE X": 0.0,
    "SCF DIPOLE Y": 0.0,
    "SCF DIPOLE Z": 0.0,
    "SCF ITERATION ENERGY": -187.31580441552074,
    "SCF ITERATIONS": 11.0,
    "SCF TOTAL ENERGY": -187.31580441552074,
    "TWO-ELECTRON ENERGY": 112.84902797949957
}