{
    "CC D1 DIAGNOSTIC": 0.012991413034974322,
    "CC D2 DIAGNOSTIC": 0.11133413677051576,
    "CC NEW D1 DIAGNOSTIC": 0.012991413034974322,
    "CC T1 DIAGNOSTIC": 0.006522860246557934,
    "CCSD CORRELATION ENERGY": -0.15803700910271884,
    "CCSD OPPOSITE-SPIN CORRELATION ENERGY": -0.12936945176777226,
    "CCSD SAME-SPIN CORRELATION ENERGY": -0.02866755733494661,
    "CCSD TOTAL ENERGY": -76.12817516834279,
    "CURRENT CORRELATION ENERGY": -0.15803700910271884,
    "CURRENT DIPOLE X": 0.0,
    "CURRENT DIPOLE Y": 5.643810867306312e-16,
    "CURRENT DIPOLE Z": -0.49517495472895645,
    "CURRENT ENERGY": -76.12817516834279,
    "CURRENT REFERENCE ENERGY": -75.97013815924015,
    "HF TOTAL ENERGY": -75.97013815924015,
    "LCCSD (+LMP2) TOTAL ENERGY": -76.12957194786077,
    "MP2 CORRELATION ENERGY": -0.1532657310990826,
    "MP2 OPPOSITE-SPIN CORRELATION ENERGY": -0.11837392105348397,
    "MP2 SAME-SPIN CORRELATION ENERGY": -0.03489181004559862,
    "MP2 TOTAL ENERGY": -76.12340389033916,
    "NUCLEAR REPULSION ENERGY": 9.096120793869625,
    "ONE-ELECTRON ENERGY": -123.12061678714761,
    "PCM POLARIZATION ENERGY": 0.0,
    "PE ENERGY": 0.0,
    "SCF DIPOLE X": 0.0,
    "SCF DIPOLE Y": 5.643810867306312e-16,
    "SCF DIPOLE Z": -0.49517495472895645,
    "SCF ITERATION ENERGY": -75.97013815924015,
    "SCF ITERATIONS": 10.0,
    "SCF TOTAL ENERGY": -75.97013815924015,
    "TWO-ELECTRON ENERGY": 38.05435783403784
}