{
    "CC D1 DIAGNOSTIC": 0.010857840907832136,
    "CC D2 DIAGNOSTIC": 0.07727168739155073,
    "CC NEW D1 DIAGNOSTIC": 0.010857840907832136,
    "CC T1 DIAGNOSTIC": 0.004275393063294857,
    "CCSD CORRELATION ENERGY": -0.10398727136770125,
    "CCSD OPPOSITE-SPIN CORRELATION ENERGY": -0.08540739358423306,
    "CCSD SAME-SPIN CORRELATION ENERGY": -0.0185798777834682,
    "CCSD TOTAL ENERGY": -459.4045361924779,
    "CURRENT CORRELATION ENERGY": -0.10398727136770125,
    "CURRENT DIPOLE X": 0.0,
    "CURRENT DIPOLE Y": 0.0,
    "CURRENT DIPOLE Z": -1.5447378114038428,
    "CURRENT ENERGY": -459.4045361924779,
    "CURRENT REFERENCE ENERGY": -459.3005489211103,
    "HF TOTAL ENERGY": -459.3005489211103,
    "LCCSD (+LMP2) TOTAL ENERGY": -459.4149229708376,
    "MP2 CORRELATION ENERGY": -0.09566750303589819,
    "MP2 OPPOSITE-SPIN CORRELATION ENERGY": -0.07677432528224173,
    "MP2 SAME-SPIN CORRELATION ENERGY": -0.018893177753656454,
    "MP2 TOTAL ENERGY": -459.3962164241461,
    "NUCLEAR REPULSION ENERGY": 12.925678727051334,
    "ONE-ELECTRON ENERGY": -659.2380367158711,
    "PCM POLARIZATION ENERGY": 0.0,
    "PE ENERGY": 0.0,
    "SCF DIPOLE X": 0.0,
    "SCF DIPOLE Y": 0.0,
    "SCF DIPOLE Z": -1.5447378114038428,
    "SCF ITERATION ENERGY": -459.3005489211103,
    "SCF ITERATIONS": 8.0,
    "SCF TOTAL ENERGY": -459.3005489211103,
    "TWO-ELECTRON ENERGY": 187.0118090677094
}