{
    "CC D1 DIAGNOSTIC": 0.013389705199526017,
    "CC D2 DIAGNOSTIC": 0.10267597493528678,
    "CC NEW D1 DIAGNOSTIC": 0.013389705199526017,
    "CC T1 DIAGNOSTIC": 0.005182837484917778,
    "CCSD CORRELATION ENERGY": -0.21013940585418278,
    "CCSD OPPOSITE-SPIN CORRELATION ENERGY": -0.16632056096232925,
    "CCSD SAME-SPIN CORRELATION ENERGY": -0.043818844891853614,
    "CCSD TOTAL ENERGY": -104.84079597472736,
    "CURRENT CORRELATION ENERGY": -0.21013940585418278,
    "CURRENT DIPOLE X": 0.0,
    "CURRENT DIPOLE Y": 0.0,
    "CURRENT DIPOLE Z": 0.0,
    "CURRENT ENERGY": -104.84079597472736,
    "CURRENT REFERENCE ENERGY": -104.63065656887325,
    "HF TOTAL ENERGY": -104.63065656887325,
    "LCCSD (+LMP2) TOTAL ENERGY": -104.83499669499858,
    "MP2 CORRELATION ENERGY": -0.20076606153057555,
    "MP2 OPPOSITE-SPIN CORRELATION ENERGY": -0.15383180574480476,
    "MP2 SAME-SPIN CORRELATION ENERGY": -0.04693425578577079,
    "MP2 TOTAL ENERGY": -104.83142263040375,
    "NUCLEAR REPULSION ENERGY": 48.22436431068383,
    "ONE-ELECTRON ENERGY": -232.7366178617338,
    "PCM POLARIZATION ENERGY": 0.0,
    "PE ENERGY": 0.0,
    "SCF DIPOLE X": 0.0,
    "SCF DIPOLE Y": 0.0,
    "SCF DIPOLE Z": 0.0,
    "SCF ITERATION ENERGY": -104.63065656887325,
    "SCF ITERATIONS": 9.0,
    "SCF TOTAL ENERGY": -104.63065656887325,
    "TWO-ELECTRON ENERGY": 79.88159698217673
}