{
    "CC D1 DIAGNOSTIC": 0.021954264844012278,
    "CC D2 DIAGNOSTIC": 0.13946940502746516,
    "CC NEW D1 DIAGNOSTIC": 0.021954264844012278,
    "CC T1 DIAGNOSTIC": 0.008258745641957653,
    "CCSD CORRELATION ENERGY": -0.16881259231648274,
    "CCSD OPPOSITE-SPIN CORRELATION ENERGY": -0.13637886307238,
    "CCSD SAME-SPIN CORRELATION ENERGY": -0.03243372924410298,
    "CCSD TOTAL ENERGY": -100.17116493330434,
    "CURRENT CORRELATION ENERGY": -0.16881259231648274,
    "CURRENT DIPOLE X": 0.0,
    "CURRENT DIPOLE Y": 0.0,
    "CURRENT DIPOLE Z": -2.5238688690623112,
    "CURRENT ENERGY": -100.17116493330434,
    "CURRENT REFERENCE ENERGY": -100.00235234098794,
    "HF TOTAL ENERGY": -100.00235234098794,
    "LCCSD (+LMP2) TOTAL ENERGY": -100.16359624011432,
    "MP2 CORRELATION ENERGY": -0.16737781817820735,
    "MP2 OPPOSITE-SPIN CORRELATION ENERGY": -0.12723630638562175,
    "MP2 SAME-SPIN CORRELATION ENERGY": -0.0401415117925856,
    "MP2 TOTAL ENERGY": -100.16973015916606,
    "NUCLEAR REPULSION ENERGY": 4.470548982594199,
    "ONE-ELECTRON ENERGY": -149.37370990658576,
    "PCM POLARIZATION ENERGY": 0.0,
    "PE ENERGY": 0.0,
    "SCF DIPOLE X": 0.0,
    "SCF DIPOLE Y": 0.0,
    "SCF DIPOLE Z": -2.5238688690623112,
    "SCF ITERATION ENERGY": -100.00235234098794,
    "SCF ITERATIONS": 9.0,
    "SCF TOTAL ENERGY": -100.00235234098794,
    "TWO-ELECTRON ENERGY": 44.90080858300361
}