{
    "CC D1 DIAGNOSTIC": 0.03955960476355018,
    "CC D2 DIAGNOSTIC": 0.09552060180955001,
    "CC NEW D1 DIAGNOSTIC": 0.03955960476355018,
    "CC T1 DIAGNOSTIC": 0.01752132202543091,
    "CCSD CORRELATION ENERGY": -0.1803752136356962,
    "CCSD OPPOSITE-SPIN CORRELATION ENERGY": -0.14459755875888375,
    "CCSD SAME-SPIN CORRELATION ENERGY": -0.03577765487681231,
    "CCSD TOTAL ENERGY": -107.1415770883363,
    "CURRENT CORRELATION ENERGY": -0.1803752136356962,
    "CURRENT DIPOLE X": 0.0,
    "CURRENT DIPOLE Y": 0.0,
    "CURRENT DIPOLE Z": -6.698216568563672,
    "CURRENT ENERGY": -107.1415770883363,
    "CURRENT REFERENCE ENERGY": -106.96120187470056,
    "HF TOTAL ENERGY": -106.96120187470056,
    "LCCSD (+LMP2) TOTAL ENERGY": -107.14187477199773,
    "MP2 CORRELATION ENERGY": -0.1810391292479291,
    "MP2 OPPOSITE-SPIN CORRELATION ENERGY": -0.13715401173265382,
    "MP2 SAME-SPIN CORRELATION ENERGY": -0.04388511751527527,
    "MP2 TOTAL ENERGY": -107.14224100394854,
    "NUCLEAR REPULSION ENERGY": 8.843760973343421,
    "ONE-ELECTRON ENERGY": -169.05771821136568,
    "PCM POLARIZATION ENERGY": 0.0,
    "PE ENERGY": 0.0,
    "SCF DIPOLE X": 0.0,
    "SCF DIPOLE Y": 0.0,
    "SCF DIPOLE Z": -6.698216568563672,
    "SCF ITERATION ENERGY": -106.96120187470056,
    "SCF ITERATIONS": 10.0,
    "SCF TOTAL ENERGY": -106.96120187470056,
    "TWO-ELECTRON ENERGY": 53.2527553633217
}