{
    "CC D1 DIAGNOSTIC": 0.07115760264916693,
    "CC D2 DIAGNOSTIC": 0.46729824859867625,
    "CC NEW D1 DIAGNOSTIC": 0.07115760264916693,
    "CC T1 DIAGNOSTIC": 0.022624454704276327,
    "CCSD CORRELATION ENERGY": -0.42757182711391856,
    "CCSD OPPOSITE-SPIN CORRELATION ENERGY": -0.3796845111651864,
    "CCSD SAME-SPIN CORRELATION ENERGY": -0.0478873159487323,
    "CCSD TOTAL ENERGY": -149.77534470506436,
    "CURRENT CORRELATION ENERGY": -0.42757182711391856,
    "CURRENT DIPOLE X": 0.0,
    "CURRENT DIPOLE Y": 0.0,
    "CURRENT DIPOLE Z": 0.0,
    "CURRENT ENERGY": -149.77534470506436,
    "CURRENT REFERENCE ENERGY": -149.3477728779497,
    "HF TOTAL ENERGY": -149.3477728779497,
    "LCCSD (+LMP2) TOTAL ENERGY": -149.78599045100728,
    "MP2 CORRELATION ENERGY": -0.5048818245875606,
    "MP2 OPPOSITE-SPIN CORRELATION ENERGY": -0.3735652562096609,
    "MP2 SAME-SPIN CORRELATION ENERGY": -0.13131656837789968,
    "MP2 TOTAL ENERGY": -149.852654702538,
    "NUCLEAR REPULSION ENERGY": 20.20869851602135,
    "ONE-ELECTRON ENERGY": -245.8926292224955,
    "PCM POLARIZATION ENERGY": 0.0,
    "PE ENERGY": 0.0,
    "SCF DIPOLE X": 0.0,
    "SCF DIPOLE Y": 0.0,
    "SCF DIPOLE Z": 0.0,
    "SCF ITERATION ENERGY": -149.3477728779497,
    "SCF ITERATIONS": 9.0,
    "SCF TOTAL ENERGY": -149.3477728779497,
    "TWO-ELECTRON ENERGY": 76.33615782852446
}