{
    "CC D1 DIAGNOSTIC": 0.026590760423743212,
    "CC D2 DIAGNOSTIC": 0.18043810120724205,
    "CC NEW D1 DIAGNOSTIC": 0.026590760423743212,
    "CC T1 DIAGNOSTIC": 0.011058466277495824,
    "CCSD CORRELATION ENERGY": -0.28001044776244827,
    "CCSD OPPOSITE-SPIN CORRELATION ENERGY": -0.22753710535937344,
    "CCSD SAME-SPIN CORRELATION ENERGY": -0.05247334240307494,
    "CCSD TOTAL ENERGY": -109.17001487322209,
    "CURRENT CORRELATION ENERGY": -0.28001044776244827,
    "CURRENT DIPOLE X": 0.0,
    "CURRENT DIPOLE Y": 0.0,
    "CURRENT DIPOLE Z": -5.643810867306312e-16,
    "CURRENT ENERGY": -109.17001487322209,
    "CURRENT REFERENCE ENERGY": -108.89000442545962,
    "HF TOTAL ENERGY": -108.89000442545962,
    "LCCSD (+LMP2) TOTAL ENERGY": -109.16504095922167,
    "MP2 CORRELATION ENERGY": -0.2939400193955759,
    "MP2 OPPOSITE-SPIN CORRELATION ENERGY": -0.21950034001065308,
    "MP2 SAME-SPIN CORRELATION ENERGY": -0.07443967938492282,
    "MP2 TOTAL ENERGY": -109.18394444485521,
    "NUCLEAR REPULSION ENERGY": 23.035745451978443,
    "ONE-ELECTRON ENERGY": -192.71858152266597,
    "PCM POLARIZATION ENERGY": 0.0,
    "PE ENERGY": 0.0,
    "SCF DIPOLE X": 0.0,
    "SCF DIPOLE Y": 0.0,
    "SCF DIPOLE Z": -5.643810867306312e-16,
    "SCF ITERATION ENERGY": -108.89000442545962,
    "SCF ITERATIONS": 8.0,
    "SCF TOTAL ENERGY": -108.89000442545962,
    "TWO-ELECTRON ENERGY": 60.792831645227906
}