{
    "CC D1 DIAGNOSTIC": 0.06729646091788277,
    "CC D2 DIAGNOSTIC": 0.4282852916208628,
    "CC NEW D1 DIAGNOSTIC": 0.06729646091788277,
    "CC T1 DIAGNOSTIC": 0.02128611270222389,
    "CCSD CORRELATION ENERGY": -0.4115325874899224,
    "CCSD OPPOSITE-SPIN CORRELATION ENERGY": -0.35900918569882806,
    "CCSD SAME-SPIN CORRELATION ENERGY": -0.05252340179109427,
    "CCSD TOTAL ENERGY": -149.7851617441326,
    "CURRENT CORRELATION ENERGY": -0.4115325874899224,
    "CURRENT DIPOLE X": 0.0,
    "CURRENT DIPOLE Y": 0.0,
    "CURRENT DIPOLE Z": 0.0,
    "CURRENT ENERGY": -149.7851617441326,
    "CURRENT REFERENCE ENERGY": -149.3736291566429,
    "HF TOTAL ENERGY": -149.3736291566429,
    "LCCSD (+LMP2) TOTAL ENERGY": -149.76178265758278,
    "MP2 CORRELATION ENERGY": -0.4780604508263623,
    "MP2 OPPOSITE-SPIN CORRELATION ENERGY": -0.3542186750047631,
    "MP2 SAME-SPIN CORRELATION ENERGY": -0.12384177582159916,
    "MP2 TOTAL ENERGY": -149.85168960746907,
    "NUCLEAR REPULSION ENERGY": 20.962988973851083,
    "ONE-ELECTRON ENERGY": -247.38746463573295,
    "PCM POLARIZATION ENERGY": 0.0,
    "PE ENERGY": 0.0,
    "SCF DIPOLE X": 0.0,
    "SCF DIPOLE Y": 0.0,
    "SCF DIPOLE Z": 0.0,
    "SCF ITERATION ENERGY": -149.3736291566429,
    "SCF ITERATIONS": 9.0,
    "SCF TOTAL ENERGY": -149.3736291566429,
    "TWO-ELECTRON ENERGY": 77.05084650523898
}