{
    "CC D1 DIAGNOSTIC": 0.03579699015420828,
    "CC D2 DIAGNOSTIC": 0.32109625964803523,
    "CC NEW D1 DIAGNOSTIC": 0.03579699015420828,
    "CC T1 DIAGNOSTIC": 0.00885356050717865,
    "CCSD CORRELATION ENERGY": -0.2643453034108541,
    "CCSD OPPOSITE-SPIN CORRELATION ENERGY": -0.2115673794887718,
    "CCSD SAME-SPIN CORRELATION ENERGY": -0.052777923922082304,
    "CCSD TOTAL ENERGY": -257.99526669509396,
    "CURRENT CORRELATION ENERGY": -0.2643453034108541,
    "CURRENT DIPOLE X": 0.0,
    "CURRENT DIPOLE Y": 0.0,
    "CURRENT DIPOLE Z": 3.5395180631026015,
    "CURRENT ENERGY": -257.99526669509396,
    "CURRENT REFERENCE ENERGY": -257.73092139168295,
    "HF TOTAL ENERGY": -257.73092139168295,
    "LCCSD (+LMP2) TOTAL ENERGY": -257.9965580889928,
    "MP2 CORRELATION ENERGY": -0.24485139610084594,
    "MP2 OPPOSITE-SPIN CORRELATION ENERGY": -0.18884415763011644,
    "MP2 SAME-SPIN CORRELATION ENERGY": -0.0560072384707295,
    "MP2 TOTAL ENERGY": -257.97577278778397,
    "NUCLEAR REPULSION ENERGY": 73.6771747520118,
    "ONE-ELECTRON ENERGY": -495.2499449136884,
    "PCM POLARIZATION ENERGY": 0.0,
    "PE ENERGY": 0.0,
    "SCF DIPOLE X": 0.0,
    "SCF DIPOLE Y": 0.0,
    "SCF DIPOLE Z": 3.5395180631026015,
    "SCF ITERATION ENERGY": -257.73092139168295,
    "SCF ITERATIONS": 11.0,
    "SCF TOTAL ENERGY": -257.73092139168295,
    "TWO-ELECTRON ENERGY": 163.84184876999362
}