{
    "CC D1 DIAGNOSTIC": 0.016368378383974702,
    "CC D2 DIAGNOSTIC": 0.09347464504630072,
    "CC NEW D1 DIAGNOSTIC": 0.016368378383974702,
    "CC T1 DIAGNOSTIC": 0.006731974164029523,
    "CCSD CORRELATION ENERGY": -0.32581788443688847,
    "CCSD OPPOSITE-SPIN CORRELATION ENERGY": -0.25071669913658984,
    "CCSD SAME-SPIN CORRELATION ENERGY": -0.0751011853002988,
    "CCSD TOTAL ENERGY": -184.71608229484178,
    "CURRENT CORRELATION ENERGY": -0.32581788443688847,
    "CURRENT DIPOLE X": 0.0,
    "CURRENT DIPOLE Y": 0.0,
    "CURRENT DIPOLE Z": 0.0,
    "CURRENT ENERGY": -184.71608229484178,
    "CURRENT REFERENCE ENERGY": -184.39026441040488,
    "HF TOTAL ENERGY": -184.39026441040488,
    "LCCSD (+LMP2) TOTAL ENERGY": -184.71132993263842,
    "MP2 CORRELATION ENERGY": -0.32298190653184733,
    "MP2 OPPOSITE-SPIN CORRELATION ENERGY": -0.2398247497744132,
    "MP2 SAME-SPIN CORRELATION ENERGY": -0.08315715675743413,
    "MP2 TOTAL ENERGY": -184.71324631693673,
    "NUCLEAR REPULSION ENERGY": 98.38833511084847,
    "ONE-ELECTRON ENERGY": -443.6858691148978,
    "PCM POLARIZATION ENERGY": 0.0,
    "PE ENERGY": 0.0,
    "SCF DIPOLE X": 0.0,
    "SCF DIPOLE Y": 0.0,
    "SCF DIPOLE Z": 0.0,
    "SCF ITERATION ENERGY": -184.39026441040488,
    "SCF ITERATIONS": 9.0,
    "SCF TOTAL ENERGY": -184.39026441040488,
    "TWO-ELECTRON ENERGY": 160.90726959364446
}