{
    "CC D1 DIAGNOSTIC": 0.03924044956963165,
    "CC D2 DIAGNOSTIC": 0.09125352478377925,
    "CC NEW D1 DIAGNOSTIC": 0.03924044956963165,
    "CC T1 DIAGNOSTIC": 0.013585865896249114,
    "CCSD CORRELATION ENERGY": -0.2885598035913385,
    "CCSD OPPOSITE-SPIN CORRELATION ENERGY": -0.22403260499849997,
    "CCSD SAME-SPIN CORRELATION ENERGY": -0.06452719859283862,
    "CCSD TOTAL ENERGY": -261.55616547709275,
    "CURRENT CORRELATION ENERGY": -0.2885598035913385,
    "CURRENT DIPOLE X": 0.0,
    "CURRENT DIPOLE Y": 0.0,
    "CURRENT DIPOLE Z": -6.984035864230345,
    "CURRENT ENERGY": -261.55616547709275,
    "CURRENT REFERENCE ENERGY": -261.2676056735011,
    "HF TOTAL ENERGY": -261.2676056735012,
    "LCCSD (+LMP2) TOTAL ENERGY": -261.55616315350085,
    "MP2 CORRELATION ENERGY": -0.28975747902942384,
    "MP2 OPPOSITE-SPIN CORRELATION ENERGY": -0.21525077921556152,
    "MP2 SAME-SPIN CORRELATION ENERGY": -0.07450669981386232,
    "MP2 TOTAL ENERGY": -261.55736315253085,
    "NUCLEAR REPULSION ENERGY": 34.014095358595995,
    "ONE-ELECTRON ENERGY": -438.03797294413476,
    "PCM POLARIZATION ENERGY": 0.0,
    "PE ENERGY": 0.0,
    "SCF DIPOLE X": 0.0,
    "SCF DIPOLE Y": 0.0,
    "SCF DIPOLE Z": -6.984035864230345,
    "SCF ITERATION ENERGY": -261.2676056735011,
    "SCF ITERATIONS": 10.0,
    "SCF TOTAL ENERGY": -261.2676056735011,
    "TWO-ELECTRON ENERGY": 142.75627191203765
}