{
    "CURRENT CORRELATION ENERGY": -0.27771840617067767,
    "CURRENT DIPOLE X": -1.1287621734612623e-15,
    "CURRENT DIPOLE Y": 1.1287621734612623e-15,
    "CURRENT DIPOLE Z": 1.1330635678770378,
    "CURRENT ENERGY": -110.18700750644395,
    "CURRENT REFERENCE ENERGY": -109.90928910027327,
    "CUSTOM SCS-MP2 CORRELATION ENERGY": -0.28080165702562276,
    "CUSTOM SCS-MP2 TOTAL ENERGY": -110.19009075729889,
    "HF TOTAL ENERGY": -109.90928910027327,
    "MP2 CORRELATION ENERGY": -0.27771840617067767,
    "MP2 OPPOSITE-SPIN CORRELATION ENERGY": -0.21718714034853706,
    "MP2 SAME-SPIN CORRELATION ENERGY": -0.06053126582213484,
    "MP2 TOTAL ENERGY": -110.18700750644395,
    "NUCLEAR REPULSION ENERGY": 32.1204869574,
    "ONE-ELECTRON ENERGY": -212.47996580190105,
    "PCM POLARIZATION ENERGY": 0.0,
    "PE ENERGY": 0.0,
    "SCF DIPOLE X": -1.1287621734612623e-15,
    "SCF DIPOLE Y": 1.1287621734612623e-15,
    "SCF DIPOLE Z": 1.1330635678770378,
    "SCF ITERATION ENERGY": -109.90928910027327,
    "SCF ITERATIONS": 10.0,
    "SCF TOTAL ENERGY": -109.90928910027327,
    "SCS-MP2 CORRELATION ENERGY": -0.28080165702562276,
    "SCS-MP2 TOTAL ENERGY": -110.19009075729889,
    "SCS-MP2-VDW CORRELATION ENERGY": -0.3082651725571992,
    "SCS-MP2-VDW TOTAL ENERGY": -110.21755427283047,
    "SCSN-MP2 CORRELATION ENERGY": -0.10653502784694524,
    "SCSN-MP2 TOTAL ENERGY": -110.01582412812022,
    "SOS-MP2 CORRELATION ENERGY": 0.0,
    "SOS-MP2 TOTAL ENERGY": -109.90928910027327,
    "SOS-PI-MP2 CORRELATION ENERGY": -0.3040619964879454,
    "SOS-PI-MP2 TOTAL ENERGY": -110.21335109676122,
    "TWO-ELECTRON ENERGY": 70.45018974422777
}