{
    "CC D1 DIAGNOSTIC": 0.017071880860968284,
    "CC D2 DIAGNOSTIC": 0.09031467673554476,
    "CC NEW D1 DIAGNOSTIC": 0.017071880860968284,
    "CC T1 DIAGNOSTIC": 0.006654023568927673,
    "CCSD CORRELATION ENERGY": -0.32486672393817967,
    "CCSD OPPOSITE-SPIN CORRELATION ENERGY": -0.2488564410816292,
    "CCSD SAME-SPIN CORRELATION ENERGY": -0.0760102828565496,
    "CCSD TOTAL ENERGY": -183.7268759926819,
    "CURRENT CORRELATION ENERGY": -0.32486672393817967,
    "CURRENT DIPOLE X": 0.0,
    "CURRENT DIPOLE Y": 0.0,
    "CURRENT DIPOLE Z": 0.0,
    "CURRENT ENERGY": -183.7268759926819,
    "CURRENT REFERENCE ENERGY": -183.4020092687438,
    "HF TOTAL ENERGY": -183.4020092687438,
    "LCCSD (+LMP2) TOTAL ENERGY": -183.7278238701259,
    "MP2 CORRELATION ENERGY": -0.32224828101413766,
    "MP2 OPPOSITE-SPIN CORRELATION ENERGY": -0.2384140033709913,
    "MP2 SAME-SPIN CORRELATION ENERGY": -0.08383427764314635,
    "MP2 TOTAL ENERGY": -183.72425754975785,
    "NUCLEAR REPULSION ENERGY": 104.08650123695935,
    "ONE-ELECTRON ENERGY": -452.74095627147085,
    "PCM POLARIZATION ENERGY": 0.0,
    "PE ENERGY": 0.0,
    "SCF DIPOLE X": 0.0,
    "SCF DIPOLE Y": 0.0,
    "SCF DIPOLE Z": 0.0,
    "SCF ITERATION ENERGY": -183.4020092687438,
    "SCF ITERATIONS": 9.0,
    "SCF TOTAL ENERGY": -183.4020092687438,
    "TWO-ELECTRON ENERGY": 165.2524457657677
}