{
    "CC D1 DIAGNOSTIC": 0.01603806497799679,
    "CC D2 DIAGNOSTIC": 0.19898772645447194,
    "CC NEW D1 DIAGNOSTIC": 0.01603806497799679,
    "CC T1 DIAGNOSTIC": 0.006517152047358856,
    "CCSD CORRELATION ENERGY": -0.2551268777618045,
    "CCSD OPPOSITE-SPIN CORRELATION ENERGY": -0.205481213252332,
    "CCSD SAME-SPIN CORRELATION ENERGY": -0.04964566450947258,
    "CCSD TOTAL ENERGY": -149.39248254058217,
    "CURRENT CORRELATION ENERGY": -0.2551268777618045,
    "CURRENT DIPOLE X": 0.0,
    "CURRENT DIPOLE Y": 0.0,
    "CURRENT DIPOLE Z": 0.0,
    "CURRENT ENERGY": -149.39248254058217,
    "CURRENT REFERENCE ENERGY": -149.1373556628204,
    "HF TOTAL ENERGY": -149.1373556628204,
    "LCCSD (+LMP2) TOTAL ENERGY": -149.42730537732672,
    "MP2 CORRELATION ENERGY": -0.2450434041046794,
    "MP2 OPPOSITE-SPIN CORRELATION ENERGY": -0.18831341797313628,
    "MP2 SAME-SPIN CORRELATION ENERGY": -0.05672998613154312,
    "MP2 TOTAL ENERGY": -149.38239906692505,
    "NUCLEAR REPULSION ENERGY": 38.293187244847275,
    "ONE-ELECTRON ENERGY": -279.90010014326674,
    "PCM POLARIZATION ENERGY": 0.0,
    "PE ENERGY": 0.0,
    "SCF DIPOLE X": 0.0,
    "SCF DIPOLE Y": 0.0,
    "SCF DIPOLE Z": 0.0,
    "SCF ITERATION ENERGY": -149.1373556628204,
    "SCF ITERATIONS": 9.0,
    "SCF TOTAL ENERGY": -149.1373556628204,
    "TWO-ELECTRON ENERGY": 92.46955723559907
}