{
    "CC D1 DIAGNOSTIC": 0.17568377494201246,
    "CC D2 DIAGNOSTIC": 0.20830108860767138,
    "CC NEW D1 DIAGNOSTIC": 0.17568377494201246,
    "CC T1 DIAGNOSTIC": 0.057161826828950484,
    "CCSD CORRELATION ENERGY": -0.47779478833385514,
    "CCSD OPPOSITE-SPIN CORRELATION ENERGY": -0.3764981439586408,
    "CCSD SAME-SPIN CORRELATION ENERGY": -0.10129664437521474,
    "CCSD TOTAL ENERGY": -187.78127144928428,
    "CURRENT CORRELATION ENERGY": -0.47779478833385514,
    "CURRENT DIPOLE X": 0.0,
    "CURRENT DIPOLE Y": 0.0,
    "CURRENT DIPOLE Z": 0.0,
    "CURRENT ENERGY": -187.78127144928428,
    "CURRENT REFERENCE ENERGY": -187.30347666094946,
    "HF TOTAL ENERGY": -187.30347666094946,
    "LCCSD (+LMP2) TOTAL ENERGY": -187.79506036867082,
    "MP2 CORRELATION ENERGY": -0.48601481736064955,
    "MP2 OPPOSITE-SPIN CORRELATION ENERGY": -0.3578681404151844,
    "MP2 SAME-SPIN CORRELATION ENERGY": -0.12814667694546517,
    "MP2 TOTAL ENERGY": -187.78949147831108,
    "NUCLEAR REPULSION ENERGY": 43.977820261619065,
    "ONE-ELECTRON ENERGY": -343.73382485501344,
    "PCM POLARIZATION ENERGY": 0.0,
    "PE ENERGY": 0.0,
    "SCF DIPOLE X": 0.0,
    "SCF DIPOLE Y": 0.0,
    "SCF DIPOLE Z": 0.0,
    "SCF ITERATION ENERGY": -187.30347666094946,
    "SCF ITERATIONS": 11.0,
    "SCF TOTAL ENERGY": -187.30347666094946,
    "TWO-ELECTRON ENERGY": 112.45252793244491
}