{
    "CC D1 DIAGNOSTIC": 0.013551064343308447,
    "CC D2 DIAGNOSTIC": 0.13245770316285155,
    "CC NEW D1 DIAGNOSTIC": 0.013551064343308447,
    "CC T1 DIAGNOSTIC": 0.00519645263462741,
    "CCSD CORRELATION ENERGY": -0.11323996923034552,
    "CCSD OPPOSITE-SPIN CORRELATION ENERGY": -0.09346556044006972,
    "CCSD SAME-SPIN CORRELATION ENERGY": -0.019774408790276102,
    "CCSD TOTAL ENERGY": -460.1793683128566,
    "CURRENT CORRELATION ENERGY": -0.11323996923034552,
    "CURRENT DIPOLE X": 0.0,
    "CURRENT DIPOLE Y": 0.0,
    "CURRENT DIPOLE Z": -1.9070180462863242,
    "CURRENT ENERGY": -460.1793683128566,
    "CURRENT REFERENCE ENERGY": -460.0661283436266,
    "HF TOTAL ENERGY": -460.0661283436266,
    "LCCSD (+LMP2) TOTAL ENERGY": -460.17746177855554,
    "MP2 CORRELATION ENERGY": -0.1030618292875338,
    "MP2 OPPOSITE-SPIN CORRELATION ENERGY": -0.08229884243430186,
    "MP2 SAME-SPIN CORRELATION ENERGY": -0.02076298685323194,
    "MP2 TOTAL ENERGY": -460.1691901729138,
    "NUCLEAR REPULSION ENERGY": 6.7300996379571805,
    "ONE-ELECTRON ENERGY": -649.0103871477481,
    "PCM POLARIZATION ENERGY": 0.0,
    "PE ENERGY": 0.0,
    "SCF DIPOLE X": 0.0,
    "SCF DIPOLE Y": 0.0,
    "SCF DIPOLE Z": -1.9070180462863242,
    "SCF ITERATION ENERGY": -460.0661283436266,
    "SCF ITERATIONS": 9.0,
    "SCF TOTAL ENERGY": -460.0661283436266,
    "TWO-ELECTRON ENERGY": 182.21415916616434
}