{
    "CC D1 DIAGNOSTIC": 0.024354220909339058,
    "CC D2 DIAGNOSTIC": 0.14731498734956203,
    "CC NEW D1 DIAGNOSTIC": 0.024354220909339058,
    "CC T1 DIAGNOSTIC": 0.008905613863281649,
    "CCSD CORRELATION ENERGY": -0.1709418629135678,
    "CCSD OPPOSITE-SPIN CORRELATION ENERGY": -0.1383955719696109,
    "CCSD SAME-SPIN CORRELATION ENERGY": -0.032546290943956696,
    "CCSD TOTAL ENERGY": -100.16506254284874,
    "CURRENT CORRELATION ENERGY": -0.1709418629135678,
    "CURRENT DIPOLE X": 0.0,
    "CURRENT DIPOLE Y": 0.0,
    "CURRENT DIPOLE Z": -2.5727969210980723,
    "CURRENT ENERGY": -100.16506254284874,
    "CURRENT REFERENCE ENERGY": -99.99412067993524,
    "HF TOTAL ENERGY": -99.99412067993524,
    "LCCSD (+LMP2) TOTAL ENERGY": -100.1346839595435,
    "MP2 CORRELATION ENERGY": -0.16936902676524002,
    "MP2 OPPOSITE-SPIN CORRELATION ENERGY": -0.12882026490430745,
    "MP2 SAME-SPIN CORRELATION ENERGY": -0.040548761860932564,
    "MP2 TOTAL ENERGY": -100.16348970670042,
    "NUCLEAR REPULSION ENERGY": 4.317796739453168,
    "ONE-ELECTRON ENERGY": -149.10547759110608,
    "PCM POLARIZATION ENERGY": 0.0,
    "PE ENERGY": 0.0,
    "SCF DIPOLE X": 0.0,
    "SCF DIPOLE Y": 0.0,
    "SCF DIPOLE Z": -2.5727969210980723,
    "SCF ITERATION ENERGY": -99.99412067993524,
    "SCF ITERATIONS": 10.0,
    "SCF TOTAL ENERGY": -99.99412067993524,
    "TWO-ELECTRON ENERGY": 44.79356017171767
}