{
    "CURRENT CORRELATION ENERGY": -0.27704441403861324,
    "CURRENT DIPOLE X": 1.6931432601918935e-15,
    "CURRENT DIPOLE Y": 0.0,
    "CURRENT DIPOLE Z": -3.694124779290118,
    "CURRENT ENERGY": -110.20717410186903,
    "CURRENT REFERENCE ENERGY": -109.93012968783042,
    "CUSTOM SCS-MP2 CORRELATION ENERGY": -0.28005889970364,
    "CUSTOM SCS-MP2 TOTAL ENERGY": -110.21018858753406,
    "HF TOTAL ENERGY": -109.93012968783042,
    "MP2 CORRELATION ENERGY": -0.27704441403861324,
    "MP2 OPPOSITE-SPIN CORRELATION ENERGY": -0.2165893404124269,
    "MP2 SAME-SPIN CORRELATION ENERGY": -0.06045507362618331,
    "MP2 TOTAL ENERGY": -110.20717410186903,
    "NUCLEAR REPULSION ENERGY": 32.17413105769801,
    "ONE-ELECTRON ENERGY": -212.44497783499787,
    "PCM POLARIZATION ENERGY": 0.0,
    "PE ENERGY": 0.0,
    "SCF DIPOLE X": 1.6931432601918935e-15,
    "SCF DIPOLE Y": 0.0,
    "SCF DIPOLE Z": -3.694124779290118,
    "SCF ITERATION ENERGY": -109.93012968783042,
    "SCF ITERATIONS": 11.0,
    "SCF TOTAL ENERGY": -109.93012968783042,
    "SCS-MP2 CORRELATION ENERGY": -0.28005889970364,
    "SCS-MP2 TOTAL ENERGY": -110.21018858753406,
    "SCS-MP2-VDW CORRELATION ENERGY": -0.3074618925410135,
    "SCS-MP2-VDW TOTAL ENERGY": -110.23759158037143,
    "SCSN-MP2 CORRELATION ENERGY": -0.1064009295820938,
    "SCSN-MP2 TOTAL ENERGY": -110.03653061741251,
    "SOS-MP2 CORRELATION ENERGY": 0.0,
    "SOS-MP2 TOTAL ENERGY": -109.93012968783042,
    "SOS-PI-MP2 CORRELATION ENERGY": -0.30322507657739095,
    "SOS-PI-MP2 TOTAL ENERGY": -110.2333547644078,
    "TWO-ELECTRON ENERGY": 70.34071708946944
}