{
    "CC D1 DIAGNOSTIC": 0.08441024313018577,
    "CC D2 DIAGNOSTIC": 0.6427388375102505,
    "CC NEW D1 DIAGNOSTIC": 0.08441024313018577,
    "CC T1 DIAGNOSTIC": 0.027659645402029937,
    "CCSD CORRELATION ENERGY": -0.4964821121102514,
    "CCSD OPPOSITE-SPIN CORRELATION ENERGY": -0.4750481771901735,
    "CCSD SAME-SPIN CORRELATION ENERGY": -0.021433934920077835,
    "CCSD TOTAL ENERGY": -149.75221653987757,
    "CURRENT CORRELATION ENERGY": -0.4964821121102514,
    "CURRENT DIPOLE X": 0.0,
    "CURRENT DIPOLE Y": 0.0,
    "CURRENT DIPOLE Z": 0.0,
    "CURRENT ENERGY": -149.75221653987757,
    "CURRENT REFERENCE ENERGY": -149.2557344277672,
    "HF TOTAL ENERGY": -149.2557344277672,
    "LCCSD (+LMP2) TOTAL ENERGY": -149.74126283153112,
    "MP2 CORRELATION ENERGY": -0.613472514128144,
    "MP2 OPPOSITE-SPIN CORRELATION ENERGY": -0.45215404842368656,
    "MP2 SAME-SPIN CORRELATION ENERGY": -0.1613184657044574,
    "MP2 TOTAL ENERGY": -149.86920694189547,
    "NUCLEAR REPULSION ENERGY": 17.806079141593454,
    "ONE-ELECTRON ENERGY": -241.11601800165806,
    "PCM POLARIZATION ENERGY": 0.0,
    "PE ENERGY": 0.0,
    "SCF DIPOLE X": 0.0,
    "SCF DIPOLE Y": 0.0,
    "SCF DIPOLE Z": 0.0,
    "SCF ITERATION ENERGY": -149.2557344277672,
    "SCF ITERATIONS": 9.0,
    "SCF TOTAL ENERGY": -149.2557344277672,
    "TWO-ELECTRON ENERGY": 74.05420443229741
}