{
    "CC D1 DIAGNOSTIC": 0.08574213039701283,
    "CC D2 DIAGNOSTIC": 0.18544696919999565,
    "CC NEW D1 DIAGNOSTIC": 0.08574213039701283,
    "CC T1 DIAGNOSTIC": 0.033734873324676375,
    "CCSD CORRELATION ENERGY": -0.2850880621553645,
    "CCSD OPPOSITE-SPIN CORRELATION ENERGY": -0.23022152051979025,
    "CCSD SAME-SPIN CORRELATION ENERGY": -0.05486654163557417,
    "CCSD TOTAL ENERGY": -112.90720733313502,
    "CURRENT CORRELATION ENERGY": -0.2850880621553645,
    "CURRENT DIPOLE X": 0.0,
    "CURRENT DIPOLE Y": 0.0,
    "CURRENT DIPOLE Z": -1.60863937667351,
    "CURRENT ENERGY": -112.90720733313502,
    "CURRENT REFERENCE ENERGY": -112.62211927097927,
    "HF TOTAL ENERGY": -112.62211927097927,
    "LCCSD (+LMP2) TOTAL ENERGY": -112.90721836192087,
    "MP2 CORRELATION ENERGY": -0.30116221719228964,
    "MP2 OPPOSITE-SPIN CORRELATION ENERGY": -0.22395745514597723,
    "MP2 SAME-SPIN CORRELATION ENERGY": -0.07720476204631241,
    "MP2 TOTAL ENERGY": -112.92328148817194,
    "NUCLEAR REPULSION ENERGY": 18.79070898260164,
    "ONE-ELECTRON ENERGY": -190.75952885754594,
    "PCM POLARIZATION ENERGY": 0.0,
    "PE ENERGY": 0.0,
    "SCF DIPOLE X": 0.0,
    "SCF DIPOLE Y": 0.0,
    "SCF DIPOLE Z": -1.60863937667351,
    "SCF ITERATION ENERGY": -112.62211927097927,
    "SCF ITERATIONS": 10.0,
    "SCF TOTAL ENERGY": -112.62211927097927,
    "TWO-ELECTRON ENERGY": 59.34670060396503
}