{
    "CC D1 DIAGNOSTIC": 0.04037283443657253,
    "CC D2 DIAGNOSTIC": 0.1518247806039283,
    "CC NEW D1 DIAGNOSTIC": 0.04037283443657253,
    "CC T1 DIAGNOSTIC": 0.01622239170772403,
    "CCSD CORRELATION ENERGY": -0.25114675478704374,
    "CCSD OPPOSITE-SPIN CORRELATION ENERGY": -0.20213515686005887,
    "CCSD SAME-SPIN CORRELATION ENERGY": -0.04901159792698481,
    "CCSD TOTAL ENERGY": -112.94730484171748,
    "CURRENT CORRELATION ENERGY": -0.25114675478704374,
    "CURRENT DIPOLE X": 0.0,
    "CURRENT DIPOLE Y": 0.0,
    "CURRENT DIPOLE Z": -0.3062964931787175,
    "CURRENT ENERGY": -112.94730484171748,
    "CURRENT REFERENCE ENERGY": -112.69615808693044,
    "HF TOTAL ENERGY": -112.69615808693044,
    "LCCSD (+LMP2) TOTAL ENERGY": -112.94733412632706,
    "MP2 CORRELATION ENERGY": -0.2529314300312607,
    "MP2 OPPOSITE-SPIN CORRELATION ENERGY": -0.19112058630608966,
    "MP2 SAME-SPIN CORRELATION ENERGY": -0.06181084372517101,
    "MP2 TOTAL ENERGY": -112.9490895169617,
    "NUCLEAR REPULSION ENERGY": 23.34734741949118,
    "ONE-ELECTRON ENERGY": -199.4089499192729,
    "PCM POLARIZATION ENERGY": 0.0,
    "PE ENERGY": 0.0,
    "SCF DIPOLE X": 0.0,
    "SCF DIPOLE Y": 0.0,
    "SCF DIPOLE Z": -0.3062964931787175,
    "SCF ITERATION ENERGY": -112.69615808693044,
    "SCF ITERATIONS": 10.0,
    "SCF TOTAL ENERGY": -112.69615808693044,
    "TWO-ELECTRON ENERGY": 63.3654444128513
}