{
    "CC D1 DIAGNOSTIC": 0.01133888513816651,
    "CC D2 DIAGNOSTIC": 0.10023610232319674,
    "CC NEW D1 DIAGNOSTIC": 0.01133888513816651,
    "CC T1 DIAGNOSTIC": 0.004457764363329771,
    "CCSD CORRELATION ENERGY": -0.10717483185655378,
    "CCSD OPPOSITE-SPIN CORRELATION ENERGY": -0.0880589754225572,
    "CCSD SAME-SPIN CORRELATION ENERGY": -0.019115856433996797,
    "CCSD TOTAL ENERGY": -460.14091594974053,
    "CURRENT CORRELATION ENERGY": -0.10717483185655378,
    "CURRENT DIPOLE X": 0.0,
    "CURRENT DIPOLE Y": 0.0,
    "CURRENT DIPOLE Z": -1.7999423608033305,
    "CURRENT ENERGY": -460.14091594974053,
    "CURRENT REFERENCE ENERGY": -460.03374111788406,
    "HF TOTAL ENERGY": -460.0337411178841,
    "LCCSD (+LMP2) TOTAL ENERGY": -460.1414958233968,
    "MP2 CORRELATION ENERGY": -0.09849349251533158,
    "MP2 OPPOSITE-SPIN CORRELATION ENERGY": -0.07872380933494938,
    "MP2 SAME-SPIN CORRELATION ENERGY": -0.019769683180382205,
    "MP2 TOTAL ENERGY": -460.13223461039934,
    "NUCLEAR REPULSION ENERGY": 8.155838285633758,
    "ONE-ELECTRON ENERGY": -651.6498603994044,
    "PCM POLARIZATION ENERGY": 0.0,
    "PE ENERGY": 0.0,
    "SCF DIPOLE X": 0.0,
    "SCF DIPOLE Y": 0.0,
    "SCF DIPOLE Z": -1.7999423608033305,
    "SCF ITERATION ENERGY": -460.03374111788406,
    "SCF ITERATIONS": 9.0,
    "SCF TOTAL ENERGY": -460.03374111788406,
    "TWO-ELECTRON ENERGY": 183.4602809958865
}