{
    "CC D1 DIAGNOSTIC": 0.034675913013601234,
    "CC D2 DIAGNOSTIC": 0.243480599254995,
    "CC NEW D1 DIAGNOSTIC": 0.034675913013601234,
    "CC T1 DIAGNOSTIC": 0.010972689526830056,
    "CCSD CORRELATION ENERGY": -0.3032031871658712,
    "CCSD OPPOSITE-SPIN CORRELATION ENERGY": -0.24618440401184954,
    "CCSD SAME-SPIN CORRELATION ENERGY": -0.057018783154021424,
    "CCSD TOTAL ENERGY": -149.81253845727136,
    "CURRENT CORRELATION ENERGY": -0.3032031871658712,
    "CURRENT DIPOLE X": 0.0,
    "CURRENT DIPOLE Y": 0.0,
    "CURRENT DIPOLE Z": 0.0,
    "CURRENT ENERGY": -149.81253845727136,
    "CURRENT REFERENCE ENERGY": -149.50933527010548,
    "HF TOTAL ENERGY": -149.50933527010548,
    "LCCSD (+LMP2) TOTAL ENERGY": -149.77595824934423,
    "MP2 CORRELATION ENERGY": -0.30586694521925506,
    "MP2 OPPOSITE-SPIN CORRELATION ENERGY": -0.23145066214606927,
    "MP2 SAME-SPIN CORRELATION ENERGY": -0.07441628307318579,
    "MP2 TOTAL ENERGY": -149.81520221532475,
    "NUCLEAR REPULSION ENERGY": 29.30261284823096,
    "ONE-ELECTRON ENERGY": -263.61610961282247,
    "PCM POLARIZATION ENERGY": 0.0,
    "PE ENERGY": 0.0,
    "SCF DIPOLE X": 0.0,
    "SCF DIPOLE Y": 0.0,
    "SCF DIPOLE Z": 0.0,
    "SCF ITERATION ENERGY": -149.50933527010548,
    "SCF ITERATIONS": 9.0,
    "SCF TOTAL ENERGY": -149.50933527010548,
    "TWO-ELECTRON ENERGY": 84.80416149448604
}