{
    "CC D1 DIAGNOSTIC": 0.03625501447227433,
    "CC D2 DIAGNOSTIC": 0.22285736889782848,
    "CC NEW D1 DIAGNOSTIC": 0.03625501447227433,
    "CC T1 DIAGNOSTIC": 0.012553662304696048,
    "CCSD CORRELATION ENERGY": -0.2924019876973406,
    "CCSD OPPOSITE-SPIN CORRELATION ENERGY": -0.24461938159194768,
    "CCSD SAME-SPIN CORRELATION ENERGY": -0.04778260610539292,
    "CCSD TOTAL ENERGY": -110.21542838122053,
    "CURRENT CORRELATION ENERGY": -0.2924019876973406,
    "CURRENT DIPOLE X": -1.1287621734612623e-15,
    "CURRENT DIPOLE Y": 0.0,
    "CURRENT DIPOLE Z": -3.676467913783898,
    "CURRENT ENERGY": -110.21542838122053,
    "CURRENT REFERENCE ENERGY": -109.92302639352306,
    "HF TOTAL ENERGY": -109.92302639352306,
    "LCCSD (+LMP2) TOTAL ENERGY": -110.21456568059051,
    "MP2 CORRELATION ENERGY": -0.2775371263444928,
    "MP2 OPPOSITE-SPIN CORRELATION ENERGY": -0.21696861797565184,
    "MP2 SAME-SPIN CORRELATION ENERGY": -0.06056850836884095,
    "MP2 TOTAL ENERGY": -110.20056351986769,
    "NUCLEAR REPULSION ENERGY": 32.1704081383658,
    "ONE-ELECTRON ENERGY": -212.44171881789987,
    "PCM POLARIZATION ENERGY": 0.0,
    "PE ENERGY": 0.0,
    "SCF DIPOLE X": -1.1287621734612623e-15,
    "SCF DIPOLE Y": 0.0,
    "SCF DIPOLE Z": -3.676467913783898,
    "SCF ITERATION ENERGY": -109.92302639352306,
    "SCF ITERATIONS": 11.0,
    "SCF TOTAL ENERGY": -109.92302639352306,
    "TWO-ELECTRON ENERGY": 70.348284286011
}