{
    "CC D1 DIAGNOSTIC": 0.039291716517154456,
    "CC D2 DIAGNOSTIC": 0.23344420234055607,
    "CC NEW D1 DIAGNOSTIC": 0.039291716517154456,
    "CC T1 DIAGNOSTIC": 0.01612817729925122,
    "CCSD CORRELATION ENERGY": -0.3263031162392488,
    "CCSD OPPOSITE-SPIN CORRELATION ENERGY": -0.27096381487051924,
    "CCSD SAME-SPIN CORRELATION ENERGY": -0.0553393013687295,
    "CCSD TOTAL ENERGY": -109.10650794328983,
    "CURRENT CORRELATION ENERGY": -0.3263031162392488,
    "CURRENT DIPOLE X": 0.0,
    "CURRENT DIPOLE Y": 0.0,
    "CURRENT DIPOLE Z": -1.6931432601918935e-15,
    "CURRENT ENERGY": -109.10650794328983,
    "CURRENT REFERENCE ENERGY": -108.78020482705067,
    "HF TOTAL ENERGY": -108.78020482705068,
    "LCCSD (+LMP2) TOTAL ENERGY": -109.16091094918826,
    "MP2 CORRELATION ENERGY": -0.3712825593750177,
    "MP2 OPPOSITE-SPIN CORRELATION ENERGY": -0.2719902462562175,
    "MP2 SAME-SPIN CORRELATION ENERGY": -0.09929231311880021,
    "MP2 TOTAL ENERGY": -109.1514873864256,
    "NUCLEAR REPULSION ENERGY": 19.508533010371156,
    "ONE-ELECTRON ENERGY": -185.73206905130482,
    "PCM POLARIZATION ENERGY": 0.0,
    "PE ENERGY": 0.0,
    "SCF DIPOLE X": 0.0,
    "SCF DIPOLE Y": 0.0,
    "SCF DIPOLE Z": -1.6931432601918935e-15,
    "SCF ITERATION ENERGY": -108.78020482705067,
    "SCF ITERATIONS": 8.0,
    "SCF TOTAL ENERGY": -108.78020482705067,
    "TWO-ELECTRON ENERGY": 57.44333121388298
}