{
    "CC D1 DIAGNOSTIC": 0.07670793639147622,
    "CC D2 DIAGNOSTIC": 0.5930360051184493,
    "CC NEW D1 DIAGNOSTIC": 0.07670793639147622,
    "CC T1 DIAGNOSTIC": 0.03229715673548323,
    "CCSD CORRELATION ENERGY": -0.5069857280003538,
    "CCSD OPPOSITE-SPIN CORRELATION ENERGY": -0.5196743947221012,
    "CCSD SAME-SPIN CORRELATION ENERGY": 0.0126886667217474,
    "CCSD TOTAL ENERGY": -108.91204080942192,
    "CURRENT CORRELATION ENERGY": -0.5069857280003538,
    "CURRENT DIPOLE X": 0.0,
    "CURRENT DIPOLE Y": 0.0,
    "CURRENT DIPOLE Z": 5.643810867306312e-16,
    "CURRENT ENERGY": -108.91204080942192,
    "CURRENT REFERENCE ENERGY": -108.4050550814219,
    "HF TOTAL ENERGY": -108.40505508142192,
    "LCCSD (+LMP2) TOTAL ENERGY": -108.90449555618831,
    "MP2 CORRELATION ENERGY": -0.7106032507188065,
    "MP2 OPPOSITE-SPIN CORRELATION ENERGY": -0.4986001609143775,
    "MP2 SAME-SPIN CORRELATION ENERGY": -0.212003089804429,
    "MP2 TOTAL ENERGY": -109.11565833214037,
    "NUCLEAR REPULSION ENERGY": 13.85236773488099,
    "ONE-ELECTRON ENERGY": -174.2983628810694,
    "PCM POLARIZATION ENERGY": 0.0,
    "PE ENERGY": 0.0,
    "SCF DIPOLE X": 0.0,
    "SCF DIPOLE Y": 0.0,
    "SCF DIPOLE Z": 5.643810867306312e-16,
    "SCF ITERATION ENERGY": -108.4050550814219,
    "SCF ITERATIONS": 8.0,
    "SCF TOTAL ENERGY": -108.4050550814219,
    "TWO-ELECTRON ENERGY": 52.040940064766495
}