{
    "CC D1 DIAGNOSTIC": 0.011791527322761886,
    "CC D2 DIAGNOSTIC": 0.18626044040469872,
    "CC NEW D1 DIAGNOSTIC": 0.011791527322761886,
    "CC T1 DIAGNOSTIC": 0.005381904409034668,
    "CCSD CORRELATION ENERGY": -0.24091818494790404,
    "CCSD OPPOSITE-SPIN CORRELATION ENERGY": -0.19322112818406473,
    "CCSD SAME-SPIN CORRELATION ENERGY": -0.0476970567638392,
    "CCSD TOTAL ENERGY": -148.66451584932068,
    "CURRENT CORRELATION ENERGY": -0.24091818494790404,
    "CURRENT DIPOLE X": 0.0,
    "CURRENT DIPOLE Y": 0.0,
    "CURRENT DIPOLE Z": 0.0,
    "CURRENT ENERGY": -148.66451584932068,
    "CURRENT REFERENCE ENERGY": -148.42359766437275,
    "HF TOTAL ENERGY": -148.42359766437272,
    "LCCSD (+LMP2) TOTAL ENERGY": -148.707844925647,
    "MP2 CORRELATION ENERGY": -0.22928120284140557,
    "MP2 OPPOSITE-SPIN CORRELATION ENERGY": -0.1765879669447635,
    "MP2 SAME-SPIN CORRELATION ENERGY": -0.05269323589664207,
    "MP2 TOTAL ENERGY": -148.65287886721418,
    "NUCLEAR REPULSION ENERGY": 44.78140169497089,
    "ONE-ELECTRON ENERGY": -290.56049449038574,
    "PCM POLARIZATION ENERGY": 0.0,
    "PE ENERGY": 0.0,
    "SCF DIPOLE X": 0.0,
    "SCF DIPOLE Y": 0.0,
    "SCF DIPOLE Z": 0.0,
    "SCF ITERATION ENERGY": -148.42359766437275,
    "SCF ITERATIONS": 9.0,
    "SCF TOTAL ENERGY": -148.42359766437275,
    "TWO-ELECTRON ENERGY": 97.3554951310421
}