{
    "CC D1 DIAGNOSTIC": 0.013847525236096229,
    "CC D2 DIAGNOSTIC": 0.1159334192985545,
    "CC NEW D1 DIAGNOSTIC": 0.013847525236096229,
    "CC T1 DIAGNOSTIC": 0.006673763566557842,
    "CCSD CORRELATION ENERGY": -0.16174277110360102,
    "CCSD OPPOSITE-SPIN CORRELATION ENERGY": -0.1333278000757847,
    "CCSD SAME-SPIN CORRELATION ENERGY": -0.028414971027816316,
    "CCSD TOTAL ENERGY": -76.16979294098357,
    "CURRENT CORRELATION ENERGY": -0.16174277110360102,
    "CURRENT DIPOLE X": 0.0,
    "CURRENT DIPOLE Y": 0.0,
    "CURRENT DIPOLE Z": -2.290852303575376,
    "CURRENT ENERGY": -76.16979294098357,
    "CURRENT REFERENCE ENERGY": -76.00805016987987,
    "HF TOTAL ENERGY": -76.00805016987987,
    "LCCSD (+LMP2) TOTAL ENERGY": -76.17085556450623,
    "MP2 CORRELATION ENERGY": -0.15588826293881478,
    "MP2 OPPOSITE-SPIN CORRELATION ENERGY": -0.12117608754462741,
    "MP2 SAME-SPIN CORRELATION ENERGY": -0.03471217539418736,
    "MP2 TOTAL ENERGY": -76.16393843281878,
    "NUCLEAR REPULSION ENERGY": 9.135937421171512,
    "ONE-ELECTRON ENERGY": -123.00143792074257,
    "PCM POLARIZATION ENERGY": 0.0,
    "PE ENERGY": 0.0,
    "SCF DIPOLE X": 0.0,
    "SCF DIPOLE Y": 0.0,
    "SCF DIPOLE Z": -2.290852303575376,
    "SCF ITERATION ENERGY": -76.00805016987987,
    "SCF ITERATIONS": 10.0,
    "SCF TOTAL ENERGY": -76.00805016987987,
    "TWO-ELECTRON ENERGY": 37.85745032969119
}