{
    "CC D1 DIAGNOSTIC": 0.010940968409414359,
    "CC D2 DIAGNOSTIC": 0.07950734976824313,
    "CC NEW D1 DIAGNOSTIC": 0.010940968409414359,
    "CC T1 DIAGNOSTIC": 0.004235189342386953,
    "CCSD CORRELATION ENERGY": -0.1039748274872706,
    "CCSD OPPOSITE-SPIN CORRELATION ENERGY": -0.08537456215797735,
    "CCSD SAME-SPIN CORRELATION ENERGY": -0.018600265329293,
    "CCSD TOTAL ENERGY": -459.79433391198336,
    "CURRENT CORRELATION ENERGY": -0.1039748274872706,
    "CURRENT DIPOLE X": 0.0,
    "CURRENT DIPOLE Y": 0.0,
    "CURRENT DIPOLE Z": -1.638015238134074,
    "CURRENT ENERGY": -459.79433391198336,
    "CURRENT REFERENCE ENERGY": -459.6903590844964,
    "HF TOTAL ENERGY": -459.6903590844964,
    "LCCSD (+LMP2) TOTAL ENERGY": -459.79461860474225,
    "MP2 CORRELATION ENERGY": -0.09578717101674211,
    "MP2 OPPOSITE-SPIN CORRELATION ENERGY": -0.07680694090476091,
    "MP2 SAME-SPIN CORRELATION ENERGY": -0.018980230111981203,
    "MP2 TOTAL ENERGY": -459.78614625551285,
    "NUCLEAR REPULSION ENERGY": 11.119295054016211,
    "ONE-ELECTRON ENERGY": -656.6263810072916,
    "PCM POLARIZATION ENERGY": 0.0,
    "PE ENERGY": 0.0,
    "SCF DIPOLE X": 0.0,
    "SCF DIPOLE Y": 0.0,
    "SCF DIPOLE Z": -1.638015238134074,
    "SCF ITERATION ENERGY": -459.6903590844964,
    "SCF ITERATIONS": 8.0,
    "SCF TOTAL ENERGY": -459.6903590844964,
    "TWO-ELECTRON ENERGY": 185.81672686877897
}