{
    "CC D1 DIAGNOSTIC": 0.032427990756486204,
    "CC D2 DIAGNOSTIC": 0.09523209642745724,
    "CC NEW D1 DIAGNOSTIC": 0.032427990756486204,
    "CC T1 DIAGNOSTIC": 0.014296636709183694,
    "CCSD CORRELATION ENERGY": -0.17680074471308688,
    "CCSD OPPOSITE-SPIN CORRELATION ENERGY": -0.14138768223049117,
    "CCSD SAME-SPIN CORRELATION ENERGY": -0.03541306248259568,
    "CCSD TOTAL ENERGY": -107.08606100081852,
    "CURRENT CORRELATION ENERGY": -0.17680074471308688,
    "CURRENT DIPOLE X": 0.0,
    "CURRENT DIPOLE Y": 0.0,
    "CURRENT DIPOLE Z": -5.171251099557904,
    "CURRENT ENERGY": -107.08606100081852,
    "CURRENT REFERENCE ENERGY": -106.90926025610545,
    "HF TOTAL ENERGY": -106.90926025610545,
    "LCCSD (+LMP2) TOTAL ENERGY": -107.08648495520933,
    "MP2 CORRELATION ENERGY": -0.1771419334132493,
    "MP2 OPPOSITE-SPIN CORRELATION ENERGY": -0.1342182626965056,
    "MP2 SAME-SPIN CORRELATION ENERGY": -0.04292367071674369,
    "MP2 TOTAL ENERGY": -107.08640218951868,
    "NUCLEAR REPULSION ENERGY": 11.327765549521555,
    "ONE-ELECTRON ENERGY": -173.5325837829791,
    "PCM POLARIZATION ENERGY": 0.0,
    "PE ENERGY": 0.0,
    "SCF DIPOLE X": 0.0,
    "SCF DIPOLE Y": 0.0,
    "SCF DIPOLE Z": -5.171251099557904,
    "SCF ITERATION ENERGY": -106.90926025610545,
    "SCF ITERATIONS": 9.0,
    "SCF TOTAL ENERGY": -106.90926025610545,
    "TWO-ELECTRON ENERGY": 55.29555797735207
}