{
    "CC D1 DIAGNOSTIC": 0.03684933015511894,
    "CC D2 DIAGNOSTIC": 0.23392047307431307,
    "CC NEW D1 DIAGNOSTIC": 0.03684933015511894,
    "CC T1 DIAGNOSTIC": 0.00968772130938479,
    "CCSD CORRELATION ENERGY": -0.1311391244996044,
    "CCSD OPPOSITE-SPIN CORRELATION ENERGY": -0.11059786286508613,
    "CCSD SAME-SPIN CORRELATION ENERGY": -0.020541261634518082,
    "CCSD TOTAL ENERGY": -460.13552722474765,
    "CURRENT CORRELATION ENERGY": -0.1311391244996044,
    "CURRENT DIPOLE X": 0.0,
    "CURRENT DIPOLE Y": 0.0,
    "CURRENT DIPOLE Z": -2.2205678229329218,
    "CURRENT ENERGY": -460.13552722474765,
    "CURRENT REFERENCE ENERGY": -460.0043881002478,
    "HF TOTAL ENERGY": -460.00438810024775,
    "LCCSD (+LMP2) TOTAL ENERGY": -460.1353595355387,
    "MP2 CORRELATION ENERGY": -0.11508221505107089,
    "MP2 OPPOSITE-SPIN CORRELATION ENERGY": -0.09242261493556342,
    "MP2 SAME-SPIN CORRELATION ENERGY": -0.022659600115507467,
    "MP2 TOTAL ENERGY": -460.1194703152991,
    "NUCLEAR REPULSION ENERGY": 5.049947824249959,
    "ONE-ELECTRON ENERGY": -645.7597610789413,
    "PCM POLARIZATION ENERGY": 0.0,
    "PE ENERGY": 0.0,
    "SCF DIPOLE X": 0.0,
    "SCF DIPOLE Y": 0.0,
    "SCF DIPOLE Z": -2.2205678229329218,
    "SCF ITERATION ENERGY": -460.0043881002478,
    "SCF ITERATIONS": 9.0,
    "SCF TOTAL ENERGY": -460.0043881002478,
    "TWO-ELECTRON ENERGY": 180.70542515444353
}