{
    "CC D1 DIAGNOSTIC": 0.01158902733685469,
    "CC D2 DIAGNOSTIC": 0.11837512270425396,
    "CC NEW D1 DIAGNOSTIC": 0.01158902733685469,
    "CC T1 DIAGNOSTIC": 0.00482628791569018,
    "CCSD CORRELATION ENERGY": -0.11056392514932005,
    "CCSD OPPOSITE-SPIN CORRELATION ENERGY": -0.09104663517861972,
    "CCSD SAME-SPIN CORRELATION ENERGY": -0.019517289970700236,
    "CCSD TOTAL ENERGY": -460.1749160575672,
    "CURRENT CORRELATION ENERGY": -0.11056392514932005,
    "CURRENT DIPOLE X": 0.0,
    "CURRENT DIPOLE Y": 0.0,
    "CURRENT DIPOLE Z": -1.86303048073614,
    "CURRENT ENERGY": -460.1749160575672,
    "CURRENT REFERENCE ENERGY": -460.06435213241787,
    "HF TOTAL ENERGY": -460.0643521324179,
    "LCCSD (+LMP2) TOTAL ENERGY": -460.1728378568662,
    "MP2 CORRELATION ENERGY": -0.10108278854701677,
    "MP2 OPPOSITE-SPIN CORRELATION ENERGY": -0.08072318544519134,
    "MP2 SAME-SPIN CORRELATION ENERGY": -0.020359603101825427,
    "MP2 TOTAL ENERGY": -460.16543492096486,
    "NUCLEAR REPULSION ENERGY": 7.21857461167988,
    "ONE-ELECTRON ENERGY": -649.9286552270729,
    "PCM POLARIZATION ENERGY": 0.0,
    "PE ENERGY": 0.0,
    "SCF DIPOLE X": 0.0,
    "SCF DIPOLE Y": 0.0,
    "SCF DIPOLE Z": -1.86303048073614,
    "SCF ITERATION ENERGY": -460.06435213241787,
    "SCF ITERATIONS": 9.0,
    "SCF TOTAL ENERGY": -460.06435213241787,
    "TWO-ELECTRON ENERGY": 182.64572848297513
}