{
    "CC D1 DIAGNOSTIC": 0.017017995431100445,
    "CC D2 DIAGNOSTIC": 0.10272069875572828,
    "CC NEW D1 DIAGNOSTIC": 0.017017995431100445,
    "CC T1 DIAGNOSTIC": 0.007337428986006043,
    "CCSD CORRELATION ENERGY": -0.33431258886814247,
    "CCSD OPPOSITE-SPIN CORRELATION ENERGY": -0.2596087317662732,
    "CCSD SAME-SPIN CORRELATION ENERGY": -0.07470385710186939,
    "CCSD TOTAL ENERGY": -186.40807311088847,
    "CURRENT CORRELATION ENERGY": -0.33431258886814247,
    "CURRENT DIPOLE X": 0.0,
    "CURRENT DIPOLE Y": 0.0,
    "CURRENT DIPOLE Z": 0.0,
    "CURRENT ENERGY": -186.40807311088847,
    "CURRENT REFERENCE ENERGY": -186.07376052201977,
    "HF TOTAL ENERGY": -186.07376052201977,
    "LCCSD (+LMP2) TOTAL ENERGY": -186.41295885955836,
    "MP2 CORRELATION ENERGY": -0.33228982747820623,
    "MP2 OPPOSITE-SPIN CORRELATION ENERGY": -0.2481064657182588,
    "MP2 SAME-SPIN CORRELATION ENERGY": -0.08418336175994742,
    "MP2 TOTAL ENERGY": -186.40605034949854,
    "NUCLEAR REPULSION ENERGY": 86.12908568809102,
    "ONE-ELECTRON ENERGY": -423.1479803378372,
    "PCM POLARIZATION ENERGY": 0.0,
    "PE ENERGY": 0.0,
    "SCF DIPOLE X": 0.0,
    "SCF DIPOLE Y": 0.0,
    "SCF DIPOLE Z": 0.0,
    "SCF ITERATION ENERGY": -186.07376052201977,
    "SCF ITERATIONS": 9.0,
    "SCF TOTAL ENERGY": -186.07376052201977,
    "TWO-ELECTRON ENERGY": 150.94513412772642
}