{
    "CC D1 DIAGNOSTIC": 0.017089753269220496,
    "CC D2 DIAGNOSTIC": 0.1221104776558044,
    "CC NEW D1 DIAGNOSTIC": 0.017089753269220496,
    "CC T1 DIAGNOSTIC": 0.006952570607101671,
    "CCSD CORRELATION ENERGY": -0.21460711385670328,
    "CCSD OPPOSITE-SPIN CORRELATION ENERGY": -0.1711046428805648,
    "CCSD SAME-SPIN CORRELATION ENERGY": -0.04350247097613852,
    "CCSD TOTAL ENERGY": -111.96367333576882,
    "CURRENT CORRELATION ENERGY": -0.21460711385670328,
    "CURRENT DIPOLE X": 0.0,
    "CURRENT DIPOLE Y": 0.0,
    "CURRENT DIPOLE Z": 1.0230158605377446,
    "CURRENT ENERGY": -111.96367333576882,
    "CURRENT REFERENCE ENERGY": -111.74906622191209,
    "HF TOTAL ENERGY": -111.74906622191209,
    "LCCSD (+LMP2) TOTAL ENERGY": -111.96397009467947,
    "MP2 CORRELATION ENERGY": -0.20677544528479283,
    "MP2 OPPOSITE-SPIN CORRELATION ENERGY": -0.15837775535404577,
    "MP2 SAME-SPIN CORRELATION ENERGY": -0.048397689930747056,
    "MP2 TOTAL ENERGY": -111.9558416671969,
    "NUCLEAR REPULSION ENERGY": 34.2691573987786,
    "ONE-ELECTRON ENERGY": -218.3797604974664,
    "PCM POLARIZATION ENERGY": 0.0,
    "PE ENERGY": 0.0,
    "SCF DIPOLE X": 0.0,
    "SCF DIPOLE Y": 0.0,
    "SCF DIPOLE Z": 1.0230158605377446,
    "SCF ITERATION ENERGY": -111.74906622191209,
    "SCF ITERATIONS": 10.0,
    "SCF TOTAL ENERGY": -111.74906622191209,
    "TWO-ELECTRON ENERGY": 72.36153687677573
}