{
    "CC D1 DIAGNOSTIC": 0.078864172289976,
    "CC D2 DIAGNOSTIC": 0.1816323215868475,
    "CC NEW D1 DIAGNOSTIC": 0.078864172289976,
    "CC T1 DIAGNOSTIC": 0.031012209837410473,
    "CCSD CORRELATION ENERGY": -0.2811631917700088,
    "CCSD OPPOSITE-SPIN CORRELATION ENERGY": -0.22699115544781276,
    "CCSD SAME-SPIN CORRELATION ENERGY": -0.054172036322196276,
    "CCSD TOTAL ENERGY": -112.9188146429515,
    "CURRENT CORRELATION ENERGY": -0.2811631917700088,
    "CURRENT DIPOLE X": 0.0,
    "CURRENT DIPOLE Y": 0.0,
    "CURRENT DIPOLE Z": -1.4587196246829113,
    "CURRENT ENERGY": -112.9188146429515,
    "CURRENT REFERENCE ENERGY": -112.63765145118097,
    "HF TOTAL ENERGY": -112.63765145118097,
    "LCCSD (+LMP2) TOTAL ENERGY": -112.91882673801817,
    "MP2 CORRELATION ENERGY": -0.29544620473485483,
    "MP2 OPPOSITE-SPIN CORRELATION ENERGY": -0.22009538426176373,
    "MP2 SAME-SPIN CORRELATION ENERGY": -0.0753508204730911,
    "MP2 TOTAL ENERGY": -112.93309765591636,
    "NUCLEAR REPULSION ENERGY": 19.21939435863057,
    "ONE-ELECTRON ENERGY": -191.58191540196313,
    "PCM POLARIZATION ENERGY": 0.0,
    "PE ENERGY": 0.0,
    "SCF DIPOLE X": 0.0,
    "SCF DIPOLE Y": 0.0,
    "SCF DIPOLE Z": -1.4587196246829113,
    "SCF ITERATION ENERGY": -112.63765145118097,
    "SCF ITERATIONS": 10.0,
    "SCF TOTAL ENERGY": -112.63765145118097,
    "TWO-ELECTRON ENERGY": 59.72486959215158
}