{
    "CC D1 DIAGNOSTIC": 0.13704128959770964,
    "CC D2 DIAGNOSTIC": 0.4178271278043739,
    "CC NEW D1 DIAGNOSTIC": 0.13704128959770964,
    "CC T1 DIAGNOSTIC": 0.04343045011934977,
    "CCSD CORRELATION ENERGY": -0.22569987635265495,
    "CCSD OPPOSITE-SPIN CORRELATION ENERGY": -0.19497260867544913,
    "CCSD SAME-SPIN CORRELATION ENERGY": -0.030727267677205322,
    "CCSD TOTAL ENERGY": -100.03505019859067,
    "CURRENT CORRELATION ENERGY": -0.22569987635265495,
    "CURRENT DIPOLE X": 0.0,
    "CURRENT DIPOLE Y": 0.0,
    "CURRENT DIPOLE Z": -3.6457564940568625,
    "CURRENT ENERGY": -100.03505019859067,
    "CURRENT REFERENCE ENERGY": -99.80935032223805,
    "HF TOTAL ENERGY": -99.80935032223805,
    "LCCSD (+LMP2) TOTAL ENERGY": -100.02325792613604,
    "MP2 CORRELATION ENERGY": -0.21104357587770903,
    "MP2 OPPOSITE-SPIN CORRELATION ENERGY": -0.16496457014782978,
    "MP2 SAME-SPIN CORRELATION ENERGY": -0.04607900572987925,
    "MP2 TOTAL ENERGY": -100.02039389811573,
    "NUCLEAR REPULSION ENERGY": 2.564969916941732,
    "ONE-ELECTRON ENERGY": -145.92941885823768,
    "PCM POLARIZATION ENERGY": 0.0,
    "PE ENERGY": 0.0,
    "SCF DIPOLE X": 0.0,
    "SCF DIPOLE Y": 0.0,
    "SCF DIPOLE Z": -3.6457564940568625,
    "SCF ITERATION ENERGY": -99.80935032223805,
    "SCF ITERATIONS": 10.0,
    "SCF TOTAL ENERGY": -99.80935032223805,
    "TWO-ELECTRON ENERGY": 43.555098619057915
}