{
    "CC D1 DIAGNOSTIC": 0.02848139605859392,
    "CC D2 DIAGNOSTIC": 0.09407408402302266,
    "CC NEW D1 DIAGNOSTIC": 0.02848139605859392,
    "CC T1 DIAGNOSTIC": 0.01335898451552806,
    "CCSD CORRELATION ENERGY": -0.17509445421529254,
    "CCSD OPPOSITE-SPIN CORRELATION ENERGY": -0.13966865827967356,
    "CCSD SAME-SPIN CORRELATION ENERGY": -0.03542579593561898,
    "CCSD TOTAL ENERGY": -106.9662043242452,
    "CURRENT CORRELATION ENERGY": -0.17509445421529254,
    "CURRENT DIPOLE X": 0.0,
    "CURRENT DIPOLE Y": 0.0,
    "CURRENT DIPOLE Z": -4.447773124922118,
    "CURRENT ENERGY": -106.9662043242452,
    "CURRENT REFERENCE ENERGY": -106.79110987002971,
    "HF TOTAL ENERGY": -106.79110987002971,
    "LCCSD (+LMP2) TOTAL ENERGY": -107.03873425107231,
    "MP2 CORRELATION ENERGY": -0.1753709354056307,
    "MP2 OPPOSITE-SPIN CORRELATION ENERGY": -0.13274369767196048,
    "MP2 SAME-SPIN CORRELATION ENERGY": -0.04262723773367022,
    "MP2 TOTAL ENERGY": -106.96648080543552,
    "NUCLEAR REPULSION ENERGY": 12.953390218359502,
    "ONE-ELECTRON ENERGY": -176.33805184774997,
    "PCM POLARIZATION ENERGY": 0.0,
    "PE ENERGY": 0.0,
    "SCF DIPOLE X": 0.0,
    "SCF DIPOLE Y": 0.0,
    "SCF DIPOLE Z": -4.447773124922118,
    "SCF ITERATION ENERGY": -106.79110987002971,
    "SCF ITERATIONS": 9.0,
    "SCF TOTAL ENERGY": -106.79110987002971,
    "TWO-ELECTRON ENERGY": 56.593551759360736
}