{
    "CC D1 DIAGNOSTIC": 0.03972574188907649,
    "CC D2 DIAGNOSTIC": 0.23415687602428156,
    "CC NEW D1 DIAGNOSTIC": 0.03972574188907649,
    "CC T1 DIAGNOSTIC": 0.013603037972943443,
    "CCSD CORRELATION ENERGY": -0.2941483359903784,
    "CCSD OPPOSITE-SPIN CORRELATION ENERGY": -0.24636525993776268,
    "CCSD SAME-SPIN CORRELATION ENERGY": -0.0477830760526157,
    "CCSD TOTAL ENERGY": -110.19847109970337,
    "CURRENT CORRELATION ENERGY": -0.2941483359903784,
    "CURRENT DIPOLE X": 0.0,
    "CURRENT DIPOLE Y": 5.643810867306312e-16,
    "CURRENT DIPOLE Z": -3.624737401213427,
    "CURRENT ENERGY": -110.19847109970337,
    "CURRENT REFERENCE ENERGY": -109.90432276371287,
    "HF TOTAL ENERGY": -109.90432276371287,
    "LCCSD (+LMP2) TOTAL ENERGY": -110.19965033222653,
    "MP2 CORRELATION ENERGY": -0.27860700638824587,
    "MP2 OPPOSITE-SPIN CORRELATION ENERGY": -0.21782734179294186,
    "MP2 SAME-SPIN CORRELATION ENERGY": -0.06077966459530401,
    "MP2 TOTAL ENERGY": -110.18292977010124,
    "NUCLEAR REPULSION ENERGY": 32.16164451417692,
    "ONE-ELECTRON ENERGY": -212.4363771103525,
    "PCM POLARIZATION ENERGY": 0.0,
    "PE ENERGY": 0.0,
    "SCF DIPOLE X": 0.0,
    "SCF DIPOLE Y": 5.643810867306312e-16,
    "SCF DIPOLE Z": -3.624737401213427,
    "SCF ITERATION ENERGY": -109.90432276371287,
    "SCF ITERATIONS": 12.0,
    "SCF TOTAL ENERGY": -109.90432276371287,
    "TWO-ELECTRON ENERGY": 70.37040983246273
}