{
    "CC D1 DIAGNOSTIC": 0.008454418357596723,
    "CC D2 DIAGNOSTIC": 0.07588474759586798,
    "CC NEW D1 DIAGNOSTIC": 0.008454418357596723,
    "CC T1 DIAGNOSTIC": 0.004940006146065643,
    "CCSD CORRELATION ENERGY": -0.14312635400984133,
    "CCSD OPPOSITE-SPIN CORRELATION ENERGY": -0.11388216054653089,
    "CCSD SAME-SPIN CORRELATION ENERGY": -0.02924419346331053,
    "CCSD TOTAL ENERGY": -99.7855026820397,
    "CURRENT CORRELATION ENERGY": -0.14312635400984133,
    "CURRENT DIPOLE X": 0.0,
    "CURRENT DIPOLE Y": 0.0,
    "CURRENT DIPOLE Z": -1.8540553060898506,
    "CURRENT ENERGY": -99.7855026820397,
    "CURRENT REFERENCE ENERGY": -99.64237632802997,
    "HF TOTAL ENERGY": -99.64237632802997,
    "LCCSD (+LMP2) TOTAL ENERGY": -99.78929064826933,
    "MP2 CORRELATION ENERGY": -0.14087356961637548,
    "MP2 OPPOSITE-SPIN CORRELATION ENERGY": -0.10728471197354883,
    "MP2 SAME-SPIN CORRELATION ENERGY": -0.03358885764282665,
    "MP2 TOTAL ENERGY": -99.78324989764624,
    "NUCLEAR REPULSION ENERGY": 8.38722463991124,
    "ONE-ELECTRON ENERGY": -155.40278495440168,
    "PCM POLARIZATION ENERGY": 0.0,
    "PE ENERGY": 0.0,
    "SCF DIPOLE X": 0.0,
    "SCF DIPOLE Y": 0.0,
    "SCF DIPOLE Z": -1.8540553060898506,
    "SCF ITERATION ENERGY": -99.64237632802997,
    "SCF ITERATIONS": 9.0,
    "SCF TOTAL ENERGY": -99.64237632802997,
    "TWO-ELECTRON ENERGY": 47.373183986460475
}