{
    "CC D1 DIAGNOSTIC": 0.012320316830088551,
    "CC D2 DIAGNOSTIC": 0.125160819383465,
    "CC NEW D1 DIAGNOSTIC": 0.012320316830088551,
    "CC T1 DIAGNOSTIC": 0.004995646004193474,
    "CCSD CORRELATION ENERGY": -0.1118547155635817,
    "CCSD OPPOSITE-SPIN CORRELATION ENERGY": -0.09220746493531573,
    "CCSD SAME-SPIN CORRELATION ENERGY": -0.019647250628265667,
    "CCSD TOTAL ENERGY": -460.1783174170489,
    "CURRENT CORRELATION ENERGY": -0.1118547155635817,
    "CURRENT DIPOLE X": 0.0,
    "CURRENT DIPOLE Y": 0.0,
    "CURRENT DIPOLE Z": -1.8843879051891679,
    "CURRENT ENERGY": -460.1783174170489,
    "CURRENT REFERENCE ENERGY": -460.06646270148553,
    "HF TOTAL ENERGY": -460.06646270148553,
    "LCCSD (+LMP2) TOTAL ENERGY": -460.1777467907855,
    "MP2 CORRELATION ENERGY": -0.10204357034401645,
    "MP2 OPPOSITE-SPIN CORRELATION ENERGY": -0.08148389368287096,
    "MP2 SAME-SPIN CORRELATION ENERGY": -0.0205596766611455,
    "MP2 TOTAL ENERGY": -460.1685062718293,
    "NUCLEAR REPULSION ENERGY": 6.965784061076303,
    "ONE-ELECTRON ENERGY": -649.4551623991365,
    "PCM POLARIZATION ENERGY": 0.0,
    "PE ENERGY": 0.0,
    "SCF DIPOLE X": 0.0,
    "SCF DIPOLE Y": 0.0,
    "SCF DIPOLE Z": -1.8843879051891679,
    "SCF ITERATION ENERGY": -460.06646270148553,
    "SCF ITERATIONS": 9.0,
    "SCF TOTAL ENERGY": -460.06646270148553,
    "TWO-ELECTRON ENERGY": 182.42291563657463
}