{
    "CC D1 DIAGNOSTIC": 0.008695059381059212,
    "CC D2 DIAGNOSTIC": 0.07539761942293126,
    "CC NEW D1 DIAGNOSTIC": 0.008695059381059212,
    "CC T1 DIAGNOSTIC": 0.004963523027193677,
    "CCSD CORRELATION ENERGY": -0.14161412976945084,
    "CCSD OPPOSITE-SPIN CORRELATION ENERGY": -0.11261370179259775,
    "CCSD SAME-SPIN CORRELATION ENERGY": -0.029000427976853094,
    "CCSD TOTAL ENERGY": -99.62836337828917,
    "CURRENT CORRELATION ENERGY": -0.14161412976945084,
    "CURRENT DIPOLE X": 0.0,
    "CURRENT DIPOLE Y": 0.0,
    "CURRENT DIPOLE Z": -1.7943819681648965,
    "CURRENT ENERGY": -99.62836337828917,
    "CURRENT REFERENCE ENERGY": -99.48674924851969,
    "HF TOTAL ENERGY": -99.48674924851969,
    "LCCSD (+LMP2) TOTAL ENERGY": -99.60931700184754,
    "MP2 CORRELATION ENERGY": -0.13924248830000308,
    "MP2 OPPOSITE-SPIN CORRELATION ENERGY": -0.1060858137341746,
    "MP2 SAME-SPIN CORRELATION ENERGY": -0.03315667456582848,
    "MP2 TOTAL ENERGY": -99.62599173681971,
    "NUCLEAR REPULSION ENERGY": 8.983472837061328,
    "ONE-ELECTRON ENERGY": -156.15947626016475,
    "PCM POLARIZATION ENERGY": 0.0,
    "PE ENERGY": 0.0,
    "SCF DIPOLE X": 0.0,
    "SCF DIPOLE Y": 0.0,
    "SCF DIPOLE Z": -1.7943819681648965,
    "SCF ITERATION ENERGY": -99.48674924851969,
    "SCF ITERATIONS": 9.0,
    "SCF TOTAL ENERGY": -99.48674924851969,
    "TWO-ELECTRON ENERGY": 47.68925417458374
}