{
    "CC D1 DIAGNOSTIC": 0.17302612550955268,
    "CC D2 DIAGNOSTIC": 0.13031727795498263,
    "CC NEW D1 DIAGNOSTIC": 0.17302612550955268,
    "CC T1 DIAGNOSTIC": 0.03933250429712272,
    "CCSD CORRELATION ENERGY": -0.291186781252266,
    "CCSD OPPOSITE-SPIN CORRELATION ENERGY": -0.22491701221157084,
    "CCSD SAME-SPIN CORRELATION ENERGY": -0.06626976904069509,
    "CCSD TOTAL ENERGY": -260.9587359299977,
    "CURRENT CORRELATION ENERGY": -0.291186781252266,
    "CURRENT DIPOLE X": 0.0,
    "CURRENT DIPOLE Y": 0.0,
    "CURRENT DIPOLE Z": -5.316576979669752,
    "CURRENT ENERGY": -260.9587359299977,
    "CURRENT REFERENCE ENERGY": -260.66754914874514,
    "HF TOTAL ENERGY": -260.66754914874514,
    "LCCSD (+LMP2) TOTAL ENERGY": -261.0024018367102,
    "MP2 CORRELATION ENERGY": -0.2904842326806599,
    "MP2 OPPOSITE-SPIN CORRELATION ENERGY": -0.21503463022195407,
    "MP2 SAME-SPIN CORRELATION ENERGY": -0.07544960245870586,
    "MP2 TOTAL ENERGY": -260.9580333814261,
    "NUCLEAR REPULSION ENERGY": 45.625033817985425,
    "ONE-ELECTRON ENERGY": -460.05098367592643,
    "PCM POLARIZATION ENERGY": 0.0,
    "PE ENERGY": 0.0,
    "SCF DIPOLE X": 0.0,
    "SCF DIPOLE Y": 0.0,
    "SCF DIPOLE Z": -5.316576979669752,
    "SCF ITERATION ENERGY": -260.66754914874514,
    "SCF ITERATIONS": 11.0,
    "SCF TOTAL ENERGY": -260.66754914874514,
    "TWO-ELECTRON ENERGY": 153.75840070919588
}