{
    "CC D1 DIAGNOSTIC": 0.13387699323446225,
    "CC D2 DIAGNOSTIC": 0.20593965441526993,
    "CC NEW D1 DIAGNOSTIC": 0.13387699323446225,
    "CC T1 DIAGNOSTIC": 0.05329112658177001,
    "CCSD CORRELATION ENERGY": -0.3049743751605959,
    "CCSD OPPOSITE-SPIN CORRELATION ENERGY": -0.24626482875439953,
    "CCSD SAME-SPIN CORRELATION ENERGY": -0.05870954640619602,
    "CCSD TOTAL ENERGY": -112.83929879087499,
    "CURRENT CORRELATION ENERGY": -0.3049743751605959,
    "CURRENT DIPOLE X": 0.0,
    "CURRENT DIPOLE Y": 0.0,
    "CURRENT DIPOLE Z": -2.3600944412441534,
    "CURRENT ENERGY": -112.83929879087499,
    "CURRENT REFERENCE ENERGY": -112.53432441571462,
    "HF TOTAL ENERGY": -112.53432441571462,
    "LCCSD (+LMP2) TOTAL ENERGY": -112.83930611814326,
    "MP2 CORRELATION ENERGY": -0.327765814523305,
    "MP2 OPPOSITE-SPIN CORRELATION ENERGY": -0.24198182295033568,
    "MP2 SAME-SPIN CORRELATION ENERGY": -0.08578399157296931,
    "MP2 TOTAL ENERGY": -112.8620902302377,
    "NUCLEAR REPULSION ENERGY": 16.82096744199614,
    "ONE-ELECTRON ENERGY": -186.97482213396387,
    "PCM POLARIZATION ENERGY": 0.0,
    "PE ENERGY": 0.0,
    "SCF DIPOLE X": 0.0,
    "SCF DIPOLE Y": 0.0,
    "SCF DIPOLE Z": -2.3600944412441534,
    "SCF ITERATION ENERGY": -112.53432441571462,
    "SCF ITERATIONS": 11.0,
    "SCF TOTAL ENERGY": -112.53432441571462,
    "TWO-ELECTRON ENERGY": 57.619530276253094
}