{
    "CC D1 DIAGNOSTIC": 0.08362124741654156,
    "CC D2 DIAGNOSTIC": 0.6303534009703045,
    "CC NEW D1 DIAGNOSTIC": 0.08362124741654156,
    "CC T1 DIAGNOSTIC": 0.027325338187509398,
    "CCSD CORRELATION ENERGY": -0.4914531296978993,
    "CCSD OPPOSITE-SPIN CORRELATION ENERGY": -0.4679636633111742,
    "CCSD SAME-SPIN CORRELATION ENERGY": -0.023489466386724722,
    "CCSD TOTAL ENERGY": -149.75297760770766,
    "CURRENT CORRELATION ENERGY": -0.4914531296978993,
    "CURRENT DIPOLE X": 0.0,
    "CURRENT DIPOLE Y": 0.0,
    "CURRENT DIPOLE Z": 0.0,
    "CURRENT ENERGY": -149.75297760770766,
    "CURRENT REFERENCE ENERGY": -149.2615244780095,
    "HF TOTAL ENERGY": -149.2615244780095,
    "LCCSD (+LMP2) TOTAL ENERGY": -149.7094634357773,
    "MP2 CORRELATION ENERGY": -0.6058276893166037,
    "MP2 OPPOSITE-SPIN CORRELATION ENERGY": -0.44661400399916545,
    "MP2 SAME-SPIN CORRELATION ENERGY": -0.15921368531743824,
    "MP2 TOTAL ENERGY": -149.86735216732637,
    "NUCLEAR REPULSION ENERGY": 17.948338096120164,
    "ONE-ELECTRON ENERGY": -241.3994685599354,
    "PCM POLARIZATION ENERGY": 0.0,
    "PE ENERGY": 0.0,
    "SCF DIPOLE X": 0.0,
    "SCF DIPOLE Y": 0.0,
    "SCF DIPOLE Z": 0.0,
    "SCF ITERATION ENERGY": -149.2615244780095,
    "SCF ITERATIONS": 9.0,
    "SCF TOTAL ENERGY": -149.2615244780095,
    "TWO-ELECTRON ENERGY": 74.18960598580573
}