{
    "CC D1 DIAGNOSTIC": 0.01122773330068885,
    "CC D2 DIAGNOSTIC": 0.09344846214374805,
    "CC NEW D1 DIAGNOSTIC": 0.01122773330068885,
    "CC T1 DIAGNOSTIC": 0.004353494301764266,
    "CCSD CORRELATION ENERGY": -0.10598040705070949,
    "CCSD OPPOSITE-SPIN CORRELATION ENERGY": -0.08703234160462323,
    "CCSD SAME-SPIN CORRELATION ENERGY": -0.0189480654460861,
    "CCSD TOTAL ENERGY": -460.1058353649442,
    "CURRENT CORRELATION ENERGY": -0.10598040705070949,
    "CURRENT DIPOLE X": 0.0,
    "CURRENT DIPOLE Y": 0.0,
    "CURRENT DIPOLE Z": -1.7693174217302459,
    "CURRENT ENERGY": -460.1058353649442,
    "CURRENT REFERENCE ENERGY": -459.99985495789315,
    "HF TOTAL ENERGY": -459.99985495789315,
    "LCCSD (+LMP2) TOTAL ENERGY": -460.10360516992307,
    "MP2 CORRELATION ENERGY": -0.09754531744365716,
    "MP2 OPPOSITE-SPIN CORRELATION ENERGY": -0.07801849421470815,
    "MP2 SAME-SPIN CORRELATION ENERGY": -0.01952682322894901,
    "MP2 TOTAL ENERGY": -460.0974002753371,
    "NUCLEAR REPULSION ENERGY": 8.690322833478694,
    "ONE-ELECTRON ENERGY": -652.6043485942736,
    "PCM POLARIZATION ENERGY": 0.0,
    "PE ENERGY": 0.0,
    "SCF DIPOLE X": 0.0,
    "SCF DIPOLE Y": 0.0,
    "SCF DIPOLE Z": -1.7693174217302459,
    "SCF ITERATION ENERGY": -459.99985495789315,
    "SCF ITERATIONS": 8.0,
    "SCF TOTAL ENERGY": -459.99985495789315,
    "TWO-ELECTRON ENERGY": 183.91417080290174
}