{
    "CC D1 DIAGNOSTIC": 0.07211864813259034,
    "CC D2 DIAGNOSTIC": 0.5254324750504396,
    "CC NEW D1 DIAGNOSTIC": 0.07211864813259034,
    "CC T1 DIAGNOSTIC": 0.030317024523608824,
    "CCSD CORRELATION ENERGY": -0.4802301234690136,
    "CCSD OPPOSITE-SPIN CORRELATION ENERGY": -0.47538193467682277,
    "CCSD SAME-SPIN CORRELATION ENERGY": -0.0048481887921907885,
    "CCSD TOTAL ENERGY": -108.9159787515618,
    "CURRENT CORRELATION ENERGY": -0.4802301234690136,
    "CURRENT DIPOLE X": 0.0,
    "CURRENT DIPOLE Y": 0.0,
    "CURRENT DIPOLE Z": 5.643810867306312e-16,
    "CURRENT ENERGY": -108.9159787515618,
    "CURRENT REFERENCE ENERGY": -108.43574862809223,
    "HF TOTAL ENERGY": -108.43574862809223,
    "LCCSD (+LMP2) TOTAL ENERGY": -108.91835054145633,
    "MP2 CORRELATION ENERGY": -0.670015894622979,
    "MP2 OPPOSITE-SPIN CORRELATION ENERGY": -0.47161036166782877,
    "MP2 SAME-SPIN CORRELATION ENERGY": -0.19840553295515018,
    "MP2 TOTAL ENERGY": -109.10576452271576,
    "NUCLEAR REPULSION ENERGY": 14.254162931610963,
    "ONE-ELECTRON ENERGY": -175.10980632789878,
    "PCM POLARIZATION ENERGY": 0.0,
    "PE ENERGY": 0.0,
    "SCF DIPOLE X": 0.0,
    "SCF DIPOLE Y": 0.0,
    "SCF DIPOLE Z": 5.643810867306312e-16,
    "SCF ITERATION ENERGY": -108.43574862809223,
    "SCF ITERATIONS": 8.0,
    "SCF TOTAL ENERGY": -108.43574862809223,
    "TWO-ELECTRON ENERGY": 52.419894768195576
}