{
    "CURRENT CORRELATION ENERGY": -0.025215488958668875,
    "CURRENT DIPOLE X": 0.0,
    "CURRENT DIPOLE Y": 0.0,
    "CURRENT DIPOLE Z": 2.998274523256478e-16,
    "CURRENT ENERGY": -1.07014272607343,
    "CURRENT REFERENCE ENERGY": -1.044927237114761,
    "CUSTOM SCS-MP2 CORRELATION ENERGY": -0.030258586750402536,
    "CUSTOM SCS-MP2 TOTAL ENERGY": -1.0751858238651637,
    "HF TOTAL ENERGY": -1.044927237114761,
    "MP2 CORRELATION ENERGY": -0.025215488958668875,
    "MP2 OPPOSITE-SPIN CORRELATION ENERGY": -0.02521548895866878,
    "MP2 SAME-SPIN CORRELATION ENERGY": 0.0,
    "MP2 TOTAL ENERGY": -1.07014272607343,
    "NUCLEAR REPULSION ENERGY": 0.41822069875532264,
    "ONE-ELECTRON ENERGY": -1.9719000062337564,
    "PCM POLARIZATION ENERGY": 0.0,
    "PE ENERGY": 0.0,
    "SCF DIPOLE X": 0.0,
    "SCF DIPOLE Y": 0.0,
    "SCF DIPOLE Z": 2.998274523256478e-16,
    "SCF ITERATION ENERGY": -1.044927237114761,
    "SCF ITERATIONS": 5.0,
    "SCF TOTAL ENERGY": -1.044927237114761,
    "SCS-MP2 CORRELATION ENERGY": -0.030258586750402536,
    "SCS-MP2 TOTAL ENERGY": -1.0751858238651637,
    "SCS-MP2-VDW CORRELATION ENERGY": -0.0322758258670961,
    "SCS-MP2-VDW TOTAL ENERGY": -1.0772030629818572,
    "SCSN-MP2 CORRELATION ENERGY": 0.0,
    "SCSN-MP2 TOTAL ENERGY": -1.044927237114761,
    "SOS-MP2 CORRELATION ENERGY": 0.0,
    "SOS-MP2 TOTAL ENERGY": -1.044927237114761,
    "SOS-PI-MP2 CORRELATION ENERGY": -0.035301684542136336,
    "SOS-PI-MP2 TOTAL ENERGY": -1.0802289216568974,
    "TWO-ELECTRON ENERGY": 0.5087520703636725
}