{
    "CC D1 DIAGNOSTIC": 0.011056321838377396,
    "CC D2 DIAGNOSTIC": 0.08435129653537142,
    "CC NEW D1 DIAGNOSTIC": 0.011056321838377396,
    "CC T1 DIAGNOSTIC": 0.00425242275097073,
    "CCSD CORRELATION ENERGY": -0.10454480814231744,
    "CCSD OPPOSITE-SPIN CORRELATION ENERGY": -0.0858294940909609,
    "CCSD SAME-SPIN CORRELATION ENERGY": -0.018715314051356347,
    "CCSD TOTAL ENERGY": -459.99029749076345,
    "CURRENT CORRELATION ENERGY": -0.10454480814231744,
    "CURRENT DIPOLE X": 0.0,
    "CURRENT DIPOLE Y": 0.0,
    "CURRENT DIPOLE Z": -1.7065834591872706,
    "CURRENT ENERGY": -459.99029749076345,
    "CURRENT REFERENCE ENERGY": -459.88575268262144,
    "HF TOTAL ENERGY": -459.8857526826215,
    "LCCSD (+LMP2) TOTAL ENERGY": -459.9897515086803,
    "MP2 CORRELATION ENERGY": -0.09634217397487245,
    "MP2 OPPOSITE-SPIN CORRELATION ENERGY": -0.07716382282664382,
    "MP2 SAME-SPIN CORRELATION ENERGY": -0.019178351148228634,
    "MP2 TOTAL ENERGY": -459.982094856596,
    "NUCLEAR REPULSION ENERGY": 9.836299470860494,
    "ONE-ELECTRON ENERGY": -654.5714753052454,
    "PCM POLARIZATION ENERGY": 0.0,
    "PE ENERGY": 0.0,
    "SCF DIPOLE X": 0.0,
    "SCF DIPOLE Y": 0.0,
    "SCF DIPOLE Z": -1.7065834591872706,
    "SCF ITERATION ENERGY": -459.88575268262144,
    "SCF ITERATIONS": 8.0,
    "SCF TOTAL ENERGY": -459.88575268262144,
    "TWO-ELECTRON ENERGY": 184.8494231517634
}