{
    "CC D1 DIAGNOSTIC": 0.010820963930842477,
    "CC D2 DIAGNOSTIC": 0.07750288372170579,
    "CC NEW D1 DIAGNOSTIC": 0.010820963930842477,
    "CC T1 DIAGNOSTIC": 0.004361210649728276,
    "CCSD CORRELATION ENERGY": -0.10448198870567404,
    "CCSD OPPOSITE-SPIN CORRELATION ENERGY": -0.08582529346581952,
    "CCSD SAME-SPIN CORRELATION ENERGY": -0.018656695239854512,
    "CCSD TOTAL ENERGY": -458.74016208941356,
    "CURRENT CORRELATION ENERGY": -0.10448198870567404,
    "CURRENT DIPOLE X": 0.0,
    "CURRENT DIPOLE Y": 0.0,
    "CURRENT DIPOLE Z": -1.4302187834631443,
    "CURRENT ENERGY": -458.74016208941356,
    "CURRENT REFERENCE ENERGY": -458.6356801007074,
    "HF TOTAL ENERGY": -458.6356801007074,
    "LCCSD (+LMP2) TOTAL ENERGY": -458.77433334414,
    "MP2 CORRELATION ENERGY": -0.09596078829794599,
    "MP2 OPPOSITE-SPIN CORRELATION ENERGY": -0.07702060185688617,
    "MP2 SAME-SPIN CORRELATION ENERGY": -0.018940186441059825,
    "MP2 TOTAL ENERGY": -458.7316408890058,
    "NUCLEAR REPULSION ENERGY": 15.235800031460514,
    "ONE-ELECTRON ENERGY": -662.1212054231364,
    "PCM POLARIZATION ENERGY": 0.0,
    "PE ENERGY": 0.0,
    "SCF DIPOLE X": 0.0,
    "SCF DIPOLE Y": 0.0,
    "SCF DIPOLE Z": -1.4302187834631443,
    "SCF ITERATION ENERGY": -458.6356801007074,
    "SCF ITERATIONS": 9.0,
    "SCF TOTAL ENERGY": -458.6356801007074,
    "TWO-ELECTRON ENERGY": 188.24972529096848
}