{
    "CC D1 DIAGNOSTIC": 0.08157046868889939,
    "CC D2 DIAGNOSTIC": 0.5993918523725771,
    "CC NEW D1 DIAGNOSTIC": 0.08157046868889939,
    "CC T1 DIAGNOSTIC": 0.026485574624028382,
    "CCSD CORRELATION ENERGY": -0.47911205672500556,
    "CCSD OPPOSITE-SPIN CORRELATION ENERGY": -0.4505766348849958,
    "CCSD SAME-SPIN CORRELATION ENERGY": -0.028535421840010122,
    "CCSD TOTAL ENERGY": -149.7553587182848,
    "CURRENT CORRELATION ENERGY": -0.47911205672500556,
    "CURRENT DIPOLE X": 0.0,
    "CURRENT DIPOLE Y": 0.0,
    "CURRENT DIPOLE Z": 0.0,
    "CURRENT ENERGY": -149.7553587182848,
    "CURRENT REFERENCE ENERGY": -149.27624666155964,
    "HF TOTAL ENERGY": -149.27624666155964,
    "LCCSD (+LMP2) TOTAL ENERGY": -149.79082037188675,
    "MP2 CORRELATION ENERGY": -0.5869726844969051,
    "MP2 OPPOSITE-SPIN CORRELATION ENERGY": -0.4329526736929466,
    "MP2 SAME-SPIN CORRELATION ENERGY": -0.1540200108039585,
    "MP2 TOTAL ENERGY": -149.86321934605672,
    "NUCLEAR REPULSION ENERGY": 18.314133030144355,
    "ONE-ELECTRON ENERGY": -242.12795137630513,
    "PCM POLARIZATION ENERGY": 0.0,
    "PE ENERGY": 0.0,
    "SCF DIPOLE X": 0.0,
    "SCF DIPOLE Y": 0.0,
    "SCF DIPOLE Z": 0.0,
    "SCF ITERATION ENERGY": -149.27624666155964,
    "SCF ITERATIONS": 9.0,
    "SCF TOTAL ENERGY": -149.27624666155964,
    "TWO-ELECTRON ENERGY": 74.53757168460113
}