{
    "CC D1 DIAGNOSTIC": 0.04313651406451477,
    "CC D2 DIAGNOSTIC": 0.1012472547336089,
    "CC NEW D1 DIAGNOSTIC": 0.04313651406451477,
    "CC T1 DIAGNOSTIC": 0.020056747749619037,
    "CCSD CORRELATION ENERGY": -0.1822010519143253,
    "CCSD OPPOSITE-SPIN CORRELATION ENERGY": -0.14619769296298893,
    "CCSD SAME-SPIN CORRELATION ENERGY": -0.036003358951336356,
    "CCSD TOTAL ENERGY": -107.12394545642108,
    "CURRENT CORRELATION ENERGY": -0.1822010519143253,
    "CURRENT DIPOLE X": 0.0,
    "CURRENT DIPOLE Y": 0.0,
    "CURRENT DIPOLE Z": -7.868357860899343,
    "CURRENT ENERGY": -107.12394545642108,
    "CURRENT REFERENCE ENERGY": -106.94174440450675,
    "HF TOTAL ENERGY": -106.94174440450675,
    "LCCSD (+LMP2) TOTAL ENERGY": -107.15371208677868,
    "MP2 CORRELATION ENERGY": -0.1831071741444718,
    "MP2 OPPOSITE-SPIN CORRELATION ENERGY": -0.13866142997620126,
    "MP2 SAME-SPIN CORRELATION ENERGY": -0.044445744168270546,
    "MP2 TOTAL ENERGY": -107.12485157865123,
    "NUCLEAR REPULSION ENERGY": 7.571955134300695,
    "ONE-ELECTRON ENERGY": -166.71967757454718,
    "PCM POLARIZATION ENERGY": 0.0,
    "PE ENERGY": 0.0,
    "SCF DIPOLE X": 0.0,
    "SCF DIPOLE Y": 0.0,
    "SCF DIPOLE Z": -7.868357860899343,
    "SCF ITERATION ENERGY": -106.94174440450675,
    "SCF ITERATIONS": 10.0,
    "SCF TOTAL ENERGY": -106.94174440450675,
    "TWO-ELECTRON ENERGY": 52.20597803573972
}