{
    "CC D1 DIAGNOSTIC": 0.017020765736910862,
    "CC D2 DIAGNOSTIC": 0.12066653462658124,
    "CC NEW D1 DIAGNOSTIC": 0.017020765736910862,
    "CC T1 DIAGNOSTIC": 0.006542806748515465,
    "CCSD CORRELATION ENERGY": -0.21187889621584322,
    "CCSD OPPOSITE-SPIN CORRELATION ENERGY": -0.16865350726488537,
    "CCSD SAME-SPIN CORRELATION ENERGY": -0.04322538895095801,
    "CCSD TOTAL ENERGY": -111.62545143424089,
    "CURRENT CORRELATION ENERGY": -0.21187889621584322,
    "CURRENT DIPOLE X": 0.0,
    "CURRENT DIPOLE Y": 0.0,
    "CURRENT DIPOLE Z": 1.123178280447071,
    "CURRENT ENERGY": -111.62545143424089,
    "CURRENT REFERENCE ENERGY": -111.4135725380251,
    "HF TOTAL ENERGY": -111.4135725380251,
    "LCCSD (+LMP2) TOTAL ENERGY": -111.62670080873369,
    "MP2 CORRELATION ENERGY": -0.20359494865368252,
    "MP2 OPPOSITE-SPIN CORRELATION ENERGY": -0.15598372645298253,
    "MP2 SAME-SPIN CORRELATION ENERGY": -0.04761122220069999,
    "MP2 TOTAL ENERGY": -111.61716748667874,
    "NUCLEAR REPULSION ENERGY": 36.10500511657029,
    "ONE-ELECTRON ENERGY": -221.23980644687256,
    "PCM POLARIZATION ENERGY": 0.0,
    "PE ENERGY": 0.0,
    "SCF DIPOLE X": 0.0,
    "SCF DIPOLE Y": 0.0,
    "SCF DIPOLE Z": 1.123178280447071,
    "SCF ITERATION ENERGY": -111.4135725380251,
    "SCF ITERATIONS": 10.0,
    "SCF TOTAL ENERGY": -111.4135725380251,
    "TWO-ELECTRON ENERGY": 73.72122879227719
}