{
    "CC D1 DIAGNOSTIC": 0.12848397297148917,
    "CC D2 DIAGNOSTIC": 0.1101987768524507,
    "CC NEW D1 DIAGNOSTIC": 0.12848397297148917,
    "CC T1 DIAGNOSTIC": 0.029754402701735832,
    "CCSD CORRELATION ENERGY": -0.28831621713216377,
    "CCSD OPPOSITE-SPIN CORRELATION ENERGY": -0.22283924141343545,
    "CCSD SAME-SPIN CORRELATION ENERGY": -0.06547697571872849,
    "CCSD TOTAL ENERGY": -261.0510777481492,
    "CURRENT CORRELATION ENERGY": -0.28831621713216377,
    "CURRENT DIPOLE X": 0.0,
    "CURRENT DIPOLE Y": 0.0,
    "CURRENT DIPOLE Z": -5.555021591792218,
    "CURRENT ENERGY": -261.0510777481492,
    "CURRENT REFERENCE ENERGY": -260.76276153101685,
    "HF TOTAL ENERGY": -260.76276153101685,
    "LCCSD (+LMP2) TOTAL ENERGY": -261.0510777481492,
    "MP2 CORRELATION ENERGY": -0.28814267587121295,
    "MP2 OPPOSITE-SPIN CORRELATION ENERGY": -0.21346933708872806,
    "MP2 SAME-SPIN CORRELATION ENERGY": -0.07467333878248489,
    "MP2 TOTAL ENERGY": -261.0509042068883,
    "NUCLEAR REPULSION ENERGY": 44.457655553985795,
    "ONE-ELECTRON ENERGY": -458.0024727325213,
    "PCM POLARIZATION ENERGY": 0.0,
    "PE ENERGY": 0.0,
    "SCF DIPOLE X": 0.0,
    "SCF DIPOLE Y": 0.0,
    "SCF DIPOLE Z": -5.555021591792218,
    "SCF ITERATION ENERGY": -260.76276153101685,
    "SCF ITERATIONS": 11.0,
    "SCF TOTAL ENERGY": -260.76276153101685,
    "TWO-ELECTRON ENERGY": 152.78205564751866
}