{
    "CURRENT CORRELATION ENERGY": -0.025810440887537034,
    "CURRENT DIPOLE X": 0.0,
    "CURRENT DIPOLE Y": 0.0,
    "CURRENT DIPOLE Z": 4.232858150479734e-16,
    "CURRENT ENERGY": -1.0646689115068257,
    "CURRENT REFERENCE ENERGY": -1.0388584706192887,
    "CUSTOM SCS-MP2 CORRELATION ENERGY": -0.03097252906504433,
    "CUSTOM SCS-MP2 TOTAL ENERGY": -1.0698309996843332,
    "HF TOTAL ENERGY": -1.0388584706192887,
    "MP2 CORRELATION ENERGY": -0.025810440887537034,
    "MP2 OPPOSITE-SPIN CORRELATION ENERGY": -0.025810440887536944,
    "MP2 SAME-SPIN CORRELATION ENERGY": 0.0,
    "MP2 TOTAL ENERGY": -1.0646689115068257,
    "NUCLEAR REPULSION ENERGY": 0.40834146965086626,
    "ONE-ELECTRON ENERGY": -1.9498900799452992,
    "PCM POLARIZATION ENERGY": 0.0,
    "PE ENERGY": 0.0,
    "SCF DIPOLE X": 0.0,
    "SCF DIPOLE Y": 0.0,
    "SCF DIPOLE Z": 4.232858150479734e-16,
    "SCF ITERATION ENERGY": -1.0388584706192887,
    "SCF ITERATIONS": 5.0,
    "SCF TOTAL ENERGY": -1.0388584706192887,
    "SCS-MP2 CORRELATION ENERGY": -0.03097252906504433,
    "SCS-MP2 TOTAL ENERGY": -1.0698309996843332,
    "SCS-MP2-VDW CORRELATION ENERGY": -0.033037364336047315,
    "SCS-MP2-VDW TOTAL ENERGY": -1.071895834955336,
    "SCSN-MP2 CORRELATION ENERGY": 0.0,
    "SCSN-MP2 TOTAL ENERGY": -1.0388584706192887,
    "SOS-MP2 CORRELATION ENERGY": 0.0,
    "SOS-MP2 TOTAL ENERGY": -1.0388584706192887,
    "SOS-PI-MP2 CORRELATION ENERGY": -0.036134617242551625,
    "SOS-PI-MP2 TOTAL ENERGY": -1.0749930878618403,
    "TWO-ELECTRON ENERGY": 0.5026901396751442
}