{
    "CC D1 DIAGNOSTIC": 0.039184549446795475,
    "CC D2 DIAGNOSTIC": 0.20164963307952485,
    "CC NEW D1 DIAGNOSTIC": 0.039184549446795475,
    "CC T1 DIAGNOSTIC": 0.01249920261433947,
    "CCSD CORRELATION ENERGY": -0.16618810599596046,
    "CCSD OPPOSITE-SPIN CORRELATION ENERGY": -0.13592756416026203,
    "CCSD SAME-SPIN CORRELATION ENERGY": -0.030260541835698596,
    "CCSD TOTAL ENERGY": -104.13556132088873,
    "CURRENT CORRELATION ENERGY": -0.16618810599596046,
    "CURRENT DIPOLE X": 0.0,
    "CURRENT DIPOLE Y": 0.0,
    "CURRENT DIPOLE Z": 4.484138044984101,
    "CURRENT ENERGY": -104.13556132088873,
    "CURRENT REFERENCE ENERGY": -103.96937321489278,
    "HF TOTAL ENERGY": -103.96937321489278,
    "LCCSD (+LMP2) TOTAL ENERGY": -104.13642135804122,
    "MP2 CORRELATION ENERGY": -0.15058643985736456,
    "MP2 OPPOSITE-SPIN CORRELATION ENERGY": -0.11920502357112334,
    "MP2 SAME-SPIN CORRELATION ENERGY": -0.03138141628624122,
    "MP2 TOTAL ENERGY": -104.11995965475013,
    "NUCLEAR REPULSION ENERGY": 26.57260890588701,
    "ONE-ELECTRON ENERGY": -189.25913014455938,
    "PCM POLARIZATION ENERGY": 0.0,
    "PE ENERGY": 0.0,
    "SCF DIPOLE X": 0.0,
    "SCF DIPOLE Y": 0.0,
    "SCF DIPOLE Z": 4.484138044984101,
    "SCF ITERATION ENERGY": -103.96937321489278,
    "SCF ITERATIONS": 11.0,
    "SCF TOTAL ENERGY": -103.96937321489278,
    "TWO-ELECTRON ENERGY": 58.71714802377957
}