{
    "CC D1 DIAGNOSTIC": 0.1635086562787048,
    "CC D2 DIAGNOSTIC": 0.4779750384015207,
    "CC NEW D1 DIAGNOSTIC": 0.1635086562787048,
    "CC T1 DIAGNOSTIC": 0.05178459460630245,
    "CCSD CORRELATION ENERGY": -0.23649770618462757,
    "CCSD OPPOSITE-SPIN CORRELATION ENERGY": -0.20650725280602927,
    "CCSD SAME-SPIN CORRELATION ENERGY": -0.029990453378597237,
    "CCSD TOTAL ENERGY": -100.02426013312842,
    "CURRENT CORRELATION ENERGY": -0.23649770618462757,
    "CURRENT DIPOLE X": 0.0,
    "CURRENT DIPOLE Y": 0.0,
    "CURRENT DIPOLE Z": -3.8099914873361334,
    "CURRENT ENERGY": -100.02426013312842,
    "CURRENT REFERENCE ENERGY": -99.78776242694384,
    "HF TOTAL ENERGY": -99.78776242694384,
    "LCCSD (+LMP2) TOTAL ENERGY": -100.02582474949047,
    "MP2 CORRELATION ENERGY": -0.2182314175946553,
    "MP2 OPPOSITE-SPIN CORRELATION ENERGY": -0.1716216891117282,
    "MP2 SAME-SPIN CORRELATION ENERGY": -0.046609728482927104,
    "MP2 TOTAL ENERGY": -100.00599384453845,
    "NUCLEAR REPULSION ENERGY": 2.4177458783417607,
    "ONE-ELECTRON ENERGY": -145.6554126071885,
    "PCM POLARIZATION ENERGY": 0.0,
    "PE ENERGY": 0.0,
    "SCF DIPOLE X": 0.0,
    "SCF DIPOLE Y": 0.0,
    "SCF DIPOLE Z": -3.8099914873361334,
    "SCF ITERATION ENERGY": -99.78776242694384,
    "SCF ITERATIONS": 10.0,
    "SCF TOTAL ENERGY": -99.78776242694384,
    "TWO-ELECTRON ENERGY": 43.44990430190292
}