{
    "CC D1 DIAGNOSTIC": 0.035092139383961204,
    "CC D2 DIAGNOSTIC": 0.22735032946229078,
    "CC NEW D1 DIAGNOSTIC": 0.035092139383961204,
    "CC T1 DIAGNOSTIC": 0.00931939356740659,
    "CCSD CORRELATION ENERGY": -0.13005253160973462,
    "CCSD OPPOSITE-SPIN CORRELATION ENERGY": -0.10952225323301383,
    "CCSD SAME-SPIN CORRELATION ENERGY": -0.02053027837671946,
    "CCSD TOTAL ENERGY": -460.13851963281263,
    "CURRENT CORRELATION ENERGY": -0.13005253160973462,
    "CURRENT DIPOLE X": 0.0,
    "CURRENT DIPOLE Y": 0.0,
    "CURRENT DIPOLE Z": -2.2003074823193782,
    "CURRENT ENERGY": -460.13851963281263,
    "CURRENT REFERENCE ENERGY": -460.0084671012026,
    "HF TOTAL ENERGY": -460.00846710120265,
    "LCCSD (+LMP2) TOTAL ENERGY": -460.13833652847046,
    "MP2 CORRELATION ENERGY": -0.11441075953554161,
    "MP2 OPPOSITE-SPIN CORRELATION ENERGY": -0.09183669890670948,
    "MP2 SAME-SPIN CORRELATION ENERGY": -0.022574060628832132,
    "MP2 TOTAL ENERGY": -460.1228778607384,
    "NUCLEAR REPULSION ENERGY": 5.114875724847459,
    "ONE-ELECTRON ENERGY": -645.8871048811277,
    "PCM POLARIZATION ENERGY": 0.0,
    "PE ENERGY": 0.0,
    "SCF DIPOLE X": 0.0,
    "SCF DIPOLE Y": 0.0,
    "SCF DIPOLE Z": -2.2003074823193782,
    "SCF ITERATION ENERGY": -460.0084671012026,
    "SCF ITERATIONS": 9.0,
    "SCF TOTAL ENERGY": -460.0084671012026,
    "TWO-ELECTRON ENERGY": 180.7637620550776
}