{
    "CC D1 DIAGNOSTIC": 0.022220712181623643,
    "CC D2 DIAGNOSTIC": 0.17526128818090567,
    "CC NEW D1 DIAGNOSTIC": 0.022220712181623643,
    "CC T1 DIAGNOSTIC": 0.006740827400769275,
    "CCSD CORRELATION ENERGY": -0.12111628358315181,
    "CCSD OPPOSITE-SPIN CORRELATION ENERGY": -0.10082892579985975,
    "CCSD SAME-SPIN CORRELATION ENERGY": -0.02028735778329227,
    "CCSD TOTAL ENERGY": -460.16443556013996,
    "CURRENT CORRELATION ENERGY": -0.12111628358315181,
    "CURRENT DIPOLE X": 0.0,
    "CURRENT DIPOLE Y": 0.0,
    "CURRENT DIPOLE Z": -2.0391597403642905,
    "CURRENT ENERGY": -460.16443556013996,
    "CURRENT REFERENCE ENERGY": -460.04331927655613,
    "HF TOTAL ENERGY": -460.04331927655613,
    "LCCSD (+LMP2) TOTAL ENERGY": -460.19328582070284,
    "MP2 CORRELATION ENERGY": -0.1086100996857438,
    "MP2 OPPOSITE-SPIN CORRELATION ENERGY": -0.08686842403314492,
    "MP2 SAME-SPIN CORRELATION ENERGY": -0.02174167565259888,
    "MP2 TOTAL ENERGY": -460.15192937624255,
    "NUCLEAR REPULSION ENERGY": 5.784189026483395,
    "ONE-ELECTRON ENERGY": -647.1949176201208,
    "PCM POLARIZATION ENERGY": 0.0,
    "PE ENERGY": 0.0,
    "SCF DIPOLE X": 0.0,
    "SCF DIPOLE Y": 0.0,
    "SCF DIPOLE Z": -2.0391597403642905,
    "SCF ITERATION ENERGY": -460.04331927655613,
    "SCF ITERATIONS": 9.0,
    "SCF TOTAL ENERGY": -460.04331927655613,
    "TWO-ELECTRON ENERGY": 181.36740931708124
}