{
    "CC D1 DIAGNOSTIC": 0.0369856066229689,
    "CC D2 DIAGNOSTIC": 0.09565772561267563,
    "CC NEW D1 DIAGNOSTIC": 0.0369856066229689,
    "CC T1 DIAGNOSTIC": 0.016184409217580988,
    "CCSD CORRELATION ENERGY": -0.17907281687006307,
    "CCSD OPPOSITE-SPIN CORRELATION ENERGY": -0.1434564002801579,
    "CCSD SAME-SPIN CORRELATION ENERGY": -0.03561641658990519,
    "CCSD TOTAL ENERGY": -107.13775574095443,
    "CURRENT CORRELATION ENERGY": -0.17907281687006307,
    "CURRENT DIPOLE X": 0.0,
    "CURRENT DIPOLE Y": 0.0,
    "CURRENT DIPOLE Z": -6.086568594244978,
    "CURRENT ENERGY": -107.13775574095443,
    "CURRENT REFERENCE ENERGY": -106.95868292408439,
    "HF TOTAL ENERGY": -106.95868292408439,
    "LCCSD (+LMP2) TOTAL ENERGY": -107.13679412441925,
    "MP2 CORRELATION ENERGY": -0.17959210276254678,
    "MP2 OPPOSITE-SPIN CORRELATION ENERGY": -0.13609046233472286,
    "MP2 SAME-SPIN CORRELATION ENERGY": -0.04350164042782392,
    "MP2 TOTAL ENERGY": -107.13827502684691,
    "NUCLEAR REPULSION ENERGY": 9.703990283037236,
    "ONE-ELECTRON ENERGY": -170.62623259776134,
    "PCM POLARIZATION ENERGY": 0.0,
    "PE ENERGY": 0.0,
    "SCF DIPOLE X": 0.0,
    "SCF DIPOLE Y": 0.0,
    "SCF DIPOLE Z": -6.086568594244978,
    "SCF ITERATION ENERGY": -106.95868292408439,
    "SCF ITERATIONS": 10.0,
    "SCF TOTAL ENERGY": -106.95868292408439,
    "TWO-ELECTRON ENERGY": 53.96355939063973
}