{
    "CC D1 DIAGNOSTIC": 0.01600766159859486,
    "CC D2 DIAGNOSTIC": 0.14577771919682894,
    "CC NEW D1 DIAGNOSTIC": 0.01600766159859486,
    "CC T1 DIAGNOSTIC": 0.005611846883745893,
    "CCSD CORRELATION ENERGY": -0.11574370664186803,
    "CCSD OPPOSITE-SPIN CORRELATION ENERGY": -0.0957694734846969,
    "CCSD SAME-SPIN CORRELATION ENERGY": -0.019974233157171548,
    "CCSD TOTAL ENERGY": -460.17716930473705,
    "CURRENT CORRELATION ENERGY": -0.11574370664186803,
    "CURRENT DIPOLE X": 0.0,
    "CURRENT DIPOLE Y": 0.0,
    "CURRENT DIPOLE Z": -1.9480859062754656,
    "CURRENT ENERGY": -460.17716930473705,
    "CURRENT REFERENCE ENERGY": -460.061425598095,
    "HF TOTAL ENERGY": -460.061425598095,
    "LCCSD (+LMP2) TOTAL ENERGY": -460.17544614647784,
    "MP2 CORRELATION ENERGY": -0.10486994790837052,
    "MP2 OPPOSITE-SPIN CORRELATION ENERGY": -0.08376554306453411,
    "MP2 SAME-SPIN CORRELATION ENERGY": -0.02110440484383641,
    "MP2 TOTAL ENERGY": -460.16629554600354,
    "NUCLEAR REPULSION ENERGY": 6.370841650165874,
    "ONE-ELECTRON ENERGY": -648.3264125029308,
    "PCM POLARIZATION ENERGY": 0.0,
    "PE ENERGY": 0.0,
    "SCF DIPOLE X": 0.0,
    "SCF DIPOLE Y": 0.0,
    "SCF DIPOLE Z": -1.9480859062754656,
    "SCF ITERATION ENERGY": -460.061425598095,
    "SCF ITERATIONS": 9.0,
    "SCF TOTAL ENERGY": -460.061425598095,
    "TWO-ELECTRON ENERGY": 181.89414525466992
}