{
    "CURRENT CORRELATION ENERGY": -0.27629643959646444,
    "CURRENT DIPOLE X": -1.6931432601918935e-15,
    "CURRENT DIPOLE Y": 0.0,
    "CURRENT DIPOLE Z": -3.716707804716284,
    "CURRENT ENERGY": -110.2159395620224,
    "CURRENT REFERENCE ENERGY": -109.93964312242593,
    "CUSTOM SCS-MP2 CORRELATION ENERGY": -0.2793233962261066,
    "CUSTOM SCS-MP2 TOTAL ENERGY": -110.21896651865204,
    "HF TOTAL ENERGY": -109.93964312242593,
    "MP2 CORRELATION ENERGY": -0.27629643959646444,
    "MP2 OPPOSITE-SPIN CORRELATION ENERGY": -0.2160283650314844,
    "MP2 SAME-SPIN CORRELATION ENERGY": -0.06026807456497586,
    "MP2 TOTAL ENERGY": -110.2159395620224,
    "NUCLEAR REPULSION ENERGY": 32.1795323859415,
    "ONE-ELECTRON ENERGY": -212.45048952769014,
    "PCM POLARIZATION ENERGY": 0.0,
    "PE ENERGY": 0.0,
    "SCF DIPOLE X": -1.6931432601918935e-15,
    "SCF DIPOLE Y": 0.0,
    "SCF DIPOLE Z": -3.716707804716284,
    "SCF ITERATION ENERGY": -109.93964312242593,
    "SCF ITERATIONS": 11.0,
    "SCF TOTAL ENERGY": -109.93964312242593,
    "SCS-MP2 CORRELATION ENERGY": -0.2793233962261066,
    "SCS-MP2 TOTAL ENERGY": -110.21896651865204,
    "SCS-MP2-VDW CORRELATION ENERGY": -0.3066503445227937,
    "SCS-MP2-VDW TOTAL ENERGY": -110.24629346694873,
    "SCSN-MP2 CORRELATION ENERGY": -0.10607181123435794,
    "SCSN-MP2 TOTAL ENERGY": -110.04571493366029,
    "SOS-MP2 CORRELATION ENERGY": -0.280836874540924,
    "SOS-MP2 TOTAL ENERGY": -110.22047999696686,
    "SOS-PI-MP2 CORRELATION ENERGY": -0.3024397110440731,
    "SOS-PI-MP2 TOTAL ENERGY": -110.24208283347001,
    "TWO-ELECTRON ENERGY": 70.33131401932269
}