{
    "CC D1 DIAGNOSTIC": 0.009330335544943658,
    "CC D2 DIAGNOSTIC": 0.20171658450515711,
    "CC NEW D1 DIAGNOSTIC": 0.009330335544943658,
    "CC T1 DIAGNOSTIC": 0.004276578706827939,
    "CCSD CORRELATION ENERGY": -0.23057765439045444,
    "CCSD OPPOSITE-SPIN CORRELATION ENERGY": -0.18192657287121972,
    "CCSD SAME-SPIN CORRELATION ENERGY": -0.04865108151923492,
    "CCSD TOTAL ENERGY": -145.33639645604146,
    "CURRENT CORRELATION ENERGY": -0.23057765439045444,
    "CURRENT DIPOLE X": 0.0,
    "CURRENT DIPOLE Y": 0.0,
    "CURRENT DIPOLE Z": 0.0,
    "CURRENT ENERGY": -145.33639645604146,
    "CURRENT REFERENCE ENERGY": -145.10581880165088,
    "HF TOTAL ENERGY": -145.10581880165088,
    "LCCSD (+LMP2) TOTAL ENERGY": -145.37099689173596,
    "MP2 CORRELATION ENERGY": -0.21861297683092273,
    "MP2 OPPOSITE-SPIN CORRELATION ENERGY": -0.1665052890812101,
    "MP2 SAME-SPIN CORRELATION ENERGY": -0.05210768774971264,
    "MP2 TOTAL ENERGY": -145.3244317784819,
    "NUCLEAR REPULSION ENERGY": 60.44485161518491,
    "ONE-ELECTRON ENERGY": -312.5005222926377,
    "PCM POLARIZATION ENERGY": 0.0,
    "PE ENERGY": 0.0,
    "SCF DIPOLE X": 0.0,
    "SCF DIPOLE Y": 0.0,
    "SCF DIPOLE Z": 0.0,
    "SCF ITERATION ENERGY": -145.10581880165088,
    "SCF ITERATIONS": 9.0,
    "SCF TOTAL ENERGY": -145.10581880165088,
    "TWO-ELECTRON ENERGY": 106.9498518758019
}