{
    "CC D1 DIAGNOSTIC": 0.009716921559243242,
    "CC D2 DIAGNOSTIC": 0.22822741737101504,
    "CC NEW D1 DIAGNOSTIC": 0.009716921559243242,
    "CC T1 DIAGNOSTIC": 0.004175424697692117,
    "CCSD CORRELATION ENERGY": -0.23045975398343446,
    "CCSD OPPOSITE-SPIN CORRELATION ENERGY": -0.18070306515483234,
    "CCSD SAME-SPIN CORRELATION ENERGY": -0.04975668882860221,
    "CCSD TOTAL ENERGY": -143.41563992843302,
    "CURRENT CORRELATION ENERGY": -0.23045975398343446,
    "CURRENT DIPOLE X": 0.0,
    "CURRENT DIPOLE Y": 0.0,
    "CURRENT DIPOLE Z": 0.0,
    "CURRENT ENERGY": -143.41563992843302,
    "CURRENT REFERENCE ENERGY": -143.1851801744496,
    "HF TOTAL ENERGY": -143.1851801744496,
    "LCCSD (+LMP2) TOTAL ENERGY": -143.42893876623637,
    "MP2 CORRELATION ENERGY": -0.21748665168291637,
    "MP2 OPPOSITE-SPIN CORRELATION ENERGY": -0.16457925692975459,
    "MP2 SAME-SPIN CORRELATION ENERGY": -0.05290739475316178,
    "MP2 TOTAL ENERGY": -143.4026668261325,
    "NUCLEAR REPULSION ENERGY": 66.72872232765465,
    "ONE-ELECTRON ENERGY": -320.01058262578505,
    "PCM POLARIZATION ENERGY": 0.0,
    "PE ENERGY": 0.0,
    "SCF DIPOLE X": 0.0,
    "SCF DIPOLE Y": 0.0,
    "SCF DIPOLE Z": 0.0,
    "SCF ITERATION ENERGY": -143.1851801744496,
    "SCF ITERATIONS": 9.0,
    "SCF TOTAL ENERGY": -143.1851801744496,
    "TWO-ELECTRON ENERGY": 110.09668012368078
}