{
    "CC D1 DIAGNOSTIC": 0.019770450700370496,
    "CC D2 DIAGNOSTIC": 0.13203940132283318,
    "CC NEW D1 DIAGNOSTIC": 0.019770450700370496,
    "CC T1 DIAGNOSTIC": 0.007684249937378326,
    "CCSD CORRELATION ENERGY": -0.16670845982180427,
    "CCSD OPPOSITE-SPIN CORRELATION ENERGY": -0.13441015433017364,
    "CCSD SAME-SPIN CORRELATION ENERGY": -0.03229830549163043,
    "CCSD TOTAL ENERGY": -100.17634374747806,
    "CURRENT CORRELATION ENERGY": -0.16670845982180427,
    "CURRENT DIPOLE X": 0.0,
    "CURRENT DIPOLE Y": 0.0,
    "CURRENT DIPOLE Z": -2.4753295772316437,
    "CURRENT ENERGY": -100.17634374747806,
    "CURRENT REFERENCE ENERGY": -100.00963528765632,
    "HF TOTAL ENERGY": -100.00963528765632,
    "LCCSD (+LMP2) TOTAL ENERGY": -100.17740184853737,
    "MP2 CORRELATION ENERGY": -0.1653715852588737,
    "MP2 OPPOSITE-SPIN CORRELATION ENERGY": -0.12565554434697424,
    "MP2 SAME-SPIN CORRELATION ENERGY": -0.03971604091189945,
    "MP2 TOTAL ENERGY": -100.17500687291512,
    "NUCLEAR REPULSION ENERGY": 4.634505546748023,
    "ONE-ELECTRON ENERGY": -149.65984325787085,
    "PCM POLARIZATION ENERGY": 0.0,
    "PE ENERGY": 0.0,
    "SCF DIPOLE X": 0.0,
    "SCF DIPOLE Y": 0.0,
    "SCF DIPOLE Z": -2.4753295772316437,
    "SCF ITERATION ENERGY": -100.00963528765632,
    "SCF ITERATIONS": 9.0,
    "SCF TOTAL ENERGY": -100.00963528765632,
    "TWO-ELECTRON ENERGY": 45.01570242346651
}