{
    "CC D1 DIAGNOSTIC": 0.05150478558353895,
    "CC D2 DIAGNOSTIC": 0.22227351464668135,
    "CC NEW D1 DIAGNOSTIC": 0.05150478558353895,
    "CC T1 DIAGNOSTIC": 0.016808262320353092,
    "CCSD CORRELATION ENERGY": -0.1884428303331235,
    "CCSD OPPOSITE-SPIN CORRELATION ENERGY": -0.15574236819967152,
    "CCSD SAME-SPIN CORRELATION ENERGY": -0.03270046213345218,
    "CCSD TOTAL ENERGY": -100.10841483989637,
    "CURRENT CORRELATION ENERGY": -0.1884428303331235,
    "CURRENT DIPOLE X": 0.0,
    "CURRENT DIPOLE Y": 0.0,
    "CURRENT DIPOLE Z": -2.964663361351559,
    "CURRENT ENERGY": -100.10841483989637,
    "CURRENT REFERENCE ENERGY": -99.91997200956315,
    "HF TOTAL ENERGY": -99.91997200956314,
    "LCCSD (+LMP2) TOTAL ENERGY": -100.09735170482878,
    "MP2 CORRELATION ENERGY": -0.18439800118338698,
    "MP2 OPPOSITE-SPIN CORRELATION ENERGY": -0.14124746695040982,
    "MP2 SAME-SPIN CORRELATION ENERGY": -0.043150534232977156,
    "MP2 TOTAL ENERGY": -100.10437001074662,
    "NUCLEAR REPULSION ENERGY": 3.427690359168065,
    "ONE-ELECTRON ENERGY": -147.5163276408269,
    "PCM POLARIZATION ENERGY": 0.0,
    "PE ENERGY": 0.0,
    "SCF DIPOLE X": 0.0,
    "SCF DIPOLE Y": 0.0,
    "SCF DIPOLE Z": -2.964663361351559,
    "SCF ITERATION ENERGY": -99.91997200956315,
    "SCF ITERATIONS": 10.0,
    "SCF TOTAL ENERGY": -99.91997200956315,
    "TWO-ELECTRON ENERGY": 44.168665272095694
}