{
    "CC D1 DIAGNOSTIC": 0.009793980742815726,
    "CC D2 DIAGNOSTIC": 0.23442584056290405,
    "CC NEW D1 DIAGNOSTIC": 0.009793980742815726,
    "CC T1 DIAGNOSTIC": 0.004176489293958398,
    "CCSD CORRELATION ENERGY": -0.23065079759615337,
    "CCSD OPPOSITE-SPIN CORRELATION ENERGY": -0.18072614346626958,
    "CCSD SAME-SPIN CORRELATION ENERGY": -0.04992465412988362,
    "CCSD TOTAL ENERGY": -143.08033033552735,
    "CURRENT CORRELATION ENERGY": -0.23065079759615337,
    "CURRENT DIPOLE X": 0.0,
    "CURRENT DIPOLE Y": 0.0,
    "CURRENT DIPOLE Z": 0.0,
    "CURRENT ENERGY": -143.08033033552735,
    "CURRENT REFERENCE ENERGY": -142.8496795379312,
    "HF TOTAL ENERGY": -142.8496795379312,
    "LCCSD (+LMP2) TOTAL ENERGY": -143.08033033552735,
    "MP2 CORRELATION ENERGY": -0.21736703742789532,
    "MP2 OPPOSITE-SPIN CORRELATION ENERGY": -0.16433279154330227,
    "MP2 SAME-SPIN CORRELATION ENERGY": -0.053034245884593045,
    "MP2 TOTAL ENERGY": -143.0670465753591,
    "NUCLEAR REPULSION ENERGY": 67.73468296575999,
    "ONE-ELECTRON ENERGY": -321.1540165695201,
    "PCM POLARIZATION ENERGY": 0.0,
    "PE ENERGY": 0.0,
    "SCF DIPOLE X": 0.0,
    "SCF DIPOLE Y": 0.0,
    "SCF DIPOLE Z": 0.0,
    "SCF ITERATION ENERGY": -142.8496795379312,
    "SCF ITERATIONS": 9.0,
    "SCF TOTAL ENERGY": -142.8496795379312,
    "TWO-ELECTRON ENERGY": 110.56965406582889
}