{
    "CC D1 DIAGNOSTIC": 0.023896279635279107,
    "CC D2 DIAGNOSTIC": 0.17032734220227153,
    "CC NEW D1 DIAGNOSTIC": 0.023896279635279107,
    "CC T1 DIAGNOSTIC": 0.010042400157813164,
    "CCSD CORRELATION ENERGY": -0.2708900977596044,
    "CCSD OPPOSITE-SPIN CORRELATION ENERGY": -0.2194525966756288,
    "CCSD SAME-SPIN CORRELATION ENERGY": -0.05143750108397546,
    "CCSD TOTAL ENERGY": -109.16537782530087,
    "CURRENT CORRELATION ENERGY": -0.2708900977596044,
    "CURRENT DIPOLE X": 0.0,
    "CURRENT DIPOLE Y": 0.0,
    "CURRENT DIPOLE Z": 0.0,
    "CURRENT ENERGY": -109.16537782530087,
    "CURRENT REFERENCE ENERGY": -108.8944877275413,
    "HF TOTAL ENERGY": -108.8944877275413,
    "LCCSD (+LMP2) TOTAL ENERGY": -109.16722108043705,
    "MP2 CORRELATION ENERGY": -0.28035305452071724,
    "MP2 OPPOSITE-SPIN CORRELATION ENERGY": -0.21018048664728223,
    "MP2 SAME-SPIN CORRELATION ENERGY": -0.07017256787343501,
    "MP2 TOTAL ENERGY": -109.17484078206198,
    "NUCLEAR REPULSION ENERGY": 24.000032470898464,
    "ONE-ELECTRON ENERGY": -194.58649704588856,
    "PCM POLARIZATION ENERGY": 0.0,
    "PE ENERGY": 0.0,
    "SCF DIPOLE X": 0.0,
    "SCF DIPOLE Y": 0.0,
    "SCF DIPOLE Z": 0.0,
    "SCF ITERATION ENERGY": -108.8944877275413,
    "SCF ITERATIONS": 8.0,
    "SCF TOTAL ENERGY": -108.8944877275413,
    "TWO-ELECTRON ENERGY": 61.69197684744878
}