{
    "CC D1 DIAGNOSTIC": 0.042536785463065066,
    "CC D2 DIAGNOSTIC": 0.27149380956987135,
    "CC NEW D1 DIAGNOSTIC": 0.042536785463065066,
    "CC T1 DIAGNOSTIC": 0.013253263893934868,
    "CCSD CORRELATION ENERGY": -0.326398164204964,
    "CCSD OPPOSITE-SPIN CORRELATION ENERGY": -0.26699078642453167,
    "CCSD SAME-SPIN CORRELATION ENERGY": -0.059407377780432036,
    "CCSD TOTAL ENERGY": -149.83147269388937,
    "CURRENT CORRELATION ENERGY": -0.326398164204964,
    "CURRENT DIPOLE X": 0.0,
    "CURRENT DIPOLE Y": 0.0,
    "CURRENT DIPOLE Z": 0.0,
    "CURRENT ENERGY": -149.83147269388937,
    "CURRENT REFERENCE ENERGY": -149.5050745296844,
    "HF TOTAL ENERGY": -149.50507452968438,
    "LCCSD (+LMP2) TOTAL ENERGY": -149.86674672904124,
    "MP2 CORRELATION ENERGY": -0.3391839641154642,
    "MP2 OPPOSITE-SPIN CORRELATION ENERGY": -0.2549694346947685,
    "MP2 SAME-SPIN CORRELATION ENERGY": -0.08421452942069568,
    "MP2 TOTAL ENERGY": -149.84425849379988,
    "NUCLEAR REPULSION ENERGY": 26.850999821088124,
    "ONE-ELECTRON ENERGY": -258.9251320381403,
    "PCM POLARIZATION ENERGY": 0.0,
    "PE ENERGY": 0.0,
    "SCF DIPOLE X": 0.0,
    "SCF DIPOLE Y": 0.0,
    "SCF DIPOLE Z": 0.0,
    "SCF ITERATION ENERGY": -149.5050745296844,
    "SCF ITERATIONS": 9.0,
    "SCF TOTAL ENERGY": -149.5050745296844,
    "TWO-ELECTRON ENERGY": 82.5690576873678
}