{
    "CC D1 DIAGNOSTIC": 0.33211005335701466,
    "CC D2 DIAGNOSTIC": 0.26384767920868324,
    "CC NEW D1 DIAGNOSTIC": 0.33211005335701466,
    "CC T1 DIAGNOSTIC": 0.1388868894155551,
    "CCSD CORRELATION ENERGY": -0.3310281161439992,
    "CCSD OPPOSITE-SPIN CORRELATION ENERGY": -0.25853917790019537,
    "CCSD SAME-SPIN CORRELATION ENERGY": -0.07248893824380204,
    "CCSD TOTAL ENERGY": -112.73344965590802,
    "CURRENT CORRELATION ENERGY": -0.3310281161439992,
    "CURRENT DIPOLE X": 0.0,
    "CURRENT DIPOLE Y": 0.0,
    "CURRENT DIPOLE Z": -3.1169683612895356,
    "CURRENT ENERGY": -112.73344965590802,
    "CURRENT REFERENCE ENERGY": -112.40242153976392,
    "HF TOTAL ENERGY": -112.40242153976392,
    "LCCSD (+LMP2) TOTAL ENERGY": -112.7334555213322,
    "MP2 CORRELATION ENERGY": -0.2898524471519994,
    "MP2 OPPOSITE-SPIN CORRELATION ENERGY": -0.21950129880714414,
    "MP2 SAME-SPIN CORRELATION ENERGY": -0.07035114834485529,
    "MP2 TOTAL ENERGY": -112.69227398691602,
    "NUCLEAR REPULSION ENERGY": 14.258676209646945,
    "ONE-ELECTRON ENERGY": -182.12542520600314,
    "PCM POLARIZATION ENERGY": 0.0,
    "PE ENERGY": 0.0,
    "SCF DIPOLE X": 0.0,
    "SCF DIPOLE Y": 0.0,
    "SCF DIPOLE Z": -3.1169683612895356,
    "SCF ITERATION ENERGY": -112.40242153976392,
    "SCF ITERATIONS": 14.0,
    "SCF TOTAL ENERGY": -112.40242153976392,
    "TWO-ELECTRON ENERGY": 55.46432745659227
}