{
    "CC D1 DIAGNOSTIC": 0.03511080251933576,
    "CC D2 DIAGNOSTIC": 0.3173935048515598,
    "CC NEW D1 DIAGNOSTIC": 0.03511080251933576,
    "CC T1 DIAGNOSTIC": 0.008735571694802666,
    "CCSD CORRELATION ENERGY": -0.2655286278338774,
    "CCSD OPPOSITE-SPIN CORRELATION ENERGY": -0.21246442727418335,
    "CCSD SAME-SPIN CORRELATION ENERGY": -0.053064200559693964,
    "CCSD TOTAL ENERGY": -258.3151314181425,
    "CURRENT CORRELATION ENERGY": -0.2655286278338774,
    "CURRENT DIPOLE X": 0.0,
    "CURRENT DIPOLE Y": 0.0,
    "CURRENT DIPOLE Z": 3.5500963713815694,
    "CURRENT ENERGY": -258.3151314181425,
    "CURRENT REFERENCE ENERGY": -258.0496027903084,
    "HF TOTAL ENERGY": -258.0496027903084,
    "LCCSD (+LMP2) TOTAL ENERGY": -258.31558945582015,
    "MP2 CORRELATION ENERGY": -0.2462306460954131,
    "MP2 OPPOSITE-SPIN CORRELATION ENERGY": -0.18986910896736398,
    "MP2 SAME-SPIN CORRELATION ENERGY": -0.056361537128049116,
    "MP2 TOTAL ENERGY": -258.29583343640405,
    "NUCLEAR REPULSION ENERGY": 71.40630292746354,
    "ONE-ELECTRON ENERGY": -491.76624138203215,
    "PCM POLARIZATION ENERGY": 0.0,
    "PE ENERGY": 0.0,
    "SCF DIPOLE X": 0.0,
    "SCF DIPOLE Y": 0.0,
    "SCF DIPOLE Z": 3.5500963713815694,
    "SCF ITERATION ENERGY": -258.0496027903084,
    "SCF ITERATIONS": 11.0,
    "SCF TOTAL ENERGY": -258.0496027903084,
    "TWO-ELECTRON ENERGY": 162.31033566426015
}