{
    "CC D1 DIAGNOSTIC": 0.015322054794521828,
    "CC D2 DIAGNOSTIC": 0.11190814876126116,
    "CC NEW D1 DIAGNOSTIC": 0.015322054794521828,
    "CC T1 DIAGNOSTIC": 0.0069191379256743,
    "CCSD CORRELATION ENERGY": -0.15925991077133161,
    "CCSD OPPOSITE-SPIN CORRELATION ENERGY": -0.13036110551048463,
    "CCSD SAME-SPIN CORRELATION ENERGY": -0.02889880526084701,
    "CCSD TOTAL ENERGY": -76.13688015261357,
    "CURRENT CORRELATION ENERGY": -0.15925991077133161,
    "CURRENT DIPOLE X": 0.0,
    "CURRENT DIPOLE Y": 0.0,
    "CURRENT DIPOLE Z": -1.1186405840675473,
    "CURRENT ENERGY": -76.13688015261357,
    "CURRENT REFERENCE ENERGY": -75.9776202418422,
    "HF TOTAL ENERGY": -75.9776202418422,
    "LCCSD (+LMP2) TOTAL ENERGY": -76.15170516441715,
    "MP2 CORRELATION ENERGY": -0.15423848255280892,
    "MP2 OPPOSITE-SPIN CORRELATION ENERGY": -0.11912867478388099,
    "MP2 SAME-SPIN CORRELATION ENERGY": -0.03510980776892793,
    "MP2 TOTAL ENERGY": -76.13185872439506,
    "NUCLEAR REPULSION ENERGY": 9.100411334020169,
    "ONE-ELECTRON ENERGY": -123.09493633172092,
    "PCM POLARIZATION ENERGY": 0.0,
    "PE ENERGY": 0.0,
    "SCF DIPOLE X": 0.0,
    "SCF DIPOLE Y": 0.0,
    "SCF DIPOLE Z": -1.1186405840675473,
    "SCF ITERATION ENERGY": -75.9776202418422,
    "SCF ITERATIONS": 10.0,
    "SCF TOTAL ENERGY": -75.9776202418422,
    "TWO-ELECTRON ENERGY": 38.016904755858555
}