{
    "CC D1 DIAGNOSTIC": 0.011105711151151677,
    "CC D2 DIAGNOSTIC": 0.08678138168032973,
    "CC NEW D1 DIAGNOSTIC": 0.011105711151151677,
    "CC T1 DIAGNOSTIC": 0.004273694043994006,
    "CCSD CORRELATION ENERGY": -0.10489996133600872,
    "CCSD OPPOSITE-SPIN CORRELATION ENERGY": -0.08612244119720044,
    "CCSD SAME-SPIN CORRELATION ENERGY": -0.018777520138808235,
    "CCSD TOTAL ENERGY": -460.03582166569294,
    "CURRENT CORRELATION ENERGY": -0.10489996133600872,
    "CURRENT DIPOLE X": 0.0,
    "CURRENT DIPOLE Y": 0.0,
    "CURRENT DIPOLE Z": -1.727710242282065,
    "CURRENT ENERGY": -460.03582166569294,
    "CURRENT REFERENCE ENERGY": -459.9309217043566,
    "HF TOTAL ENERGY": -459.9309217043566,
    "LCCSD (+LMP2) TOTAL ENERGY": -460.0419096442811,
    "MP2 CORRELATION ENERGY": -0.09665157313682146,
    "MP2 OPPOSITE-SPIN CORRELATION ENERGY": -0.07737717667024971,
    "MP2 SAME-SPIN CORRELATION ENERGY": -0.019274396466571753,
    "MP2 TOTAL ENERGY": -460.02757327749373,
    "NUCLEAR REPULSION ENERGY": 9.447000019507177,
    "ONE-ELECTRON ENERGY": -653.9163181437681,
    "PCM POLARIZATION ENERGY": 0.0,
    "PE ENERGY": 0.0,
    "SCF DIPOLE X": 0.0,
    "SCF DIPOLE Y": 0.0,
    "SCF DIPOLE Z": -1.727710242282065,
    "SCF ITERATION ENERGY": -459.9309217043566,
    "SCF ITERATIONS": 8.0,
    "SCF TOTAL ENERGY": -459.9309217043566,
    "TWO-ELECTRON ENERGY": 184.53839641990433
}