{
    "CC D1 DIAGNOSTIC": 0.010836130194422977,
    "CC D2 DIAGNOSTIC": 0.0789824553214357,
    "CC NEW D1 DIAGNOSTIC": 0.010836130194422977,
    "CC T1 DIAGNOSTIC": 0.00446872028332868,
    "CCSD CORRELATION ENERGY": -0.105162985728429,
    "CCSD OPPOSITE-SPIN CORRELATION ENERGY": -0.08632871384160183,
    "CCSD SAME-SPIN CORRELATION ENERGY": -0.018834271886827375,
    "CCSD TOTAL ENERGY": -457.7656869622844,
    "CURRENT CORRELATION ENERGY": -0.105162985728429,
    "CURRENT DIPOLE X": 0.0,
    "CURRENT DIPOLE Y": 0.0,
    "CURRENT DIPOLE Z": -1.3042643537358962,
    "CURRENT ENERGY": -457.7656869622844,
    "CURRENT REFERENCE ENERGY": -457.6605239765561,
    "HF TOTAL ENERGY": -457.6605239765561,
    "LCCSD (+LMP2) TOTAL ENERGY": -457.8586408124298,
    "MP2 CORRELATION ENERGY": -0.09654202336241513,
    "MP2 OPPOSITE-SPIN CORRELATION ENERGY": -0.07740076688899537,
    "MP2 SAME-SPIN CORRELATION ENERGY": -0.019141256473419757,
    "MP2 TOTAL ENERGY": -457.7570659999184,
    "NUCLEAR REPULSION ENERGY": 17.99202516278,
    "ONE-ELECTRON ENERGY": -664.9848105995159,
    "PCM POLARIZATION ENERGY": 0.0,
    "PE ENERGY": 0.0,
    "SCF DIPOLE X": 0.0,
    "SCF DIPOLE Y": 0.0,
    "SCF DIPOLE Z": -1.3042643537358962,
    "SCF ITERATION ENERGY": -457.6605239765561,
    "SCF ITERATIONS": 9.0,
    "SCF TOTAL ENERGY": -457.6605239765561,
    "TWO-ELECTRON ENERGY": 189.33226146017975
}