{
    "CC D1 DIAGNOSTIC": 0.037564716688271625,
    "CC D2 DIAGNOSTIC": 0.09565092581714703,
    "CC NEW D1 DIAGNOSTIC": 0.037564716688271625,
    "CC T1 DIAGNOSTIC": 0.01646583402613532,
    "CCSD CORRELATION ENERGY": -0.1793655890305575,
    "CCSD OPPOSITE-SPIN CORRELATION ENERGY": -0.1437144923279537,
    "CCSD SAME-SPIN CORRELATION ENERGY": -0.0356510967026038,
    "CCSD TOTAL ENERGY": -107.13990895560767,
    "CURRENT CORRELATION ENERGY": -0.1793655890305575,
    "CURRENT DIPOLE X": 0.0,
    "CURRENT DIPOLE Y": 0.0,
    "CURRENT DIPOLE Z": -6.215456447293043,
    "CURRENT ENERGY": -107.13990895560767,
    "CURRENT REFERENCE ENERGY": -106.96054336657718,
    "HF TOTAL ENERGY": -106.96054336657718,
    "LCCSD (+LMP2) TOTAL ENERGY": -107.14134956119364,
    "MP2 CORRELATION ENERGY": -0.1799146910493798,
    "MP2 OPPOSITE-SPIN CORRELATION ENERGY": -0.13632932301362904,
    "MP2 SAME-SPIN CORRELATION ENERGY": -0.04358536803575075,
    "MP2 TOTAL ENERGY": -107.14045805762649,
    "NUCLEAR REPULSION ENERGY": 9.50926138103649,
    "ONE-ELECTRON ENERGY": -170.27254679623695,
    "PCM POLARIZATION ENERGY": 0.0,
    "PE ENERGY": 0.0,
    "SCF DIPOLE X": 0.0,
    "SCF DIPOLE Y": 0.0,
    "SCF DIPOLE Z": -6.215456447293043,
    "SCF ITERATION ENERGY": -106.96054336657718,
    "SCF ITERATIONS": 10.0,
    "SCF TOTAL ENERGY": -106.96054336657718,
    "TWO-ELECTRON ENERGY": 53.80274204862329
}