{
    "CC D1 DIAGNOSTIC": 0.011562752323811553,
    "CC D2 DIAGNOSTIC": 0.11622597900959876,
    "CC NEW D1 DIAGNOSTIC": 0.011562752323811553,
    "CC T1 DIAGNOSTIC": 0.0047761761383232374,
    "CCSD CORRELATION ENERGY": -0.1101557584736513,
    "CCSD OPPOSITE-SPIN CORRELATION ENERGY": -0.09068199358992711,
    "CCSD SAME-SPIN CORRELATION ENERGY": -0.019473764883724223,
    "CCSD TOTAL ENERGY": -460.1731609108898,
    "CURRENT CORRELATION ENERGY": -0.1101557584736513,
    "CURRENT DIPOLE X": 0.0,
    "CURRENT DIPOLE Y": 0.0,
    "CURRENT DIPOLE Z": -1.8561469880101078,
    "CURRENT ENERGY": -460.1731609108898,
    "CURRENT REFERENCE ENERGY": -460.06300515241674,
    "HF TOTAL ENERGY": -460.06300515241674,
    "LCCSD (+LMP2) TOTAL ENERGY": -460.1996776183495,
    "MP2 CORRELATION ENERGY": -0.10077643145510992,
    "MP2 OPPOSITE-SPIN CORRELATION ENERGY": -0.08048247458604298,
    "MP2 SAME-SPIN CORRELATION ENERGY": -0.020293956869066945,
    "MP2 TOTAL ENERGY": -460.1637815838713,
    "NUCLEAR REPULSION ENERGY": 7.306965321210654,
    "ONE-ELECTRON ENERGY": -650.0933278118058,
    "PCM POLARIZATION ENERGY": 0.0,
    "PE ENERGY": 0.0,
    "SCF DIPOLE X": 0.0,
    "SCF DIPOLE Y": 0.0,
    "SCF DIPOLE Z": -1.8561469880101078,
    "SCF ITERATION ENERGY": -460.06300515241674,
    "SCF ITERATIONS": 9.0,
    "SCF TOTAL ENERGY": -460.06300515241674,
    "TWO-ELECTRON ENERGY": 182.7233573381784
}