{
    "CC D1 DIAGNOSTIC": 0.25499215130337904,
    "CC D2 DIAGNOSTIC": 0.46958206322331314,
    "CC NEW D1 DIAGNOSTIC": 0.25499215130337904,
    "CC T1 DIAGNOSTIC": 0.05718619390076903,
    "CCSD CORRELATION ENERGY": -0.3463754731918225,
    "CCSD OPPOSITE-SPIN CORRELATION ENERGY": -0.2807932434081681,
    "CCSD SAME-SPIN CORRELATION ENERGY": -0.06558222978365352,
    "CCSD TOTAL ENERGY": -260.4135185653626,
    "CURRENT CORRELATION ENERGY": -0.3463754731918225,
    "CURRENT DIPOLE X": 0.0,
    "CURRENT DIPOLE Y": 0.0,
    "CURRENT DIPOLE Z": -0.7181090613544792,
    "CURRENT ENERGY": -260.4135185653626,
    "CURRENT REFERENCE ENERGY": -260.06714309217085,
    "HF TOTAL ENERGY": -260.0671430921709,
    "LCCSD (+LMP2) TOTAL ENERGY": -260.4125242401031,
    "MP2 CORRELATION ENERGY": -0.3432372313354857,
    "MP2 OPPOSITE-SPIN CORRELATION ENERGY": -0.25775273622503536,
    "MP2 SAME-SPIN CORRELATION ENERGY": -0.08548449511045036,
    "MP2 TOTAL ENERGY": -260.4103803235063,
    "NUCLEAR REPULSION ENERGY": 51.738561922628634,
    "ONE-ELECTRON ENERGY": -468.11298821030215,
    "PCM POLARIZATION ENERGY": 0.0,
    "PE ENERGY": 0.0,
    "SCF DIPOLE X": 0.0,
    "SCF DIPOLE Y": 0.0,
    "SCF DIPOLE Z": -0.7181090613544792,
    "SCF ITERATION ENERGY": -260.06714309217085,
    "SCF ITERATIONS": 13.0,
    "SCF TOTAL ENERGY": -260.06714309217085,
    "TWO-ELECTRON ENERGY": 156.3072831955026
}