{
    "CC D1 DIAGNOSTIC": 0.01100455458749394,
    "CC D2 DIAGNOSTIC": 0.18119943066597852,
    "CC NEW D1 DIAGNOSTIC": 0.01100455458749394,
    "CC T1 DIAGNOSTIC": 0.004905657238626442,
    "CCSD CORRELATION ENERGY": -0.23538074754013366,
    "CCSD OPPOSITE-SPIN CORRELATION ENERGY": -0.18796759269590646,
    "CCSD SAME-SPIN CORRELATION ENERGY": -0.04741315484422731,
    "CCSD TOTAL ENERGY": -147.84973284229204,
    "CURRENT CORRELATION ENERGY": -0.23538074754013366,
    "CURRENT DIPOLE X": 0.0,
    "CURRENT DIPOLE Y": 0.0,
    "CURRENT DIPOLE Z": 0.0,
    "CURRENT ENERGY": -147.84973284229204,
    "CURRENT REFERENCE ENERGY": -147.61435209475204,
    "HF TOTAL ENERGY": -147.61435209475204,
    "LCCSD (+LMP2) TOTAL ENERGY": -148.01868046753603,
    "MP2 CORRELATION ENERGY": -0.22354259671306378,
    "MP2 OPPOSITE-SPIN CORRELATION ENERGY": -0.17187822881859752,
    "MP2 SAME-SPIN CORRELATION ENERGY": -0.05166436789446627,
    "MP2 TOTAL ENERGY": -147.83789469146498,
    "NUCLEAR REPULSION ENERGY": 49.73875243611159,
    "ONE-ELECTRON ENERGY": -298.0593787106127,
    "PCM POLARIZATION ENERGY": 0.0,
    "PE ENERGY": 0.0,
    "SCF DIPOLE X": 0.0,
    "SCF DIPOLE Y": 0.0,
    "SCF DIPOLE Z": 0.0,
    "SCF ITERATION ENERGY": -147.61435209475204,
    "SCF ITERATIONS": 9.0,
    "SCF TOTAL ENERGY": -147.61435209475204,
    "TWO-ELECTRON ENERGY": 100.70627417974907
}