{
    "CC D1 DIAGNOSTIC": 0.09814119873545801,
    "CC D2 DIAGNOSTIC": 0.18435118900962946,
    "CC NEW D1 DIAGNOSTIC": 0.09814119873545801,
    "CC T1 DIAGNOSTIC": 0.03124465938895546,
    "CCSD CORRELATION ENERGY": -0.45168080465348937,
    "CCSD OPPOSITE-SPIN CORRELATION ENERGY": -0.35736040746216946,
    "CCSD SAME-SPIN CORRELATION ENERGY": -0.09432039719132013,
    "CCSD TOTAL ENERGY": -187.91635565700338,
    "CURRENT CORRELATION ENERGY": -0.45168080465348937,
    "CURRENT DIPOLE X": 0.0,
    "CURRENT DIPOLE Y": 0.0,
    "CURRENT DIPOLE Z": 0.0,
    "CURRENT ENERGY": -187.91635565700338,
    "CURRENT REFERENCE ENERGY": -187.46467485234848,
    "HF TOTAL ENERGY": -187.46467485234848,
    "LCCSD (+LMP2) TOTAL ENERGY": -187.917604487366,
    "MP2 CORRELATION ENERGY": -0.4788094321305637,
    "MP2 OPPOSITE-SPIN CORRELATION ENERGY": -0.3524219087434572,
    "MP2 SAME-SPIN CORRELATION ENERGY": -0.12638752338710652,
    "MP2 TOTAL ENERGY": -187.94348428448046,
    "NUCLEAR REPULSION ENERGY": 50.108557286937675,
    "ONE-ELECTRON ENERGY": -355.7022655809331,
    "PCM POLARIZATION ENERGY": 0.0,
    "PE ENERGY": 0.0,
    "SCF DIPOLE X": 0.0,
    "SCF DIPOLE Y": 0.0,
    "SCF DIPOLE Z": 0.0,
    "SCF ITERATION ENERGY": -187.46467485234848,
    "SCF ITERATIONS": 10.0,
    "SCF TOTAL ENERGY": -187.46467485234848,
    "TWO-ELECTRON ENERGY": 118.12903344164694
}