{
    "CURRENT CORRELATION ENERGY": -0.024074230942765507,
    "CURRENT DIPOLE X": 0.0,
    "CURRENT DIPOLE Y": 0.0,
    "CURRENT DIPOLE Z": -5.502715595623654e-15,
    "CURRENT ENERGY": -1.0812299216085175,
    "CURRENT REFERENCE ENERGY": -1.057155690665752,
    "CUSTOM SCS-MP2 CORRELATION ENERGY": -0.028889077131318594,
    "CUSTOM SCS-MP2 TOTAL ENERGY": -1.0860447677970706,
    "HF TOTAL ENERGY": -1.057155690665752,
    "MP2 CORRELATION ENERGY": -0.024074230942765507,
    "MP2 OPPOSITE-SPIN CORRELATION ENERGY": -0.024074230942765496,
    "MP2 SAME-SPIN CORRELATION ENERGY": 0.0,
    "MP2 TOTAL ENERGY": -1.0812299216085175,
    "NUCLEAR REPULSION ENERGY": 0.4394861580140678,
    "ONE-ELECTRON ENERGY": -2.018105759570253,
    "PCM POLARIZATION ENERGY": 0.0,
    "PE ENERGY": 0.0,
    "SCF DIPOLE X": 0.0,
    "SCF DIPOLE Y": 0.0,
    "SCF DIPOLE Z": -5.502715595623654e-15,
    "SCF ITERATION ENERGY": -1.057155690665752,
    "SCF ITERATIONS": 5.0,
    "SCF TOTAL ENERGY": -1.057155690665752,
    "SCS-MP2 CORRELATION ENERGY": -0.028889077131318594,
    "SCS-MP2 TOTAL ENERGY": -1.0860447677970706,
    "SCS-MP2-VDW CORRELATION ENERGY": -0.030815015606739937,
    "SCS-MP2-VDW TOTAL ENERGY": -1.087970706272492,
    "SCSN-MP2 CORRELATION ENERGY": 0.0,
    "SCSN-MP2 TOTAL ENERGY": -1.057155690665752,
    "SOS-MP2 CORRELATION ENERGY": 0.0,
    "SOS-MP2 TOTAL ENERGY": -1.057155690665752,
    "SOS-PI-MP2 CORRELATION ENERGY": -0.03370392331987171,
    "SOS-PI-MP2 TOTAL ENERGY": -1.0908596139856237,
    "TWO-ELECTRON ENERGY": 0.5214639108904334
}