{
    "CC D1 DIAGNOSTIC": 0.008805087099762254,
    "CC D2 DIAGNOSTIC": 0.07520540959347444,
    "CC NEW D1 DIAGNOSTIC": 0.008805087099762254,
    "CC T1 DIAGNOSTIC": 0.0049795746939854625,
    "CCSD CORRELATION ENERGY": -0.14105290931727313,
    "CCSD OPPOSITE-SPIN CORRELATION ENERGY": -0.11214037712744268,
    "CCSD SAME-SPIN CORRELATION ENERGY": -0.02891253218983042,
    "CCSD TOTAL ENERGY": -99.55142181102454,
    "CURRENT CORRELATION ENERGY": -0.14105290931727313,
    "CURRENT DIPOLE X": 0.0,
    "CURRENT DIPOLE Y": 0.0,
    "CURRENT DIPOLE Z": -1.7697164350906163,
    "CURRENT ENERGY": -99.55142181102454,
    "CURRENT REFERENCE ENERGY": -99.41036890170727,
    "HF TOTAL ENERGY": -99.41036890170727,
    "LCCSD (+LMP2) TOTAL ENERGY": -99.55002687865668,
    "MP2 CORRELATION ENERGY": -0.1386364882857002,
    "MP2 OPPOSITE-SPIN CORRELATION ENERGY": -0.10563884656537617,
    "MP2 SAME-SPIN CORRELATION ENERGY": -0.03299764172032402,
    "MP2 TOTAL ENERGY": -99.54900538999297,
    "NUCLEAR REPULSION ENERGY": 9.246403749365562,
    "ONE-ELECTRON ENERGY": -156.4803313823113,
    "PCM POLARIZATION ENERGY": 0.0,
    "PE ENERGY": 0.0,
    "SCF DIPOLE X": 0.0,
    "SCF DIPOLE Y": 0.0,
    "SCF DIPOLE Z": -1.7697164350906163,
    "SCF ITERATION ENERGY": -99.41036890170727,
    "SCF ITERATIONS": 9.0,
    "SCF TOTAL ENERGY": -99.41036890170727,
    "TWO-ELECTRON ENERGY": 47.82355873123848
}