{
    "CC D1 DIAGNOSTIC": 0.3325370765380114,
    "CC D2 DIAGNOSTIC": 0.296365825847487,
    "CC NEW D1 DIAGNOSTIC": 0.3325370765380114,
    "CC T1 DIAGNOSTIC": 0.11026817055314363,
    "CCSD CORRELATION ENERGY": -0.47892936225171173,
    "CCSD OPPOSITE-SPIN CORRELATION ENERGY": -0.37120944097802233,
    "CCSD SAME-SPIN CORRELATION ENERGY": -0.10771992127368885,
    "CCSD TOTAL ENERGY": -187.62052706475177,
    "CURRENT CORRELATION ENERGY": -0.47892936225171173,
    "CURRENT DIPOLE X": 0.0,
    "CURRENT DIPOLE Y": 0.0,
    "CURRENT DIPOLE Z": 0.0,
    "CURRENT ENERGY": -187.62052706475177,
    "CURRENT REFERENCE ENERGY": -187.14159770249898,
    "HF TOTAL ENERGY": -187.14159770249898,
    "LCCSD (+LMP2) TOTAL ENERGY": -187.61982789233264,
    "MP2 CORRELATION ENERGY": -0.4029550753943322,
    "MP2 OPPOSITE-SPIN CORRELATION ENERGY": -0.30618683721839846,
    "MP2 SAME-SPIN CORRELATION ENERGY": -0.09676823817593372,
    "MP2 TOTAL ENERGY": -187.5445527778944,
    "NUCLEAR REPULSION ENERGY": 37.86292671400629,
    "ONE-ELECTRON ENERGY": -331.96971797174564,
    "PCM POLARIZATION ENERGY": 0.0,
    "PE ENERGY": 0.0,
    "SCF DIPOLE X": 0.0,
    "SCF DIPOLE Y": 0.0,
    "SCF DIPOLE Z": 0.0,
    "SCF ITERATION ENERGY": -187.14159770249898,
    "SCF ITERATIONS": 12.0,
    "SCF TOTAL ENERGY": -187.14159770249898,
    "TWO-ELECTRON ENERGY": 106.96519355524039
}