{
    "CC D1 DIAGNOSTIC": 0.020619091000619733,
    "CC D2 DIAGNOSTIC": 0.13496221201613595,
    "CC NEW D1 DIAGNOSTIC": 0.020619091000619733,
    "CC T1 DIAGNOSTIC": 0.00790572345686809,
    "CCSD CORRELATION ENERGY": -0.1675473356774577,
    "CCSD OPPOSITE-SPIN CORRELATION ENERGY": -0.13519209459188872,
    "CCSD SAME-SPIN CORRELATION ENERGY": -0.03235524108556878,
    "CCSD TOTAL ENERGY": -100.17440387328185,
    "CURRENT CORRELATION ENERGY": -0.1675473356774577,
    "CURRENT DIPOLE X": 0.0,
    "CURRENT DIPOLE Y": 0.0,
    "CURRENT DIPOLE Z": -2.494707823241601,
    "CURRENT ENERGY": -100.17440387328185,
    "CURRENT REFERENCE ENERGY": -100.00685653760438,
    "HF TOTAL ENERGY": -100.00685653760439,
    "LCCSD (+LMP2) TOTAL ENERGY": -100.17886656568729,
    "MP2 CORRELATION ENERGY": -0.16617605294617688,
    "MP2 OPPOSITE-SPIN CORRELATION ENERGY": -0.12628758772173493,
    "MP2 SAME-SPIN CORRELATION ENERGY": -0.03988846522444195,
    "MP2 TOTAL ENERGY": -100.17303259055056,
    "NUCLEAR REPULSION ENERGY": 4.5675006472769635,
    "ONE-ELECTRON ENERGY": -149.5431436817082,
    "PCM POLARIZATION ENERGY": 0.0,
    "PE ENERGY": 0.0,
    "SCF DIPOLE X": 0.0,
    "SCF DIPOLE Y": 0.0,
    "SCF DIPOLE Z": -2.494707823241601,
    "SCF ITERATION ENERGY": -100.00685653760438,
    "SCF ITERATIONS": 9.0,
    "SCF TOTAL ENERGY": -100.00685653760438,
    "TWO-ELECTRON ENERGY": 44.96878649682683
}