{
    "CURRENT CORRELATION ENERGY": -0.15363901093166987,
    "CURRENT DIPOLE X": 0.0,
    "CURRENT DIPOLE Y": -5.643810867306312e-16,
    "CURRENT DIPOLE Z": -0.7757852799150874,
    "CURRENT ENERGY": -76.12632191781199,
    "CURRENT REFERENCE ENERGY": -75.97268290688032,
    "CUSTOM SCS-MP2 CORRELATION ENERGY": -0.1540433389577938,
    "CUSTOM SCS-MP2 TOTAL ENERGY": -76.12672624583811,
    "HF TOTAL ENERGY": -75.97268290688032,
    "MP2 CORRELATION ENERGY": -0.15363901093166987,
    "MP2 OPPOSITE-SPIN CORRELATION ENERGY": -0.11865038690066014,
    "MP2 SAME-SPIN CORRELATION ENERGY": -0.034988624031004875,
    "MP2 TOTAL ENERGY": -76.12632191781199,
    "NUCLEAR REPULSION ENERGY": 9.09751481955778,
    "ONE-ELECTRON ENERGY": -123.11162472250747,
    "PCM POLARIZATION ENERGY": 0.0,
    "PE ENERGY": 0.0,
    "SCF DIPOLE X": 0.0,
    "SCF DIPOLE Y": -5.643810867306312e-16,
    "SCF DIPOLE Z": -0.7757852799150874,
    "SCF ITERATION ENERGY": -75.97268290688032,
    "SCF ITERATIONS": 10.0,
    "SCF TOTAL ENERGY": -75.97268290688032,
    "SCS-MP2 CORRELATION ENERGY": -0.1540433389577938,
    "SCS-MP2 TOTAL ENERGY": -76.12672624583811,
    "SCS-MP2-VDW CORRELATION ENERGY": -0.16936680724836606,
    "SCS-MP2-VDW TOTAL ENERGY": -76.14204971412869,
    "SCSN-MP2 CORRELATION ENERGY": -0.06157997829456008,
    "SCSN-MP2 TOTAL ENERGY": -76.03426288517488,
    "SOS-MP2 CORRELATION ENERGY": 0.0,
    "SOS-MP2 TOTAL ENERGY": -75.97268290688032,
    "SOS-PI-MP2 CORRELATION ENERGY": -0.16611054166092742,
    "SOS-PI-MP2 TOTAL ENERGY": -76.13879344854125,
    "TWO-ELECTRON ENERGY": 38.041426996069355
}