{
    "CC D1 DIAGNOSTIC": 0.05350229506099201,
    "CC D2 DIAGNOSTIC": 0.324898999986912,
    "CC NEW D1 DIAGNOSTIC": 0.05350229506099201,
    "CC T1 DIAGNOSTIC": 0.016690152003938356,
    "CCSD CORRELATION ENERGY": -0.36141290475572774,
    "CCSD OPPOSITE-SPIN CORRELATION ENERGY": -0.3013297314679013,
    "CCSD SAME-SPIN CORRELATION ENERGY": -0.06008317328782675,
    "CCSD TOTAL ENERGY": -149.82015023567507,
    "CURRENT CORRELATION ENERGY": -0.36141290475572774,
    "CURRENT DIPOLE X": 0.0,
    "CURRENT DIPOLE Y": 0.0,
    "CURRENT DIPOLE Z": 0.0,
    "CURRENT ENERGY": -149.82015023567507,
    "CURRENT REFERENCE ENERGY": -149.45873733091898,
    "HF TOTAL ENERGY": -149.45873733091898,
    "LCCSD (+LMP2) TOTAL ENERGY": -149.8321828180129,
    "MP2 CORRELATION ENERGY": -0.39401764900047404,
    "MP2 OPPOSITE-SPIN CORRELATION ENERGY": -0.29392715767309063,
    "MP2 SAME-SPIN CORRELATION ENERGY": -0.1000904913273834,
    "MP2 TOTAL ENERGY": -149.8527549799198,
    "NUCLEAR REPULSION ENERGY": 23.984345035918583,
    "ONE-ELECTRON ENERGY": -253.3445237617039,
    "PCM POLARIZATION ENERGY": 0.0,
    "PE ENERGY": 0.0,
    "SCF DIPOLE X": 0.0,
    "SCF DIPOLE Y": 0.0,
    "SCF DIPOLE Z": 0.0,
    "SCF ITERATION ENERGY": -149.45873733091898,
    "SCF ITERATIONS": 9.0,
    "SCF TOTAL ENERGY": -149.45873733091898,
    "TWO-ELECTRON ENERGY": 79.90144139486634
}