{
    "CC D1 DIAGNOSTIC": 0.03555526440105003,
    "CC D2 DIAGNOSTIC": 0.3198534571247983,
    "CC NEW D1 DIAGNOSTIC": 0.03555526440105003,
    "CC T1 DIAGNOSTIC": 0.008810211111348056,
    "CCSD CORRELATION ENERGY": -0.26472114271333697,
    "CCSD OPPOSITE-SPIN CORRELATION ENERGY": -0.21185229434726904,
    "CCSD SAME-SPIN CORRELATION ENERGY": -0.05286884836606792,
    "CCSD TOTAL ENERGY": -258.1067745853513,
    "CURRENT CORRELATION ENERGY": -0.26472114271333697,
    "CURRENT DIPOLE X": 0.0,
    "CURRENT DIPOLE Y": 0.0,
    "CURRENT DIPOLE Z": 3.5426791155995536,
    "CURRENT ENERGY": -258.1067745853513,
    "CURRENT REFERENCE ENERGY": -257.8420534426378,
    "HF TOTAL ENERGY": -257.84205344263773,
    "LCCSD (+LMP2) TOTAL ENERGY": -258.1075547288899,
    "MP2 CORRELATION ENERGY": -0.2452931466722624,
    "MP2 OPPOSITE-SPIN CORRELATION ENERGY": -0.18917325524674006,
    "MP2 SAME-SPIN CORRELATION ENERGY": -0.056119891425522345,
    "MP2 TOTAL ENERGY": -258.08734658931024,
    "NUCLEAR REPULSION ENERGY": 72.9043372546131,
    "ONE-ELECTRON ENERGY": -494.06882989333826,
    "PCM POLARIZATION ENERGY": 0.0,
    "PE ENERGY": 0.0,
    "SCF DIPOLE X": 0.0,
    "SCF DIPOLE Y": 0.0,
    "SCF DIPOLE Z": 3.5426791155995536,
    "SCF ITERATION ENERGY": -257.8420534426378,
    "SCF ITERATIONS": 11.0,
    "SCF TOTAL ENERGY": -257.8420534426378,
    "TWO-ELECTRON ENERGY": 163.3224391960874
}