{
    "CC D1 DIAGNOSTIC": 0.01513592542923588,
    "CC D2 DIAGNOSTIC": 0.11365686287286814,
    "CC NEW D1 DIAGNOSTIC": 0.01513592542923588,
    "CC T1 DIAGNOSTIC": 0.006877462041991439,
    "CCSD CORRELATION ENERGY": -0.1610030670812235,
    "CCSD OPPOSITE-SPIN CORRELATION ENERGY": -0.13216062115449706,
    "CCSD SAME-SPIN CORRELATION ENERGY": -0.028842445926726468,
    "CCSD TOTAL ENERGY": -76.1569475577509,
    "CURRENT CORRELATION ENERGY": -0.1610030670812235,
    "CURRENT DIPOLE X": 0.0,
    "CURRENT DIPOLE Y": 0.0,
    "CURRENT DIPOLE Z": -1.8582932328393948,
    "CURRENT ENERGY": -76.1569475577509,
    "CURRENT REFERENCE ENERGY": -75.99594449066973,
    "HF TOTAL ENERGY": -75.99594449066973,
    "LCCSD (+LMP2) TOTAL ENERGY": -76.13936449652405,
    "MP2 CORRELATION ENERGY": -0.15548909264468064,
    "MP2 OPPOSITE-SPIN CORRELATION ENERGY": -0.12041679292036735,
    "MP2 SAME-SPIN CORRELATION ENERGY": -0.03507229972431329,
    "MP2 TOTAL ENERGY": -76.15143358331436,
    "NUCLEAR REPULSION ENERGY": 9.115084867846967,
    "ONE-ELECTRON ENERGY": -123.03917033336391,
    "PCM POLARIZATION ENERGY": 0.0,
    "PE ENERGY": 0.0,
    "SCF DIPOLE X": 0.0,
    "SCF DIPOLE Y": 0.0,
    "SCF DIPOLE Z": -1.8582932328393948,
    "SCF ITERATION ENERGY": -75.99594449066973,
    "SCF ITERATIONS": 10.0,
    "SCF TOTAL ENERGY": -75.99594449066973,
    "TWO-ELECTRON ENERGY": 37.928140974847224
}