{
    "CC D1 DIAGNOSTIC": 0.08296249957096928,
    "CC D2 DIAGNOSTIC": 0.09509359461657482,
    "CC NEW D1 DIAGNOSTIC": 0.08296249957096928,
    "CC T1 DIAGNOSTIC": 0.020417038665856844,
    "CCSD CORRELATION ENERGY": -0.2859940937050081,
    "CCSD OPPOSITE-SPIN CORRELATION ENERGY": -0.2213384862279692,
    "CCSD SAME-SPIN CORRELATION ENERGY": -0.06465560747703952,
    "CCSD TOTAL ENERGY": -261.20381773163837,
    "CURRENT CORRELATION ENERGY": -0.2859940937050081,
    "CURRENT DIPOLE X": 0.0,
    "CURRENT DIPOLE Y": 0.0,
    "CURRENT DIPOLE Z": -5.876868233416996,
    "CURRENT ENERGY": -261.20381773163837,
    "CURRENT REFERENCE ENERGY": -260.9178236379326,
    "HF TOTAL ENERGY": -260.9178236379326,
    "LCCSD (+LMP2) TOTAL ENERGY": -261.20374644269253,
    "MP2 CORRELATION ENERGY": -0.28630457288851247,
    "MP2 OPPOSITE-SPIN CORRELATION ENERGY": -0.2123595046797222,
    "MP2 SAME-SPIN CORRELATION ENERGY": -0.07394506820879027,
    "MP2 TOTAL ENERGY": -261.20412821082186,
    "NUCLEAR REPULSION ENERGY": 42.293388346489536,
    "ONE-ELECTRON ENERGY": -454.04988919524624,
    "PCM POLARIZATION ENERGY": 0.0,
    "PE ENERGY": 0.0,
    "SCF DIPOLE X": 0.0,
    "SCF DIPOLE Y": 0.0,
    "SCF DIPOLE Z": -5.876868233416996,
    "SCF ITERATION ENERGY": -260.9178236379326,
    "SCF ITERATIONS": 11.0,
    "SCF TOTAL ENERGY": -260.9178236379326,
    "TWO-ELECTRON ENERGY": 150.83867721082407
}