{
    "CC D1 DIAGNOSTIC": 0.17642257782221846,
    "CC D2 DIAGNOSTIC": 0.21888961229604922,
    "CC NEW D1 DIAGNOSTIC": 0.17642257782221846,
    "CC T1 DIAGNOSTIC": 0.07125181886255098,
    "CCSD CORRELATION ENERGY": -0.3152056394566088,
    "CCSD OPPOSITE-SPIN CORRELATION ENERGY": -0.2536613476574504,
    "CCSD SAME-SPIN CORRELATION ENERGY": -0.06154429179915838,
    "CCSD TOTAL ENERGY": -112.80025001017752,
    "CURRENT CORRELATION ENERGY": -0.3152056394566088,
    "CURRENT DIPOLE X": 0.0,
    "CURRENT DIPOLE Y": 0.0,
    "CURRENT DIPOLE Z": -2.733826579956461,
    "CURRENT ENERGY": -112.80025001017752,
    "CURRENT REFERENCE ENERGY": -112.485044370721,
    "HF TOTAL ENERGY": -112.485044370721,
    "LCCSD (+LMP2) TOTAL ENERGY": -112.80713056047594,
    "MP2 CORRELATION ENERGY": -0.3342148875492732,
    "MP2 OPPOSITE-SPIN CORRELATION ENERGY": -0.24664634850732597,
    "MP2 SAME-SPIN CORRELATION ENERGY": -0.08756853904194722,
    "MP2 TOTAL ENERGY": -112.8192592582702,
    "NUCLEAR REPULSION ENERGY": 15.870331919371552,
    "ONE-ELECTRON ENERGY": -185.15556777343744,
    "PCM POLARIZATION ENERGY": 0.0,
    "PE ENERGY": 0.0,
    "SCF DIPOLE X": 0.0,
    "SCF DIPOLE Y": 0.0,
    "SCF DIPOLE Z": -2.733826579956461,
    "SCF ITERATION ENERGY": -112.485044370721,
    "SCF ITERATIONS": 12.0,
    "SCF TOTAL ENERGY": -112.485044370721,
    "TWO-ELECTRON ENERGY": 56.80019148334489
}