{
    "CC D1 DIAGNOSTIC": 0.2305035591328865,
    "CC D2 DIAGNOSTIC": 0.23655578876427313,
    "CC NEW D1 DIAGNOSTIC": 0.2305035591328865,
    "CC T1 DIAGNOSTIC": 0.0758660837010772,
    "CCSD CORRELATION ENERGY": -0.48235162638661705,
    "CCSD OPPOSITE-SPIN CORRELATION ENERGY": -0.377948711214636,
    "CCSD SAME-SPIN CORRELATION ENERGY": -0.10440291517198036,
    "CCSD TOTAL ENERGY": -187.71208298393958,
    "CURRENT CORRELATION ENERGY": -0.48235162638661705,
    "CURRENT DIPOLE X": 0.0,
    "CURRENT DIPOLE Y": 0.0,
    "CURRENT DIPOLE Z": 0.0,
    "CURRENT ENERGY": -187.71208298393958,
    "CURRENT REFERENCE ENERGY": -187.22973135754998,
    "HF TOTAL ENERGY": -187.22973135754998,
    "LCCSD (+LMP2) TOTAL ENERGY": -187.72177866908842,
    "MP2 CORRELATION ENERGY": -0.46213160170678114,
    "MP2 OPPOSITE-SPIN CORRELATION ENERGY": -0.34289838555122354,
    "MP2 SAME-SPIN CORRELATION ENERGY": -0.1192332161555576,
    "MP2 TOTAL ENERGY": -187.69186295925974,
    "NUCLEAR REPULSION ENERGY": 41.34724512327066,
    "ONE-ELECTRON ENERGY": -338.6515897780656,
    "PCM POLARIZATION ENERGY": 0.0,
    "PE ENERGY": 0.0,
    "SCF DIPOLE X": 0.0,
    "SCF DIPOLE Y": 0.0,
    "SCF DIPOLE Z": 0.0,
    "SCF ITERATION ENERGY": -187.22973135754998,
    "SCF ITERATIONS": 12.0,
    "SCF TOTAL ENERGY": -187.22973135754998,
    "TWO-ELECTRON ENERGY": 110.07461329724495
}