{
    "CC D1 DIAGNOSTIC": 0.05064722217292338,
    "CC D2 DIAGNOSTIC": 0.09024448505951449,
    "CC NEW D1 DIAGNOSTIC": 0.05064722217292338,
    "CC T1 DIAGNOSTIC": 0.014740331836276346,
    "CCSD CORRELATION ENERGY": -0.2861036147172197,
    "CCSD OPPOSITE-SPIN CORRELATION ENERGY": -0.22182800563346644,
    "CCSD SAME-SPIN CORRELATION ENERGY": -0.06427560908375318,
    "CCSD TOTAL ENERGY": -261.4166820763992,
    "CURRENT CORRELATION ENERGY": -0.2861036147172197,
    "CURRENT DIPOLE X": 0.0,
    "CURRENT DIPOLE Y": 0.0,
    "CURRENT DIPOLE Z": -6.369096559011738,
    "CURRENT ENERGY": -261.4166820763992,
    "CURRENT REFERENCE ENERGY": -261.13057846168135,
    "HF TOTAL ENERGY": -261.13057846168135,
    "LCCSD (+LMP2) TOTAL ENERGY": -261.4167363399684,
    "MP2 CORRELATION ENERGY": -0.2868662080299958,
    "MP2 OPPOSITE-SPIN CORRELATION ENERGY": -0.21302613420729072,
    "MP2 SAME-SPIN CORRELATION ENERGY": -0.07384007382270508,
    "MP2 TOTAL ENERGY": -261.417444669712,
    "NUCLEAR REPULSION ENERGY": 38.32838318900615,
    "ONE-ELECTRON ENERGY": -446.5047382707058,
    "PCM POLARIZATION ENERGY": 0.0,
    "PE ENERGY": 0.0,
    "SCF DIPOLE X": 0.0,
    "SCF DIPOLE Y": 0.0,
    "SCF DIPOLE Z": -6.369096559011738,
    "SCF ITERATION ENERGY": -261.13057846168135,
    "SCF ITERATIONS": 11.0,
    "SCF TOTAL ENERGY": -261.13057846168135,
    "TWO-ELECTRON ENERGY": 147.04577662001824
}