{
    "CC D1 DIAGNOSTIC": 0.04317757905255201,
    "CC D2 DIAGNOSTIC": 0.35280417019571386,
    "CC NEW D1 DIAGNOSTIC": 0.04317757905255201,
    "CC T1 DIAGNOSTIC": 0.010664397311378523,
    "CCSD CORRELATION ENERGY": -0.26114341380667727,
    "CCSD OPPOSITE-SPIN CORRELATION ENERGY": -0.20891876531671238,
    "CCSD SAME-SPIN CORRELATION ENERGY": -0.05222464848996472,
    "CCSD TOTAL ENERGY": -252.4407320530483,
    "CURRENT CORRELATION ENERGY": -0.26114341380667727,
    "CURRENT DIPOLE X": 0.0,
    "CURRENT DIPOLE Y": 0.0,
    "CURRENT DIPOLE Z": 3.361311806847165,
    "CURRENT ENERGY": -252.4407320530483,
    "CURRENT REFERENCE ENERGY": -252.1795886392415,
    "HF TOTAL ENERGY": -252.1795886392415,
    "LCCSD (+LMP2) TOTAL ENERGY": -252.4423037157454,
    "MP2 CORRELATION ENERGY": -0.24016770940093937,
    "MP2 OPPOSITE-SPIN CORRELATION ENERGY": -0.1847374546154738,
    "MP2 SAME-SPIN CORRELATION ENERGY": -0.055430254785465566,
    "MP2 TOTAL ENERGY": -252.41975634864255,
    "NUCLEAR REPULSION ENERGY": 100.24346372509298,
    "ONE-ELECTRON ENERGY": -532.5033605963941,
    "PCM POLARIZATION ENERGY": 0.0,
    "PE ENERGY": 0.0,
    "SCF DIPOLE X": 0.0,
    "SCF DIPOLE Y": 0.0,
    "SCF DIPOLE Z": 3.361311806847165,
    "SCF ITERATION ENERGY": -252.1795886392415,
    "SCF ITERATIONS": 10.0,
    "SCF TOTAL ENERGY": -252.1795886392415,
    "TWO-ELECTRON ENERGY": 180.08030823205968
}