{
    "CC D1 DIAGNOSTIC": 0.01694616001197248,
    "CC D2 DIAGNOSTIC": 0.10303246677274142,
    "CC NEW D1 DIAGNOSTIC": 0.01694616001197248,
    "CC T1 DIAGNOSTIC": 0.005898534828903376,
    "CCSD CORRELATION ENERGY": -0.21170854630934252,
    "CCSD OPPOSITE-SPIN CORRELATION ENERGY": -0.1674994421091806,
    "CCSD SAME-SPIN CORRELATION ENERGY": -0.04420910420016205,
    "CCSD TOTAL ENERGY": -103.84803435570517,
    "CURRENT CORRELATION ENERGY": -0.21170854630934252,
    "CURRENT DIPOLE X": 0.0,
    "CURRENT DIPOLE Y": 0.0,
    "CURRENT DIPOLE Z": 2.821905433653156e-16,
    "CURRENT ENERGY": -103.84803435570517,
    "CURRENT REFERENCE ENERGY": -103.63632580939574,
    "HF TOTAL ENERGY": -103.63632580939574,
    "LCCSD (+LMP2) TOTAL ENERGY": -103.86289534452558,
    "MP2 CORRELATION ENERGY": -0.20226099195380595,
    "MP2 OPPOSITE-SPIN CORRELATION ENERGY": -0.1549359812742258,
    "MP2 SAME-SPIN CORRELATION ENERGY": -0.04732501067958014,
    "MP2 TOTAL ENERGY": -103.83858680134963,
    "NUCLEAR REPULSION ENERGY": 51.08917803211059,
    "ONE-ELECTRON ENERGY": -236.05028454610792,
    "PCM POLARIZATION ENERGY": 0.0,
    "PE ENERGY": 0.0,
    "SCF DIPOLE X": 0.0,
    "SCF DIPOLE Y": 0.0,
    "SCF DIPOLE Z": 2.821905433653156e-16,
    "SCF ITERATION ENERGY": -103.63632580939574,
    "SCF ITERATIONS": 9.0,
    "SCF TOTAL ENERGY": -103.63632580939574,
    "TWO-ELECTRON ENERGY": 81.32478070460158
}