{
    "CURRENT CORRELATION ENERGY": -0.1532657310990828,
    "CURRENT DIPOLE X": 0.0,
    "CURRENT DIPOLE Y": 5.643810867306312e-16,
    "CURRENT DIPOLE Z": -0.49517495472895645,
    "CURRENT ENERGY": -76.12340389033923,
    "CURRENT REFERENCE ENERGY": -75.97013815924015,
    "CUSTOM SCS-MP2 CORRELATION ENERGY": -0.15367930861271367,
    "CUSTOM SCS-MP2 TOTAL ENERGY": -76.12381746785286,
    "HF TOTAL ENERGY": -75.97013815924015,
    "MP2 CORRELATION ENERGY": -0.1532657310990828,
    "MP2 OPPOSITE-SPIN CORRELATION ENERGY": -0.118373921053484,
    "MP2 SAME-SPIN CORRELATION ENERGY": -0.03489181004559859,
    "MP2 TOTAL ENERGY": -76.12340389033923,
    "NUCLEAR REPULSION ENERGY": 9.096120793869625,
    "ONE-ELECTRON ENERGY": -123.12061678714761,
    "PCM POLARIZATION ENERGY": 0.0,
    "PE ENERGY": 0.0,
    "SCF DIPOLE X": 0.0,
    "SCF DIPOLE Y": 5.643810867306312e-16,
    "SCF DIPOLE Z": -0.49517495472895645,
    "SCF ITERATION ENERGY": -75.97013815924015,
    "SCF ITERATIONS": 10.0,
    "SCF TOTAL ENERGY": -75.97013815924015,
    "SCS-MP2 CORRELATION ENERGY": -0.15367930861271367,
    "SCS-MP2 TOTAL ENERGY": -76.12381746785286,
    "SCS-MP2-VDW CORRELATION ENERGY": -0.16896452397126893,
    "SCS-MP2-VDW TOTAL ENERGY": -76.13910268321142,
    "SCSN-MP2 CORRELATION ENERGY": -0.06140958568025212,
    "SCSN-MP2 TOTAL ENERGY": -76.0315477449204,
    "SOS-MP2 CORRELATION ENERGY": 0.0,
    "SOS-MP2 TOTAL ENERGY": -75.97013815924015,
    "SOS-PI-MP2 CORRELATION ENERGY": -0.16572348947487114,
    "SOS-PI-MP2 TOTAL ENERGY": -76.13586164871502,
    "TWO-ELECTRON ENERGY": 38.05435783403784
}