{
    "CC D1 DIAGNOSTIC": 0.47295523501839126,
    "CC D2 DIAGNOSTIC": 0.43436628816892414,
    "CC NEW D1 DIAGNOSTIC": 0.47295523501839126,
    "CC T1 DIAGNOSTIC": 0.155964149291636,
    "CCSD CORRELATION ENERGY": -0.46688166571403417,
    "CCSD OPPOSITE-SPIN CORRELATION ENERGY": -0.35935713553595094,
    "CCSD SAME-SPIN CORRELATION ENERGY": -0.107524530178081,
    "CCSD TOTAL ENERGY": -187.54262043758735,
    "CURRENT CORRELATION ENERGY": -0.46688166571403417,
    "CURRENT DIPOLE X": 0.0,
    "CURRENT DIPOLE Y": 0.0,
    "CURRENT DIPOLE Z": 0.0,
    "CURRENT ENERGY": -187.54262043758735,
    "CURRENT REFERENCE ENERGY": -187.07573877187176,
    "HF TOTAL ENERGY": -187.07573877187176,
    "LCCSD (+LMP2) TOTAL ENERGY": -187.5421968320631,
    "MP2 CORRELATION ENERGY": -0.33962405513082855,
    "MP2 OPPOSITE-SPIN CORRELATION ENERGY": -0.26756639276825256,
    "MP2 SAME-SPIN CORRELATION ENERGY": -0.07205766236257599,
    "MP2 TOTAL ENERGY": -187.41536282700415,
    "NUCLEAR REPULSION ENERGY": 34.51780258690459,
    "ONE-ELECTRON ENERGY": -325.5519627500894,
    "PCM POLARIZATION ENERGY": 0.0,
    "PE ENERGY": 0.0,
    "SCF DIPOLE X": 0.0,
    "SCF DIPOLE Y": 0.0,
    "SCF DIPOLE Z": 0.0,
    "SCF ITERATION ENERGY": -187.07573877187176,
    "SCF ITERATIONS": 13.0,
    "SCF TOTAL ENERGY": -187.07573877187176,
    "TWO-ELECTRON ENERGY": 103.95842139131307
}