{
    "CC D1 DIAGNOSTIC": 0.02804029858781698,
    "CC D2 DIAGNOSTIC": 0.2248264583563665,
    "CC NEW D1 DIAGNOSTIC": 0.02804029858781698,
    "CC T1 DIAGNOSTIC": 0.009209289506760353,
    "CCSD CORRELATION ENERGY": -0.28490167512375303,
    "CCSD OPPOSITE-SPIN CORRELATION ENERGY": -0.23047452275820993,
    "CCSD SAME-SPIN CORRELATION ENERGY": -0.05442715236554316,
    "CCSD TOTAL ENERGY": -149.75711204219874,
    "CURRENT CORRELATION ENERGY": -0.28490167512375303,
    "CURRENT DIPOLE X": 0.0,
    "CURRENT DIPOLE Y": 0.0,
    "CURRENT DIPOLE Z": 0.0,
    "CURRENT ENERGY": -149.75711204219874,
    "CURRENT REFERENCE ENERGY": -149.47221036707515,
    "HF TOTAL ENERGY": -149.47221036707515,
    "LCCSD (+LMP2) TOTAL ENERGY": -149.6393284372453,
    "MP2 CORRELATION ENERGY": -0.2814105235192989,
    "MP2 OPPOSITE-SPIN CORRELATION ENERGY": -0.21420842343277235,
    "MP2 SAME-SPIN CORRELATION ENERGY": -0.06720210008652655,
    "MP2 TOTAL ENERGY": -149.75362089059428,
    "NUCLEAR REPULSION ENERGY": 31.790570542892077,
    "ONE-ELECTRON ENERGY": -268.27974552691717,
    "PCM POLARIZATION ENERGY": 0.0,
    "PE ENERGY": 0.0,
    "SCF DIPOLE X": 0.0,
    "SCF DIPOLE Y": 0.0,
    "SCF DIPOLE Z": 0.0,
    "SCF ITERATION ENERGY": -149.47221036707515,
    "SCF ITERATIONS": 9.0,
    "SCF TOTAL ENERGY": -149.47221036707515,
    "TWO-ELECTRON ENERGY": 87.01696461694992
}