{
    "CC D1 DIAGNOSTIC": 0.026356321454218228,
    "CC D2 DIAGNOSTIC": 0.19318656237597587,
    "CC NEW D1 DIAGNOSTIC": 0.026356321454218228,
    "CC T1 DIAGNOSTIC": 0.01036787061772734,
    "CCSD CORRELATION ENERGY": -0.32269759221110544,
    "CCSD OPPOSITE-SPIN CORRELATION ENERGY": -0.26723789498631023,
    "CCSD SAME-SPIN CORRELATION ENERGY": -0.05545969722479516,
    "CCSD TOTAL ENERGY": -151.06341957027186,
    "CURRENT CORRELATION ENERGY": -0.32269759221110544,
    "CURRENT DIPOLE X": 2.821905433653156e-16,
    "CURRENT DIPOLE Y": -1.1287621734612623e-15,
    "CURRENT DIPOLE Z": -3.5859668852532987,
    "CURRENT ENERGY": -151.06341957027186,
    "CURRENT REFERENCE ENERGY": -150.74072197805984,
    "HF TOTAL ENERGY": -150.74072197805984,
    "LCCSD (+LMP2) TOTAL ENERGY": -151.0706824814915,
    "MP2 CORRELATION ENERGY": -0.3146485684269128,
    "MP2 OPPOSITE-SPIN CORRELATION ENERGY": -0.24394503524939504,
    "MP2 SAME-SPIN CORRELATION ENERGY": -0.07070353317751776,
    "MP2 TOTAL ENERGY": -151.05537054648767,
    "NUCLEAR REPULSION ENERGY": 36.324733471222636,
    "ONE-ELECTRON ENERGY": -280.0133458827634,
    "PCM POLARIZATION ENERGY": 0.0,
    "PE ENERGY": 0.0,
    "SCF DIPOLE X": 2.821905433653156e-16,
    "SCF DIPOLE Y": -1.1287621734612623e-15,
    "SCF DIPOLE Z": -3.5859668852532987,
    "SCF ITERATION ENERGY": -150.74072197805984,
    "SCF ITERATIONS": 11.0,
    "SCF TOTAL ENERGY": -150.74072197805984,
    "TWO-ELECTRON ENERGY": 92.94789043348095
}