{
    "CC D1 DIAGNOSTIC": 0.08629372551249645,
    "CC D2 DIAGNOSTIC": 0.6736917237843641,
    "CC NEW D1 DIAGNOSTIC": 0.08629372551249645,
    "CC T1 DIAGNOSTIC": 0.028488555976544712,
    "CCSD CORRELATION ENERGY": -0.5092387982557471,
    "CCSD OPPOSITE-SPIN CORRELATION ENERGY": -0.49298261835980767,
    "CCSD SAME-SPIN CORRELATION ENERGY": -0.016256179895939138,
    "CCSD TOTAL ENERGY": -149.7507564335829,
    "CURRENT CORRELATION ENERGY": -0.5092387982557471,
    "CURRENT DIPOLE X": 0.0,
    "CURRENT DIPOLE Y": 0.0,
    "CURRENT DIPOLE Z": 0.0,
    "CURRENT ENERGY": -149.7507564335829,
    "CURRENT REFERENCE ENERGY": -149.24151763532737,
    "HF TOTAL ENERGY": -149.24151763532737,
    "LCCSD (+LMP2) TOTAL ENERGY": -149.68612387166885,
    "MP2 CORRELATION ENERGY": -0.6328424743994815,
    "MP2 OPPOSITE-SPIN CORRELATION ENERGY": -0.46619259092403265,
    "MP2 SAME-SPIN CORRELATION ENERGY": -0.16664988347544885,
    "MP2 TOTAL ENERGY": -149.8743601097266,
    "NUCLEAR REPULSION ENERGY": 17.460106101277514,
    "ONE-ELECTRON ENERGY": -240.42634080935338,
    "PCM POLARIZATION ENERGY": 0.0,
    "PE ENERGY": 0.0,
    "SCF DIPOLE X": 0.0,
    "SCF DIPOLE Y": 0.0,
    "SCF DIPOLE Z": 0.0,
    "SCF ITERATION ENERGY": -149.24151763532737,
    "SCF ITERATIONS": 9.0,
    "SCF TOTAL ENERGY": -149.24151763532737,
    "TWO-ELECTRON ENERGY": 73.72471707274849
}