{
    "CC D1 DIAGNOSTIC": 0.009969326688126473,
    "CC D2 DIAGNOSTIC": 0.10360888218304097,
    "CC NEW D1 DIAGNOSTIC": 0.009969326688126473,
    "CC T1 DIAGNOSTIC": 0.004495712084741791,
    "CCSD CORRELATION ENERGY": -0.21445856298380117,
    "CCSD OPPOSITE-SPIN CORRELATION ENERGY": -0.17076954622672266,
    "CCSD SAME-SPIN CORRELATION ENERGY": -0.04368901675707862,
    "CCSD TOTAL ENERGY": -107.63826995797028,
    "CURRENT CORRELATION ENERGY": -0.21445856298380117,
    "CURRENT DIPOLE X": 0.0,
    "CURRENT DIPOLE Y": 0.0,
    "CURRENT DIPOLE Z": -1.1287621734612623e-15,
    "CURRENT ENERGY": -107.63826995797028,
    "CURRENT REFERENCE ENERGY": -107.42381139498646,
    "HF TOTAL ENERGY": -107.42381139498646,
    "LCCSD (+LMP2) TOTAL ENERGY": -107.63849010357974,
    "MP2 CORRELATION ENERGY": -0.20627426311570435,
    "MP2 OPPOSITE-SPIN CORRELATION ENERGY": -0.15814967720343753,
    "MP2 SAME-SPIN CORRELATION ENERGY": -0.048124585912266815,
    "MP2 TOTAL ENERGY": -107.63008565810217,
    "NUCLEAR REPULSION ENERGY": 38.08123233389794,
    "ONE-ELECTRON ENERGY": -218.92880170895938,
    "PCM POLARIZATION ENERGY": 0.0,
    "PE ENERGY": 0.0,
    "SCF DIPOLE X": 0.0,
    "SCF DIPOLE Y": 0.0,
    "SCF DIPOLE Z": -1.1287621734612623e-15,
    "SCF ITERATION ENERGY": -107.42381139498646,
    "SCF ITERATIONS": 8.0,
    "SCF TOTAL ENERGY": -107.42381139498646,
    "TWO-ELECTRON ENERGY": 73.423757980075
}