{
    "CC D1 DIAGNOSTIC": 0.02260862786160946,
    "CC D2 DIAGNOSTIC": 0.1769713684827931,
    "CC NEW D1 DIAGNOSTIC": 0.02260862786160946,
    "CC T1 DIAGNOSTIC": 0.006814472789376238,
    "CCSD CORRELATION ENERGY": -0.1214203040836385,
    "CCSD OPPOSITE-SPIN CORRELATION ENERGY": -0.10111945577652329,
    "CCSD SAME-SPIN CORRELATION ENERGY": -0.020300848307115496,
    "CCSD TOTAL ENERGY": -460.1635728985991,
    "CURRENT CORRELATION ENERGY": -0.1214203040836385,
    "CURRENT DIPOLE X": 0.0,
    "CURRENT DIPOLE Y": 0.0,
    "CURRENT DIPOLE Z": -2.0444527682555527,
    "CURRENT ENERGY": -460.1635728985991,
    "CURRENT REFERENCE ENERGY": -460.04215259451513,
    "HF TOTAL ENERGY": -460.04215259451513,
    "LCCSD (+LMP2) TOTAL ENERGY": -460.16228493400695,
    "MP2 CORRELATION ENERGY": -0.10881599955696557,
    "MP2 OPPOSITE-SPIN CORRELATION ENERGY": -0.08704169392271276,
    "MP2 SAME-SPIN CORRELATION ENERGY": -0.02177430563425281,
    "MP2 TOTAL ENERGY": -460.1509685940724,
    "NUCLEAR REPULSION ENERGY": 5.756291008670772,
    "ONE-ELECTRON ENERGY": -647.1407029889422,
    "PCM POLARIZATION ENERGY": 0.0,
    "PE ENERGY": 0.0,
    "SCF DIPOLE X": 0.0,
    "SCF DIPOLE Y": 0.0,
    "SCF DIPOLE Z": -2.0444527682555527,
    "SCF ITERATION ENERGY": -460.04215259451513,
    "SCF ITERATIONS": 9.0,
    "SCF TOTAL ENERGY": -460.04215259451513,
    "TWO-ELECTRON ENERGY": 181.34225938575622
}