{
    "CC D1 DIAGNOSTIC": 0.011016087474425451,
    "CC D2 DIAGNOSTIC": 0.11767755511495179,
    "CC NEW D1 DIAGNOSTIC": 0.011016087474425451,
    "CC T1 DIAGNOSTIC": 0.005356540230396282,
    "CCSD CORRELATION ENERGY": -0.22620785045495814,
    "CCSD OPPOSITE-SPIN CORRELATION ENERGY": -0.1809820972922771,
    "CCSD SAME-SPIN CORRELATION ENERGY": -0.045225753162681126,
    "CCSD TOTAL ENERGY": -108.607840589255,
    "CURRENT CORRELATION ENERGY": -0.22620785045495814,
    "CURRENT DIPOLE X": 0.0,
    "CURRENT DIPOLE Y": 0.0,
    "CURRENT DIPOLE Z": -2.821905433653156e-16,
    "CURRENT ENERGY": -108.607840589255,
    "CURRENT REFERENCE ENERGY": -108.38163273880002,
    "HF TOTAL ENERGY": -108.38163273880002,
    "LCCSD (+LMP2) TOTAL ENERGY": -108.59488243841825,
    "MP2 CORRELATION ENERGY": -0.2204973752871575,
    "MP2 OPPOSITE-SPIN CORRELATION ENERGY": -0.16845432152829426,
    "MP2 SAME-SPIN CORRELATION ENERGY": -0.05204305375886323,
    "MP2 TOTAL ENERGY": -108.6021301140872,
    "NUCLEAR REPULSION ENERGY": 32.351140948233045,
    "ONE-ELECTRON ENERGY": -209.73345333293753,
    "PCM POLARIZATION ENERGY": 0.0,
    "PE ENERGY": 0.0,
    "SCF DIPOLE X": 0.0,
    "SCF DIPOLE Y": 0.0,
    "SCF DIPOLE Z": -2.821905433653156e-16,
    "SCF ITERATION ENERGY": -108.38163273880002,
    "SCF ITERATIONS": 8.0,
    "SCF TOTAL ENERGY": -108.38163273880002,
    "TWO-ELECTRON ENERGY": 69.00067964590446
}