{
    "CC D1 DIAGNOSTIC": 0.1252325683310584,
    "CC D2 DIAGNOSTIC": 0.14627743815451913,
    "CC NEW D1 DIAGNOSTIC": 0.1252325683310584,
    "CC T1 DIAGNOSTIC": 0.036764717224433245,
    "CCSD CORRELATION ENERGY": -0.189353824881408,
    "CCSD OPPOSITE-SPIN CORRELATION ENERGY": -0.15063154290850111,
    "CCSD SAME-SPIN CORRELATION ENERGY": -0.038722281972907086,
    "CCSD TOTAL ENERGY": -105.93877447610292,
    "CURRENT CORRELATION ENERGY": -0.189353824881408,
    "CURRENT DIPOLE X": 0.0,
    "CURRENT DIPOLE Y": 0.0,
    "CURRENT DIPOLE Z": -1.798308053899161,
    "CURRENT ENERGY": -105.93877447610292,
    "CURRENT REFERENCE ENERGY": -105.74942065122153,
    "HF TOTAL ENERGY": -105.74942065122153,
    "LCCSD (+LMP2) TOTAL ENERGY": -105.9401361718134,
    "MP2 CORRELATION ENERGY": -0.1906240849378819,
    "MP2 OPPOSITE-SPIN CORRELATION ENERGY": -0.14348847940536608,
    "MP2 SAME-SPIN CORRELATION ENERGY": -0.047135605532515834,
    "MP2 TOTAL ENERGY": -105.9400447361594,
    "NUCLEAR REPULSION ENERGY": 18.89215384006585,
    "ONE-ELECTRON ENERGY": -184.77309488847683,
    "PCM POLARIZATION ENERGY": 0.0,
    "PE ENERGY": 0.0,
    "SCF DIPOLE X": 0.0,
    "SCF DIPOLE Y": 0.0,
    "SCF DIPOLE Z": -1.798308053899161,
    "SCF ITERATION ENERGY": -105.74942065122153,
    "SCF ITERATIONS": 11.0,
    "SCF TOTAL ENERGY": -105.74942065122153,
    "TWO-ELECTRON ENERGY": 60.13152039718947
}