{
    "CC D1 DIAGNOSTIC": 0.18527144181350863,
    "CC D2 DIAGNOSTIC": 0.22127854031965363,
    "CC NEW D1 DIAGNOSTIC": 0.18527144181350863,
    "CC T1 DIAGNOSTIC": 0.07505069993536334,
    "CCSD CORRELATION ENERGY": -0.31678767834482824,
    "CCSD OPPOSITE-SPIN CORRELATION ENERGY": -0.25465228793587136,
    "CCSD SAME-SPIN CORRELATION ENERGY": -0.06213539040895688,
    "CCSD TOTAL ENERGY": -112.7939662443507,
    "CURRENT CORRELATION ENERGY": -0.31678767834482824,
    "CURRENT DIPOLE X": 0.0,
    "CURRENT DIPOLE Y": 0.0,
    "CURRENT DIPOLE Z": -2.7888809942256767,
    "CURRENT ENERGY": -112.7939662443507,
    "CURRENT REFERENCE ENERGY": -112.47717856600599,
    "HF TOTAL ENERGY": -112.47717856600599,
    "LCCSD (+LMP2) TOTAL ENERGY": -112.77939834425472,
    "MP2 CORRELATION ENERGY": -0.33392242459305893,
    "MP2 OPPOSITE-SPIN CORRELATION ENERGY": -0.24654997225232636,
    "MP2 SAME-SPIN CORRELATION ENERGY": -0.08737245234073257,
    "MP2 TOTAL ENERGY": -112.81110099059893,
    "NUCLEAR REPULSION ENERGY": 15.722241730388305,
    "ONE-ELECTRON ENERGY": -184.8737302156506,
    "PCM POLARIZATION ENERGY": 0.0,
    "PE ENERGY": 0.0,
    "SCF DIPOLE X": 0.0,
    "SCF DIPOLE Y": 0.0,
    "SCF DIPOLE Z": -2.7888809942256767,
    "SCF ITERATION ENERGY": -112.47717856600599,
    "SCF ITERATIONS": 12.0,
    "SCF TOTAL ENERGY": -112.47717856600599,
    "TWO-ELECTRON ENERGY": 56.67430991925631
}