{
    "CC D1 DIAGNOSTIC": 0.12681389814141372,
    "CC D2 DIAGNOSTIC": 0.3948406859072187,
    "CC NEW D1 DIAGNOSTIC": 0.12681389814141372,
    "CC T1 DIAGNOSTIC": 0.04020909649938321,
    "CCSD CORRELATION ENERGY": -0.2215437083003325,
    "CCSD OPPOSITE-SPIN CORRELATION ENERGY": -0.19053797813110634,
    "CCSD SAME-SPIN CORRELATION ENERGY": -0.031005730169227474,
    "CCSD TOTAL ENERGY": -100.0401195477335,
    "CURRENT CORRELATION ENERGY": -0.2215437083003325,
    "CURRENT DIPOLE X": 0.0,
    "CURRENT DIPOLE Y": 0.0,
    "CURRENT DIPOLE Z": -3.579882703398142,
    "CURRENT ENERGY": -100.0401195477335,
    "CURRENT REFERENCE ENERGY": -99.81857583943318,
    "HF TOTAL ENERGY": -99.81857583943318,
    "LCCSD (+LMP2) TOTAL ENERGY": -100.04197546647484,
    "MP2 CORRELATION ENERGY": -0.20826320848158453,
    "MP2 OPPOSITE-SPIN CORRELATION ENERGY": -0.16241310482183874,
    "MP2 SAME-SPIN CORRELATION ENERGY": -0.04585010365974579,
    "MP2 TOTAL ENERGY": -100.02683904791475,
    "NUCLEAR REPULSION ENERGY": 2.6290052269347295,
    "ONE-ELECTRON ENERGY": -146.04855551818517,
    "PCM POLARIZATION ENERGY": 0.0,
    "PE ENERGY": 0.0,
    "SCF DIPOLE X": 0.0,
    "SCF DIPOLE Y": 0.0,
    "SCF DIPOLE Z": -3.579882703398142,
    "SCF ITERATION ENERGY": -99.81857583943318,
    "SCF ITERATIONS": 10.0,
    "SCF TOTAL ENERGY": -99.81857583943318,
    "TWO-ELECTRON ENERGY": 43.60097445181725
}