{
    "CC D1 DIAGNOSTIC": 0.009823807347410127,
    "CC D2 DIAGNOSTIC": 0.1028980309017346,
    "CC NEW D1 DIAGNOSTIC": 0.009823807347410127,
    "CC T1 DIAGNOSTIC": 0.004467283868500239,
    "CCSD CORRELATION ENERGY": -0.210681491264776,
    "CCSD OPPOSITE-SPIN CORRELATION ENERGY": -0.16725096107366066,
    "CCSD SAME-SPIN CORRELATION ENERGY": -0.04343053019111512,
    "CCSD TOTAL ENERGY": -106.62944282638463,
    "CURRENT CORRELATION ENERGY": -0.210681491264776,
    "CURRENT DIPOLE X": 0.0,
    "CURRENT DIPOLE Y": 0.0,
    "CURRENT DIPOLE Z": 3.1040959770184714e-15,
    "CURRENT ENERGY": -106.62944282638463,
    "CURRENT REFERENCE ENERGY": -106.41876133511992,
    "HF TOTAL ENERGY": -106.41876133511992,
    "LCCSD (+LMP2) TOTAL ENERGY": -106.6741436706449,
    "MP2 CORRELATION ENERGY": -0.20174032003830986,
    "MP2 OPPOSITE-SPIN CORRELATION ENERGY": -0.15471236725603718,
    "MP2 SAME-SPIN CORRELATION ENERGY": -0.047027952782272675,
    "MP2 TOTAL ENERGY": -106.62050165515817,
    "NUCLEAR REPULSION ENERGY": 42.2951391905178,
    "ONE-ELECTRON ENERGY": -225.04926478562209,
    "PCM POLARIZATION ENERGY": 0.0,
    "PE ENERGY": 0.0,
    "SCF DIPOLE X": 0.0,
    "SCF DIPOLE Y": 0.0,
    "SCF DIPOLE Z": 3.1040959770184714e-15,
    "SCF ITERATION ENERGY": -106.41876133511992,
    "SCF ITERATIONS": 8.0,
    "SCF TOTAL ENERGY": -106.41876133511992,
    "TWO-ELECTRON ENERGY": 76.33536425998436
}