{
    "CC D1 DIAGNOSTIC": 0.03881516078596719,
    "CC D2 DIAGNOSTIC": 0.23119692686324192,
    "CC NEW D1 DIAGNOSTIC": 0.03881516078596719,
    "CC T1 DIAGNOSTIC": 0.01593023095876222,
    "CCSD CORRELATION ENERGY": -0.324452344132086,
    "CCSD OPPOSITE-SPIN CORRELATION ENERGY": -0.2691276879606551,
    "CCSD SAME-SPIN CORRELATION ENERGY": -0.05532465617143073,
    "CCSD TOTAL ENERGY": -109.1100745206777,
    "CURRENT CORRELATION ENERGY": -0.324452344132086,
    "CURRENT DIPOLE X": 0.0,
    "CURRENT DIPOLE Y": 0.0,
    "CURRENT DIPOLE Z": 5.643810867306312e-16,
    "CURRENT ENERGY": -109.1100745206777,
    "CURRENT REFERENCE ENERGY": -108.7856221765457,
    "HF TOTAL ENERGY": -108.7856221765457,
    "LCCSD (+LMP2) TOTAL ENERGY": -109.11092804101916,
    "MP2 CORRELATION ENERGY": -0.3679168613201417,
    "MP2 OPPOSITE-SPIN CORRELATION ENERGY": -0.26972068142013883,
    "MP2 SAME-SPIN CORRELATION ENERGY": -0.09819617990000284,
    "MP2 TOTAL ENERGY": -109.15353903786576,
    "NUCLEAR REPULSION ENERGY": 19.619798407768705,
    "ONE-ELECTRON ENERGY": -185.95537451824887,
    "PCM POLARIZATION ENERGY": 0.0,
    "PE ENERGY": 0.0,
    "SCF DIPOLE X": 0.0,
    "SCF DIPOLE Y": 0.0,
    "SCF DIPOLE Z": 5.643810867306312e-16,
    "SCF ITERATION ENERGY": -108.7856221765457,
    "SCF ITERATIONS": 8.0,
    "SCF TOTAL ENERGY": -108.7856221765457,
    "TWO-ELECTRON ENERGY": 57.54995393393446
}