{
    "CC D1 DIAGNOSTIC": 0.29854015278719365,
    "CC D2 DIAGNOSTIC": 0.25164025243920085,
    "CC NEW D1 DIAGNOSTIC": 0.29854015278719365,
    "CC T1 DIAGNOSTIC": 0.12435164969275705,
    "CCSD CORRELATION ENERGY": -0.32894524168870765,
    "CCSD OPPOSITE-SPIN CORRELATION ENERGY": -0.2587811272589904,
    "CCSD SAME-SPIN CORRELATION ENERGY": -0.07016411442971754,
    "CCSD TOTAL ENERGY": -112.74298115896667,
    "CURRENT CORRELATION ENERGY": -0.32894524168870765,
    "CURRENT DIPOLE X": 0.0,
    "CURRENT DIPOLE Y": 0.0,
    "CURRENT DIPOLE Z": -3.1055864971093596,
    "CURRENT ENERGY": -112.74298115896667,
    "CURRENT REFERENCE ENERGY": -112.41403591727799,
    "HF TOTAL ENERGY": -112.41403591727797,
    "LCCSD (+LMP2) TOTAL ENERGY": -112.74298711634559,
    "MP2 CORRELATION ENERGY": -0.302868497169086,
    "MP2 OPPOSITE-SPIN CORRELATION ENERGY": -0.22760022221495266,
    "MP2 SAME-SPIN CORRELATION ENERGY": -0.07526827495413332,
    "MP2 TOTAL ENERGY": -112.71690441444704,
    "NUCLEAR REPULSION ENERGY": 14.504162744102846,
    "ONE-ELECTRON ENERGY": -182.583080714196,
    "PCM POLARIZATION ENERGY": 0.0,
    "PE ENERGY": 0.0,
    "SCF DIPOLE X": 0.0,
    "SCF DIPOLE Y": 0.0,
    "SCF DIPOLE Z": -3.1055864971093596,
    "SCF ITERATION ENERGY": -112.41403591727799,
    "SCF ITERATIONS": 14.0,
    "SCF TOTAL ENERGY": -112.41403591727799,
    "TWO-ELECTRON ENERGY": 55.66488205281518
}