{
    "CC D1 DIAGNOSTIC": 0.09321628850178951,
    "CC D2 DIAGNOSTIC": 0.1892728425477535,
    "CC NEW D1 DIAGNOSTIC": 0.09321628850178951,
    "CC T1 DIAGNOSTIC": 0.03671434527483642,
    "CCSD CORRELATION ENERGY": -0.28898889015986884,
    "CCSD OPPOSITE-SPIN CORRELATION ENERGY": -0.23342277985340343,
    "CCSD SAME-SPIN CORRELATION ENERGY": -0.05556611030646552,
    "CCSD TOTAL ENERGY": -112.89492733853237,
    "CURRENT CORRELATION ENERGY": -0.28898889015986884,
    "CURRENT DIPOLE X": 0.0,
    "CURRENT DIPOLE Y": 0.0,
    "CURRENT DIPOLE Z": -1.757190279960286,
    "CURRENT ENERGY": -112.89492733853237,
    "CURRENT REFERENCE ENERGY": -112.60593844837237,
    "HF TOTAL ENERGY": -112.60593844837237,
    "LCCSD (+LMP2) TOTAL ENERGY": -112.89493742252054,
    "MP2 CORRELATION ENERGY": -0.30680349371203247,
    "MP2 OPPOSITE-SPIN CORRELATION ENERGY": -0.22776691763198917,
    "MP2 SAME-SPIN CORRELATION ENERGY": -0.0790365760800433,
    "MP2 TOTAL ENERGY": -112.91274194208454,
    "NUCLEAR REPULSION ENERGY": 18.380729877526694,
    "ONE-ELECTRON ENERGY": -189.9722081194172,
    "PCM POLARIZATION ENERGY": 0.0,
    "PE ENERGY": 0.0,
    "SCF DIPOLE X": 0.0,
    "SCF DIPOLE Y": 0.0,
    "SCF DIPOLE Z": -1.757190279960286,
    "SCF ITERATION ENERGY": -112.60593844837237,
    "SCF ITERATIONS": 10.0,
    "SCF TOTAL ENERGY": -112.60593844837237,
    "TWO-ELECTRON ENERGY": 58.98553979351811
}