{
    "CC D1 DIAGNOSTIC": 0.039448332798136615,
    "CC D2 DIAGNOSTIC": 0.19123827795160037,
    "CC NEW D1 DIAGNOSTIC": 0.039448332798136615,
    "CC T1 DIAGNOSTIC": 0.013208702404383769,
    "CCSD CORRELATION ENERGY": -0.18165722973709125,
    "CCSD OPPOSITE-SPIN CORRELATION ENERGY": -0.14887487752630418,
    "CCSD SAME-SPIN CORRELATION ENERGY": -0.0327823522107871,
    "CCSD TOTAL ENERGY": -100.1298173636353,
    "CURRENT CORRELATION ENERGY": -0.18165722973709125,
    "CURRENT DIPOLE X": 0.0,
    "CURRENT DIPOLE Y": 0.0,
    "CURRENT DIPOLE Z": -2.8159909143303823,
    "CURRENT ENERGY": -100.1298173636353,
    "CURRENT REFERENCE ENERGY": -99.94816013389827,
    "HF TOTAL ENERGY": -99.94816013389827,
    "LCCSD (+LMP2) TOTAL ENERGY": -100.14203213343026,
    "MP2 CORRELATION ENERGY": -0.17883314389622468,
    "MP2 OPPOSITE-SPIN CORRELATION ENERGY": -0.13655180746312673,
    "MP2 SAME-SPIN CORRELATION ENERGY": -0.04228133643309795,
    "MP2 TOTAL ENERGY": -100.12699327779443,
    "NUCLEAR REPULSION ENERGY": 3.7094183338942073,
    "ONE-ELECTRON ENERGY": -148.02402192378227,
    "PCM POLARIZATION ENERGY": 0.0,
    "PE ENERGY": 0.0,
    "SCF DIPOLE X": 0.0,
    "SCF DIPOLE Y": 0.0,
    "SCF DIPOLE Z": -2.8159909143303823,
    "SCF ITERATION ENERGY": -99.94816013389827,
    "SCF ITERATIONS": 10.0,
    "SCF TOTAL ENERGY": -99.94816013389827,
    "TWO-ELECTRON ENERGY": 44.366443455989796
}