{
    "CC D1 DIAGNOSTIC": 0.0488850319550476,
    "CC D2 DIAGNOSTIC": 0.09034066896913401,
    "CC NEW D1 DIAGNOSTIC": 0.0488850319550476,
    "CC T1 DIAGNOSTIC": 0.014496834180004036,
    "CCSD CORRELATION ENERGY": -0.28627494563554806,
    "CCSD OPPOSITE-SPIN CORRELATION ENERGY": -0.22199486985643907,
    "CCSD SAME-SPIN CORRELATION ENERGY": -0.06428007577910899,
    "CCSD TOTAL ENERGY": -261.4341818639411,
    "CURRENT CORRELATION ENERGY": -0.28627494563554806,
    "CURRENT DIPOLE X": 0.0,
    "CURRENT DIPOLE Y": 0.0,
    "CURRENT DIPOLE Z": -6.422745798151961,
    "CURRENT ENERGY": -261.4341818639411,
    "CURRENT REFERENCE ENERGY": -261.14790691830524,
    "HF TOTAL ENERGY": -261.14790691830524,
    "LCCSD (+LMP2) TOTAL ENERGY": -261.4335669163053,
    "MP2 CORRELATION ENERGY": -0.2870794036529687,
    "MP2 OPPOSITE-SPIN CORRELATION ENERGY": -0.21319901906216848,
    "MP2 SAME-SPIN CORRELATION ENERGY": -0.07388038459080021,
    "MP2 TOTAL ENERGY": -261.4349863219585,
    "NUCLEAR REPULSION ENERGY": 37.9102553723988,
    "ONE-ELECTRON ENERGY": -445.6935934186423,
    "PCM POLARIZATION ENERGY": 0.0,
    "PE ENERGY": 0.0,
    "SCF DIPOLE X": 0.0,
    "SCF DIPOLE Y": 0.0,
    "SCF DIPOLE Z": -6.422745798151961,
    "SCF ITERATION ENERGY": -261.14790691830524,
    "SCF ITERATIONS": 11.0,
    "SCF TOTAL ENERGY": -261.14790691830524,
    "TWO-ELECTRON ENERGY": 146.63543112793826
}