{
    "CC D1 DIAGNOSTIC": 0.04025443851142505,
    "CC D2 DIAGNOSTIC": 0.09451577710484897,
    "CC NEW D1 DIAGNOSTIC": 0.04025443851142505,
    "CC T1 DIAGNOSTIC": 0.015053716571235425,
    "CCSD CORRELATION ENERGY": -0.2934592530499212,
    "CCSD OPPOSITE-SPIN CORRELATION ENERGY": -0.2281654436756927,
    "CCSD SAME-SPIN CORRELATION ENERGY": -0.0652938093742284,
    "CCSD TOTAL ENERGY": -261.6273250169794,
    "CURRENT CORRELATION ENERGY": -0.2934592530499212,
    "CURRENT DIPOLE X": 0.0,
    "CURRENT DIPOLE Y": 0.0,
    "CURRENT DIPOLE Z": -8.426283146318024,
    "CURRENT ENERGY": -261.6273250169794,
    "CURRENT REFERENCE ENERGY": -261.33386576392815,
    "HF TOTAL ENERGY": -261.33386576392815,
    "LCCSD (+LMP2) TOTAL ENERGY": -261.62747454377245,
    "MP2 CORRELATION ENERGY": -0.2953177971218252,
    "MP2 OPPOSITE-SPIN CORRELATION ENERGY": -0.21931148818949225,
    "MP2 SAME-SPIN CORRELATION ENERGY": -0.07600630893233296,
    "MP2 TOTAL ENERGY": -261.62918356105126,
    "NUCLEAR REPULSION ENERGY": 27.220157251722387,
    "ONE-ELECTRON ENERGY": -424.41962862250375,
    "PCM POLARIZATION ENERGY": 0.0,
    "PE ENERGY": 0.0,
    "SCF DIPOLE X": 0.0,
    "SCF DIPOLE Y": 0.0,
    "SCF DIPOLE Z": -8.426283146318024,
    "SCF ITERATION ENERGY": -261.33386576392815,
    "SCF ITERATIONS": 10.0,
    "SCF TOTAL ENERGY": -261.33386576392815,
    "TWO-ELECTRON ENERGY": 135.8656056068532
}