{
    "CC D1 DIAGNOSTIC": 0.36749479678821406,
    "CC D2 DIAGNOSTIC": 0.4297918535860386,
    "CC NEW D1 DIAGNOSTIC": 0.36749479678821406,
    "CC T1 DIAGNOSTIC": 0.08233695075208991,
    "CCSD CORRELATION ENERGY": -0.3292721703124053,
    "CCSD OPPOSITE-SPIN CORRELATION ENERGY": -0.260926573047682,
    "CCSD SAME-SPIN CORRELATION ENERGY": -0.06834559726472439,
    "CCSD TOTAL ENERGY": -260.5528153422045,
    "CURRENT CORRELATION ENERGY": -0.3292721703124053,
    "CURRENT DIPOLE X": 0.0,
    "CURRENT DIPOLE Y": 0.0,
    "CURRENT DIPOLE Z": -2.6152261971219755,
    "CURRENT ENERGY": -260.5528153422045,
    "CURRENT REFERENCE ENERGY": -260.2235431718923,
    "HF TOTAL ENERGY": -260.2235431718923,
    "LCCSD (+LMP2) TOTAL ENERGY": -260.5528153422045,
    "MP2 CORRELATION ENERGY": -0.3247878629171877,
    "MP2 OPPOSITE-SPIN CORRELATION ENERGY": -0.24169273669647284,
    "MP2 SAME-SPIN CORRELATION ENERGY": -0.08309512622071485,
    "MP2 TOTAL ENERGY": -260.5483310348093,
    "NUCLEAR REPULSION ENERGY": 50.2425071200466,
    "ONE-ELECTRON ENERGY": -466.7557990623835,
    "PCM POLARIZATION ENERGY": 0.0,
    "PE ENERGY": 0.0,
    "SCF DIPOLE X": 0.0,
    "SCF DIPOLE Y": 0.0,
    "SCF DIPOLE Z": -2.6152261971219755,
    "SCF ITERATION ENERGY": -260.2235431718923,
    "SCF ITERATIONS": 13.0,
    "SCF TOTAL ENERGY": -260.2235431718923,
    "TWO-ELECTRON ENERGY": 156.28974877044462
}