{
    "CC D1 DIAGNOSTIC": 0.06458331701450953,
    "CC D2 DIAGNOSTIC": 0.4272723465790977,
    "CC NEW D1 DIAGNOSTIC": 0.06458331701450953,
    "CC T1 DIAGNOSTIC": 0.027074577116152056,
    "CCSD CORRELATION ENERGY": -0.43976137448095703,
    "CCSD OPPOSITE-SPIN CORRELATION ENERGY": -0.41137812942844315,
    "CCSD SAME-SPIN CORRELATION ENERGY": -0.028383245052513995,
    "CCSD TOTAL ENERGY": -108.93638753388883,
    "CURRENT CORRELATION ENERGY": -0.43976137448095703,
    "CURRENT DIPOLE X": 0.0,
    "CURRENT DIPOLE Y": 0.0,
    "CURRENT DIPOLE Z": -5.643810867306312e-16,
    "CURRENT ENERGY": -108.93638753388883,
    "CURRENT REFERENCE ENERGY": -108.49662615940763,
    "HF TOTAL ENERGY": -108.49662615940763,
    "LCCSD (+LMP2) TOTAL ENERGY": -108.98396638003507,
    "MP2 CORRELATION ENERGY": -0.598630183943188,
    "MP2 OPPOSITE-SPIN CORRELATION ENERGY": -0.4240869933291694,
    "MP2 SAME-SPIN CORRELATION ENERGY": -0.17454319061401863,
    "MP2 TOTAL ENERGY": -109.09525634335107,
    "NUCLEAR REPULSION ENERGY": 15.065713813848676,
    "ONE-ELECTRON ENERGY": -176.75103769267812,
    "PCM POLARIZATION ENERGY": 0.0,
    "PE ENERGY": 0.0,
    "SCF DIPOLE X": 0.0,
    "SCF DIPOLE Y": 0.0,
    "SCF DIPOLE Z": -5.643810867306312e-16,
    "SCF ITERATION ENERGY": -108.49662615940763,
    "SCF ITERATIONS": 8.0,
    "SCF TOTAL ENERGY": -108.49662615940763,
    "TWO-ELECTRON ENERGY": 53.188697719421825
}