{
    "CC D1 DIAGNOSTIC": 0.032047699692234345,
    "CC D2 DIAGNOSTIC": 0.1420173108605026,
    "CC NEW D1 DIAGNOSTIC": 0.032047699692234345,
    "CC T1 DIAGNOSTIC": 0.01320300310879767,
    "CCSD CORRELATION ENERGY": -0.2420476982763374,
    "CCSD OPPOSITE-SPIN CORRELATION ENERGY": -0.19453694257494056,
    "CCSD SAME-SPIN CORRELATION ENERGY": -0.04751075570139682,
    "CCSD TOTAL ENERGY": -112.90299413735914,
    "CURRENT CORRELATION ENERGY": -0.2420476982763374,
    "CURRENT DIPOLE X": 0.0,
    "CURRENT DIPOLE Y": 0.0,
    "CURRENT DIPOLE Z": 0.03772429074936722,
    "CURRENT ENERGY": -112.90299413735914,
    "CURRENT REFERENCE ENERGY": -112.66094643908284,
    "HF TOTAL ENERGY": -112.66094643908284,
    "LCCSD (+LMP2) TOTAL ENERGY": -112.90260967313124,
    "MP2 CORRELATION ENERGY": -0.24082265375533085,
    "MP2 OPPOSITE-SPIN CORRELATION ENERGY": -0.18272459834941113,
    "MP2 SAME-SPIN CORRELATION ENERGY": -0.058098055405919724,
    "MP2 TOTAL ENERGY": -112.90176909283814,
    "NUCLEAR REPULSION ENERGY": 25.085363356426004,
    "ONE-ELECTRON ENERGY": -202.62519921819992,
    "PCM POLARIZATION ENERGY": 0.0,
    "PE ENERGY": 0.0,
    "SCF DIPOLE X": 0.0,
    "SCF DIPOLE Y": 0.0,
    "SCF DIPOLE Z": 0.03772429074936722,
    "SCF ITERATION ENERGY": -112.66094643908284,
    "SCF ITERATIONS": 9.0,
    "SCF TOTAL ENERGY": -112.66094643908284,
    "TWO-ELECTRON ENERGY": 64.87888942269109
}