{
    "CC D1 DIAGNOSTIC": 0.3669169238496806,
    "CC D2 DIAGNOSTIC": 0.323899778808698,
    "CC NEW D1 DIAGNOSTIC": 0.3669169238496806,
    "CC T1 DIAGNOSTIC": 0.12164087053250325,
    "CCSD CORRELATION ENERGY": -0.4761991867607513,
    "CCSD OPPOSITE-SPIN CORRELATION ENERGY": -0.36806293819125835,
    "CCSD SAME-SPIN CORRELATION ENERGY": -0.10813624856949494,
    "CCSD TOTAL ENERGY": -187.5973262322173,
    "CURRENT CORRELATION ENERGY": -0.4761991867607513,
    "CURRENT DIPOLE X": 0.0,
    "CURRENT DIPOLE Y": 0.0,
    "CURRENT DIPOLE Z": 0.0,
    "CURRENT ENERGY": -187.5973262322173,
    "CURRENT REFERENCE ENERGY": -187.12112704545507,
    "HF TOTAL ENERGY": -187.12112704545507,
    "LCCSD (+LMP2) TOTAL ENERGY": -187.58796013106104,
    "MP2 CORRELATION ENERGY": -0.3844432334162234,
    "MP2 OPPOSITE-SPIN CORRELATION ENERGY": -0.2948296105881158,
    "MP2 SAME-SPIN CORRELATION ENERGY": -0.08961362282810759,
    "MP2 TOTAL ENERGY": -187.5055702788728,
    "NUCLEAR REPULSION ENERGY": 36.92932030188012,
    "ONE-ELECTRON ENERGY": -330.1828173804389,
    "PCM POLARIZATION ENERGY": 0.0,
    "PE ENERGY": 0.0,
    "SCF DIPOLE X": 0.0,
    "SCF DIPOLE Y": 0.0,
    "SCF DIPOLE Z": 0.0,
    "SCF ITERATION ENERGY": -187.12112704545507,
    "SCF ITERATIONS": 13.0,
    "SCF TOTAL ENERGY": -187.12112704545507,
    "TWO-ELECTRON ENERGY": 106.1323700331037
}