{
    "CC D1 DIAGNOSTIC": 0.03369462010057939,
    "CC D2 DIAGNOSTIC": 0.17537826505892884,
    "CC NEW D1 DIAGNOSTIC": 0.03369462010057939,
    "CC T1 DIAGNOSTIC": 0.011532169893854726,
    "CCSD CORRELATION ENERGY": -0.1779762957589023,
    "CCSD OPPOSITE-SPIN CORRELATION ENERGY": -0.14521829755020244,
    "CCSD SAME-SPIN CORRELATION ENERGY": -0.0327579982087004,
    "CCSD TOTAL ENERGY": -100.1421118279841,
    "CURRENT CORRELATION ENERGY": -0.1779762957589023,
    "CURRENT DIPOLE X": 0.0,
    "CURRENT DIPOLE Y": 0.0,
    "CURRENT DIPOLE Z": -2.7332206146449023,
    "CURRENT ENERGY": -100.1421118279841,
    "CURRENT REFERENCE ENERGY": -99.96413553222531,
    "HF TOTAL ENERGY": -99.96413553222531,
    "LCCSD (+LMP2) TOTAL ENERGY": -100.15229957191914,
    "MP2 CORRELATION ENERGY": -0.17568134766322246,
    "MP2 OPPOSITE-SPIN CORRELATION ENERGY": -0.1339403517354908,
    "MP2 SAME-SPIN CORRELATION ENERGY": -0.04174099592773167,
    "MP2 TOTAL ENERGY": -100.13981687988843,
    "NUCLEAR REPULSION ENERGY": 3.892223344188789,
    "ONE-ELECTRON ENERGY": -148.35104028114702,
    "PCM POLARIZATION ENERGY": 0.0,
    "PE ENERGY": 0.0,
    "SCF DIPOLE X": 0.0,
    "SCF DIPOLE Y": 0.0,
    "SCF DIPOLE Z": -2.7332206146449023,
    "SCF ITERATION ENERGY": -99.96413553222531,
    "SCF ITERATIONS": 10.0,
    "SCF TOTAL ENERGY": -99.96413553222531,
    "TWO-ELECTRON ENERGY": 44.49468140473293
}