{
    "CC D1 DIAGNOSTIC": 0.018404462413381218,
    "CC D2 DIAGNOSTIC": 0.15001561652818957,
    "CC NEW D1 DIAGNOSTIC": 0.018404462413381218,
    "CC T1 DIAGNOSTIC": 0.008047415843702334,
    "CCSD CORRELATION ENERGY": -0.25280735604357996,
    "CCSD OPPOSITE-SPIN CORRELATION ENERGY": -0.20372032313687577,
    "CCSD SAME-SPIN CORRELATION ENERGY": -0.04908703290670419,
    "CCSD TOTAL ENERGY": -109.10429004934386,
    "CURRENT CORRELATION ENERGY": -0.25280735604357996,
    "CURRENT DIPOLE X": 0.0,
    "CURRENT DIPOLE Y": 0.0,
    "CURRENT DIPOLE Z": -2.821905433653156e-16,
    "CURRENT ENERGY": -109.10429004934386,
    "CURRENT REFERENCE ENERGY": -108.85148269330027,
    "HF TOTAL ENERGY": -108.85148269330027,
    "LCCSD (+LMP2) TOTAL ENERGY": -109.10393315555237,
    "MP2 CORRELATION ENERGY": -0.25487633892650075,
    "MP2 OPPOSITE-SPIN CORRELATION ENERGY": -0.19258553660325786,
    "MP2 SAME-SPIN CORRELATION ENERGY": -0.06229080232324288,
    "MP2 TOTAL ENERGY": -109.10635903222679,
    "NUCLEAR REPULSION ENERGY": 26.39389760226686,
    "ONE-ELECTRON ENERGY": -199.12606958134404,
    "PCM POLARIZATION ENERGY": 0.0,
    "PE ENERGY": 0.0,
    "SCF DIPOLE X": 0.0,
    "SCF DIPOLE Y": 0.0,
    "SCF DIPOLE Z": -2.821905433653156e-16,
    "SCF ITERATION ENERGY": -108.85148269330027,
    "SCF ITERATIONS": 8.0,
    "SCF TOTAL ENERGY": -108.85148269330027,
    "TWO-ELECTRON ENERGY": 63.88068928577691
}