{
    "CC D1 DIAGNOSTIC": 0.07088099330385186,
    "CC D2 DIAGNOSTIC": 0.5081105189451777,
    "CC NEW D1 DIAGNOSTIC": 0.07088099330385186,
    "CC T1 DIAGNOSTIC": 0.02978557177993666,
    "CCSD CORRELATION ENERGY": -0.47331566039587253,
    "CCSD OPPOSITE-SPIN CORRELATION ENERGY": -0.4641171771655048,
    "CCSD SAME-SPIN CORRELATION ENERGY": -0.009198483230367593,
    "CCSD TOTAL ENERGY": -108.91809895306766,
    "CURRENT CORRELATION ENERGY": -0.47331566039587253,
    "CURRENT DIPOLE X": 0.0,
    "CURRENT DIPOLE Y": 0.0,
    "CURRENT DIPOLE Z": -5.643810867306312e-16,
    "CURRENT ENERGY": -108.91809895306766,
    "CURRENT REFERENCE ENERGY": -108.44478329267089,
    "HF TOTAL ENERGY": -108.44478329267088,
    "LCCSD (+LMP2) TOTAL ENERGY": -108.9196274642692,
    "MP2 CORRELATION ENERGY": -0.6586917660195086,
    "MP2 OPPOSITE-SPIN CORRELATION ENERGY": -0.46407622702002627,
    "MP2 SAME-SPIN CORRELATION ENERGY": -0.19461553899948236,
    "MP2 TOTAL ENERGY": -109.1034750586913,
    "NUCLEAR REPULSION ENERGY": 14.373278499284599,
    "ONE-ELECTRON ENERGY": -175.3505162928971,
    "PCM POLARIZATION ENERGY": 0.0,
    "PE ENERGY": 0.0,
    "SCF DIPOLE X": 0.0,
    "SCF DIPOLE Y": 0.0,
    "SCF DIPOLE Z": -5.643810867306312e-16,
    "SCF ITERATION ENERGY": -108.44478329267089,
    "SCF ITERATIONS": 8.0,
    "SCF TOTAL ENERGY": -108.44478329267089,
    "TWO-ELECTRON ENERGY": 52.53245450094163
}