{
    "CC D1 DIAGNOSTIC": 0.35334573760065635,
    "CC D2 DIAGNOSTIC": 0.3583717214264521,
    "CC NEW D1 DIAGNOSTIC": 0.35334573760065635,
    "CC T1 DIAGNOSTIC": 0.0798895482880572,
    "CCSD CORRELATION ENERGY": -0.31067436466474146,
    "CCSD OPPOSITE-SPIN CORRELATION ENERGY": -0.2426352185896166,
    "CCSD SAME-SPIN CORRELATION ENERGY": -0.06803914607512565,
    "CCSD TOTAL ENERGY": -259.8897651571694,
    "CURRENT CORRELATION ENERGY": -0.31067436466474146,
    "CURRENT DIPOLE X": 0.0,
    "CURRENT DIPOLE Y": 0.0,
    "CURRENT DIPOLE Z": 4.250510747972985,
    "CURRENT ENERGY": -259.8897651571694,
    "CURRENT REFERENCE ENERGY": -259.579090792505,
    "HF TOTAL ENERGY": -259.579090792505,
    "LCCSD (+LMP2) TOTAL ENERGY": -259.8897651571694,
    "MP2 CORRELATION ENERGY": -0.2882691428958132,
    "MP2 OPPOSITE-SPIN CORRELATION ENERGY": -0.21829528396626255,
    "MP2 SAME-SPIN CORRELATION ENERGY": -0.06997385892955063,
    "MP2 TOTAL ENERGY": -259.86735993540043,
    "NUCLEAR REPULSION ENERGY": 56.81373420931699,
    "ONE-ELECTRON ENERGY": -470.4472398341794,
    "PCM POLARIZATION ENERGY": 0.0,
    "PE ENERGY": 0.0,
    "SCF DIPOLE X": 0.0,
    "SCF DIPOLE Y": 0.0,
    "SCF DIPOLE Z": 4.250510747972985,
    "SCF ITERATION ENERGY": -259.579090792505,
    "SCF ITERATIONS": 13.0,
    "SCF TOTAL ENERGY": -259.579090792505,
    "TWO-ELECTRON ENERGY": 154.05441483235745
}