{
    "CC D1 DIAGNOSTIC": 0.0715195574714538,
    "CC D2 DIAGNOSTIC": 0.17169143670779322,
    "CC NEW D1 DIAGNOSTIC": 0.0715195574714538,
    "CC T1 DIAGNOSTIC": 0.022834705142044383,
    "CCSD CORRELATION ENERGY": -0.4309482499837905,
    "CCSD OPPOSITE-SPIN CORRELATION ENERGY": -0.3407348852508113,
    "CCSD SAME-SPIN CORRELATION ENERGY": -0.09021336473297914,
    "CCSD TOTAL ENERGY": -187.96659840812336,
    "CURRENT CORRELATION ENERGY": -0.4309482499837905,
    "CURRENT DIPOLE X": 0.0,
    "CURRENT DIPOLE Y": 0.0,
    "CURRENT DIPOLE Z": 0.0,
    "CURRENT ENERGY": -187.96659840812336,
    "CURRENT REFERENCE ENERGY": -187.53565015813882,
    "HF TOTAL ENERGY": -187.53565015813882,
    "LCCSD (+LMP2) TOTAL ENERGY": -187.982819104576,
    "MP2 CORRELATION ENERGY": -0.45400242866646134,
    "MP2 OPPOSITE-SPIN CORRELATION ENERGY": -0.3354627588791084,
    "MP2 SAME-SPIN CORRELATION ENERGY": -0.11853966978735292,
    "MP2 TOTAL ENERGY": -187.98965258680602,
    "NUCLEAR REPULSION ENERGY": 54.0248573554559,
    "ONE-ELECTRON ENERGY": -363.37760229309026,
    "PCM POLARIZATION ENERGY": 0.0,
    "PE ENERGY": 0.0,
    "SCF DIPOLE X": 0.0,
    "SCF DIPOLE Y": 0.0,
    "SCF DIPOLE Z": 0.0,
    "SCF ITERATION ENERGY": -187.53565015813882,
    "SCF ITERATIONS": 10.0,
    "SCF TOTAL ENERGY": -187.53565015813882,
    "TWO-ELECTRON ENERGY": 121.81709477949556
}