{
    "CURRENT CORRELATION ENERGY": -0.017121101774345115,
    "CURRENT DIPOLE X": 0.0,
    "CURRENT DIPOLE Y": 0.0,
    "CURRENT DIPOLE Z": 7.619144670863521e-15,
    "CURRENT ENERGY": -1.1342519674156113,
    "CURRENT REFERENCE ENERGY": -1.1171308656412662,
    "CUSTOM SCS-MP2 CORRELATION ENERGY": -0.020545322129214224,
    "CUSTOM SCS-MP2 TOTAL ENERGY": -1.1376761877704804,
    "HF TOTAL ENERGY": -1.1171308656412662,
    "MP2 CORRELATION ENERGY": -0.017121101774345115,
    "MP2 OPPOSITE-SPIN CORRELATION ENERGY": -0.01712110177434519,
    "MP2 SAME-SPIN CORRELATION ENERGY": 0.0,
    "MP2 TOTAL ENERGY": -1.1342519674156113,
    "NUCLEAR REPULSION ENERGY": 0.8501535515681965,
    "ONE-ELECTRON ENERGY": -2.665033629735018,
    "PCM POLARIZATION ENERGY": 0.0,
    "PE ENERGY": 0.0,
    "SCF DIPOLE X": 0.0,
    "SCF DIPOLE Y": 0.0,
    "SCF DIPOLE Z": 7.619144670863521e-15,
    "SCF ITERATION ENERGY": -1.1171308656412662,
    "SCF ITERATIONS": 6.0,
    "SCF TOTAL ENERGY": -1.1171308656412662,
    "SCS-MP2 CORRELATION ENERGY": -0.020545322129214224,
    "SCS-MP2 TOTAL ENERGY": -1.1376761877704804,
    "SCS-MP2-VDW CORRELATION ENERGY": -0.021915010271161828,
    "SCS-MP2-VDW TOTAL ENERGY": -1.139045875912428,
    "SCSN-MP2 CORRELATION ENERGY": 0.0,
    "SCSN-MP2 TOTAL ENERGY": -1.1171308656412662,
    "SOS-MP2 CORRELATION ENERGY": 0.0,
    "SOS-MP2 TOTAL ENERGY": -1.1171308656412662,
    "SOS-PI-MP2 CORRELATION ENERGY": -0.02396954248408334,
    "SOS-PI-MP2 TOTAL ENERGY": -1.1411004081253495,
    "TWO-ELECTRON ENERGY": 0.6977492125255553
}