{
    "CC D1 DIAGNOSTIC": 0.04500121152461771,
    "CC D2 DIAGNOSTIC": 0.26292074887140515,
    "CC NEW D1 DIAGNOSTIC": 0.04500121152461771,
    "CC T1 DIAGNOSTIC": 0.018540129705391255,
    "CCSD CORRELATION ENERGY": -0.34924501473319247,
    "CCSD OPPOSITE-SPIN CORRELATION ENERGY": -0.29465967585188924,
    "CCSD SAME-SPIN CORRELATION ENERGY": -0.054585338881303236,
    "CCSD TOTAL ENERGY": -109.06202012318471,
    "CURRENT CORRELATION ENERGY": -0.34924501473319247,
    "CURRENT DIPOLE X": 0.0,
    "CURRENT DIPOLE Y": 0.0,
    "CURRENT DIPOLE Z": 0.0,
    "CURRENT ENERGY": -109.06202012318471,
    "CURRENT REFERENCE ENERGY": -108.71277510845152,
    "HF TOTAL ENERGY": -108.71277510845152,
    "LCCSD (+LMP2) TOTAL ENERGY": -108.20140533777162,
    "MP2 CORRELATION ENERGY": -0.41475686395794403,
    "MP2 OPPOSITE-SPIN CORRELATION ENERGY": -0.3012293795826555,
    "MP2 SAME-SPIN CORRELATION ENERGY": -0.11352748437528853,
    "MP2 TOTAL ENERGY": -109.12753197240946,
    "NUCLEAR REPULSION ENERGY": 18.26551143802892,
    "ONE-ELECTRON ENERGY": -183.22883882575536,
    "PCM POLARIZATION ENERGY": 0.0,
    "PE ENERGY": 0.0,
    "SCF DIPOLE X": 0.0,
    "SCF DIPOLE Y": 0.0,
    "SCF DIPOLE Z": 0.0,
    "SCF ITERATION ENERGY": -108.71277510845152,
    "SCF ITERATIONS": 8.0,
    "SCF TOTAL ENERGY": -108.71277510845152,
    "TWO-ELECTRON ENERGY": 56.25055227927493
}