{
    "CC D1 DIAGNOSTIC": 0.15980653345952484,
    "CC D2 DIAGNOSTIC": 0.12374457317406264,
    "CC NEW D1 DIAGNOSTIC": 0.15980653345952484,
    "CC T1 DIAGNOSTIC": 0.036465867321228584,
    "CCSD CORRELATION ENERGY": -0.29029736414579843,
    "CCSD OPPOSITE-SPIN CORRELATION ENERGY": -0.22425884164595128,
    "CCSD SAME-SPIN CORRELATION ENERGY": -0.0660385224998471,
    "CCSD TOTAL ENERGY": -260.98287141355263,
    "CURRENT CORRELATION ENERGY": -0.29029736414579843,
    "CURRENT DIPOLE X": 0.0,
    "CURRENT DIPOLE Y": 0.0,
    "CURRENT DIPOLE Z": -5.384444598804014,
    "CURRENT ENERGY": -260.98287141355263,
    "CURRENT REFERENCE ENERGY": -260.69257404940674,
    "HF TOTAL ENERGY": -260.69257404940674,
    "LCCSD (+LMP2) TOTAL ENERGY": -260.9828234492594,
    "MP2 CORRELATION ENERGY": -0.28975896942210294,
    "MP2 OPPOSITE-SPIN CORRELATION ENERGY": -0.21454143125198658,
    "MP2 SAME-SPIN CORRELATION ENERGY": -0.07521753817011637,
    "MP2 TOTAL ENERGY": -260.98233301882897,
    "NUCLEAR REPULSION ENERGY": 45.327479249607265,
    "ONE-ELECTRON ENERGY": -459.53618809814304,
    "PCM POLARIZATION ENERGY": 0.0,
    "PE ENERGY": 0.0,
    "SCF DIPOLE X": 0.0,
    "SCF DIPOLE Y": 0.0,
    "SCF DIPOLE Z": -5.384444598804014,
    "SCF ITERATION ENERGY": -260.69257404940674,
    "SCF ITERATIONS": 11.0,
    "SCF TOTAL ENERGY": -260.69257404940674,
    "TWO-ELECTRON ENERGY": 153.51613479912902
}