{
    "CC D1 DIAGNOSTIC": 0.017749922212953264,
    "CC D2 DIAGNOSTIC": 0.08854435788212427,
    "CC NEW D1 DIAGNOSTIC": 0.017749922212953264,
    "CC T1 DIAGNOSTIC": 0.006647293129257874,
    "CCSD CORRELATION ENERGY": -0.3250845032894337,
    "CCSD OPPOSITE-SPIN CORRELATION ENERGY": -0.24826162212572397,
    "CCSD SAME-SPIN CORRELATION ENERGY": -0.07682288116371025,
    "CCSD TOTAL ENERGY": -183.01071522914043,
    "CURRENT CORRELATION ENERGY": -0.3250845032894337,
    "CURRENT DIPOLE X": 0.0,
    "CURRENT DIPOLE Y": 0.0,
    "CURRENT DIPOLE Z": 0.0,
    "CURRENT ENERGY": -183.01071522914043,
    "CURRENT REFERENCE ENERGY": -182.68563072585107,
    "HF TOTAL ENERGY": -182.68563072585107,
    "LCCSD (+LMP2) TOTAL ENERGY": -183.00994448959787,
    "MP2 CORRELATION ENERGY": -0.3227650342591116,
    "MP2 OPPOSITE-SPIN CORRELATION ENERGY": -0.23815682746893221,
    "MP2 SAME-SPIN CORRELATION ENERGY": -0.08460820679017941,
    "MP2 TOTAL ENERGY": -183.0083957601101,
    "NUCLEAR REPULSION ENERGY": 107.83361528148995,
    "ONE-ELECTRON ENERGY": -458.52477390181,
    "PCM POLARIZATION ENERGY": 0.0,
    "PE ENERGY": 0.0,
    "SCF DIPOLE X": 0.0,
    "SCF DIPOLE Y": 0.0,
    "SCF DIPOLE Z": 0.0,
    "SCF ITERATION ENERGY": -182.68563072585107,
    "SCF ITERATIONS": 9.0,
    "SCF TOTAL ENERGY": -182.68563072585107,
    "TWO-ELECTRON ENERGY": 168.00552789446897
}