{
    "CC D1 DIAGNOSTIC": 0.32144016006842185,
    "CC D2 DIAGNOSTIC": 0.28810323460695364,
    "CC NEW D1 DIAGNOSTIC": 0.32144016006842185,
    "CC T1 DIAGNOSTIC": 0.10657144344555235,
    "CCSD CORRELATION ENERGY": -0.4797080234317803,
    "CCSD OPPOSITE-SPIN CORRELATION ENERGY": -0.3721972691924117,
    "CCSD SAME-SPIN CORRELATION ENERGY": -0.10751075423936851,
    "CCSD TOTAL ENERGY": -187.6287137487881,
    "CURRENT CORRELATION ENERGY": -0.4797080234317803,
    "CURRENT DIPOLE X": 0.0,
    "CURRENT DIPOLE Y": 0.0,
    "CURRENT DIPOLE Z": 0.0,
    "CURRENT ENERGY": -187.6287137487881,
    "CURRENT REFERENCE ENERGY": -187.14900572535316,
    "HF TOTAL ENERGY": -187.14900572535316,
    "LCCSD (+LMP2) TOTAL ENERGY": -187.62822902159266,
    "MP2 CORRELATION ENERGY": -0.40925936208178804,
    "MP2 OPPOSITE-SPIN CORRELATION ENERGY": -0.31006804381120573,
    "MP2 SAME-SPIN CORRELATION ENERGY": -0.09919131827058231,
    "MP2 TOTAL ENERGY": -187.55826508743812,
    "NUCLEAR REPULSION ENERGY": 38.18470796086755,
    "ONE-ELECTRON ENERGY": -332.58550159318816,
    "PCM POLARIZATION ENERGY": 0.0,
    "PE ENERGY": 0.0,
    "SCF DIPOLE X": 0.0,
    "SCF DIPOLE Y": 0.0,
    "SCF DIPOLE Z": 0.0,
    "SCF ITERATION ENERGY": -187.14900572535316,
    "SCF ITERATIONS": 12.0,
    "SCF TOTAL ENERGY": -187.14900572535316,
    "TWO-ELECTRON ENERGY": 107.25178790696742
}