{
    "CC D1 DIAGNOSTIC": 0.010820887378239429,
    "CC D2 DIAGNOSTIC": 0.0781508895345886,
    "CC NEW D1 DIAGNOSTIC": 0.010820887378239429,
    "CC T1 DIAGNOSTIC": 0.004411600386544914,
    "CCSD CORRELATION ENERGY": -0.10480817876403932,
    "CCSD OPPOSITE-SPIN CORRELATION ENERGY": -0.08608136601794937,
    "CCSD SAME-SPIN CORRELATION ENERGY": -0.018726812746090185,
    "CCSD TOTAL ENERGY": -458.31375053934346,
    "CURRENT CORRELATION ENERGY": -0.10480817876403932,
    "CURRENT DIPOLE X": 0.0,
    "CURRENT DIPOLE Y": 0.0,
    "CURRENT DIPOLE Z": -1.3704581983735609,
    "CURRENT ENERGY": -458.31375053934346,
    "CURRENT REFERENCE ENERGY": -458.2089423605797,
    "HF TOTAL ENERGY": -458.2089423605797,
    "LCCSD (+LMP2) TOTAL ENERGY": -458.3751276192962,
    "MP2 CORRELATION ENERGY": -0.09621280832573567,
    "MP2 OPPOSITE-SPIN CORRELATION ENERGY": -0.07719847578819529,
    "MP2 SAME-SPIN CORRELATION ENERGY": -0.019014332537540382,
    "MP2 TOTAL ENERGY": -458.3051551689052,
    "NUCLEAR REPULSION ENERGY": 16.499599112411158,
    "ONE-ELECTRON ENERGY": -663.5048024953728,
    "PCM POLARIZATION ENERGY": 0.0,
    "PE ENERGY": 0.0,
    "SCF DIPOLE X": 0.0,
    "SCF DIPOLE Y": 0.0,
    "SCF DIPOLE Z": -1.3704581983735609,
    "SCF ITERATION ENERGY": -458.2089423605797,
    "SCF ITERATIONS": 9.0,
    "SCF TOTAL ENERGY": -458.2089423605797,
    "TWO-ELECTRON ENERGY": 188.79626102238197
}