{
    "CC D1 DIAGNOSTIC": 0.029846780424957517,
    "CC D2 DIAGNOSTIC": 0.09457001504472813,
    "CC NEW D1 DIAGNOSTIC": 0.029846780424957517,
    "CC T1 DIAGNOSTIC": 0.013564882503891769,
    "CCSD CORRELATION ENERGY": -0.17562128587857517,
    "CCSD OPPOSITE-SPIN CORRELATION ENERGY": -0.14022983027477914,
    "CCSD SAME-SPIN CORRELATION ENERGY": -0.03539145560379603,
    "CCSD TOTAL ENERGY": -107.01818767076574,
    "CURRENT CORRELATION ENERGY": -0.17562128587857517,
    "CURRENT DIPOLE X": 0.0,
    "CURRENT DIPOLE Y": 0.0,
    "CURRENT DIPOLE Z": -4.694837501681998,
    "CURRENT ENERGY": -107.01818767076574,
    "CURRENT REFERENCE ENERGY": -106.84256638488723,
    "HF TOTAL ENERGY": -106.84256638488723,
    "LCCSD (+LMP2) TOTAL ENERGY": -107.0179392224272,
    "MP2 CORRELATION ENERGY": -0.17590760916675274,
    "MP2 OPPOSITE-SPIN CORRELATION ENERGY": -0.13321128913314845,
    "MP2 SAME-SPIN CORRELATION ENERGY": -0.042696320033604296,
    "MP2 TOTAL ENERGY": -107.01847399405392,
    "NUCLEAR REPULSION ENERGY": 12.362039795347437,
    "ONE-ELECTRON ENERGY": -175.33210155279653,
    "PCM POLARIZATION ENERGY": 0.0,
    "PE ENERGY": 0.0,
    "SCF DIPOLE X": 0.0,
    "SCF DIPOLE Y": 0.0,
    "SCF DIPOLE Z": -4.694837501681998,
    "SCF ITERATION ENERGY": -106.84256638488723,
    "SCF ITERATIONS": 9.0,
    "SCF TOTAL ENERGY": -106.84256638488723,
    "TWO-ELECTRON ENERGY": 56.12749537256185
}