{
    "CC D1 DIAGNOSTIC": 0.03347460699245659,
    "CC D2 DIAGNOSTIC": 0.09540810950469493,
    "CC NEW D1 DIAGNOSTIC": 0.03347460699245659,
    "CC T1 DIAGNOSTIC": 0.014675991529326282,
    "CCSD CORRELATION ENERGY": -0.17731227960500398,
    "CCSD OPPOSITE-SPIN CORRELATION ENERGY": -0.1418670543396955,
    "CCSD SAME-SPIN CORRELATION ENERGY": -0.03544522526530844,
    "CCSD TOTAL ENERGY": -107.10441573396021,
    "CURRENT CORRELATION ENERGY": -0.17731227960500398,
    "CURRENT DIPOLE X": 0.0,
    "CURRENT DIPOLE Y": 0.0,
    "CURRENT DIPOLE Z": -5.37045479636918,
    "CURRENT ENERGY": -107.10441573396021,
    "CURRENT REFERENCE ENERGY": -106.92710345435503,
    "HF TOTAL ENERGY": -106.92710345435503,
    "LCCSD (+LMP2) TOTAL ENERGY": -107.10376133476016,
    "MP2 CORRELATION ENERGY": -0.1776856467425414,
    "MP2 OPPOSITE-SPIN CORRELATION ENERGY": -0.13464497563168945,
    "MP2 SAME-SPIN CORRELATION ENERGY": -0.04304067111085194,
    "MP2 TOTAL ENERGY": -107.10478910109775,
    "NUCLEAR REPULSION ENERGY": 10.935650588191963,
    "ONE-ELECTRON ENERGY": -172.8387980526317,
    "PCM POLARIZATION ENERGY": 0.0,
    "PE ENERGY": 0.0,
    "SCF DIPOLE X": 0.0,
    "SCF DIPOLE Y": 0.0,
    "SCF DIPOLE Z": -5.37045479636918,
    "SCF ITERATION ENERGY": -106.92710345435503,
    "SCF ITERATIONS": 9.0,
    "SCF TOTAL ENERGY": -106.92710345435503,
    "TWO-ELECTRON ENERGY": 54.976044010084685
}