{
    "CC D1 DIAGNOSTIC": 0.11755599392055815,
    "CC D2 DIAGNOSTIC": 0.19993987400664356,
    "CC NEW D1 DIAGNOSTIC": 0.11755599392055815,
    "CC T1 DIAGNOSTIC": 0.04656323761880645,
    "CCSD CORRELATION ENERGY": -0.29948079912664316,
    "CCSD OPPOSITE-SPIN CORRELATION ENERGY": -0.24193462770440397,
    "CCSD SAME-SPIN CORRELATION ENERGY": -0.05754617142223914,
    "CCSD TOTAL ENERGY": -112.85920715065558,
    "CURRENT CORRELATION ENERGY": -0.29948079912664316,
    "CURRENT DIPOLE X": 0.0,
    "CURRENT DIPOLE Y": 0.0,
    "CURRENT DIPOLE Z": -2.15419558749783,
    "CURRENT ENERGY": -112.85920715065558,
    "CURRENT REFERENCE ENERGY": -112.55972635152926,
    "HF TOTAL ENERGY": -112.55972635152926,
    "LCCSD (+LMP2) TOTAL ENERGY": -112.85921522907692,
    "MP2 CORRELATION ENERGY": -0.3212537201798421,
    "MP2 OPPOSITE-SPIN CORRELATION ENERGY": -0.23753983378131843,
    "MP2 SAME-SPIN CORRELATION ENERGY": -0.08371388639852367,
    "MP2 TOTAL ENERGY": -112.88098007170878,
    "NUCLEAR REPULSION ENERGY": 17.34031120521386,
    "ONE-ELECTRON ENERGY": -187.9724696365361,
    "PCM POLARIZATION ENERGY": 0.0,
    "PE ENERGY": 0.0,
    "SCF DIPOLE X": 0.0,
    "SCF DIPOLE Y": 0.0,
    "SCF DIPOLE Z": -2.15419558749783,
    "SCF ITERATION ENERGY": -112.55972635152926,
    "SCF ITERATIONS": 11.0,
    "SCF TOTAL ENERGY": -112.55972635152926,
    "TWO-ELECTRON ENERGY": 58.07243207979298
}