{
    "CC D1 DIAGNOSTIC": 0.026197523213093824,
    "CC D2 DIAGNOSTIC": 0.19374162298846634,
    "CC NEW D1 DIAGNOSTIC": 0.026197523213093824,
    "CC T1 DIAGNOSTIC": 0.010268435617341209,
    "CCSD CORRELATION ENERGY": -0.3222390898161792,
    "CCSD OPPOSITE-SPIN CORRELATION ENERGY": -0.2667836880003287,
    "CCSD SAME-SPIN CORRELATION ENERGY": -0.05545540181585085,
    "CCSD TOTAL ENERGY": -151.07328161304716,
    "CURRENT CORRELATION ENERGY": -0.3222390898161792,
    "CURRENT DIPOLE X": 0.0,
    "CURRENT DIPOLE Y": 1.1287621734612623e-15,
    "CURRENT DIPOLE Z": 2.623923085058677,
    "CURRENT ENERGY": -151.07328161304716,
    "CURRENT REFERENCE ENERGY": -150.75104252323013,
    "HF TOTAL ENERGY": -150.75104252323013,
    "LCCSD (+LMP2) TOTAL ENERGY": -151.1088808854455,
    "MP2 CORRELATION ENERGY": -0.3144145870623468,
    "MP2 OPPOSITE-SPIN CORRELATION ENERGY": -0.24365367409939168,
    "MP2 SAME-SPIN CORRELATION ENERGY": -0.07076091296295514,
    "MP2 TOTAL ENERGY": -151.06545711029332,
    "NUCLEAR REPULSION ENERGY": 36.283026223228305,
    "ONE-ELECTRON ENERGY": -280.0211511172319,
    "PCM POLARIZATION ENERGY": 0.0,
    "PE ENERGY": 0.0,
    "SCF DIPOLE X": 0.0,
    "SCF DIPOLE Y": 1.1287621734612623e-15,
    "SCF DIPOLE Z": 2.623923085058677,
    "SCF ITERATION ENERGY": -150.75104252323013,
    "SCF ITERATIONS": 11.0,
    "SCF TOTAL ENERGY": -150.75104252323013,
    "TWO-ELECTRON ENERGY": 92.98708237077346
}