{
    "CC D1 DIAGNOSTIC": 0.14050684882434328,
    "CC D2 DIAGNOSTIC": 0.4256420821997716,
    "CC NEW D1 DIAGNOSTIC": 0.14050684882434328,
    "CC T1 DIAGNOSTIC": 0.04452300044527724,
    "CCSD CORRELATION ENERGY": -0.22710789351386054,
    "CCSD OPPOSITE-SPIN CORRELATION ENERGY": -0.19647592346445356,
    "CCSD SAME-SPIN CORRELATION ENERGY": -0.030631970049406432,
    "CCSD TOTAL ENERGY": -100.0334586400952,
    "CURRENT CORRELATION ENERGY": -0.22710789351386054,
    "CURRENT DIPOLE X": 0.0,
    "CURRENT DIPOLE Y": 0.0,
    "CURRENT DIPOLE Z": -3.667688239693534,
    "CURRENT ENERGY": -100.0334586400952,
    "CURRENT REFERENCE ENERGY": -99.80635074658137,
    "HF TOTAL ENERGY": -99.80635074658137,
    "LCCSD (+LMP2) TOTAL ENERGY": -100.03632059834734,
    "MP2 CORRELATION ENERGY": -0.21198208469527166,
    "MP2 OPPOSITE-SPIN CORRELATION ENERGY": -0.1658289580654945,
    "MP2 SAME-SPIN CORRELATION ENERGY": -0.046153126629777164,
    "MP2 TOTAL ENERGY": -100.01833283127661,
    "NUCLEAR REPULSION ENERGY": 2.5443124411005913,
    "ONE-ELECTRON ENERGY": -145.89097234389482,
    "PCM POLARIZATION ENERGY": 0.0,
    "PE ENERGY": 0.0,
    "SCF DIPOLE X": 0.0,
    "SCF DIPOLE Y": 0.0,
    "SCF DIPOLE Z": -3.667688239693534,
    "SCF ITERATION ENERGY": -99.80635074658137,
    "SCF ITERATIONS": 10.0,
    "SCF TOTAL ENERGY": -99.80635074658137,
    "TWO-ELECTRON ENERGY": 43.54030915621284
}