{
    "setup": {
        "name": "ml_individ_lif",
        "valtype": "CCSD",
        "predtype": "MP2",
        "M": 12,
        "N": 200,
        "st": 0.5,
        "K": 30
    },
    "data": {
        "hypers": true,
        "trainers": [
            0,
            12,
            25,
            37,
            50,
            62,
            75,
            87,
            100,
            112,
            125,
            137
        ],
        "a": [
            0.011752658547973385,
            -0.012611071540171237,
            -0.0065606610217949154,
            0.0021667345243105737,
            0.0031983664482892285,
            0.0026859389137365306,
            0.001738142241390486,
            0.0009862189213619577,
            -0.0002270198799895239,
            0.0010296775343708216,
            -0.0009411363529653932,
            -0.0015030293440967697
        ],
        "s": 0.17267923031729432,
        "l": 0.5689866029018281
    }
}