{
    "setup": {
        "name": "ml_individ",
        "valtype": "CCSD",
        "predtype": "MP2",
        "M": 12,
        "N": 200,
        "st": 0.5,
        "K": 30
    },
    "data": {
        "hypers": true,
        "trainers": [
            0,
            12,
            25,
            37,
            50,
            62,
            75,
            87,
            100,
            112,
            125,
            137
        ],
        "a": [
            18623240955.32776,
            24806801150.810818,
            151974685931.27777,
            3760992385.8160276,
            -23181975811.479454,
            -140290731618.20486,
            -55075006930.49672,
            95115324268.88025,
            6797343935.858735,
            -79073807769.21896,
            -7201669546.0079155,
            3744802956.196115
        ],
        "s": 67416.44471980058,
        "l": 0.08142981508639666
    }
}