{
    "setup": {
        "name": "ml_individ_co2",
        "valtype": "CCSD",
        "predtype": "MP2",
        "M": 12,
        "N": 200,
        "st": 0.5,
        "K": 30
    },
    "data": {
        "hypers": true,
        "trainers": [
            0,
            12,
            25,
            37,
            50,
            62,
            75,
            87,
            100,
            112,
            125,
            137
        ],
        "a": [
            152174043.84062415,
            -15622258.387499716,
            1056397655.5686795,
            1238412576.6661816,
            759889808.5884681,
            84684072.84486447,
            -735527054.5989499,
            -576478693.5071727,
            -527168465.2499861,
            -1261303552.2739403,
            -375181862.87135524,
            199723729.37788817
        ],
        "s": 402334.2853161808,
        "l": 2.94705170255181e-11
    }
}