{
    "setup": {
        "name": "ml_individ_hf",
        "valtype": "CCSD",
        "predtype": "MP2",
        "M": 12,
        "N": 200,
        "st": 0.5,
        "K": 30
    },
    "data": {
        "hypers": true,
        "trainers": [
            0,
            12,
            25,
            37,
            50,
            62,
            75,
            87,
            100,
            112,
            125,
            137
        ],
        "a": [
            420.1291759424477,
            29.51776474823976,
            -72.00388040186103,
            -76.13039131380333,
            24.67027405558082,
            15.240249166883347,
            0.8220938208826182,
            435.03914401215945,
            -79.33476261439168,
            -601.2015108376173,
            -28.45779029309304,
            -68.61705969670756
        ],
        "s": 15.718958873481155,
        "l": 2.2229964825261955e-05
    }
}