{
    "setup": {
        "name": "ml_individ_o2",
        "valtype": "CCSD",
        "predtype": "MP2",
        "M": 12,
        "N": 200,
        "st": 0.5,
        "K": 30
    },
    "data": {
        "hypers": true,
        "trainers": [
            0,
            12,
            25,
            37,
            50,
            62,
            75,
            87,
            100,
            112,
            125,
            137
        ],
        "a": [
            -27.038220487383665,
            971.6324750004528,
            -182.19594435011038,
            -888.9587902680619,
            183.927796575428,
            -80.1752915044169,
            34.2481979310434,
            -8.959756230870925,
            -6.053283602906976,
            3.162603538807659,
            -0.2984199408218596,
            0.33093293732315016
        ],
        "s": 8.943877010575608,
        "l": 2.3299518105153717e-06
    }
}