{
    "CC D1 DIAGNOSTIC": 0.42142888762883546,
    "CC D2 DIAGNOSTIC": 0.37516309093633826,
    "CC NEW D1 DIAGNOSTIC": 0.42142888762883546,
    "CC T1 DIAGNOSTIC": 0.13942259826309755,
    "CCSD CORRELATION ENERGY": -0.47137503951009235,
    "CCSD OPPOSITE-SPIN CORRELATION ENERGY": -0.36324492085794025,
    "CCSD SAME-SPIN CORRELATION ENERGY": -0.10813011865215277,
    "CCSD TOTAL ENERGY": -187.56635278540102,
    "CURRENT CORRELATION ENERGY": -0.47137503951009235,
    "CURRENT DIPOLE X": 0.0,
    "CURRENT DIPOLE Y": 0.0,
    "CURRENT DIPOLE Z": 0.0,
    "CURRENT ENERGY": -187.56635278540102,
    "CURRENT REFERENCE ENERGY": -187.09497774588996,
    "HF TOTAL ENERGY": -187.09497774588993,
    "LCCSD (+LMP2) TOTAL ENERGY": -187.56666453395223,
    "MP2 CORRELATION ENERGY": -0.35898738165855465,
    "MP2 OPPOSITE-SPIN CORRELATION ENERGY": -0.27930593455207675,
    "MP2 SAME-SPIN CORRELATION ENERGY": -0.0796814471064779,
    "MP2 TOTAL ENERGY": -187.45396512754948,
    "NUCLEAR REPULSION ENERGY": 35.612158283186915,
    "ONE-ELECTRON ENERGY": -327.6576568927545,
    "PCM POLARIZATION ENERGY": 0.0,
    "PE ENERGY": 0.0,
    "SCF DIPOLE X": 0.0,
    "SCF DIPOLE Y": 0.0,
    "SCF DIPOLE Z": 0.0,
    "SCF ITERATION ENERGY": -187.09497774588996,
    "SCF ITERATIONS": 13.0,
    "SCF TOTAL ENERGY": -187.09497774588996,
    "TWO-ELECTRON ENERGY": 104.95052086367768
}