{
    "CC D1 DIAGNOSTIC": 0.2492566370446942,
    "CC D2 DIAGNOSTIC": 0.2461510156711368,
    "CC NEW D1 DIAGNOSTIC": 0.2492566370446942,
    "CC T1 DIAGNOSTIC": 0.08224811929731814,
    "CCSD CORRELATION ENERGY": -0.48256480026330817,
    "CCSD OPPOSITE-SPIN CORRELATION ENERGY": -0.3773183475840185,
    "CCSD SAME-SPIN CORRELATION ENERGY": -0.10524645267928784,
    "CCSD TOTAL ENERGY": -187.69213576446182,
    "CURRENT CORRELATION ENERGY": -0.48256480026330817,
    "CURRENT DIPOLE X": 0.0,
    "CURRENT DIPOLE Y": 0.0,
    "CURRENT DIPOLE Z": 0.0,
    "CURRENT ENERGY": -187.69213576446182,
    "CURRENT REFERENCE ENERGY": -187.20957096419698,
    "HF TOTAL ENERGY": -187.20957096419698,
    "LCCSD (+LMP2) TOTAL ENERGY": -187.69456412542263,
    "MP2 CORRELATION ENERGY": -0.45169419711774816,
    "MP2 OPPOSITE-SPIN CORRELATION ENERGY": -0.33637706621565966,
    "MP2 SAME-SPIN CORRELATION ENERGY": -0.1153171309020885,
    "MP2 TOTAL ENERGY": -187.66126516131627,
    "NUCLEAR REPULSION ENERGY": 40.60000575357303,
    "ONE-ELECTRON ENERGY": -337.2147411138859,
    "PCM POLARIZATION ENERGY": 0.0,
    "PE ENERGY": 0.0,
    "SCF DIPOLE X": 0.0,
    "SCF DIPOLE Y": 0.0,
    "SCF DIPOLE Z": 0.0,
    "SCF ITERATION ENERGY": -187.20957096419698,
    "SCF ITERATIONS": 12.0,
    "SCF TOTAL ENERGY": -187.20957096419698,
    "TWO-ELECTRON ENERGY": 109.4051643961159
}