{
    "CURRENT CORRELATION ENERGY": -0.15716660374175717,
    "CURRENT DIPOLE X": 0.0,
    "CURRENT DIPOLE Y": 0.0,
    "CURRENT DIPOLE Z": -2.766842800693076,
    "CURRENT ENERGY": -76.16053981703857,
    "CURRENT REFERENCE ENERGY": -76.00337321329681,
    "CUSTOM SCS-MP2 CORRELATION ENERGY": -0.15885455615807234,
    "CUSTOM SCS-MP2 TOTAL ENERGY": -76.16222776945489,
    "HF TOTAL ENERGY": -76.00337321329681,
    "MP2 CORRELATION ENERGY": -0.15716660374175717,
    "MP2 OPPOSITE-SPIN CORRELATION ENERGY": -0.12284502489710172,
    "MP2 SAME-SPIN CORRELATION ENERGY": -0.03432157884465084,
    "MP2 TOTAL ENERGY": -76.16053981703857,
    "NUCLEAR REPULSION ENERGY": 9.191930487806331,
    "ONE-ELECTRON ENERGY": -122.96954759349723,
    "PCM POLARIZATION ENERGY": 0.0,
    "PE ENERGY": 0.0,
    "SCF DIPOLE X": 0.0,
    "SCF DIPOLE Y": 0.0,
    "SCF DIPOLE Z": -2.766842800693076,
    "SCF ITERATION ENERGY": -76.00337321329681,
    "SCF ITERATIONS": 10.0,
    "SCF TOTAL ENERGY": -76.00337321329681,
    "SCS-MP2 CORRELATION ENERGY": -0.15885455615807234,
    "SCS-MP2 TOTAL ENERGY": -76.16222776945489,
    "SCS-MP2-VDW CORRELATION ENERGY": -0.17440242129060834,
    "SCS-MP2-VDW TOTAL ENERGY": -76.17777563458742,
    "SCSN-MP2 CORRELATION ENERGY": -0.060405978766596036,
    "SCSN-MP2 TOTAL ENERGY": -76.06377919206341,
    "SOS-MP2 CORRELATION ENERGY": 0.0,
    "SOS-MP2 TOTAL ENERGY": -76.00337321329681,
    "SOS-PI-MP2 CORRELATION ENERGY": -0.17198303485594124,
    "SOS-PI-MP2 TOTAL ENERGY": -76.17535624815275,
    "TWO-ELECTRON ENERGY": 37.77424389239408
}