{
    "CC D1 DIAGNOSTIC": 0.07719986852179356,
    "CC D2 DIAGNOSTIC": 0.5389830812452128,
    "CC NEW D1 DIAGNOSTIC": 0.07719986852179356,
    "CC T1 DIAGNOSTIC": 0.02480211509554841,
    "CCSD CORRELATION ENERGY": -0.4556130177428974,
    "CCSD OPPOSITE-SPIN CORRELATION ENERGY": -0.41769886240870086,
    "CCSD SAME-SPIN CORRELATION ENERGY": -0.0379141553341964,
    "CCSD TOTAL ENERGY": -149.76227705264424,
    "CURRENT CORRELATION ENERGY": -0.4556130177428974,
    "CURRENT DIPOLE X": 0.0,
    "CURRENT DIPOLE Y": 0.0,
    "CURRENT DIPOLE Z": 0.0,
    "CURRENT ENERGY": -149.76227705264424,
    "CURRENT REFERENCE ENERGY": -149.3066640349013,
    "HF TOTAL ENERGY": -149.3066640349013,
    "LCCSD (+LMP2) TOTAL ENERGY": -149.8802004032265,
    "MP2 CORRELATION ENERGY": -0.5503549058105601,
    "MP2 OPPOSITE-SPIN CORRELATION ENERGY": -0.40643815341355705,
    "MP2 SAME-SPIN CORRELATION ENERGY": -0.14391675239700308,
    "MP2 TOTAL ENERGY": -149.8570189407119,
    "NUCLEAR REPULSION ENERGY": 19.092353980433774,
    "ONE-ELECTRON ENERGY": -243.6760450658108,
    "PCM POLARIZATION ENERGY": 0.0,
    "PE ENERGY": 0.0,
    "SCF DIPOLE X": 0.0,
    "SCF DIPOLE Y": 0.0,
    "SCF DIPOLE Z": 0.0,
    "SCF ITERATION ENERGY": -149.3066640349013,
    "SCF ITERATIONS": 9.0,
    "SCF TOTAL ENERGY": -149.3066640349013,
    "TWO-ELECTRON ENERGY": 75.27702705047572
}