{
    "CC D1 DIAGNOSTIC": 0.13079246561544933,
    "CC D2 DIAGNOSTIC": 0.2706588254887914,
    "CC NEW D1 DIAGNOSTIC": 0.13079246561544933,
    "CC T1 DIAGNOSTIC": 0.02983431738669658,
    "CCSD CORRELATION ENERGY": -0.2819939876224815,
    "CCSD OPPOSITE-SPIN CORRELATION ENERGY": -0.22287076916311768,
    "CCSD SAME-SPIN CORRELATION ENERGY": -0.05912321845936411,
    "CCSD TOTAL ENERGY": -259.65606406291397,
    "CURRENT CORRELATION ENERGY": -0.2819939876224815,
    "CURRENT DIPOLE X": 0.0,
    "CURRENT DIPOLE Y": 0.0,
    "CURRENT DIPOLE Z": 4.012227703320901,
    "CURRENT ENERGY": -259.65606406291397,
    "CURRENT REFERENCE ENERGY": -259.37407007529146,
    "HF TOTAL ENERGY": -259.37407007529146,
    "LCCSD (+LMP2) TOTAL ENERGY": -259.6584100302768,
    "MP2 CORRELATION ENERGY": -0.2633421327041823,
    "MP2 OPPOSITE-SPIN CORRELATION ENERGY": -0.20146305083421884,
    "MP2 SAME-SPIN CORRELATION ENERGY": -0.06187908186996344,
    "MP2 TOTAL ENERGY": -259.6374122079957,
    "NUCLEAR REPULSION ENERGY": 59.23477401937312,
    "ONE-ELECTRON ENERGY": -472.9600247460875,
    "PCM POLARIZATION ENERGY": 0.0,
    "PE ENERGY": 0.0,
    "SCF DIPOLE X": 0.0,
    "SCF DIPOLE Y": 0.0,
    "SCF DIPOLE Z": 4.012227703320901,
    "SCF ITERATION ENERGY": -259.37407007529146,
    "SCF ITERATIONS": 12.0,
    "SCF TOTAL ENERGY": -259.37407007529146,
    "TWO-ELECTRON ENERGY": 154.35118065142296
}