{
    "CC D1 DIAGNOSTIC": 0.011417803403523382,
    "CC D2 DIAGNOSTIC": 0.09982429418069151,
    "CC NEW D1 DIAGNOSTIC": 0.011417803403523382,
    "CC T1 DIAGNOSTIC": 0.005678864224666378,
    "CCSD CORRELATION ENERGY": -0.15607848648432998,
    "CCSD OPPOSITE-SPIN CORRELATION ENERGY": -0.12484949631455285,
    "CCSD SAME-SPIN CORRELATION ENERGY": -0.031228990169777163,
    "CCSD TOTAL ENERGY": -100.16882645040344,
    "CURRENT CORRELATION ENERGY": -0.15607848648432998,
    "CURRENT DIPOLE X": 0.0,
    "CURRENT DIPOLE Y": 0.0,
    "CURRENT DIPOLE Z": -2.2231064036564137,
    "CURRENT ENERGY": -100.16882645040344,
    "CURRENT REFERENCE ENERGY": -100.01274796391928,
    "HF TOTAL ENERGY": -100.01274796391928,
    "LCCSD (+LMP2) TOTAL ENERGY": -100.18969693559403,
    "MP2 CORRELATION ENERGY": -0.15467761906319313,
    "MP2 OPPOSITE-SPIN CORRELATION ENERGY": -0.11746842007511231,
    "MP2 SAME-SPIN CORRELATION ENERGY": -0.037209198988080824,
    "MP2 TOTAL ENERGY": -100.1674255829823,
    "NUCLEAR REPULSION ENERGY": 5.726624678610092,
    "ONE-ELECTRON ENERGY": -151.50308602840408,
    "PCM POLARIZATION ENERGY": 0.0,
    "PE ENERGY": 0.0,
    "SCF DIPOLE X": 0.0,
    "SCF DIPOLE Y": 0.0,
    "SCF DIPOLE Z": -2.2231064036564137,
    "SCF ITERATION ENERGY": -100.01274796391928,
    "SCF ITERATIONS": 9.0,
    "SCF TOTAL ENERGY": -100.01274796391928,
    "TWO-ELECTRON ENERGY": 45.76371338587473
}