{
    "CC D1 DIAGNOSTIC": 0.010866430614924495,
    "CC D2 DIAGNOSTIC": 0.07740996742577093,
    "CC NEW D1 DIAGNOSTIC": 0.010866430614924495,
    "CC T1 DIAGNOSTIC": 0.004266869476087702,
    "CCSD CORRELATION ENERGY": -0.10395218762140677,
    "CCSD OPPOSITE-SPIN CORRELATION ENERGY": -0.08537565179796493,
    "CCSD SAME-SPIN CORRELATION ENERGY": -0.01857653582344171,
    "CCSD TOTAL ENERGY": -459.47168070789894,
    "CURRENT CORRELATION ENERGY": -0.10395218762140677,
    "CURRENT DIPOLE X": 0.0,
    "CURRENT DIPOLE Y": 0.0,
    "CURRENT DIPOLE Z": -1.5586653091709193,
    "CURRENT ENERGY": -459.47168070789894,
    "CURRENT REFERENCE ENERGY": -459.3677285202775,
    "HF TOTAL ENERGY": -459.3677285202775,
    "LCCSD (+LMP2) TOTAL ENERGY": -459.46962164012115,
    "MP2 CORRELATION ENERGY": -0.09565700111838449,
    "MP2 OPPOSITE-SPIN CORRELATION ENERGY": -0.07675990240490213,
    "MP2 SAME-SPIN CORRELATION ENERGY": -0.018897098713482358,
    "MP2 TOTAL ENERGY": -459.46338552139594,
    "NUCLEAR REPULSION ENERGY": 12.65163606852728,
    "ONE-ELECTRON ENERGY": -658.8628430491593,
    "PCM POLARIZATION ENERGY": 0.0,
    "PE ENERGY": 0.0,
    "SCF DIPOLE X": 0.0,
    "SCF DIPOLE Y": 0.0,
    "SCF DIPOLE Z": -1.5586653091709193,
    "SCF ITERATION ENERGY": -459.3677285202775,
    "SCF ITERATIONS": 8.0,
    "SCF TOTAL ENERGY": -459.3677285202775,
    "TWO-ELECTRON ENERGY": 186.8434784603545
}