{
    "CC D1 DIAGNOSTIC": 0.1402059270311694,
    "CC D2 DIAGNOSTIC": 0.19838482812784444,
    "CC NEW D1 DIAGNOSTIC": 0.1402059270311694,
    "CC T1 DIAGNOSTIC": 0.045140394978572605,
    "CCSD CORRELATION ENERGY": -0.4699885994841484,
    "CCSD OPPOSITE-SPIN CORRELATION ENERGY": -0.37133999888346136,
    "CCSD SAME-SPIN CORRELATION ENERGY": -0.09864860060068781,
    "CCSD TOTAL ENERGY": -187.83697228659022,
    "CURRENT CORRELATION ENERGY": -0.4699885994841484,
    "CURRENT DIPOLE X": 0.0,
    "CURRENT DIPOLE Y": 0.0,
    "CURRENT DIPOLE Z": 0.0,
    "CURRENT ENERGY": -187.83697228659022,
    "CURRENT REFERENCE ENERGY": -187.36698368710557,
    "HF TOTAL ENERGY": -187.36698368710557,
    "LCCSD (+LMP2) TOTAL ENERGY": -187.83857649610815,
    "MP2 CORRELATION ENERGY": -0.49140746964185694,
    "MP2 OPPOSITE-SPIN CORRELATION ENERGY": -0.36112148540656547,
    "MP2 SAME-SPIN CORRELATION ENERGY": -0.13028598423529147,
    "MP2 TOTAL ENERGY": -187.85839115674796,
    "NUCLEAR REPULSION ENERGY": 46.2408298805703,
    "ONE-ELECTRON ENERGY": -348.1355313506144,
    "PCM POLARIZATION ENERGY": 0.0,
    "PE ENERGY": 0.0,
    "SCF DIPOLE X": 0.0,
    "SCF DIPOLE Y": 0.0,
    "SCF DIPOLE Z": 0.0,
    "SCF ITERATION ENERGY": -187.36698368710557,
    "SCF ITERATIONS": 11.0,
    "SCF TOTAL ENERGY": -187.36698368710557,
    "TWO-ELECTRON ENERGY": 114.52771778293852
}