{
    "CC D1 DIAGNOSTIC": 0.019271109953022388,
    "CC D2 DIAGNOSTIC": 0.20531674465174923,
    "CC NEW D1 DIAGNOSTIC": 0.019271109953022388,
    "CC T1 DIAGNOSTIC": 0.00716887676522857,
    "CCSD CORRELATION ENERGY": -0.26271089634474387,
    "CCSD OPPOSITE-SPIN CORRELATION ENERGY": -0.21184712085334764,
    "CCSD SAME-SPIN CORRELATION ENERGY": -0.05086377549139623,
    "CCSD TOTAL ENERGY": -149.55184476112845,
    "CURRENT CORRELATION ENERGY": -0.26271089634474387,
    "CURRENT DIPOLE X": 0.0,
    "CURRENT DIPOLE Y": 0.0,
    "CURRENT DIPOLE Z": 0.0,
    "CURRENT ENERGY": -149.55184476112845,
    "CURRENT REFERENCE ENERGY": -149.28913386478365,
    "HF TOTAL ENERGY": -149.28913386478365,
    "LCCSD (+LMP2) TOTAL ENERGY": -149.58676424599219,
    "MP2 CORRELATION ENERGY": -0.2539033279554165,
    "MP2 OPPOSITE-SPIN CORRELATION ENERGY": -0.1946911247221019,
    "MP2 SAME-SPIN CORRELATION ENERGY": -0.05921220323331458,
    "MP2 TOTAL ENERGY": -149.54303719273912,
    "NUCLEAR REPULSION ENERGY": 36.137270536692334,
    "ONE-ELECTRON ENERGY": -276.14651632481696,
    "PCM POLARIZATION ENERGY": 0.0,
    "PE ENERGY": 0.0,
    "SCF DIPOLE X": 0.0,
    "SCF DIPOLE Y": 0.0,
    "SCF DIPOLE Z": 0.0,
    "SCF ITERATION ENERGY": -149.28913386478365,
    "SCF ITERATIONS": 9.0,
    "SCF TOTAL ENERGY": -149.28913386478365,
    "TWO-ELECTRON ENERGY": 90.72011192334097
}