{
    "CC D1 DIAGNOSTIC": 0.10136485889584645,
    "CC D2 DIAGNOSTIC": 0.1931195786977241,
    "CC NEW D1 DIAGNOSTIC": 0.10136485889584645,
    "CC T1 DIAGNOSTIC": 0.03998680331100624,
    "CCSD CORRELATION ENERGY": -0.2928524187628032,
    "CCSD OPPOSITE-SPIN CORRELATION ENERGY": -0.23657909643259303,
    "CCSD SAME-SPIN CORRELATION ENERGY": -0.056273322330210124,
    "CCSD TOTAL ENERGY": -112.88217534928286,
    "CURRENT CORRELATION ENERGY": -0.2928524187628032,
    "CURRENT DIPOLE X": 0.0,
    "CURRENT DIPOLE Y": 0.0,
    "CURRENT DIPOLE Z": -1.903842987668677,
    "CURRENT ENERGY": -112.88217534928286,
    "CURRENT REFERENCE ENERGY": -112.58932293051988,
    "HF TOTAL ENERGY": -112.5893229305199,
    "LCCSD (+LMP2) TOTAL ENERGY": -112.88218460538339,
    "MP2 CORRELATION ENERGY": -0.3122972414945305,
    "MP2 OPPOSITE-SPIN CORRELATION ENERGY": -0.23147741806061703,
    "MP2 SAME-SPIN CORRELATION ENERGY": -0.08081982343391345,
    "MP2 TOTAL ENERGY": -112.90162017201459,
    "NUCLEAR REPULSION ENERGY": 17.988258776938938,
    "ONE-ELECTRON ENERGY": -189.21799488035708,
    "PCM POLARIZATION ENERGY": 0.0,
    "PE ENERGY": 0.0,
    "SCF DIPOLE X": 0.0,
    "SCF DIPOLE Y": 0.0,
    "SCF DIPOLE Z": -1.903842987668677,
    "SCF ITERATION ENERGY": -112.58932293051988,
    "SCF ITERATIONS": 10.0,
    "SCF TOTAL ENERGY": -112.58932293051988,
    "TWO-ELECTRON ENERGY": 58.64041317289824
}