{
    "CC D1 DIAGNOSTIC": 0.01033545688833472,
    "CC D2 DIAGNOSTIC": 0.18352732436992913,
    "CC NEW D1 DIAGNOSTIC": 0.01033545688833472,
    "CC T1 DIAGNOSTIC": 0.004728617158076446,
    "CCSD CORRELATION ENERGY": -0.2337231933392095,
    "CCSD OPPOSITE-SPIN CORRELATION ENERGY": -0.18620385031405026,
    "CCSD SAME-SPIN CORRELATION ENERGY": -0.04751934302515923,
    "CCSD TOTAL ENERGY": -147.39443605887533,
    "CURRENT CORRELATION ENERGY": -0.2337231933392095,
    "CURRENT DIPOLE X": 0.0,
    "CURRENT DIPOLE Y": 0.0,
    "CURRENT DIPOLE Z": 0.0,
    "CURRENT ENERGY": -147.39443605887533,
    "CURRENT REFERENCE ENERGY": -147.16071286553606,
    "HF TOTAL ENERGY": -147.16071286553606,
    "LCCSD (+LMP2) TOTAL ENERGY": -147.39781687764773,
    "MP2 CORRELATION ENERGY": -0.22188981282365938,
    "MP2 OPPOSITE-SPIN CORRELATION ENERGY": -0.1703482529698577,
    "MP2 SAME-SPIN CORRELATION ENERGY": -0.05154155985380168,
    "MP2 TOTAL ENERGY": -147.38260267835977,
    "NUCLEAR REPULSION ENERGY": 52.04325061847967,
    "ONE-ELECTRON ENERGY": -301.36178684005847,
    "PCM POLARIZATION ENERGY": 0.0,
    "PE ENERGY": 0.0,
    "SCF DIPOLE X": 0.0,
    "SCF DIPOLE Y": 0.0,
    "SCF DIPOLE Z": 0.0,
    "SCF ITERATION ENERGY": -147.16071286553606,
    "SCF ITERATIONS": 9.0,
    "SCF TOTAL ENERGY": -147.16071286553606,
    "TWO-ELECTRON ENERGY": 102.15782335604274
}