{
    "CURRENT CORRELATION ENERGY": -0.15533996717599052,
    "CURRENT DIPOLE X": 0.0,
    "CURRENT DIPOLE Y": 0.0,
    "CURRENT DIPOLE Z": -1.7440644661980613,
    "CURRENT ENERGY": -76.14786023270776,
    "CURRENT REFERENCE ENERGY": -75.99252026553177,
    "CUSTOM SCS-MP2 CORRELATION ENERGY": -0.1559677901670372,
    "CUSTOM SCS-MP2 TOTAL ENERGY": -76.1484880556988,
    "HF TOTAL ENERGY": -75.99252026553178,
    "MP2 CORRELATION ENERGY": -0.15533996717599052,
    "MP2 OPPOSITE-SPIN CORRELATION ENERGY": -0.12021669358658671,
    "MP2 SAME-SPIN CORRELATION ENERGY": -0.03512327358939954,
    "MP2 TOTAL ENERGY": -76.14786023270776,
    "NUCLEAR REPULSION ENERGY": 9.111619328265684,
    "ONE-ELECTRON ENERGY": -123.04911491634232,
    "PCM POLARIZATION ENERGY": 0.0,
    "PE ENERGY": 0.0,
    "SCF DIPOLE X": 0.0,
    "SCF DIPOLE Y": 0.0,
    "SCF DIPOLE Z": -1.7440644661980613,
    "SCF ITERATION ENERGY": -75.99252026553177,
    "SCF ITERATIONS": 10.0,
    "SCF TOTAL ENERGY": -75.99252026553177,
    "SCS-MP2 CORRELATION ENERGY": -0.1559677901670372,
    "SCS-MP2 TOTAL ENERGY": -76.1484880556988,
    "SCS-MP2-VDW CORRELATION ENERGY": -0.17143900458553674,
    "SCS-MP2-VDW TOTAL ENERGY": -76.1639592701173,
    "SCSN-MP2 CORRELATION ENERGY": -0.06181696151733718,
    "SCSN-MP2 TOTAL ENERGY": -76.0543372270491,
    "SOS-MP2 CORRELATION ENERGY": 0.0,
    "SOS-MP2 TOTAL ENERGY": -75.99252026553177,
    "SOS-PI-MP2 CORRELATION ENERGY": -0.16830337102122428,
    "SOS-PI-MP2 TOTAL ENERGY": -76.16082363655299,
    "TWO-ELECTRON ENERGY": 37.94497532254485
}