{
    "CC D1 DIAGNOSTIC": 0.1161394041432372,
    "CC D2 DIAGNOSTIC": 0.19089606807410775,
    "CC NEW D1 DIAGNOSTIC": 0.1161394041432372,
    "CC T1 DIAGNOSTIC": 0.037119431698774796,
    "CCSD CORRELATION ENERGY": -0.46112519374416094,
    "CCSD OPPOSITE-SPIN CORRELATION ENERGY": -0.3647291383212662,
    "CCSD SAME-SPIN CORRELATION ENERGY": -0.0963960554228947,
    "CCSD TOTAL ENERGY": -187.88075425493986,
    "CURRENT CORRELATION ENERGY": -0.46112519374416094,
    "CURRENT DIPOLE X": 0.0,
    "CURRENT DIPOLE Y": 0.0,
    "CURRENT DIPOLE Z": 0.0,
    "CURRENT ENERGY": -187.88075425493986,
    "CURRENT REFERENCE ENERGY": -187.41962906119542,
    "HF TOTAL ENERGY": -187.41962906119542,
    "LCCSD (+LMP2) TOTAL ENERGY": -187.88164437782592,
    "MP2 CORRELATION ENERGY": -0.48743324779139646,
    "MP2 OPPOSITE-SPIN CORRELATION ENERGY": -0.3583115951877917,
    "MP2 SAME-SPIN CORRELATION ENERGY": -0.12912165260360475,
    "MP2 TOTAL ENERGY": -187.9070623089871,
    "NUCLEAR REPULSION ENERGY": 48.226124902276354,
    "ONE-ELECTRON ENERGY": -352.0147526057778,
    "PCM POLARIZATION ENERGY": 0.0,
    "PE ENERGY": 0.0,
    "SCF DIPOLE X": 0.0,
    "SCF DIPOLE Y": 0.0,
    "SCF DIPOLE Z": 0.0,
    "SCF ITERATION ENERGY": -187.41962906119542,
    "SCF ITERATIONS": 11.0,
    "SCF TOTAL ENERGY": -187.41962906119542,
    "TWO-ELECTRON ENERGY": 116.36899864230602
}