{
    "CC D1 DIAGNOSTIC": 0.28411096223805193,
    "CC D2 DIAGNOSTIC": 0.264190064632474,
    "CC NEW D1 DIAGNOSTIC": 0.28411096223805193,
    "CC T1 DIAGNOSTIC": 0.09404832714796671,
    "CCSD CORRELATION ENERGY": -0.48176752861973837,
    "CCSD OPPOSITE-SPIN CORRELATION ENERGY": -0.3752326355635241,
    "CCSD SAME-SPIN CORRELATION ENERGY": -0.1065348930562135,
    "CCSD TOTAL ENERGY": -187.65911916713233,
    "CURRENT CORRELATION ENERGY": -0.48176752861973837,
    "CURRENT DIPOLE X": 0.0,
    "CURRENT DIPOLE Y": 0.0,
    "CURRENT DIPOLE Z": 0.0,
    "CURRENT ENERGY": -187.65911916713233,
    "CURRENT REFERENCE ENERGY": -187.17735163851054,
    "HF TOTAL ENERGY": -187.17735163851054,
    "LCCSD (+LMP2) TOTAL ENERGY": -187.6702303327048,
    "MP2 CORRELATION ENERGY": -0.4311943013602476,
    "MP2 OPPOSITE-SPIN CORRELATION ENERGY": -0.3236267359476026,
    "MP2 SAME-SPIN CORRELATION ENERGY": -0.107567565412645,
    "MP2 TOTAL ENERGY": -187.60854593987284,
    "NUCLEAR REPULSION ENERGY": 39.3553340443394,
    "ONE-ELECTRON ENERGY": -334.826924329699,
    "PCM POLARIZATION ENERGY": 0.0,
    "PE ENERGY": 0.0,
    "SCF DIPOLE X": 0.0,
    "SCF DIPOLE Y": 0.0,
    "SCF DIPOLE Z": 0.0,
    "SCF ITERATION ENERGY": -187.17735163851054,
    "SCF ITERATIONS": 12.0,
    "SCF TOTAL ENERGY": -187.17735163851054,
    "TWO-ELECTRON ENERGY": 108.2942386468491
}