{
    "CC D1 DIAGNOSTIC": 0.01521541336419871,
    "CC D2 DIAGNOSTIC": 0.14162740686462374,
    "CC NEW D1 DIAGNOSTIC": 0.01521541336419871,
    "CC T1 DIAGNOSTIC": 0.005475766236542105,
    "CCSD CORRELATION ENERGY": -0.11496798302423152,
    "CCSD OPPOSITE-SPIN CORRELATION ENERGY": -0.09505169960339277,
    "CCSD SAME-SPIN CORRELATION ENERGY": -0.019916283420838704,
    "CCSD TOTAL ENERGY": -460.1782634455399,
    "CURRENT CORRELATION ENERGY": -0.11496798302423152,
    "CURRENT DIPOLE X": 0.0,
    "CURRENT DIPOLE Y": 0.0,
    "CURRENT DIPOLE Z": -1.9352964432966218,
    "CURRENT ENERGY": -460.1782634455399,
    "CURRENT REFERENCE ENERGY": -460.06329546251635,
    "HF TOTAL ENERGY": -460.06329546251635,
    "LCCSD (+LMP2) TOTAL ENERGY": -460.1776865327221,
    "MP2 CORRELATION ENERGY": -0.10431415193779543,
    "MP2 OPPOSITE-SPIN CORRELATION ENERGY": -0.08331218387055318,
    "MP2 SAME-SPIN CORRELATION ENERGY": -0.02100196806724225,
    "MP2 TOTAL ENERGY": -460.16760961445345,
    "NUCLEAR REPULSION ENERGY": 6.474526233984123,
    "ONE-ELECTRON ENERGY": -648.5245425004119,
    "PCM POLARIZATION ENERGY": 0.0,
    "PE ENERGY": 0.0,
    "SCF DIPOLE X": 0.0,
    "SCF DIPOLE Y": 0.0,
    "SCF DIPOLE Z": -1.9352964432966218,
    "SCF ITERATION ENERGY": -460.06329546251635,
    "SCF ITERATIONS": 9.0,
    "SCF TOTAL ENERGY": -460.06329546251635,
    "TWO-ELECTRON ENERGY": 181.9867208039115
}