{
    "CC D1 DIAGNOSTIC": 0.015474109370124533,
    "CC D2 DIAGNOSTIC": 0.1429959984929753,
    "CC NEW D1 DIAGNOSTIC": 0.015474109370124533,
    "CC T1 DIAGNOSTIC": 0.00551998318320273,
    "CCSD CORRELATION ENERGY": -0.11522426480146726,
    "CCSD OPPOSITE-SPIN CORRELATION ENERGY": -0.09528845274618872,
    "CCSD SAME-SPIN CORRELATION ENERGY": -0.01993581205527868,
    "CCSD TOTAL ENERGY": -460.1779357195712,
    "CURRENT CORRELATION ENERGY": -0.11522426480146726,
    "CURRENT DIPOLE X": 0.0,
    "CURRENT DIPOLE Y": 0.0,
    "CURRENT DIPOLE Z": -1.9395135926656901,
    "CURRENT ENERGY": -460.1779357195712,
    "CURRENT REFERENCE ENERGY": -460.0627114547694,
    "HF TOTAL ENERGY": -460.06271145476944,
    "LCCSD (+LMP2) TOTAL ENERGY": -460.19257256734073,
    "MP2 CORRELATION ENERGY": -0.10449821170646345,
    "MP2 OPPOSITE-SPIN CORRELATION ENERGY": -0.08346208152014734,
    "MP2 SAME-SPIN CORRELATION ENERGY": -0.021036130186316115,
    "MP2 TOTAL ENERGY": -460.16720966647625,
    "NUCLEAR REPULSION ENERGY": 6.439591739915865,
    "ONE-ELECTRON ENERGY": -648.4578517448904,
    "PCM POLARIZATION ENERGY": 0.0,
    "PE ENERGY": 0.0,
    "SCF DIPOLE X": 0.0,
    "SCF DIPOLE Y": 0.0,
    "SCF DIPOLE Z": -1.9395135926656901,
    "SCF ITERATION ENERGY": -460.0627114547694,
    "SCF ITERATIONS": 9.0,
    "SCF TOTAL ENERGY": -460.0627114547694,
    "TWO-ELECTRON ENERGY": 181.95554855020512
}