{
    "CC D1 DIAGNOSTIC": 0.013807664465881305,
    "CC D2 DIAGNOSTIC": 0.1114516329688534,
    "CC NEW D1 DIAGNOSTIC": 0.013807664465881305,
    "CC T1 DIAGNOSTIC": 0.006648956730139385,
    "CCSD CORRELATION ENERGY": -0.1583310284620315,
    "CCSD OPPOSITE-SPIN CORRELATION ENERGY": -0.1295958923305372,
    "CCSD SAME-SPIN CORRELATION ENERGY": -0.02873513613149431,
    "CCSD TOTAL ENERGY": -76.13004550890909,
    "CURRENT CORRELATION ENERGY": -0.1583310284620315,
    "CURRENT DIPOLE X": 0.0,
    "CURRENT DIPOLE Y": -5.643810867306312e-16,
    "CURRENT DIPOLE Z": -0.6842229661162618,
    "CURRENT ENERGY": -76.13004550890909,
    "CURRENT REFERENCE ENERGY": -75.97171448044703,
    "HF TOTAL ENERGY": -75.97171448044703,
    "LCCSD (+LMP2) TOTAL ENERGY": -76.02115273294771,
    "MP2 CORRELATION ENERGY": -0.1535026509841243,
    "MP2 OPPOSITE-SPIN CORRELATION ENERGY": -0.1185477227517912,
    "MP2 SAME-SPIN CORRELATION ENERGY": -0.03495492823233309,
    "MP2 TOTAL ENERGY": -76.12521713143119,
    "NUCLEAR REPULSION ENERGY": 9.096977271580736,
    "ONE-ELECTRON ENERGY": -123.1150130631108,
    "PCM POLARIZATION ENERGY": 0.0,
    "PE ENERGY": 0.0,
    "SCF DIPOLE X": 0.0,
    "SCF DIPOLE Y": -5.643810867306312e-16,
    "SCF DIPOLE Z": -0.6842229661162618,
    "SCF ITERATION ENERGY": -75.97171448044703,
    "SCF ITERATIONS": 10.0,
    "SCF TOTAL ENERGY": -75.97171448044703,
    "TWO-ELECTRON ENERGY": 38.04632131108302
}