{
    "CC D1 DIAGNOSTIC": 0.11526800725727399,
    "CC D2 DIAGNOSTIC": 0.368982361265019,
    "CC NEW D1 DIAGNOSTIC": 0.11526800725727399,
    "CC T1 DIAGNOSTIC": 0.036578748789671385,
    "CCSD CORRELATION ENERGY": -0.2168334736976585,
    "CCSD OPPOSITE-SPIN CORRELATION ENERGY": -0.18551957837906022,
    "CCSD SAME-SPIN CORRELATION ENERGY": -0.031313895318596685,
    "CCSD TOTAL ENERGY": -100.04660393173134,
    "CURRENT CORRELATION ENERGY": -0.2168334736976585,
    "CURRENT DIPOLE X": 0.0,
    "CURRENT DIPOLE Y": 0.0,
    "CURRENT DIPOLE Z": -3.502873004747416,
    "CURRENT ENERGY": -100.04660393173134,
    "CURRENT REFERENCE ENERGY": -99.82977045803362,
    "HF TOTAL ENERGY": -99.82977045803364,
    "LCCSD (+LMP2) TOTAL ENERGY": -99.97463559922244,
    "MP2 CORRELATION ENERGY": -0.20508373631280313,
    "MP2 OPPOSITE-SPIN CORRELATION ENERGY": -0.15951358076541863,
    "MP2 SAME-SPIN CORRELATION ENERGY": -0.0455701555473845,
    "MP2 TOTAL ENERGY": -100.03485419434648,
    "NUCLEAR REPULSION ENERGY": 2.7078753837427723,
    "ONE-ELECTRON ENERGY": -146.19514493385213,
    "PCM POLARIZATION ENERGY": 0.0,
    "PE ENERGY": 0.0,
    "SCF DIPOLE X": 0.0,
    "SCF DIPOLE Y": 0.0,
    "SCF DIPOLE Z": -3.502873004747416,
    "SCF ITERATION ENERGY": -99.82977045803362,
    "SCF ITERATIONS": 10.0,
    "SCF TOTAL ENERGY": -99.82977045803362,
    "TWO-ELECTRON ENERGY": 43.65749909207574
}