{
    "CC D1 DIAGNOSTIC": 0.3051490978082994,
    "CC D2 DIAGNOSTIC": 0.27642976686327175,
    "CC NEW D1 DIAGNOSTIC": 0.3051490978082994,
    "CC T1 DIAGNOSTIC": 0.10112227906784028,
    "CCSD CORRELATION ENERGY": -0.48072658659416606,
    "CCSD OPPOSITE-SPIN CORRELATION ENERGY": -0.3735900791438273,
    "CCSD SAME-SPIN CORRELATION ENERGY": -0.10713650745033831,
    "CCSD TOTAL ENERGY": -187.64141401578144,
    "CURRENT CORRELATION ENERGY": -0.48072658659416606,
    "CURRENT DIPOLE X": 0.0,
    "CURRENT DIPOLE Y": 0.0,
    "CURRENT DIPOLE Z": 0.0,
    "CURRENT ENERGY": -187.64141401578144,
    "CURRENT REFERENCE ENERGY": -187.16068742918446,
    "HF TOTAL ENERGY": -187.16068742918446,
    "LCCSD (+LMP2) TOTAL ENERGY": -187.64251907618763,
    "MP2 CORRELATION ENERGY": -0.418730198703117,
    "MP2 OPPOSITE-SPIN CORRELATION ENERGY": -0.31591178846098594,
    "MP2 SAME-SPIN CORRELATION ENERGY": -0.10281841024213106,
    "MP2 TOTAL ENERGY": -187.5794176278904,
    "NUCLEAR REPULSION ENERGY": 38.67776731760758,
    "ONE-ELECTRON ENERGY": -333.5292421752158,
    "PCM POLARIZATION ENERGY": 0.0,
    "PE ENERGY": 0.0,
    "SCF DIPOLE X": 0.0,
    "SCF DIPOLE Y": 0.0,
    "SCF DIPOLE Z": 0.0,
    "SCF ITERATION ENERGY": -187.16068742918446,
    "SCF ITERATIONS": 12.0,
    "SCF TOTAL ENERGY": -187.16068742918446,
    "TWO-ELECTRON ENERGY": 107.69078742842379
}