{
    "CC D1 DIAGNOSTIC": 0.14971110453164452,
    "CC D2 DIAGNOSTIC": 0.2111250853582602,
    "CC NEW D1 DIAGNOSTIC": 0.14971110453164452,
    "CC T1 DIAGNOSTIC": 0.05990905684145489,
    "CCSD CORRELATION ENERGY": -0.3093772329154574,
    "CCSD OPPOSITE-SPIN CORRELATION ENERGY": -0.24959981913316015,
    "CCSD SAME-SPIN CORRELATION ENERGY": -0.05977741378229712,
    "CCSD TOTAL ENERGY": -112.82281678535476,
    "CURRENT CORRELATION ENERGY": -0.3093772329154574,
    "CURRENT DIPOLE X": 0.0,
    "CURRENT DIPOLE Y": 0.0,
    "CURRENT DIPOLE Z": -2.523301366318621,
    "CURRENT ENERGY": -112.82281678535476,
    "CURRENT REFERENCE ENERGY": -112.5134395524392,
    "HF TOTAL ENERGY": -112.5134395524392,
    "LCCSD (+LMP2) TOTAL ENERGY": -112.82282365057306,
    "MP2 CORRELATION ENERGY": -0.331830668686751,
    "MP2 OPPOSITE-SPIN CORRELATION ENERGY": -0.2448075034291533,
    "MP2 SAME-SPIN CORRELATION ENERGY": -0.08702316525759768,
    "MP2 TOTAL ENERGY": -112.84527022112606,
    "NUCLEAR REPULSION ENERGY": 16.411365962077404,
    "ONE-ELECTRON ENERGY": -186.1893492184037,
    "PCM POLARIZATION ENERGY": 0.0,
    "PE ENERGY": 0.0,
    "SCF DIPOLE X": 0.0,
    "SCF DIPOLE Y": 0.0,
    "SCF DIPOLE Z": -2.523301366318621,
    "SCF ITERATION ENERGY": -112.5134395524392,
    "SCF ITERATIONS": 11.0,
    "SCF TOTAL ENERGY": -112.5134395524392,
    "TWO-ELECTRON ENERGY": 57.264543703887085
}