{
    "CC D1 DIAGNOSTIC": 0.06388742053235351,
    "CC D2 DIAGNOSTIC": 0.1720967283759959,
    "CC NEW D1 DIAGNOSTIC": 0.06388742053235351,
    "CC T1 DIAGNOSTIC": 0.02515253162415906,
    "CCSD CORRELATION ENERGY": -0.27132500628503853,
    "CCSD OPPOSITE-SPIN CORRELATION ENERGY": -0.21887012834438951,
    "CCSD SAME-SPIN CORRELATION ENERGY": -0.052454877940649014,
    "CCSD TOTAL ENERGY": -112.94316865160961,
    "CURRENT CORRELATION ENERGY": -0.27132500628503853,
    "CURRENT DIPOLE X": 0.0,
    "CURRENT DIPOLE Y": 0.0,
    "CURRENT DIPOLE Z": -1.0812792090865788,
    "CURRENT ENERGY": -112.94316865160961,
    "CURRENT REFERENCE ENERGY": -112.67184364532459,
    "HF TOTAL ENERGY": -112.67184364532459,
    "LCCSD (+LMP2) TOTAL ENERGY": -112.94138737626288,
    "MP2 CORRELATION ENERGY": -0.2811651931278588,
    "MP2 OPPOSITE-SPIN CORRELATION ENERGY": -0.21042359227625584,
    "MP2 SAME-SPIN CORRELATION ENERGY": -0.07074160085160297,
    "MP2 TOTAL ENERGY": -112.95300883845243,
    "NUCLEAR REPULSION ENERGY": 20.381857727096133,
    "ONE-ELECTRON ENERGY": -193.8055964274888,
    "PCM POLARIZATION ENERGY": 0.0,
    "PE ENERGY": 0.0,
    "SCF DIPOLE X": 0.0,
    "SCF DIPOLE Y": 0.0,
    "SCF DIPOLE Z": -1.0812792090865788,
    "SCF ITERATION ENERGY": -112.67184364532459,
    "SCF ITERATIONS": 10.0,
    "SCF TOTAL ENERGY": -112.67184364532459,
    "TWO-ELECTRON ENERGY": 60.75189505506809
}