{
    "CC D1 DIAGNOSTIC": 0.043060633730894124,
    "CC D2 DIAGNOSTIC": 0.10099024200896452,
    "CC NEW D1 DIAGNOSTIC": 0.043060633730894124,
    "CC T1 DIAGNOSTIC": 0.019985042383281606,
    "CCSD CORRELATION ENERGY": -0.18216149729752124,
    "CCSD OPPOSITE-SPIN CORRELATION ENERGY": -0.14616248825987635,
    "CCSD SAME-SPIN CORRELATION ENERGY": -0.03599900903764483,
    "CCSD TOTAL ENERGY": -107.12463456392871,
    "CURRENT CORRELATION ENERGY": -0.18216149729752124,
    "CURRENT DIPOLE X": 0.0,
    "CURRENT DIPOLE Y": 0.0,
    "CURRENT DIPOLE Z": -7.8354828437806665,
    "CURRENT ENERGY": -107.12463456392871,
    "CURRENT REFERENCE ENERGY": -106.94247306663108,
    "HF TOTAL ENERGY": -106.94247306663108,
    "LCCSD (+LMP2) TOTAL ENERGY": -107.12287105283471,
    "MP2 CORRELATION ENERGY": -0.18306226586201702,
    "MP2 OPPOSITE-SPIN CORRELATION ENERGY": -0.13862847014256283,
    "MP2 SAME-SPIN CORRELATION ENERGY": -0.04443379571945419,
    "MP2 TOTAL ENERGY": -107.1255353324932,
    "NUCLEAR REPULSION ENERGY": 7.60232393831527,
    "ONE-ELECTRON ENERGY": -166.77560571068574,
    "PCM POLARIZATION ENERGY": 0.0,
    "PE ENERGY": 0.0,
    "SCF DIPOLE X": 0.0,
    "SCF DIPOLE Y": 0.0,
    "SCF DIPOLE Z": -7.8354828437806665,
    "SCF ITERATION ENERGY": -106.94247306663108,
    "SCF ITERATIONS": 10.0,
    "SCF TOTAL ENERGY": -106.94247306663108,
    "TWO-ELECTRON ENERGY": 52.23080870573939
}