{
    "CC D1 DIAGNOSTIC": 0.09230720554528075,
    "CC D2 DIAGNOSTIC": 0.31750716869279794,
    "CC NEW D1 DIAGNOSTIC": 0.09230720554528075,
    "CC T1 DIAGNOSTIC": 0.02938752631462051,
    "CCSD CORRELATION ENERGY": -0.20728793173228632,
    "CCSD OPPOSITE-SPIN CORRELATION ENERGY": -0.17539075881263566,
    "CCSD SAME-SPIN CORRELATION ENERGY": -0.031897172919651495,
    "CCSD TOTAL ENERGY": -100.0625956726471,
    "CURRENT CORRELATION ENERGY": -0.20728793173228632,
    "CURRENT DIPOLE X": 0.0,
    "CURRENT DIPOLE Y": 0.0,
    "CURRENT DIPOLE Z": -3.337376824478252,
    "CURRENT ENERGY": -100.0625956726471,
    "CURRENT REFERENCE ENERGY": -99.85530774091484,
    "HF TOTAL ENERGY": -99.85530774091484,
    "LCCSD (+LMP2) TOTAL ENERGY": -100.06745931225062,
    "MP2 CORRELATION ENERGY": -0.19848559211245792,
    "MP2 OPPOSITE-SPIN CORRELATION ENERGY": -0.1535657190817828,
    "MP2 SAME-SPIN CORRELATION ENERGY": -0.04491987303067513,
    "MP2 TOTAL ENERGY": -100.05379333302729,
    "NUCLEAR REPULSION ENERGY": 2.893912623847238,
    "ONE-ELECTRON ENERGY": -146.5398400075732,
    "PCM POLARIZATION ENERGY": 0.0,
    "PE ENERGY": 0.0,
    "SCF DIPOLE X": 0.0,
    "SCF DIPOLE Y": 0.0,
    "SCF DIPOLE Z": -3.337376824478252,
    "SCF ITERATION ENERGY": -99.85530774091484,
    "SCF ITERATIONS": 10.0,
    "SCF TOTAL ENERGY": -99.85530774091484,
    "TWO-ELECTRON ENERGY": 43.790619642811116
}