{
    "CC D1 DIAGNOSTIC": 0.01414973226920924,
    "CC D2 DIAGNOSTIC": 0.10272750410179385,
    "CC NEW D1 DIAGNOSTIC": 0.01414973226920924,
    "CC T1 DIAGNOSTIC": 0.005330739141603572,
    "CCSD CORRELATION ENERGY": -0.2104034910013162,
    "CCSD OPPOSITE-SPIN CORRELATION ENERGY": -0.16650038816548174,
    "CCSD SAME-SPIN CORRELATION ENERGY": -0.04390310283583468,
    "CCSD TOTAL ENERGY": -104.60993371644888,
    "CURRENT CORRELATION ENERGY": -0.2104034910013162,
    "CURRENT DIPOLE X": 0.0,
    "CURRENT DIPOLE Y": 0.0,
    "CURRENT DIPOLE Z": 2.821905433653156e-16,
    "CURRENT ENERGY": -104.60993371644888,
    "CURRENT REFERENCE ENERGY": -104.39953022544759,
    "HF TOTAL ENERGY": -104.39953022544759,
    "LCCSD (+LMP2) TOTAL ENERGY": -104.59627439828617,
    "MP2 CORRELATION ENERGY": -0.20100712024589726,
    "MP2 OPPOSITE-SPIN CORRELATION ENERGY": -0.1540021821209683,
    "MP2 SAME-SPIN CORRELATION ENERGY": -0.04700493812492895,
    "MP2 TOTAL ENERGY": -104.60053734569345,
    "NUCLEAR REPULSION ENERGY": 48.91001877955613,
    "ONE-ELECTRON ENERGY": -233.55423159967768,
    "PCM POLARIZATION ENERGY": 0.0,
    "PE ENERGY": 0.0,
    "SCF DIPOLE X": 0.0,
    "SCF DIPOLE Y": 0.0,
    "SCF DIPOLE Z": 2.821905433653156e-16,
    "SCF ITERATION ENERGY": -104.39953022544759,
    "SCF ITERATIONS": 9.0,
    "SCF TOTAL ENERGY": -104.39953022544759,
    "TWO-ELECTRON ENERGY": 80.24468259467395
}