{
    "CC D1 DIAGNOSTIC": 0.017224129934784768,
    "CC D2 DIAGNOSTIC": 0.14561867211367788,
    "CC NEW D1 DIAGNOSTIC": 0.017224129934784768,
    "CC T1 DIAGNOSTIC": 0.007634134923872238,
    "CCSD CORRELATION ENERGY": -0.24897922175123208,
    "CCSD OPPOSITE-SPIN CORRELATION ENERGY": -0.200429543828502,
    "CCSD SAME-SPIN CORRELATION ENERGY": -0.0485496779227301,
    "CCSD TOTAL ENERGY": -109.0760809052061,
    "CURRENT CORRELATION ENERGY": -0.24897922175123208,
    "CURRENT DIPOLE X": 0.0,
    "CURRENT DIPOLE Y": 0.0,
    "CURRENT DIPOLE Z": -2.821905433653156e-16,
    "CURRENT ENERGY": -109.0760809052061,
    "CURRENT REFERENCE ENERGY": -108.82710168345493,
    "HF TOTAL ENERGY": -108.82710168345493,
    "LCCSD (+LMP2) TOTAL ENERGY": -109.08454378042313,
    "MP2 CORRELATION ENERGY": -0.24971559886275427,
    "MP2 OPPOSITE-SPIN CORRELATION ENERGY": -0.18899812682555373,
    "MP2 SAME-SPIN CORRELATION ENERGY": -0.06071747203720054,
    "MP2 TOTAL ENERGY": -109.07681728231762,
    "NUCLEAR REPULSION ENERGY": 27.015743357294085,
    "ONE-ELECTRON ENERGY": -200.2807786551317,
    "PCM POLARIZATION ENERGY": 0.0,
    "PE ENERGY": 0.0,
    "SCF DIPOLE X": 0.0,
    "SCF DIPOLE Y": 0.0,
    "SCF DIPOLE Z": -2.821905433653156e-16,
    "SCF ITERATION ENERGY": -108.82710168345493,
    "SCF ITERATIONS": 8.0,
    "SCF TOTAL ENERGY": -108.82710168345493,
    "TWO-ELECTRON ENERGY": 64.43793361438271
}