{
    "CC D1 DIAGNOSTIC": 0.030416287785041615,
    "CC D2 DIAGNOSTIC": 0.09474590909655417,
    "CC NEW D1 DIAGNOSTIC": 0.030416287785041615,
    "CC T1 DIAGNOSTIC": 0.013694687518702515,
    "CCSD CORRELATION ENERGY": -0.17586614375768558,
    "CCSD OPPOSITE-SPIN CORRELATION ENERGY": -0.14047843374705227,
    "CCSD SAME-SPIN CORRELATION ENERGY": -0.03538771001063329,
    "CCSD TOTAL ENERGY": -107.03631414103809,
    "CURRENT CORRELATION ENERGY": -0.17586614375768558,
    "CURRENT DIPOLE X": 0.0,
    "CURRENT DIPOLE Y": 0.0,
    "CURRENT DIPOLE Z": -4.798628597056742,
    "CURRENT ENERGY": -107.03631414103809,
    "CURRENT REFERENCE ENERGY": -106.8604479972804,
    "HF TOTAL ENERGY": -106.8604479972804,
    "LCCSD (+LMP2) TOTAL ENERGY": -107.03599740581987,
    "MP2 CORRELATION ENERGY": -0.17616110033115184,
    "MP2 OPPOSITE-SPIN CORRELATION ENERGY": -0.13342385673998777,
    "MP2 SAME-SPIN CORRELATION ENERGY": -0.04273724359116407,
    "MP2 TOTAL ENERGY": -107.03660909761156,
    "NUCLEAR REPULSION ENERGY": 12.124815151087038,
    "ONE-ELECTRON ENERGY": -174.9236122767714,
    "PCM POLARIZATION ENERGY": 0.0,
    "PE ENERGY": 0.0,
    "SCF DIPOLE X": 0.0,
    "SCF DIPOLE Y": 0.0,
    "SCF DIPOLE Z": -4.798628597056742,
    "SCF ITERATION ENERGY": -106.8604479972804,
    "SCF ITERATIONS": 9.0,
    "SCF TOTAL ENERGY": -106.8604479972804,
    "TWO-ELECTRON ENERGY": 55.93834912840396
}