{
    "CURRENT CORRELATION ENERGY": -0.041225806027035294,
    "CURRENT DIPOLE X": 0.0,
    "CURRENT DIPOLE Y": 0.0,
    "CURRENT DIPOLE Z": 3.038839413865242e-14,
    "CURRENT ENERGY": -0.9761685395366548,
    "CURRENT REFERENCE ENERGY": -0.9349427335096195,
    "CUSTOM SCS-MP2 CORRELATION ENERGY": -0.049470967232442375,
    "CUSTOM SCS-MP2 TOTAL ENERGY": -0.9844137007420619,
    "HF TOTAL ENERGY": -0.9349427335096195,
    "MP2 CORRELATION ENERGY": -0.041225806027035294,
    "MP2 OPPOSITE-SPIN CORRELATION ENERGY": -0.041225806027035315,
    "MP2 SAME-SPIN CORRELATION ENERGY": 0.0,
    "MP2 TOTAL ENERGY": -0.9761685395366548,
    "NUCLEAR REPULSION ENERGY": 0.2773228162869519,
    "ONE-ELECTRON ENERGY": -1.6273453056905987,
    "PCM POLARIZATION ENERGY": 0.0,
    "PE ENERGY": 0.0,
    "SCF DIPOLE X": 0.0,
    "SCF DIPOLE Y": 0.0,
    "SCF DIPOLE Z": 3.038839413865242e-14,
    "SCF ITERATION ENERGY": -0.9349427335096195,
    "SCF ITERATIONS": 5.0,
    "SCF TOTAL ENERGY": -0.9349427335096195,
    "SCS-MP2 CORRELATION ENERGY": -0.049470967232442375,
    "SCS-MP2 TOTAL ENERGY": -0.9844137007420619,
    "SCS-MP2-VDW CORRELATION ENERGY": -0.05276903171460523,
    "SCS-MP2-VDW TOTAL ENERGY": -0.9877117652242248,
    "SCSN-MP2 CORRELATION ENERGY": 0.0,
    "SCSN-MP2 TOTAL ENERGY": -0.9349427335096195,
    "SOS-MP2 CORRELATION ENERGY": 0.0,
    "SOS-MP2 TOTAL ENERGY": -0.9349427335096195,
    "SOS-PI-MP2 CORRELATION ENERGY": -0.05771612843784946,
    "SOS-PI-MP2 TOTAL ENERGY": -0.992658861947469,
    "TWO-ELECTRON ENERGY": 0.41507975589402724
}