{
    "CC D1 DIAGNOSTIC": 0.034913701805126617,
    "CC D2 DIAGNOSTIC": 0.31617177349334863,
    "CC NEW D1 DIAGNOSTIC": 0.034913701805126617,
    "CC T1 DIAGNOSTIC": 0.008705566232977168,
    "CCSD CORRELATION ENERGY": -0.26596011916544426,
    "CCSD OPPOSITE-SPIN CORRELATION ENERGY": -0.21279118799537106,
    "CCSD SAME-SPIN CORRELATION ENERGY": -0.0531689311700731,
    "CCSD TOTAL ENERGY": -258.41246526574105,
    "CURRENT CORRELATION ENERGY": -0.26596011916544426,
    "CURRENT DIPOLE X": 0.0,
    "CURRENT DIPOLE Y": 0.0,
    "CURRENT DIPOLE Z": 3.554528668306393,
    "CURRENT ENERGY": -258.41246526574105,
    "CURRENT REFERENCE ENERGY": -258.1465051465757,
    "HF TOTAL ENERGY": -258.1465051465757,
    "LCCSD (+LMP2) TOTAL ENERGY": -258.41246526574105,
    "MP2 CORRELATION ENERGY": -0.24672626241086754,
    "MP2 OPPOSITE-SPIN CORRELATION ENERGY": -0.190235637710549,
    "MP2 SAME-SPIN CORRELATION ENERGY": -0.05649062470031854,
    "MP2 TOTAL ENERGY": -258.3932314089864,
    "NUCLEAR REPULSION ENERGY": 70.68013713498087,
    "ONE-ELECTRON ENERGY": -490.6441068457203,
    "PCM POLARIZATION ENERGY": 0.0,
    "PE ENERGY": 0.0,
    "SCF DIPOLE X": 0.0,
    "SCF DIPOLE Y": 0.0,
    "SCF DIPOLE Z": 3.554528668306393,
    "SCF ITERATION ENERGY": -258.1465051465757,
    "SCF ITERATIONS": 11.0,
    "SCF TOTAL ENERGY": -258.1465051465757,
    "TWO-ELECTRON ENERGY": 161.81746456416374
}