{
    "CC D1 DIAGNOSTIC": 0.01181618139420261,
    "CC D2 DIAGNOSTIC": 0.19034091150954582,
    "CC NEW D1 DIAGNOSTIC": 0.01181618139420261,
    "CC T1 DIAGNOSTIC": 0.005719409006582189,
    "CCSD CORRELATION ENERGY": -0.2452381683147796,
    "CCSD OPPOSITE-SPIN CORRELATION ENERGY": -0.19704087305858964,
    "CCSD SAME-SPIN CORRELATION ENERGY": -0.04819729525618993,
    "CCSD TOTAL ENERGY": -148.99319424554704,
    "CURRENT CORRELATION ENERGY": -0.2452381683147796,
    "CURRENT DIPOLE X": 0.0,
    "CURRENT DIPOLE Y": 0.0,
    "CURRENT DIPOLE Z": 0.0,
    "CURRENT ENERGY": -148.99319424554704,
    "CURRENT REFERENCE ENERGY": -148.74795607723217,
    "HF TOTAL ENERGY": -148.74795607723217,
    "LCCSD (+LMP2) TOTAL ENERGY": -149.0366132819422,
    "MP2 CORRELATION ENERGY": -0.23394172909268346,
    "MP2 OPPOSITE-SPIN CORRELATION ENERGY": -0.18014758691593666,
    "MP2 SAME-SPIN CORRELATION ENERGY": -0.0537941421767468,
    "MP2 TOTAL ENERGY": -148.98189780632495,
    "NUCLEAR REPULSION ENERGY": 42.254551442590106,
    "ONE-ELECTRON ENERGY": -286.52364610577763,
    "PCM POLARIZATION ENERGY": 0.0,
    "PE ENERGY": 0.0,
    "SCF DIPOLE X": 0.0,
    "SCF DIPOLE Y": 0.0,
    "SCF DIPOLE Z": 0.0,
    "SCF ITERATION ENERGY": -148.74795607723217,
    "SCF ITERATIONS": 9.0,
    "SCF TOTAL ENERGY": -148.74795607723217,
    "TWO-ELECTRON ENERGY": 95.52113858595534
}