{
    "CC D1 DIAGNOSTIC": 0.02927516182817369,
    "CC D2 DIAGNOSTIC": 0.16252623048177847,
    "CC NEW D1 DIAGNOSTIC": 0.02927516182817369,
    "CC T1 DIAGNOSTIC": 0.010271404607159324,
    "CCSD CORRELATION ENERGY": -0.17485158566530948,
    "CCSD OPPOSITE-SPIN CORRELATION ENERGY": -0.1421589180561509,
    "CCSD SAME-SPIN CORRELATION ENERGY": -0.03269266760915829,
    "CCSD TOTAL ENERGY": -100.15257968023677,
    "CURRENT CORRELATION ENERGY": -0.17485158566530948,
    "CURRENT DIPOLE X": 0.0,
    "CURRENT DIPOLE Y": 0.0,
    "CURRENT DIPOLE Z": -2.662225298908331,
    "CURRENT ENERGY": -100.15257968023677,
    "CURRENT REFERENCE ENERGY": -99.97772809457135,
    "HF TOTAL ENERGY": -99.97772809457135,
    "LCCSD (+LMP2) TOTAL ENERGY": -100.13999686685445,
    "MP2 CORRELATION ENERGY": -0.1729261851633362,
    "MP2 OPPOSITE-SPIN CORRELATION ENERGY": -0.1316872358635034,
    "MP2 SAME-SPIN CORRELATION ENERGY": -0.041238949299832794,
    "MP2 TOTAL ENERGY": -100.1506542797348,
    "NUCLEAR REPULSION ENERGY": 4.06762396699558,
    "ONE-ELECTRON ENERGY": -148.66316585440794,
    "PCM POLARIZATION ENERGY": 0.0,
    "PE ENERGY": 0.0,
    "SCF DIPOLE X": 0.0,
    "SCF DIPOLE Y": 0.0,
    "SCF DIPOLE Z": -2.662225298908331,
    "SCF ITERATION ENERGY": -99.97772809457135,
    "SCF ITERATIONS": 10.0,
    "SCF TOTAL ENERGY": -99.97772809457135,
    "TWO-ELECTRON ENERGY": 44.61781379284102
}