{
    "CC D1 DIAGNOSTIC": 0.01135171523039031,
    "CC D2 DIAGNOSTIC": 0.10106292438792368,
    "CC NEW D1 DIAGNOSTIC": 0.01135171523039031,
    "CC T1 DIAGNOSTIC": 0.004471805438838897,
    "CCSD CORRELATION ENERGY": -0.1073245507056118,
    "CCSD OPPOSITE-SPIN CORRELATION ENERGY": -0.0881888194725895,
    "CCSD SAME-SPIN CORRELATION ENERGY": -0.019135731233022313,
    "CCSD TOTAL ENERGY": -460.1438856183958,
    "CURRENT CORRELATION ENERGY": -0.1073245507056118,
    "CURRENT DIPOLE X": 0.0,
    "CURRENT DIPOLE Y": 0.0,
    "CURRENT DIPOLE Z": -1.8032409935582887,
    "CURRENT ENERGY": -460.1438856183958,
    "CURRENT REFERENCE ENERGY": -460.03656106769046,
    "HF TOTAL ENERGY": -460.03656106769046,
    "LCCSD (+LMP2) TOTAL ENERGY": -460.1442538037421,
    "MP2 CORRELATION ENERGY": -0.0986105504032003,
    "MP2 OPPOSITE-SPIN CORRELATION ENERGY": -0.07881215500931256,
    "MP2 SAME-SPIN CORRELATION ENERGY": -0.01979839539388774,
    "MP2 TOTAL ENERGY": -460.1351716180934,
    "NUCLEAR REPULSION ENERGY": 8.100481917179234,
    "ONE-ELECTRON ENERGY": -651.5498106756361,
    "PCM POLARIZATION ENERGY": 0.0,
    "PE ENERGY": 0.0,
    "SCF DIPOLE X": 0.0,
    "SCF DIPOLE Y": 0.0,
    "SCF DIPOLE Z": -1.8032409935582887,
    "SCF ITERATION ENERGY": -460.03656106769046,
    "SCF ITERATIONS": 9.0,
    "SCF TOTAL ENERGY": -460.03656106769046,
    "TWO-ELECTRON ENERGY": 183.41276769076643
}