{
    "CC D1 DIAGNOSTIC": 0.010836818055603051,
    "CC D2 DIAGNOSTIC": 0.07712470361178536,
    "CC NEW D1 DIAGNOSTIC": 0.010836818055603051,
    "CC T1 DIAGNOSTIC": 0.0043065928900994895,
    "CCSD CORRELATION ENERGY": -0.1041481705808939,
    "CCSD OPPOSITE-SPIN CORRELATION ENERGY": -0.08554732573348806,
    "CCSD SAME-SPIN CORRELATION ENERGY": -0.018600844847405845,
    "CCSD TOTAL ENERGY": -459.16609675586113,
    "CURRENT CORRELATION ENERGY": -0.1041481705808939,
    "CURRENT DIPOLE X": 0.0,
    "CURRENT DIPOLE Y": 0.0,
    "CURRENT DIPOLE Z": -1.4995717723072546,
    "CURRENT ENERGY": -459.16609675586113,
    "CURRENT REFERENCE ENERGY": -459.0619485852803,
    "HF TOTAL ENERGY": -459.0619485852802,
    "LCCSD (+LMP2) TOTAL ENERGY": -459.16891344359817,
    "MP2 CORRELATION ENERGY": -0.09574566155394958,
    "MP2 OPPOSITE-SPIN CORRELATION ENERGY": -0.07684942114453479,
    "MP2 SAME-SPIN CORRELATION ENERGY": -0.01889624040941479,
    "MP2 TOTAL ENERGY": -459.1576942468342,
    "NUCLEAR REPULSION ENERGY": 13.823988445533665,
    "ONE-ELECTRON ENERGY": -660.4171605117873,
    "PCM POLARIZATION ENERGY": 0.0,
    "PE ENERGY": 0.0,
    "SCF DIPOLE X": 0.0,
    "SCF DIPOLE Y": 0.0,
    "SCF DIPOLE Z": -1.4995717723072546,
    "SCF ITERATION ENERGY": -459.0619485852803,
    "SCF ITERATIONS": 9.0,
    "SCF TOTAL ENERGY": -459.0619485852803,
    "TWO-ELECTRON ENERGY": 187.53122348097338
}