{
    "CC D1 DIAGNOSTIC": 0.04290488727962045,
    "CC D2 DIAGNOSTIC": 0.10047476656211102,
    "CC NEW D1 DIAGNOSTIC": 0.04290488727962045,
    "CC T1 DIAGNOSTIC": 0.019842081520597188,
    "CCSD CORRELATION ENERGY": -0.18208056154491084,
    "CCSD OPPOSITE-SPIN CORRELATION ENERGY": -0.14609058974969655,
    "CCSD SAME-SPIN CORRELATION ENERGY": -0.035989971795214265,
    "CCSD TOTAL ENERGY": -107.125993826375,
    "CURRENT CORRELATION ENERGY": -0.18208056154491084,
    "CURRENT DIPOLE X": 0.0,
    "CURRENT DIPOLE Y": 0.0,
    "CURRENT DIPOLE Z": -7.769804811836953,
    "CURRENT ENERGY": -107.125993826375,
    "CURRENT REFERENCE ENERGY": -106.94391326483019,
    "HF TOTAL ENERGY": -106.94391326483019,
    "LCCSD (+LMP2) TOTAL ENERGY": -107.12593011211771,
    "MP2 CORRELATION ENERGY": -0.18297032569372557,
    "MP2 OPPOSITE-SPIN CORRELATION ENERGY": -0.1385610682212812,
    "MP2 SAME-SPIN CORRELATION ENERGY": -0.04440925747244437,
    "MP2 TOTAL ENERGY": -107.12688359052382,
    "NUCLEAR REPULSION ENERGY": 7.66379825587577,
    "ONE-ELECTRON ENERGY": -166.88882003143107,
    "PCM POLARIZATION ENERGY": 0.0,
    "PE ENERGY": 0.0,
    "SCF DIPOLE X": 0.0,
    "SCF DIPOLE Y": 0.0,
    "SCF DIPOLE Z": -7.769804811836953,
    "SCF ITERATION ENERGY": -106.94391326483019,
    "SCF ITERATIONS": 10.0,
    "SCF TOTAL ENERGY": -106.94391326483019,
    "TWO-ELECTRON ENERGY": 52.281108510725105
}