{
    "CC D1 DIAGNOSTIC": 0.03764580237220481,
    "CC D2 DIAGNOSTIC": 0.09161440145902514,
    "CC NEW D1 DIAGNOSTIC": 0.03764580237220481,
    "CC T1 DIAGNOSTIC": 0.013682294701390697,
    "CCSD CORRELATION ENERGY": -0.28980496197195643,
    "CCSD OPPOSITE-SPIN CORRELATION ENERGY": -0.22509356038165157,
    "CCSD SAME-SPIN CORRELATION ENERGY": -0.06471140159030492,
    "CCSD TOTAL ENERGY": -261.58914253399485,
    "CURRENT CORRELATION ENERGY": -0.28980496197195643,
    "CURRENT DIPOLE X": 0.0,
    "CURRENT DIPOLE Y": 0.0,
    "CURRENT DIPOLE Z": -7.283241724935839,
    "CURRENT ENERGY": -261.58914253399485,
    "CURRENT REFERENCE ENERGY": -261.2993375720235,
    "HF TOTAL ENERGY": -261.2993375720235,
    "LCCSD (+LMP2) TOTAL ENERGY": -261.5894038631443,
    "MP2 CORRELATION ENERGY": -0.2911809652363357,
    "MP2 OPPOSITE-SPIN CORRELATION ENERGY": -0.2163029385676004,
    "MP2 SAME-SPIN CORRELATION ENERGY": -0.07487802666873528,
    "MP2 TOTAL ENERGY": -261.5905185372592,
    "NUCLEAR REPULSION ENERGY": 32.27653321179464,
    "ONE-ELECTRON ENERGY": -434.57989543165104,
    "PCM POLARIZATION ENERGY": 0.0,
    "PE ENERGY": 0.0,
    "SCF DIPOLE X": 0.0,
    "SCF DIPOLE Y": 0.0,
    "SCF DIPOLE Z": -7.283241724935839,
    "SCF ITERATION ENERGY": -261.2993375720235,
    "SCF ITERATIONS": 10.0,
    "SCF TOTAL ENERGY": -261.2993375720235,
    "TWO-ELECTRON ENERGY": 141.00402464783292
}