{
    "CC D1 DIAGNOSTIC": 0.06383644479524643,
    "CC D2 DIAGNOSTIC": 0.3974593124540911,
    "CC NEW D1 DIAGNOSTIC": 0.06383644479524643,
    "CC T1 DIAGNOSTIC": 0.020109170999279596,
    "CCSD CORRELATION ENERGY": -0.39806787116276704,
    "CCSD OPPOSITE-SPIN CORRELATION ENERGY": -0.34243994908093056,
    "CCSD SAME-SPIN CORRELATION ENERGY": -0.055627922081836645,
    "CCSD TOTAL ENERGY": -149.7944092944975,
    "CURRENT CORRELATION ENERGY": -0.39806787116276704,
    "CURRENT DIPOLE X": 0.0,
    "CURRENT DIPOLE Y": 0.0,
    "CURRENT DIPOLE Z": 0.0,
    "CURRENT ENERGY": -149.7944092944975,
    "CURRENT REFERENCE ENERGY": -149.39634142333435,
    "HF TOTAL ENERGY": -149.39634142333438,
    "LCCSD (+LMP2) TOTAL ENERGY": -149.83914071232667,
    "MP2 CORRELATION ENERGY": -0.4553030902471765,
    "MP2 OPPOSITE-SPIN CORRELATION ENERGY": -0.337837112465029,
    "MP2 SAME-SPIN CORRELATION ENERGY": -0.11746597778214751,
    "MP2 TOTAL ENERGY": -149.85164451358193,
    "NUCLEAR REPULSION ENERGY": 21.6707426208782,
    "ONE-ELECTRON ENERGY": -248.78773832633792,
    "PCM POLARIZATION ENERGY": 0.0,
    "PE ENERGY": 0.0,
    "SCF DIPOLE X": 0.0,
    "SCF DIPOLE Y": 0.0,
    "SCF DIPOLE Z": 0.0,
    "SCF ITERATION ENERGY": -149.39634142333435,
    "SCF ITERATIONS": 9.0,
    "SCF TOTAL ENERGY": -149.39634142333435,
    "TWO-ELECTRON ENERGY": 77.72065428212535
}