{
    "CC D1 DIAGNOSTIC": 0.08805110279500436,
    "CC D2 DIAGNOSTIC": 0.30789950243820247,
    "CC NEW D1 DIAGNOSTIC": 0.08805110279500436,
    "CC T1 DIAGNOSTIC": 0.028060249781867594,
    "CCSD CORRELATION ENERGY": -0.20547170609789436,
    "CCSD OPPOSITE-SPIN CORRELATION ENERGY": -0.17347265586443078,
    "CCSD SAME-SPIN CORRELATION ENERGY": -0.03199905023346383,
    "CCSD TOTAL ENERGY": -100.06613289203136,
    "CURRENT CORRELATION ENERGY": -0.20547170609789436,
    "CURRENT DIPOLE X": 0.0,
    "CURRENT DIPOLE Y": 0.0,
    "CURRENT DIPOLE Z": -3.3042403081910443,
    "CURRENT ENERGY": -100.06613289203136,
    "CURRENT REFERENCE ENERGY": -99.86066118593344,
    "HF TOTAL ENERGY": -99.86066118593345,
    "LCCSD (+LMP2) TOTAL ENERGY": -100.05008753333473,
    "MP2 CORRELATION ENERGY": -0.19719821113033165,
    "MP2 OPPOSITE-SPIN CORRELATION ENERGY": -0.15241720549754242,
    "MP2 SAME-SPIN CORRELATION ENERGY": -0.04478100563278922,
    "MP2 TOTAL ENERGY": -100.0578593970638,
    "NUCLEAR REPULSION ENERGY": 2.9342302919813323,
    "ONE-ELECTRON ENERGY": -146.61428464059907,
    "PCM POLARIZATION ENERGY": 0.0,
    "PE ENERGY": 0.0,
    "SCF DIPOLE X": 0.0,
    "SCF DIPOLE Y": 0.0,
    "SCF DIPOLE Z": -3.3042403081910443,
    "SCF ITERATION ENERGY": -99.86066118593344,
    "SCF ITERATIONS": 10.0,
    "SCF TOTAL ENERGY": -99.86066118593344,
    "TWO-ELECTRON ENERGY": 43.8193931626843
}