{
    "CC D1 DIAGNOSTIC": 0.037706471811505916,
    "CC D2 DIAGNOSTIC": 0.09564719177119194,
    "CC NEW D1 DIAGNOSTIC": 0.037706471811505916,
    "CC T1 DIAGNOSTIC": 0.01653625159095961,
    "CCSD CORRELATION ENERGY": -0.17943728422887828,
    "CCSD OPPOSITE-SPIN CORRELATION ENERGY": -0.143777516369797,
    "CCSD SAME-SPIN CORRELATION ENERGY": -0.03565976785908126,
    "CCSD TOTAL ENERGY": -107.14031480329997,
    "CURRENT CORRELATION ENERGY": -0.17943728422887828,
    "CURRENT DIPOLE X": 0.0,
    "CURRENT DIPOLE Y": 0.0,
    "CURRENT DIPOLE Z": -6.247653031277223,
    "CURRENT ENERGY": -107.14031480329997,
    "CURRENT REFERENCE ENERGY": -106.96087751907102,
    "HF TOTAL ENERGY": -106.96087751907102,
    "LCCSD (+LMP2) TOTAL ENERGY": -107.13930429301682,
    "MP2 CORRELATION ENERGY": -0.1799939321571668,
    "MP2 OPPOSITE-SPIN CORRELATION ENERGY": -0.13638781229869856,
    "MP2 SAME-SPIN CORRELATION ENERGY": -0.04360611985846824,
    "MP2 TOTAL ENERGY": -107.14087145122825,
    "NUCLEAR REPULSION ENERGY": 9.461794186122829,
    "ONE-ELECTRON ENERGY": -170.18619831710672,
    "PCM POLARIZATION ENERGY": 0.0,
    "PE ENERGY": 0.0,
    "SCF DIPOLE X": 0.0,
    "SCF DIPOLE Y": 0.0,
    "SCF DIPOLE Z": -6.247653031277223,
    "SCF ITERATION ENERGY": -106.96087751907102,
    "SCF ITERATIONS": 9.0,
    "SCF TOTAL ENERGY": -106.96087751907102,
    "TWO-ELECTRON ENERGY": 53.763526611912866
}