{
    "CC D1 DIAGNOSTIC": 0.03207071583387423,
    "CC D2 DIAGNOSTIC": 0.1356124345902312,
    "CC NEW D1 DIAGNOSTIC": 0.03207071583387423,
    "CC T1 DIAGNOSTIC": 0.011219663871175177,
    "CCSD CORRELATION ENERGY": -0.37287351117940265,
    "CCSD OPPOSITE-SPIN CORRELATION ENERGY": -0.29304070470505167,
    "CCSD SAME-SPIN CORRELATION ENERGY": -0.07983280647435104,
    "CCSD TOTAL ENERGY": -187.7950055817257,
    "CURRENT CORRELATION ENERGY": -0.37287351117940265,
    "CURRENT DIPOLE X": 0.0,
    "CURRENT DIPOLE Y": 0.0,
    "CURRENT DIPOLE Z": 0.0,
    "CURRENT ENERGY": -187.7950055817257,
    "CURRENT REFERENCE ENERGY": -187.42213207054613,
    "HF TOTAL ENERGY": -187.42213207054613,
    "LCCSD (+LMP2) TOTAL ENERGY": -187.80867772839616,
    "MP2 CORRELATION ENERGY": -0.37869759995810476,
    "MP2 OPPOSITE-SPIN CORRELATION ENERGY": -0.2827219223525892,
    "MP2 SAME-SPIN CORRELATION ENERGY": -0.09597567760551556,
    "MP2 TOTAL ENERGY": -187.8008296705044,
    "NUCLEAR REPULSION ENERGY": 67.3960095509312,
    "ONE-ELECTRON ENERGY": -389.16252972432903,
    "PCM POLARIZATION ENERGY": 0.0,
    "PE ENERGY": 0.0,
    "SCF DIPOLE X": 0.0,
    "SCF DIPOLE Y": 0.0,
    "SCF DIPOLE Z": 0.0,
    "SCF ITERATION ENERGY": -187.42213207054613,
    "SCF ITERATIONS": 10.0,
    "SCF TOTAL ENERGY": -187.42213207054613,
    "TWO-ELECTRON ENERGY": 134.34438810285172
}