{
    "CURRENT CORRELATION ENERGY": -0.1556571695366813,
    "CURRENT DIPOLE X": 0.0,
    "CURRENT DIPOLE Y": 0.0,
    "CURRENT DIPOLE Z": -2.0159726538897313,
    "CURRENT ENERGY": -76.15640423538495,
    "CURRENT REFERENCE ENERGY": -76.00074706584827,
    "CUSTOM SCS-MP2 CORRELATION ENERGY": -0.15648152543595728,
    "CUSTOM SCS-MP2 TOTAL ENERGY": -76.15722859128422,
    "HF TOTAL ENERGY": -76.00074706584827,
    "MP2 CORRELATION ENERGY": -0.1556571695366813,
    "MP2 OPPOSITE-SPIN CORRELATION ENERGY": -0.12068746414276478,
    "MP2 SAME-SPIN CORRELATION ENERGY": -0.03496970539391864,
    "MP2 TOTAL ENERGY": -76.15640423538495,
    "NUCLEAR REPULSION ENERGY": 9.12103020173295,
    "ONE-ELECTRON ENERGY": -123.02518301388977,
    "PCM POLARIZATION ENERGY": 0.0,
    "PE ENERGY": 0.0,
    "SCF DIPOLE X": 0.0,
    "SCF DIPOLE Y": 0.0,
    "SCF DIPOLE Z": -2.0159726538897313,
    "SCF ITERATION ENERGY": -76.00074706584827,
    "SCF ITERATIONS": 10.0,
    "SCF TOTAL ENERGY": -76.00074706584827,
    "SCS-MP2 CORRELATION ENERGY": -0.15648152543595728,
    "SCS-MP2 TOTAL ENERGY": -76.15722859128422,
    "SCS-MP2-VDW CORRELATION ENERGY": -0.17196480679969284,
    "SCS-MP2-VDW TOTAL ENERGY": -76.17271187264797,
    "SCSN-MP2 CORRELATION ENERGY": -0.06154668149329723,
    "SCSN-MP2 TOTAL ENERGY": -76.06229374734157,
    "SOS-MP2 CORRELATION ENERGY": 0.0,
    "SOS-MP2 TOTAL ENERGY": -76.00074706584827,
    "SOS-PI-MP2 CORRELATION ENERGY": -0.16896244979986363,
    "SOS-PI-MP2 TOTAL ENERGY": -76.16970951564814,
    "TWO-ELECTRON ENERGY": 37.90340574630855
}