{
    "CC D1 DIAGNOSTIC": 0.03942258745199811,
    "CC D2 DIAGNOSTIC": 0.09350876179839285,
    "CC NEW D1 DIAGNOSTIC": 0.03942258745199811,
    "CC T1 DIAGNOSTIC": 0.014832859550175178,
    "CCSD CORRELATION ENERGY": -0.29309028777200036,
    "CCSD OPPOSITE-SPIN CORRELATION ENERGY": -0.22785448545084197,
    "CCSD SAME-SPIN CORRELATION ENERGY": -0.06523580232115833,
    "CCSD TOTAL ENERGY": -261.6266088164025,
    "CURRENT CORRELATION ENERGY": -0.29309028777200036,
    "CURRENT DIPOLE X": 0.0,
    "CURRENT DIPOLE Y": 0.0,
    "CURRENT DIPOLE Z": -8.277955347343518,
    "CURRENT ENERGY": -261.6266088164025,
    "CURRENT REFERENCE ENERGY": -261.33351852863035,
    "HF TOTAL ENERGY": -261.3335185286303,
    "LCCSD (+LMP2) TOTAL ENERGY": -261.6261068744601,
    "MP2 CORRELATION ENERGY": -0.29490320917802,
    "MP2 OPPOSITE-SPIN CORRELATION ENERGY": -0.21901046934362065,
    "MP2 SAME-SPIN CORRELATION ENERGY": -0.07589273983439934,
    "MP2 TOTAL ENERGY": -261.62842173780854,
    "NUCLEAR REPULSION ENERGY": 27.763835492435867,
    "ONE-ELECTRON ENERGY": -425.5174324229347,
    "PCM POLARIZATION ENERGY": 0.0,
    "PE ENERGY": 0.0,
    "SCF DIPOLE X": 0.0,
    "SCF DIPOLE Y": 0.0,
    "SCF DIPOLE Z": -8.277955347343518,
    "SCF ITERATION ENERGY": -261.33351852863035,
    "SCF ITERATIONS": 10.0,
    "SCF TOTAL ENERGY": -261.33351852863035,
    "TWO-ELECTRON ENERGY": 136.4200784018685
}