{
    "CC D1 DIAGNOSTIC": 0.028679723241186613,
    "CC D2 DIAGNOSTIC": 0.0941527928989131,
    "CC NEW D1 DIAGNOSTIC": 0.028679723241186613,
    "CC T1 DIAGNOSTIC": 0.013377928337199602,
    "CCSD CORRELATION ENERGY": -0.1751644208626666,
    "CCSD OPPOSITE-SPIN CORRELATION ENERGY": -0.13974610655544695,
    "CCSD SAME-SPIN CORRELATION ENERGY": -0.035418314307219645,
    "CCSD TOTAL ENERGY": -106.97455196357983,
    "CURRENT CORRELATION ENERGY": -0.1751644208626666,
    "CURRENT DIPOLE X": 0.0,
    "CURRENT DIPOLE Y": 0.0,
    "CURRENT DIPOLE Z": -4.483551210383572,
    "CURRENT ENERGY": -106.97455196357983,
    "CURRENT REFERENCE ENERGY": -106.79938754271708,
    "HF TOTAL ENERGY": -106.79938754271708,
    "LCCSD (+LMP2) TOTAL ENERGY": -106.97546322211815,
    "MP2 CORRELATION ENERGY": -0.17544122231485454,
    "MP2 OPPOSITE-SPIN CORRELATION ENERGY": -0.13280688302954727,
    "MP2 SAME-SPIN CORRELATION ENERGY": -0.04263433928530727,
    "MP2 TOTAL ENERGY": -106.97482876503202,
    "NUCLEAR REPULSION ENERGY": 12.865471280225838,
    "ONE-ELECTRON ENERGY": -176.18966171590375,
    "PCM POLARIZATION ENERGY": 0.0,
    "PE ENERGY": 0.0,
    "SCF DIPOLE X": 0.0,
    "SCF DIPOLE Y": 0.0,
    "SCF DIPOLE Z": -4.483551210383572,
    "SCF ITERATION ENERGY": -106.79938754271708,
    "SCF ITERATIONS": 9.0,
    "SCF TOTAL ENERGY": -106.79938754271708,
    "TWO-ELECTRON ENERGY": 56.52480289296082
}