{
    "CC D1 DIAGNOSTIC": 0.025072944451643184,
    "CC D2 DIAGNOSTIC": 0.18757707067566115,
    "CC NEW D1 DIAGNOSTIC": 0.025072944451643184,
    "CC T1 DIAGNOSTIC": 0.007289471152797295,
    "CCSD CORRELATION ENERGY": -0.12328806160180719,
    "CCSD OPPOSITE-SPIN CORRELATION ENERGY": -0.10291326153883783,
    "CCSD SAME-SPIN CORRELATION ENERGY": -0.020374800062968282,
    "CCSD TOTAL ENERGY": -460.1581538226635,
    "CURRENT CORRELATION ENERGY": -0.12328806160180719,
    "CURRENT DIPOLE X": 0.0,
    "CURRENT DIPOLE Y": 0.0,
    "CURRENT DIPOLE Z": -2.0772897868083184,
    "CURRENT ENERGY": -460.1581538226635,
    "CURRENT REFERENCE ENERGY": -460.0348657610625,
    "HF TOTAL ENERGY": -460.0348657610625,
    "LCCSD (+LMP2) TOTAL ENERGY": -460.1599489317714,
    "MP2 CORRELATION ENERGY": -0.11006745078515426,
    "MP2 OPPOSITE-SPIN CORRELATION ENERGY": -0.08809995388439831,
    "MP2 SAME-SPIN CORRELATION ENERGY": -0.021967496900755945,
    "MP2 TOTAL ENERGY": -460.1449332118469,
    "NUCLEAR REPULSION ENERGY": 5.5943953240519075,
    "ONE-ELECTRON ENERGY": -646.8254664794647,
    "PCM POLARIZATION ENERGY": 0.0,
    "PE ENERGY": 0.0,
    "SCF DIPOLE X": 0.0,
    "SCF DIPOLE Y": 0.0,
    "SCF DIPOLE Z": -2.0772897868083184,
    "SCF ITERATION ENERGY": -460.0348657610625,
    "SCF ITERATIONS": 9.0,
    "SCF TOTAL ENERGY": -460.0348657610625,
    "TWO-ELECTRON ENERGY": 181.19620539435027
}