{
    "CC D1 DIAGNOSTIC": 0.02433963505949233,
    "CC D2 DIAGNOSTIC": 0.17197850511747936,
    "CC NEW D1 DIAGNOSTIC": 0.02433963505949233,
    "CC T1 DIAGNOSTIC": 0.010208019716823407,
    "CCSD CORRELATION ENERGY": -0.27237744130078984,
    "CCSD OPPOSITE-SPIN CORRELATION ENERGY": -0.22076326697201243,
    "CCSD SAME-SPIN CORRELATION ENERGY": -0.05161417432877735,
    "CCSD TOTAL ENERGY": -109.16695403783542,
    "CURRENT CORRELATION ENERGY": -0.27237744130078984,
    "CURRENT DIPOLE X": 0.0,
    "CURRENT DIPOLE Y": 0.0,
    "CURRENT DIPOLE Z": 0.0,
    "CURRENT ENERGY": -109.16695403783542,
    "CURRENT REFERENCE ENERGY": -108.89457659653465,
    "HF TOTAL ENERGY": -108.89457659653465,
    "LCCSD (+LMP2) TOTAL ENERGY": -109.15440764837768,
    "MP2 CORRELATION ENERGY": -0.2825337904098794,
    "MP2 OPPOSITE-SPIN CORRELATION ENERGY": -0.2116790002607117,
    "MP2 SAME-SPIN CORRELATION ENERGY": -0.0708547901491677,
    "MP2 TOTAL ENERGY": -109.17711038694452,
    "NUCLEAR REPULSION ENERGY": 23.833750490730566,
    "ONE-ELECTRON ENERGY": -194.26590895216242,
    "PCM POLARIZATION ENERGY": 0.0,
    "PE ENERGY": 0.0,
    "SCF DIPOLE X": 0.0,
    "SCF DIPOLE Y": 0.0,
    "SCF DIPOLE Z": 0.0,
    "SCF ITERATION ENERGY": -108.89457659653465,
    "SCF ITERATIONS": 8.0,
    "SCF TOTAL ENERGY": -108.89457659653465,
    "TWO-ELECTRON ENERGY": 61.53758186489723
}