{
    "CC D1 DIAGNOSTIC": 0.009823750824053457,
    "CC D2 DIAGNOSTIC": 0.10334612781252275,
    "CC NEW D1 DIAGNOSTIC": 0.009823750824053457,
    "CC T1 DIAGNOSTIC": 0.0044404250857011576,
    "CCSD CORRELATION ENERGY": -0.21293302099469444,
    "CCSD OPPOSITE-SPIN CORRELATION ENERGY": -0.16938662705564786,
    "CCSD SAME-SPIN CORRELATION ENERGY": -0.04354639393904655,
    "CCSD TOTAL ENERGY": -107.3507066996728,
    "CURRENT CORRELATION ENERGY": -0.21293302099469444,
    "CURRENT DIPOLE X": 0.0,
    "CURRENT DIPOLE Y": 0.0,
    "CURRENT DIPOLE Z": -2.821905433653156e-16,
    "CURRENT ENERGY": -107.3507066996728,
    "CURRENT REFERENCE ENERGY": -107.1377736786781,
    "HF TOTAL ENERGY": -107.1377736786781,
    "LCCSD (+LMP2) TOTAL ENERGY": -107.30807314434249,
    "MP2 CORRELATION ENERGY": -0.20445294117016985,
    "MP2 OPPOSITE-SPIN CORRELATION ENERGY": -0.15678870368531658,
    "MP2 SAME-SPIN CORRELATION ENERGY": -0.04766423748485327,
    "MP2 TOTAL ENERGY": -107.34222661984828,
    "NUCLEAR REPULSION ENERGY": 39.38936626903184,
    "ONE-ELECTRON ENERGY": -220.88689231175488,
    "PCM POLARIZATION ENERGY": 0.0,
    "PE ENERGY": 0.0,
    "SCF DIPOLE X": 0.0,
    "SCF DIPOLE Y": 0.0,
    "SCF DIPOLE Z": -2.821905433653156e-16,
    "SCF ITERATION ENERGY": -107.1377736786781,
    "SCF ITERATIONS": 8.0,
    "SCF TOTAL ENERGY": -107.1377736786781,
    "TWO-ELECTRON ENERGY": 74.35975236404495
}