{
    "CC D1 DIAGNOSTIC": 0.04702040530105462,
    "CC D2 DIAGNOSTIC": 0.26789243098674476,
    "CC NEW D1 DIAGNOSTIC": 0.04702040530105462,
    "CC T1 DIAGNOSTIC": 0.01638986173116641,
    "CCSD CORRELATION ENERGY": -0.29744409820319906,
    "CCSD OPPOSITE-SPIN CORRELATION ENERGY": -0.24987496600347436,
    "CCSD SAME-SPIN CORRELATION ENERGY": -0.047569132199724584,
    "CCSD TOTAL ENERGY": -110.16388253336316,
    "CURRENT CORRELATION ENERGY": -0.29744409820319906,
    "CURRENT DIPOLE X": 0.0,
    "CURRENT DIPOLE Y": 1.6931432601918935e-15,
    "CURRENT DIPOLE Z": -3.482082417255129,
    "CURRENT ENERGY": -110.16388253336316,
    "CURRENT REFERENCE ENERGY": -109.86643843515992,
    "HF TOTAL ENERGY": -109.86643843515992,
    "LCCSD (+LMP2) TOTAL ENERGY": -110.16610288108879,
    "MP2 CORRELATION ENERGY": -0.2799315727750218,
    "MP2 OPPOSITE-SPIN CORRELATION ENERGY": -0.2190272415648634,
    "MP2 SAME-SPIN CORRELATION ENERGY": -0.0609043312101584,
    "MP2 TOTAL ENERGY": -110.14637000793499,
    "NUCLEAR REPULSION ENERGY": 32.14729275137141,
    "ONE-ELECTRON ENERGY": -212.43876791033543,
    "PCM POLARIZATION ENERGY": 0.0,
    "PE ENERGY": 0.0,
    "SCF DIPOLE X": 0.0,
    "SCF DIPOLE Y": 1.6931432601918935e-15,
    "SCF DIPOLE Z": -3.482082417255129,
    "SCF ITERATION ENERGY": -109.86643843515992,
    "SCF ITERATIONS": 12.0,
    "SCF TOTAL ENERGY": -109.86643843515992,
    "TWO-ELECTRON ENERGY": 70.42503672380411
}