{
    "CC D1 DIAGNOSTIC": 0.3552791755463232,
    "CC D2 DIAGNOSTIC": 0.3142209116708705,
    "CC NEW D1 DIAGNOSTIC": 0.3552791755463232,
    "CC T1 DIAGNOSTIC": 0.11780490098752978,
    "CCSD CORRELATION ENERGY": -0.47716713788383,
    "CCSD OPPOSITE-SPIN CORRELATION ENERGY": -0.36913317922734545,
    "CCSD SAME-SPIN CORRELATION ENERGY": -0.10803395865648369,
    "CCSD TOTAL ENERGY": -187.60483261005217,
    "CURRENT CORRELATION ENERGY": -0.47716713788383,
    "CURRENT DIPOLE X": 0.0,
    "CURRENT DIPOLE Y": 0.0,
    "CURRENT DIPOLE Z": 0.0,
    "CURRENT ENERGY": -187.60483261005217,
    "CURRENT REFERENCE ENERGY": -187.12766547216683,
    "HF TOTAL ENERGY": -187.12766547216683,
    "LCCSD (+LMP2) TOTAL ENERGY": -187.60483258202356,
    "MP2 CORRELATION ENERGY": -0.390517787960576,
    "MP2 OPPOSITE-SPIN CORRELATION ENERGY": -0.29854997854711485,
    "MP2 SAME-SPIN CORRELATION ENERGY": -0.09196780941346117,
    "MP2 TOTAL ENERGY": -187.51818326012892,
    "NUCLEAR REPULSION ENERGY": 37.235364392779665,
    "ONE-ELECTRON ENERGY": -330.768704001211,
    "PCM POLARIZATION ENERGY": 0.0,
    "PE ENERGY": 0.0,
    "SCF DIPOLE X": 0.0,
    "SCF DIPOLE Y": 0.0,
    "SCF DIPOLE Z": 0.0,
    "SCF ITERATION ENERGY": -187.12766547216683,
    "SCF ITERATIONS": 13.0,
    "SCF TOTAL ENERGY": -187.12766547216683,
    "TWO-ELECTRON ENERGY": 106.4056741362645
}