{
    "CC D1 DIAGNOSTIC": 0.04289324891556026,
    "CC D2 DIAGNOSTIC": 0.35179358861797355,
    "CC NEW D1 DIAGNOSTIC": 0.04289324891556026,
    "CC T1 DIAGNOSTIC": 0.010565759210318628,
    "CCSD CORRELATION ENERGY": -0.2610331699089026,
    "CCSD OPPOSITE-SPIN CORRELATION ENERGY": -0.2088806429626746,
    "CCSD SAME-SPIN CORRELATION ENERGY": -0.05215252694622802,
    "CCSD TOTAL ENERGY": -252.82403246737908,
    "CURRENT CORRELATION ENERGY": -0.2610331699089026,
    "CURRENT DIPOLE X": 0.0,
    "CURRENT DIPOLE Y": 0.0,
    "CURRENT DIPOLE Z": 3.3791517842936654,
    "CURRENT ENERGY": -252.82403246737908,
    "CURRENT REFERENCE ENERGY": -252.56299929747001,
    "HF TOTAL ENERGY": -252.56299929747001,
    "LCCSD (+LMP2) TOTAL ENERGY": -252.8243001366652,
    "MP2 CORRELATION ENERGY": -0.24008925428858408,
    "MP2 OPPOSITE-SPIN CORRELATION ENERGY": -0.18475497032942315,
    "MP2 SAME-SPIN CORRELATION ENERGY": -0.05533428395916093,
    "MP2 TOTAL ENERGY": -252.80308855175878,
    "NUCLEAR REPULSION ENERGY": 98.81820120767459,
    "ONE-ELECTRON ENERGY": -530.6805472491462,
    "PCM POLARIZATION ENERGY": 0.0,
    "PE ENERGY": 0.0,
    "SCF DIPOLE X": 0.0,
    "SCF DIPOLE Y": 0.0,
    "SCF DIPOLE Z": 3.3791517842936654,
    "SCF ITERATION ENERGY": -252.56299929747001,
    "SCF ITERATIONS": 10.0,
    "SCF TOTAL ENERGY": -252.56299929747001,
    "TWO-ELECTRON ENERGY": 179.29934674400164
}