{
    "CC D1 DIAGNOSTIC": 0.06182395338770943,
    "CC D2 DIAGNOSTIC": 0.3811805559101667,
    "CC NEW D1 DIAGNOSTIC": 0.06182395338770943,
    "CC T1 DIAGNOSTIC": 0.01943239201322968,
    "CCSD CORRELATION ENERGY": -0.3905573909884289,
    "CCSD OPPOSITE-SPIN CORRELATION ENERGY": -0.3335378474804814,
    "CCSD SAME-SPIN CORRELATION ENERGY": -0.05701954350794747,
    "CCSD TOTAL ENERGY": -149.79981003257058,
    "CURRENT CORRELATION ENERGY": -0.3905573909884289,
    "CURRENT DIPOLE X": 0.0,
    "CURRENT DIPOLE Y": 0.0,
    "CURRENT DIPOLE Z": -9.030097387690099e-15,
    "CURRENT ENERGY": -149.79981003257058,
    "CURRENT REFERENCE ENERGY": -149.4092526415813,
    "HF TOTAL ENERGY": -149.4092526415813,
    "LCCSD (+LMP2) TOTAL ENERGY": -149.84451622981496,
    "MP2 CORRELATION ENERGY": -0.44259654359695405,
    "MP2 OPPOSITE-SPIN CORRELATION ENERGY": -0.3287063930559586,
    "MP2 SAME-SPIN CORRELATION ENERGY": -0.11389015054099544,
    "MP2 TOTAL ENERGY": -149.8518491851791,
    "NUCLEAR REPULSION ENERGY": 22.097052311780722,
    "ONE-ELECTRON ENERGY": -249.62995238190464,
    "PCM POLARIZATION ENERGY": 0.0,
    "PE ENERGY": 0.0,
    "SCF DIPOLE X": 0.0,
    "SCF DIPOLE Y": 0.0,
    "SCF DIPOLE Z": -9.030097387690099e-15,
    "SCF ITERATION ENERGY": -149.4092526415813,
    "SCF ITERATIONS": 9.0,
    "SCF TOTAL ENERGY": -149.4092526415813,
    "TWO-ELECTRON ENERGY": 78.12364742854261
}