{
    "CC D1 DIAGNOSTIC": 0.06567213824056553,
    "CC D2 DIAGNOSTIC": 0.44029924141075566,
    "CC NEW D1 DIAGNOSTIC": 0.06567213824056553,
    "CC T1 DIAGNOSTIC": 0.027545166917154966,
    "CCSD CORRELATION ENERGY": -0.44538472655575745,
    "CCSD OPPOSITE-SPIN CORRELATION ENERGY": -0.4199409731015851,
    "CCSD SAME-SPIN CORRELATION ENERGY": -0.02544375345417238,
    "CCSD TOTAL ENERGY": -108.93231194617807,
    "CURRENT CORRELATION ENERGY": -0.44538472655575745,
    "CURRENT DIPOLE X": 0.0,
    "CURRENT DIPOLE Y": 0.0,
    "CURRENT DIPOLE Z": 5.643810867306312e-16,
    "CURRENT ENERGY": -108.93231194617807,
    "CURRENT REFERENCE ENERGY": -108.48692721962149,
    "HF TOTAL ENERGY": -108.48692721962149,
    "LCCSD (+LMP2) TOTAL ENERGY": -108.97989172054729,
    "MP2 CORRELATION ENERGY": -0.609266553552102,
    "MP2 OPPOSITE-SPIN CORRELATION ENERGY": -0.4311724541029738,
    "MP2 SAME-SPIN CORRELATION ENERGY": -0.17809409944912824,
    "MP2 TOTAL ENERGY": -109.09619377317442,
    "NUCLEAR REPULSION ENERGY": 14.934897196072852,
    "ONE-ELECTRON ENERGY": -176.4862988551002,
    "PCM POLARIZATION ENERGY": 0.0,
    "PE ENERGY": 0.0,
    "SCF DIPOLE X": 0.0,
    "SCF DIPOLE Y": 0.0,
    "SCF DIPOLE Z": 5.643810867306312e-16,
    "SCF ITERATION ENERGY": -108.48692721962149,
    "SCF ITERATIONS": 8.0,
    "SCF TOTAL ENERGY": -108.48692721962149,
    "TWO-ELECTRON ENERGY": 53.06447443940584
}