{
    "CC D1 DIAGNOSTIC": 0.010891281886308469,
    "CC D2 DIAGNOSTIC": 0.07796330281210961,
    "CC NEW D1 DIAGNOSTIC": 0.010891281886308469,
    "CC T1 DIAGNOSTIC": 0.004249731639351846,
    "CCSD CORRELATION ENERGY": -0.10390781828170143,
    "CCSD OPPOSITE-SPIN CORRELATION ENERGY": -0.08533159870987529,
    "CCSD SAME-SPIN CORRELATION ENERGY": -0.01857621957182655,
    "CCSD TOTAL ENERGY": -459.6169452115732,
    "CURRENT CORRELATION ENERGY": -0.10390781828170143,
    "CURRENT DIPOLE X": 0.0,
    "CURRENT DIPOLE Y": 0.0,
    "CURRENT DIPOLE Z": -1.5913203311079038,
    "CURRENT ENERGY": -459.6169452115732,
    "CURRENT REFERENCE ENERGY": -459.51303739329205,
    "HF TOTAL ENERGY": -459.51303739329205,
    "LCCSD (+LMP2) TOTAL ENERGY": -459.6154026912865,
    "MP2 CORRELATION ENERGY": -0.09566556757519126,
    "MP2 OPPOSITE-SPIN CORRELATION ENERGY": -0.07674826247082438,
    "MP2 SAME-SPIN CORRELATION ENERGY": -0.018917305104366886,
    "MP2 TOTAL ENERGY": -459.60870296086665,
    "NUCLEAR REPULSION ENERGY": 12.014808749641677,
    "ONE-ELECTRON ENERGY": -657.9621879346782,
    "PCM POLARIZATION ENERGY": 0.0,
    "PE ENERGY": 0.0,
    "SCF DIPOLE X": 0.0,
    "SCF DIPOLE Y": 0.0,
    "SCF DIPOLE Z": -1.5913203311079038,
    "SCF ITERATION ENERGY": -459.51303739329205,
    "SCF ITERATIONS": 8.0,
    "SCF TOTAL ENERGY": -459.51303739329205,
    "TWO-ELECTRON ENERGY": 186.4343417917445
}