{
    "CC D1 DIAGNOSTIC": 0.0809394868679045,
    "CC D2 DIAGNOSTIC": 0.6593576755325358,
    "CC NEW D1 DIAGNOSTIC": 0.0809394868679045,
    "CC T1 DIAGNOSTIC": 0.03415569240767085,
    "CCSD CORRELATION ENERGY": -0.533527790462482,
    "CCSD OPPOSITE-SPIN CORRELATION ENERGY": -0.5640356415318951,
    "CCSD SAME-SPIN CORRELATION ENERGY": 0.030507851069413228,
    "CCSD TOTAL ENERGY": -108.91339778666644,
    "CURRENT CORRELATION ENERGY": -0.533527790462482,
    "CURRENT DIPOLE X": 0.0,
    "CURRENT DIPOLE Y": 0.0,
    "CURRENT DIPOLE Z": 5.643810867306312e-16,
    "CURRENT ENERGY": -108.91339778666644,
    "CURRENT REFERENCE ENERGY": -108.37986999620382,
    "HF TOTAL ENERGY": -108.37986999620382,
    "LCCSD (+LMP2) TOTAL ENERGY": -108.93201420577611,
    "MP2 CORRELATION ENERGY": -0.7465502621694534,
    "MP2 OPPOSITE-SPIN CORRELATION ENERGY": -0.5224868027984284,
    "MP2 SAME-SPIN CORRELATION ENERGY": -0.224063459371025,
    "MP2 TOTAL ENERGY": -109.1264202583734,
    "NUCLEAR REPULSION ENERGY": 13.525575311253396,
    "ONE-ELECTRON ENERGY": -173.63897982106118,
    "PCM POLARIZATION ENERGY": 0.0,
    "PE ENERGY": 0.0,
    "SCF DIPOLE X": 0.0,
    "SCF DIPOLE Y": 0.0,
    "SCF DIPOLE Z": 5.643810867306312e-16,
    "SCF ITERATION ENERGY": -108.37986999620382,
    "SCF ITERATIONS": 8.0,
    "SCF TOTAL ENERGY": -108.37986999620382,
    "TWO-ELECTRON ENERGY": 51.73353451360397
}