{
    "CC D1 DIAGNOSTIC": 0.20401564642756187,
    "CC D2 DIAGNOSTIC": 0.22288015736977745,
    "CC NEW D1 DIAGNOSTIC": 0.20401564642756187,
    "CC T1 DIAGNOSTIC": 0.06682863055827824,
    "CCSD CORRELATION ENERGY": -0.48101337008488404,
    "CCSD OPPOSITE-SPIN CORRELATION ENERGY": -0.3779858828073308,
    "CCSD SAME-SPIN CORRELATION ENERGY": -0.10302748727755318,
    "CCSD TOTAL ENERGY": -187.74329556718325,
    "CURRENT CORRELATION ENERGY": -0.48101337008488404,
    "CURRENT DIPOLE X": 0.0,
    "CURRENT DIPOLE Y": 0.0,
    "CURRENT DIPOLE Z": 0.0,
    "CURRENT ENERGY": -187.74329556718325,
    "CURRENT REFERENCE ENERGY": -187.26228219709833,
    "HF TOTAL ENERGY": -187.26228219709833,
    "LCCSD (+LMP2) TOTAL ENERGY": -187.74336339639194,
    "MP2 CORRELATION ENERGY": -0.47530246153694605,
    "MP2 OPPOSITE-SPIN CORRELATION ENERGY": -0.3511528031190192,
    "MP2 SAME-SPIN CORRELATION ENERGY": -0.12414965841792686,
    "MP2 TOTAL ENERGY": -187.7375846586353,
    "NUCLEAR REPULSION ENERGY": 42.52114167251181,
    "ONE-ELECTRON ENERGY": -340.9147809399204,
    "PCM POLARIZATION ENERGY": 0.0,
    "PE ENERGY": 0.0,
    "SCF DIPOLE X": 0.0,
    "SCF DIPOLE Y": 0.0,
    "SCF DIPOLE Z": 0.0,
    "SCF ITERATION ENERGY": -187.26228219709833,
    "SCF ITERATIONS": 12.0,
    "SCF TOTAL ENERGY": -187.26228219709833,
    "TWO-ELECTRON ENERGY": 111.13135707031023
}