{
    "CC D1 DIAGNOSTIC": 0.021369511598376346,
    "CC D2 DIAGNOSTIC": 0.11621493171589237,
    "CC NEW D1 DIAGNOSTIC": 0.021369511598376346,
    "CC T1 DIAGNOSTIC": 0.006762158197507692,
    "CCSD CORRELATION ENERGY": -0.2083086131502501,
    "CCSD OPPOSITE-SPIN CORRELATION ENERGY": -0.1644336870123221,
    "CCSD SAME-SPIN CORRELATION ENERGY": -0.04387492613792801,
    "CCSD TOTAL ENERGY": -108.13507612723832,
    "CURRENT CORRELATION ENERGY": -0.2083086131502501,
    "CURRENT DIPOLE X": 0.0,
    "CURRENT DIPOLE Y": 0.0,
    "CURRENT DIPOLE Z": 1.46014969061536,
    "CURRENT ENERGY": -108.13507612723832,
    "CURRENT REFERENCE ENERGY": -107.92676751408811,
    "HF TOTAL ENERGY": -107.92676751408811,
    "LCCSD (+LMP2) TOTAL ENERGY": -108.13088918891889,
    "MP2 CORRELATION ENERGY": -0.199225876496097,
    "MP2 OPPOSITE-SPIN CORRELATION ENERGY": -0.15216411246575245,
    "MP2 SAME-SPIN CORRELATION ENERGY": -0.04706176403034454,
    "MP2 TOTAL ENERGY": -108.12599339058417,
    "NUCLEAR REPULSION ENERGY": 48.602891503075384,
    "ONE-ELECTRON ENERGY": -237.92452764922467,
    "PCM POLARIZATION ENERGY": 0.0,
    "PE ENERGY": 0.0,
    "SCF DIPOLE X": 0.0,
    "SCF DIPOLE Y": 0.0,
    "SCF DIPOLE Z": 1.46014969061536,
    "SCF ITERATION ENERGY": -107.92676751408811,
    "SCF ITERATIONS": 10.0,
    "SCF TOTAL ENERGY": -107.92676751408811,
    "TWO-ELECTRON ENERGY": 81.39486863206116
}