{
    "CC D1 DIAGNOSTIC": 0.014626948882425677,
    "CC D2 DIAGNOSTIC": 0.13576289055660234,
    "CC NEW D1 DIAGNOSTIC": 0.014626948882425677,
    "CC T1 DIAGNOSTIC": 0.006749139559236686,
    "CCSD CORRELATION ENERGY": -0.2405806445723277,
    "CCSD OPPOSITE-SPIN CORRELATION ENERGY": -0.19324335915906604,
    "CCSD SAME-SPIN CORRELATION ENERGY": -0.04733728541326171,
    "CCSD TOTAL ENERGY": -108.98088426498991,
    "CURRENT CORRELATION ENERGY": -0.2405806445723277,
    "CURRENT DIPOLE X": 0.0,
    "CURRENT DIPOLE Y": 0.0,
    "CURRENT DIPOLE Z": -5.643810867306312e-16,
    "CURRENT ENERGY": -108.98088426498991,
    "CURRENT REFERENCE ENERGY": -108.7403036204175,
    "HF TOTAL ENERGY": -108.7403036204175,
    "LCCSD (+LMP2) TOTAL ENERGY": -108.9764829869649,
    "MP2 CORRELATION ENERGY": -0.23865579570319467,
    "MP2 OPPOSITE-SPIN CORRELATION ENERGY": -0.1812760060423081,
    "MP2 SAME-SPIN CORRELATION ENERGY": -0.05737978966088658,
    "MP2 TOTAL ENERGY": -108.97895941612077,
    "NUCLEAR REPULSION ENERGY": 28.58729629497601,
    "ONE-ELECTRON ENERGY": -203.15117107661106,
    "PCM POLARIZATION ENERGY": 0.0,
    "PE ENERGY": 0.0,
    "SCF DIPOLE X": 0.0,
    "SCF DIPOLE Y": 0.0,
    "SCF DIPOLE Z": -5.643810867306312e-16,
    "SCF ITERATION ENERGY": -108.7403036204175,
    "SCF ITERATIONS": 8.0,
    "SCF TOTAL ENERGY": -108.7403036204175,
    "TWO-ELECTRON ENERGY": 65.82357116121756
}