{
    "CC D1 DIAGNOSTIC": 0.039682347077903135,
    "CC D2 DIAGNOSTIC": 0.09550685585513623,
    "CC NEW D1 DIAGNOSTIC": 0.039682347077903135,
    "CC T1 DIAGNOSTIC": 0.017591528177509967,
    "CCSD CORRELATION ENERGY": -0.1804373824559903,
    "CCSD OPPOSITE-SPIN CORRELATION ENERGY": -0.14465173510094428,
    "CCSD SAME-SPIN CORRELATION ENERGY": -0.035785647355045996,
    "CCSD TOTAL ENERGY": -107.14140948675943,
    "CURRENT CORRELATION ENERGY": -0.1804373824559903,
    "CURRENT DIPOLE X": 0.0,
    "CURRENT DIPOLE Y": 0.0,
    "CURRENT DIPOLE Z": -6.730431716100896,
    "CURRENT ENERGY": -107.14140948675943,
    "CURRENT REFERENCE ENERGY": -106.9609721043036,
    "HF TOTAL ENERGY": -106.96097210430358,
    "LCCSD (+LMP2) TOTAL ENERGY": -107.14139486402402,
    "MP2 CORRELATION ENERGY": -0.18110893967469624,
    "MP2 OPPOSITE-SPIN CORRELATION ENERGY": -0.13720492301848866,
    "MP2 SAME-SPIN CORRELATION ENERGY": -0.04390401665620758,
    "MP2 TOTAL ENERGY": -107.14208104397814,
    "NUCLEAR REPULSION ENERGY": 8.802690875943995,
    "ONE-ELECTRON ENERGY": -168.9824841696861,
    "PCM POLARIZATION ENERGY": 0.0,
    "PE ENERGY": 0.0,
    "SCF DIPOLE X": 0.0,
    "SCF DIPOLE Y": 0.0,
    "SCF DIPOLE Z": -6.730431716100896,
    "SCF ITERATION ENERGY": -106.9609721043036,
    "SCF ITERATIONS": 10.0,
    "SCF TOTAL ENERGY": -106.9609721043036,
    "TWO-ELECTRON ENERGY": 53.21882118943852
}