{
    "CC D1 DIAGNOSTIC": 0.043095964271786434,
    "CC D2 DIAGNOSTIC": 0.2737731742031948,
    "CC NEW D1 DIAGNOSTIC": 0.043095964271786434,
    "CC T1 DIAGNOSTIC": 0.013422142927251891,
    "CCSD CORRELATION ENERGY": -0.32810745316604534,
    "CCSD OPPOSITE-SPIN CORRELATION ENERGY": -0.26857605588207184,
    "CCSD SAME-SPIN CORRELATION ENERGY": -0.05953139728397344,
    "CCSD TOTAL ENERGY": -149.8316760843131,
    "CURRENT CORRELATION ENERGY": -0.32810745316604534,
    "CURRENT DIPOLE X": 0.0,
    "CURRENT DIPOLE Y": 0.0,
    "CURRENT DIPOLE Z": 0.0,
    "CURRENT ENERGY": -149.8316760843131,
    "CURRENT REFERENCE ENERGY": -149.50356863114686,
    "HF TOTAL ENERGY": -149.50356863114683,
    "LCCSD (+LMP2) TOTAL ENERGY": -149.65767156174834,
    "MP2 CORRELATION ENERGY": -0.3417399528122831,
    "MP2 OPPOSITE-SPIN CORRELATION ENERGY": -0.25677784275034704,
    "MP2 SAME-SPIN CORRELATION ENERGY": -0.08496211006193605,
    "MP2 TOTAL ENERGY": -149.84530858395934,
    "NUCLEAR REPULSION ENERGY": 26.69148893106185,
    "ONE-ELECTRON ENERGY": -258.6170583627617,
    "PCM POLARIZATION ENERGY": 0.0,
    "PE ENERGY": 0.0,
    "SCF DIPOLE X": 0.0,
    "SCF DIPOLE Y": 0.0,
    "SCF DIPOLE Z": 0.0,
    "SCF ITERATION ENERGY": -149.50356863114686,
    "SCF ITERATIONS": 9.0,
    "SCF TOTAL ENERGY": -149.50356863114686,
    "TWO-ELECTRON ENERGY": 82.42200080055304
}