{
    "CC D1 DIAGNOSTIC": 0.043191637616884916,
    "CC D2 DIAGNOSTIC": 0.15474898106570759,
    "CC NEW D1 DIAGNOSTIC": 0.043191637616884916,
    "CC T1 DIAGNOSTIC": 0.017267135328152713,
    "CCSD CORRELATION ENERGY": -0.2539546519956601,
    "CCSD OPPOSITE-SPIN CORRELATION ENERGY": -0.204471809260085,
    "CCSD SAME-SPIN CORRELATION ENERGY": -0.04948284273557513,
    "CCSD TOTAL ENERGY": -112.95301936384043,
    "CURRENT CORRELATION ENERGY": -0.2539546519956601,
    "CURRENT DIPOLE X": 0.0,
    "CURRENT DIPOLE Y": 0.0,
    "CURRENT DIPOLE Z": -0.4135575601735616,
    "CURRENT ENERGY": -112.95301936384043,
    "CURRENT REFERENCE ENERGY": -112.69906471184484,
    "HF TOTAL ENERGY": -112.69906471184484,
    "LCCSD (+LMP2) TOTAL ENERGY": -112.95304544198626,
    "MP2 CORRELATION ENERGY": -0.25674994712189275,
    "MP2 OPPOSITE-SPIN CORRELATION ENERGY": -0.19375089719948485,
    "MP2 SAME-SPIN CORRELATION ENERGY": -0.0629990499224079,
    "MP2 TOTAL ENERGY": -112.95581465896666,
    "NUCLEAR REPULSION ENERGY": 22.871948942623714,
    "ONE-ELECTRON ENERGY": -198.51939208441576,
    "PCM POLARIZATION ENERGY": 0.0,
    "PE ENERGY": 0.0,
    "SCF DIPOLE X": 0.0,
    "SCF DIPOLE Y": 0.0,
    "SCF DIPOLE Z": -0.4135575601735616,
    "SCF ITERATION ENERGY": -112.69906471184484,
    "SCF ITERATIONS": 10.0,
    "SCF TOTAL ENERGY": -112.69906471184484,
    "TWO-ELECTRON ENERGY": 62.948378429947205
}