{
    "CC D1 DIAGNOSTIC": 0.04187708425318055,
    "CC D2 DIAGNOSTIC": 0.2522275013537464,
    "CC NEW D1 DIAGNOSTIC": 0.04187708425318055,
    "CC T1 DIAGNOSTIC": 0.010756408230928867,
    "CCSD CORRELATION ENERGY": -0.13412975992843504,
    "CCSD OPPOSITE-SPIN CORRELATION ENERGY": -0.11357474158282266,
    "CCSD SAME-SPIN CORRELATION ENERGY": -0.02055501834561335,
    "CCSD TOTAL ENERGY": -460.1276470851119,
    "CURRENT CORRELATION ENERGY": -0.13412975992843504,
    "CURRENT DIPOLE X": 0.0,
    "CURRENT DIPOLE Y": 0.0,
    "CURRENT DIPOLE Z": -2.276868117682226,
    "CURRENT ENERGY": -460.1276470851119,
    "CURRENT REFERENCE ENERGY": -459.99351732518403,
    "HF TOTAL ENERGY": -459.99351732518403,
    "LCCSD (+LMP2) TOTAL ENERGY": -460.12675012164937,
    "MP2 CORRELATION ENERGY": -0.11689598995991671,
    "MP2 OPPOSITE-SPIN CORRELATION ENERGY": -0.09401545826923387,
    "MP2 SAME-SPIN CORRELATION ENERGY": -0.02288053169068284,
    "MP2 TOTAL ENERGY": -460.1104133151434,
    "NUCLEAR REPULSION ENERGY": 4.884601647194024,
    "ONE-ELECTRON ENERGY": -645.4355059316945,
    "PCM POLARIZATION ENERGY": 0.0,
    "PE ENERGY": 0.0,
    "SCF DIPOLE X": 0.0,
    "SCF DIPOLE Y": 0.0,
    "SCF DIPOLE Z": -2.276868117682226,
    "SCF ITERATION ENERGY": -459.99351732518403,
    "SCF ITERATIONS": 9.0,
    "SCF TOTAL ENERGY": -459.99351732518403,
    "TWO-ELECTRON ENERGY": 180.55738695931643
}