{
    "CC D1 DIAGNOSTIC": 0.1338305141104269,
    "CC D2 DIAGNOSTIC": 0.19649555281758618,
    "CC NEW D1 DIAGNOSTIC": 0.1338305141104269,
    "CC T1 DIAGNOSTIC": 0.04300119259010026,
    "CCSD CORRELATION ENERGY": -0.4679819681326037,
    "CCSD OPPOSITE-SPIN CORRELATION ENERGY": -0.3698851163598445,
    "CCSD SAME-SPIN CORRELATION ENERGY": -0.09809685177275901,
    "CCSD TOTAL ENERGY": -187.84808259128164,
    "CURRENT CORRELATION ENERGY": -0.4679819681326037,
    "CURRENT DIPOLE X": 0.0,
    "CURRENT DIPOLE Y": 0.0,
    "CURRENT DIPOLE Z": 0.0,
    "CURRENT ENERGY": -187.84808259128164,
    "CURRENT REFERENCE ENERGY": -187.3801006231481,
    "HF TOTAL ENERGY": -187.3801006231481,
    "LCCSD (+LMP2) TOTAL ENERGY": -187.83256215768446,
    "MP2 CORRELATION ENERGY": -0.49107094739596346,
    "MP2 OPPOSITE-SPIN CORRELATION ENERGY": -0.3608524280955914,
    "MP2 SAME-SPIN CORRELATION ENERGY": -0.13021851930037204,
    "MP2 TOTAL ENERGY": -187.87117157054502,
    "NUCLEAR REPULSION ENERGY": 46.72167039925906,
    "ONE-ELECTRON ENERGY": -349.07380997102223,
    "PCM POLARIZATION ENERGY": 0.0,
    "PE ENERGY": 0.0,
    "SCF DIPOLE X": 0.0,
    "SCF DIPOLE Y": 0.0,
    "SCF DIPOLE Z": 0.0,
    "SCF ITERATION ENERGY": -187.3801006231481,
    "SCF ITERATIONS": 11.0,
    "SCF TOTAL ENERGY": -187.3801006231481,
    "TWO-ELECTRON ENERGY": 114.97203894861508
}