{
    "CC D1 DIAGNOSTIC": 0.45353445557327815,
    "CC D2 DIAGNOSTIC": 0.34285453644773817,
    "CC NEW D1 DIAGNOSTIC": 0.45353445557327815,
    "CC T1 DIAGNOSTIC": 0.19029123817467347,
    "CCSD CORRELATION ENERGY": -0.33586533463209284,
    "CCSD OPPOSITE-SPIN CORRELATION ENERGY": -0.25652375586548737,
    "CCSD SAME-SPIN CORRELATION ENERGY": -0.07934157876660447,
    "CCSD TOTAL ENERGY": -112.7073220087577,
    "CURRENT CORRELATION ENERGY": -0.33586533463209284,
    "CURRENT DIPOLE X": 0.0,
    "CURRENT DIPOLE Y": 0.0,
    "CURRENT DIPOLE Z": -3.0183532304513534,
    "CURRENT ENERGY": -112.7073220087577,
    "CURRENT REFERENCE ENERGY": -112.37145667412595,
    "HF TOTAL ENERGY": -112.37145667412594,
    "LCCSD (+LMP2) TOTAL ENERGY": -112.70732732352347,
    "MP2 CORRELATION ENERGY": -0.24793043567274994,
    "MP2 OPPOSITE-SPIN CORRELATION ENERGY": -0.193354841062439,
    "MP2 SAME-SPIN CORRELATION ENERGY": -0.054575594610310946,
    "MP2 TOTAL ENERGY": -112.61938710979837,
    "NUCLEAR REPULSION ENERGY": 13.515242557004923,
    "ONE-ELECTRON ENERGY": -180.72623531956395,
    "PCM POLARIZATION ENERGY": 0.0,
    "PE ENERGY": 0.0,
    "SCF DIPOLE X": 0.0,
    "SCF DIPOLE Y": 0.0,
    "SCF DIPOLE Z": -3.0183532304513534,
    "SCF ITERATION ENERGY": -112.37145667412595,
    "SCF ITERATIONS": 14.0,
    "SCF TOTAL ENERGY": -112.37145667412595,
    "TWO-ELECTRON ENERGY": 54.8395360884331
}