{
    "CC D1 DIAGNOSTIC": 0.05081396775478036,
    "CC D2 DIAGNOSTIC": 0.09056685697972171,
    "CC NEW D1 DIAGNOSTIC": 0.05081396775478036,
    "CC T1 DIAGNOSTIC": 0.01741810480121097,
    "CCSD CORRELATION ENERGY": -0.17576250335774427,
    "CCSD OPPOSITE-SPIN CORRELATION ENERGY": -0.13937358936029443,
    "CCSD SAME-SPIN CORRELATION ENERGY": -0.03638891399744976,
    "CCSD TOTAL ENERGY": -106.54038189257174,
    "CURRENT CORRELATION ENERGY": -0.17576250335774427,
    "CURRENT DIPOLE X": 0.0,
    "CURRENT DIPOLE Y": 0.0,
    "CURRENT DIPOLE Z": -3.293048811018499,
    "CURRENT ENERGY": -106.54038189257174,
    "CURRENT REFERENCE ENERGY": -106.36461938921397,
    "HF TOTAL ENERGY": -106.36461938921397,
    "LCCSD (+LMP2) TOTAL ENERGY": -106.53256704639251,
    "MP2 CORRELATION ENERGY": -0.1763779000286714,
    "MP2 OPPOSITE-SPIN CORRELATION ENERGY": -0.1329953395778999,
    "MP2 SAME-SPIN CORRELATION ENERGY": -0.04338256045077149,
    "MP2 TOTAL ENERGY": -106.54099728924267,
    "NUCLEAR REPULSION ENERGY": 16.018417762985415,
    "ONE-ELECTRON ENERGY": -181.18534208103966,
    "PCM POLARIZATION ENERGY": 0.0,
    "PE ENERGY": 0.0,
    "SCF DIPOLE X": 0.0,
    "SCF DIPOLE Y": 0.0,
    "SCF DIPOLE Z": -3.293048811018499,
    "SCF ITERATION ENERGY": -106.36461938921397,
    "SCF ITERATIONS": 10.0,
    "SCF TOTAL ENERGY": -106.36461938921397,
    "TWO-ELECTRON ENERGY": 58.80230492884027
}