{
    "CC D1 DIAGNOSTIC": 0.054757502803720985,
    "CC D2 DIAGNOSTIC": 0.2905178452731583,
    "CC NEW D1 DIAGNOSTIC": 0.054757502803720985,
    "CC T1 DIAGNOSTIC": 0.013119461356654453,
    "CCSD CORRELATION ENERGY": -0.2754145824016012,
    "CCSD OPPOSITE-SPIN CORRELATION ENERGY": -0.2193455703754798,
    "CCSD SAME-SPIN CORRELATION ENERGY": -0.0560690120261213,
    "CCSD TOTAL ENERGY": -259.46369080351127,
    "CURRENT CORRELATION ENERGY": -0.2754145824016012,
    "CURRENT DIPOLE X": 0.0,
    "CURRENT DIPOLE Y": 0.0,
    "CURRENT DIPOLE Z": 3.7963155786115084,
    "CURRENT ENERGY": -259.46369080351127,
    "CURRENT REFERENCE ENERGY": -259.1882762211095,
    "HF TOTAL ENERGY": -259.1882762211095,
    "LCCSD (+LMP2) TOTAL ENERGY": -259.4634770174948,
    "MP2 CORRELATION ENERGY": -0.25710460533888546,
    "MP2 OPPOSITE-SPIN CORRELATION ENERGY": -0.1975262404029616,
    "MP2 SAME-SPIN CORRELATION ENERGY": -0.05957836493592386,
    "MP2 TOTAL ENERGY": -259.44538082644857,
    "NUCLEAR REPULSION ENERGY": 61.325413102409826,
    "ONE-ELECTRON ENERGY": -476.02184947562546,
    "PCM POLARIZATION ENERGY": 0.0,
    "PE ENERGY": 0.0,
    "SCF DIPOLE X": 0.0,
    "SCF DIPOLE Y": 0.0,
    "SCF DIPOLE Z": 3.7963155786115084,
    "SCF ITERATION ENERGY": -259.1882762211095,
    "SCF ITERATIONS": 11.0,
    "SCF TOTAL ENERGY": -259.1882762211095,
    "TWO-ELECTRON ENERGY": 155.50816015210611
}