{
    "CC D1 DIAGNOSTIC": 0.21701010997526182,
    "CC D2 DIAGNOSTIC": 0.2296220582105799,
    "CC NEW D1 DIAGNOSTIC": 0.21701010997526182,
    "CC T1 DIAGNOSTIC": 0.07126438387428471,
    "CCSD CORRELATION ENERGY": -0.4818407775212048,
    "CCSD OPPOSITE-SPIN CORRELATION ENERGY": -0.3781109736254409,
    "CCSD SAME-SPIN CORRELATION ENERGY": -0.10372980389576425,
    "CCSD TOTAL ENERGY": -187.7275094089768,
    "CURRENT CORRELATION ENERGY": -0.4818407775212048,
    "CURRENT DIPOLE X": 0.0,
    "CURRENT DIPOLE Y": 0.0,
    "CURRENT DIPOLE Z": 0.0,
    "CURRENT ENERGY": -187.7275094089768,
    "CURRENT REFERENCE ENERGY": -187.24566863145347,
    "HF TOTAL ENERGY": -187.2456686314535,
    "LCCSD (+LMP2) TOTAL ENERGY": -187.72754232835047,
    "MP2 CORRELATION ENERGY": -0.46913092376427423,
    "MP2 OPPOSITE-SPIN CORRELATION ENERGY": -0.34728204640163934,
    "MP2 SAME-SPIN CORRELATION ENERGY": -0.12184887736263489,
    "MP2 TOTAL ENERGY": -187.71479955521988,
    "NUCLEAR REPULSION ENERGY": 41.925977947702165,
    "ONE-ELECTRON ENERGY": -339.76640482627045,
    "PCM POLARIZATION ENERGY": 0.0,
    "PE ENERGY": 0.0,
    "SCF DIPOLE X": 0.0,
    "SCF DIPOLE Y": 0.0,
    "SCF DIPOLE Z": 0.0,
    "SCF ITERATION ENERGY": -187.24566863145347,
    "SCF ITERATIONS": 12.0,
    "SCF TOTAL ENERGY": -187.24566863145347,
    "TWO-ELECTRON ENERGY": 110.5947582471148
}