{
    "CC D1 DIAGNOSTIC": 0.032780882759031,
    "CC D2 DIAGNOSTIC": 0.09529702730212668,
    "CC NEW D1 DIAGNOSTIC": 0.032780882759031,
    "CC T1 DIAGNOSTIC": 0.014420295366580476,
    "CCSD CORRELATION ENERGY": -0.17697194282548367,
    "CCSD OPPOSITE-SPIN CORRELATION ENERGY": -0.14154928228093372,
    "CCSD SAME-SPIN CORRELATION ENERGY": -0.035422660544549955,
    "CCSD TOTAL ENERGY": -107.0927665113801,
    "CURRENT CORRELATION ENERGY": -0.17697194282548367,
    "CURRENT DIPOLE X": 0.0,
    "CURRENT DIPOLE Y": 0.0,
    "CURRENT DIPOLE Z": -5.237917674248265,
    "CURRENT ENERGY": -107.0927665113801,
    "CURRENT REFERENCE ENERGY": -106.91579456855455,
    "HF TOTAL ENERGY": -106.91579456855455,
    "LCCSD (+LMP2) TOTAL ENERGY": -107.09249546803468,
    "MP2 CORRELATION ENERGY": -0.17732340155398663,
    "MP2 OPPOSITE-SPIN CORRELATION ENERGY": -0.13436158519710026,
    "MP2 SAME-SPIN CORRELATION ENERGY": -0.04296181635688637,
    "MP2 TOTAL ENERGY": -107.09311797010861,
    "NUCLEAR REPULSION ENERGY": 11.193973043031145,
    "ONE-ELECTRON ENERGY": -173.2965113016468,
    "PCM POLARIZATION ENERGY": 0.0,
    "PE ENERGY": 0.0,
    "SCF DIPOLE X": 0.0,
    "SCF DIPOLE Y": 0.0,
    "SCF DIPOLE Z": -5.237917674248265,
    "SCF ITERATION ENERGY": -106.91579456855455,
    "SCF ITERATIONS": 9.0,
    "SCF TOTAL ENERGY": -106.91579456855455,
    "TWO-ELECTRON ENERGY": 55.18674369006111
}