{
    "CC D1 DIAGNOSTIC": 0.04394989127219859,
    "CC D2 DIAGNOSTIC": 0.15036174474308275,
    "CC NEW D1 DIAGNOSTIC": 0.04394989127219859,
    "CC T1 DIAGNOSTIC": 0.014572587693946346,
    "CCSD CORRELATION ENERGY": -0.3953080587202966,
    "CCSD OPPOSITE-SPIN CORRELATION ENERGY": -0.31163325220359905,
    "CCSD SAME-SPIN CORRELATION ENERGY": -0.0836748065166974,
    "CCSD TOTAL ENERGY": -187.9464448518176,
    "CURRENT CORRELATION ENERGY": -0.3953080587202966,
    "CURRENT DIPOLE X": 0.0,
    "CURRENT DIPOLE Y": 0.0,
    "CURRENT DIPOLE Z": 0.0,
    "CURRENT ENERGY": -187.9464448518176,
    "CURRENT REFERENCE ENERGY": -187.55113679309767,
    "HF TOTAL ENERGY": -187.55113679309767,
    "LCCSD (+LMP2) TOTAL ENERGY": -187.94304116823002,
    "MP2 CORRELATION ENERGY": -0.40735494370663244,
    "MP2 OPPOSITE-SPIN CORRELATION ENERGY": -0.3030764452531268,
    "MP2 SAME-SPIN CORRELATION ENERGY": -0.10427849845350562,
    "MP2 TOTAL ENERGY": -187.95849173680392,
    "NUCLEAR REPULSION ENERGY": 61.40866473888948,
    "ONE-ELECTRON ENERGY": -377.73485920795974,
    "PCM POLARIZATION ENERGY": 0.0,
    "PE ENERGY": 0.0,
    "SCF DIPOLE X": 0.0,
    "SCF DIPOLE Y": 0.0,
    "SCF DIPOLE Z": 0.0,
    "SCF ITERATION ENERGY": -187.55113679309767,
    "SCF ITERATIONS": 10.0,
    "SCF TOTAL ENERGY": -187.55113679309767,
    "TWO-ELECTRON ENERGY": 128.77505767597262
}