{
    "CC D1 DIAGNOSTIC": 0.04452635219976278,
    "CC D2 DIAGNOSTIC": 0.26026208077237173,
    "CC NEW D1 DIAGNOSTIC": 0.04452635219976278,
    "CC T1 DIAGNOSTIC": 0.01833690738205184,
    "CCSD CORRELATION ENERGY": -0.34728155611532824,
    "CCSD OPPOSITE-SPIN CORRELATION ENERGY": -0.2925576005148683,
    "CCSD SAME-SPIN CORRELATION ENERGY": -0.05472395560045995,
    "CCSD TOTAL ENERGY": -109.06576972806327,
    "CURRENT CORRELATION ENERGY": -0.34728155611532824,
    "CURRENT DIPOLE X": 0.0,
    "CURRENT DIPOLE Y": 0.0,
    "CURRENT DIPOLE Z": 0.0,
    "CURRENT ENERGY": -109.06576972806327,
    "CURRENT REFERENCE ENERGY": -108.71848817194787,
    "HF TOTAL ENERGY": -108.71848817194787,
    "LCCSD (+LMP2) TOTAL ENERGY": -109.06378713962476,
    "MP2 CORRELATION ENERGY": -0.4109172824339841,
    "MP2 OPPOSITE-SPIN CORRELATION ENERGY": -0.2986519170379605,
    "MP2 SAME-SPIN CORRELATION ENERGY": -0.11226536539602361,
    "MP2 TOTAL ENERGY": -109.12940545438192,
    "NUCLEAR REPULSION ENERGY": 18.36301416812517,
    "ONE-ELECTRON ENERGY": -183.42567629599986,
    "PCM POLARIZATION ENERGY": 0.0,
    "PE ENERGY": 0.0,
    "SCF DIPOLE X": 0.0,
    "SCF DIPOLE Y": 0.0,
    "SCF DIPOLE Z": 0.0,
    "SCF ITERATION ENERGY": -108.71848817194787,
    "SCF ITERATIONS": 8.0,
    "SCF TOTAL ENERGY": -108.71848817194787,
    "TWO-ELECTRON ENERGY": 56.34417395592682
}