{
    "CC D1 DIAGNOSTIC": 0.040293897767682635,
    "CC D2 DIAGNOSTIC": 0.26275760141789606,
    "CC NEW D1 DIAGNOSTIC": 0.040293897767682635,
    "CC T1 DIAGNOSTIC": 0.012584150878454128,
    "CCSD CORRELATION ENERGY": -0.31962064221415426,
    "CCSD OPPOSITE-SPIN CORRELATION ENERGY": -0.2607815522431184,
    "CCSD SAME-SPIN CORRELATION ENERGY": -0.05883908997103582,
    "CCSD TOTAL ENERGY": -149.82940285121364,
    "CURRENT CORRELATION ENERGY": -0.31962064221415426,
    "CURRENT DIPOLE X": 0.0,
    "CURRENT DIPOLE Y": 0.0,
    "CURRENT DIPOLE Z": 0.0,
    "CURRENT ENERGY": -149.82940285121364,
    "CURRENT REFERENCE ENERGY": -149.50978220899978,
    "HF TOTAL ENERGY": -149.50978220899978,
    "LCCSD (+LMP2) TOTAL ENERGY": -149.86466103606315,
    "MP2 CORRELATION ENERGY": -0.3291832419981263,
    "MP2 OPPOSITE-SPIN CORRELATION ENERGY": -0.24790019398701632,
    "MP2 SAME-SPIN CORRELATION ENERGY": -0.08128304801111,
    "MP2 TOTAL ENERGY": -149.83896545099762,
    "NUCLEAR REPULSION ENERGY": 27.508575326910698,
    "ONE-ELECTRON ENERGY": -260.1916616445529,
    "PCM POLARIZATION ENERGY": 0.0,
    "PE ENERGY": 0.0,
    "SCF DIPOLE X": 0.0,
    "SCF DIPOLE Y": 0.0,
    "SCF DIPOLE Z": 0.0,
    "SCF ITERATION ENERGY": -149.50978220899978,
    "SCF ITERATIONS": 9.0,
    "SCF TOTAL ENERGY": -149.50978220899978,
    "TWO-ELECTRON ENERGY": 83.17330410864241
}