{
    "CC D1 DIAGNOSTIC": 0.06849756750522148,
    "CC D2 DIAGNOSTIC": 0.4760065119196554,
    "CC NEW D1 DIAGNOSTIC": 0.06849756750522148,
    "CC T1 DIAGNOSTIC": 0.02876200498769644,
    "CCSD CORRELATION ENERGY": -0.4603132054115322,
    "CCSD OPPOSITE-SPIN CORRELATION ENERGY": -0.44324945653086717,
    "CCSD SAME-SPIN CORRELATION ENERGY": -0.01706374888066492,
    "CCSD TOTAL ENERGY": -108.9235249540029,
    "CURRENT CORRELATION ENERGY": -0.4603132054115322,
    "CURRENT DIPOLE X": 0.0,
    "CURRENT DIPOLE Y": 0.0,
    "CURRENT DIPOLE Z": -5.643810867306312e-16,
    "CURRENT ENERGY": -108.9235249540029,
    "CURRENT REFERENCE ENERGY": -108.46321174859075,
    "HF TOTAL ENERGY": -108.46321174859075,
    "LCCSD (+LMP2) TOTAL ENERGY": -108.90961606862932,
    "MP2 CORRELATION ENERGY": -0.6364126896462288,
    "MP2 OPPOSITE-SPIN CORRELATION ENERGY": -0.4492485842953267,
    "MP2 SAME-SPIN CORRELATION ENERGY": -0.18716410535090205,
    "MP2 TOTAL ENERGY": -109.0996244382376,
    "NUCLEAR REPULSION ENERGY": 14.617583516269608,
    "ONE-ELECTRON ENERGY": -175.84441617946226,
    "PCM POLARIZATION ENERGY": 0.0,
    "PE ENERGY": 0.0,
    "SCF DIPOLE X": 0.0,
    "SCF DIPOLE Y": 0.0,
    "SCF DIPOLE Z": -5.643810867306312e-16,
    "SCF ITERATION ENERGY": -108.46321174859075,
    "SCF ITERATIONS": 8.0,
    "SCF TOTAL ENERGY": -108.46321174859075,
    "TWO-ELECTRON ENERGY": 52.7636209146019
}