{
    "CC D1 DIAGNOSTIC": 0.04962687736926422,
    "CC D2 DIAGNOSTIC": 0.15588887854409958,
    "CC NEW D1 DIAGNOSTIC": 0.04962687736926422,
    "CC T1 DIAGNOSTIC": 0.016230103332060812,
    "CCSD CORRELATION ENERGY": -0.4042915484847043,
    "CCSD OPPOSITE-SPIN CORRELATION ENERGY": -0.31901146740275976,
    "CCSD SAME-SPIN CORRELATION ENERGY": -0.08528008108194435,
    "CCSD TOTAL ENERGY": -187.96902949214507,
    "CURRENT CORRELATION ENERGY": -0.4042915484847043,
    "CURRENT DIPOLE X": 0.0,
    "CURRENT DIPOLE Y": 0.0,
    "CURRENT DIPOLE Z": 0.0,
    "CURRENT ENERGY": -187.96902949214507,
    "CURRENT REFERENCE ENERGY": -187.56473794365826,
    "HF TOTAL ENERGY": -187.56473794365826,
    "LCCSD (+LMP2) TOTAL ENERGY": -187.96902949214507,
    "MP2 CORRELATION ENERGY": -0.41908906320500156,
    "MP2 OPPOSITE-SPIN CORRELATION ENERGY": -0.31129764627215084,
    "MP2 SAME-SPIN CORRELATION ENERGY": -0.10779141693285071,
    "MP2 TOTAL ENERGY": -187.98382700686537,
    "NUCLEAR REPULSION ENERGY": 59.37974409773675,
    "ONE-ELECTRON ENERGY": -373.813729737582,
    "PCM POLARIZATION ENERGY": 0.0,
    "PE ENERGY": 0.0,
    "SCF DIPOLE X": 0.0,
    "SCF DIPOLE Y": 0.0,
    "SCF DIPOLE Z": 0.0,
    "SCF ITERATION ENERGY": -187.56473794365826,
    "SCF ITERATIONS": 10.0,
    "SCF TOTAL ENERGY": -187.56473794365826,
    "TWO-ELECTRON ENERGY": 126.86924769618696
}