{
    "CC D1 DIAGNOSTIC": 0.039435556610068576,
    "CC D2 DIAGNOSTIC": 0.09553378206801558,
    "CC NEW D1 DIAGNOSTIC": 0.039435556610068576,
    "CC T1 DIAGNOSTIC": 0.017451090760948355,
    "CCSD CORRELATION ENERGY": -0.18031239099756477,
    "CCSD OPPOSITE-SPIN CORRELATION ENERGY": -0.1445428022166147,
    "CCSD SAME-SPIN CORRELATION ENERGY": -0.0357695887809501,
    "CCSD TOTAL ENERGY": -107.14171586627333,
    "CURRENT CORRELATION ENERGY": -0.18031239099756477,
    "CURRENT DIPOLE X": 0.0,
    "CURRENT DIPOLE Y": 0.0,
    "CURRENT DIPOLE Z": -6.666010092014891,
    "CURRENT ENERGY": -107.14171586627333,
    "CURRENT REFERENCE ENERGY": -106.96140347527573,
    "HF TOTAL ENERGY": -106.96140347527573,
    "LCCSD (+LMP2) TOTAL ENERGY": -107.14061565248898,
    "MP2 CORRELATION ENERGY": -0.18096864770541823,
    "MP2 OPPOSITE-SPIN CORRELATION ENERGY": -0.1371025863591993,
    "MP2 SAME-SPIN CORRELATION ENERGY": -0.043866061346218926,
    "MP2 TOTAL ENERGY": -107.14237212298117,
    "NUCLEAR REPULSION ENERGY": 8.88521610290597,
    "ONE-ELECTRON ENERGY": -169.13363037169904,
    "PCM POLARIZATION ENERGY": 0.0,
    "PE ENERGY": 0.0,
    "SCF DIPOLE X": 0.0,
    "SCF DIPOLE Y": 0.0,
    "SCF DIPOLE Z": -6.666010092014891,
    "SCF ITERATION ENERGY": -106.96140347527573,
    "SCF ITERATIONS": 10.0,
    "SCF TOTAL ENERGY": -106.96140347527573,
    "TWO-ELECTRON ENERGY": 53.287010793517354
}