{
    "CC D1 DIAGNOSTIC": 0.04857608599549621,
    "CC D2 DIAGNOSTIC": 0.09073693980306177,
    "CC NEW D1 DIAGNOSTIC": 0.04857608599549621,
    "CC T1 DIAGNOSTIC": 0.01693741069727546,
    "CCSD CORRELATION ENERGY": -0.17554600732362144,
    "CCSD OPPOSITE-SPIN CORRELATION ENERGY": -0.1392355057678138,
    "CCSD SAME-SPIN CORRELATION ENERGY": -0.036310501555807506,
    "CCSD TOTAL ENERGY": -106.56431498540603,
    "CURRENT CORRELATION ENERGY": -0.17554600732362144,
    "CURRENT DIPOLE X": 0.0,
    "CURRENT DIPOLE Y": 0.0,
    "CURRENT DIPOLE Z": -3.3445227838394658,
    "CURRENT ENERGY": -106.56431498540603,
    "CURRENT REFERENCE ENERGY": -106.3887689780825,
    "HF TOTAL ENERGY": -106.3887689780825,
    "LCCSD (+LMP2) TOTAL ENERGY": -106.56373537441765,
    "MP2 CORRELATION ENERGY": -0.17613093786773723,
    "MP2 OPPOSITE-SPIN CORRELATION ENERGY": -0.13283594572220198,
    "MP2 SAME-SPIN CORRELATION ENERGY": -0.043294992145535255,
    "MP2 TOTAL ENERGY": -106.56489991595015,
    "NUCLEAR REPULSION ENERGY": 15.884185211898943,
    "ONE-ELECTRON ENERGY": -180.98923762785688,
    "PCM POLARIZATION ENERGY": 0.0,
    "PE ENERGY": 0.0,
    "SCF DIPOLE X": 0.0,
    "SCF DIPOLE Y": 0.0,
    "SCF DIPOLE Z": -3.3445227838394658,
    "SCF ITERATION ENERGY": -106.3887689780825,
    "SCF ITERATIONS": 10.0,
    "SCF TOTAL ENERGY": -106.3887689780825,
    "TWO-ELECTRON ENERGY": 58.71628343787545
}