{
    "CC D1 DIAGNOSTIC": 0.010880765066436888,
    "CC D2 DIAGNOSTIC": 0.07770555924635737,
    "CC NEW D1 DIAGNOSTIC": 0.010880765066436888,
    "CC T1 DIAGNOSTIC": 0.004255864950562818,
    "CCSD CORRELATION ENERGY": -0.10391795371542872,
    "CCSD OPPOSITE-SPIN CORRELATION ENERGY": -0.08534299880765805,
    "CCSD SAME-SPIN CORRELATION ENERGY": -0.018574954907770863,
    "CCSD TOTAL ENERGY": -459.5624560193407,
    "CURRENT CORRELATION ENERGY": -0.10391795371542872,
    "CURRENT DIPOLE X": 0.0,
    "CURRENT DIPOLE Y": 0.0,
    "CURRENT DIPOLE Z": -1.5786106527958916,
    "CURRENT ENERGY": -459.5624560193407,
    "CURRENT REFERENCE ENERGY": -459.4585380656252,
    "HF TOTAL ENERGY": -459.4585380656252,
    "LCCSD (+LMP2) TOTAL ENERGY": -459.58175565806175,
    "MP2 CORRELATION ENERGY": -0.09565609305542469,
    "MP2 OPPOSITE-SPIN CORRELATION ENERGY": -0.07674864361745434,
    "MP2 SAME-SPIN CORRELATION ENERGY": -0.018907449437970347,
    "MP2 TOTAL ENERGY": -459.5541941586807,
    "NUCLEAR REPULSION ENERGY": 12.261688381483642,
    "ONE-ELECTRON ENERGY": -658.3161616720465,
    "PCM POLARIZATION ENERGY": 0.0,
    "PE ENERGY": 0.0,
    "SCF DIPOLE X": 0.0,
    "SCF DIPOLE Y": 0.0,
    "SCF DIPOLE Z": -1.5786106527958916,
    "SCF ITERATION ENERGY": -459.4585380656252,
    "SCF ITERATIONS": 8.0,
    "SCF TOTAL ENERGY": -459.4585380656252,
    "TWO-ELECTRON ENERGY": 186.5959352249377
}