{
    "CC D1 DIAGNOSTIC": 0.018056062219040225,
    "CC D2 DIAGNOSTIC": 0.10319830676920848,
    "CC NEW D1 DIAGNOSTIC": 0.018056062219040225,
    "CC T1 DIAGNOSTIC": 0.006133176622003228,
    "CCSD CORRELATION ENERGY": -0.21234467115802846,
    "CCSD OPPOSITE-SPIN CORRELATION ENERGY": -0.16801625847419352,
    "CCSD SAME-SPIN CORRELATION ENERGY": -0.044328412683835056,
    "CCSD TOTAL ENERGY": -103.56929597461153,
    "CURRENT CORRELATION ENERGY": -0.21234467115802846,
    "CURRENT DIPOLE X": 0.0,
    "CURRENT DIPOLE Y": 0.0,
    "CURRENT DIPOLE Z": -2.821905433653156e-16,
    "CURRENT ENERGY": -103.56929597461153,
    "CURRENT REFERENCE ENERGY": -103.35695130345353,
    "HF TOTAL ENERGY": -103.35695130345353,
    "LCCSD (+LMP2) TOTAL ENERGY": -103.56575590848891,
    "MP2 CORRELATION ENERGY": -0.20288493446106035,
    "MP2 OPPOSITE-SPIN CORRELATION ENERGY": -0.1554140969976654,
    "MP2 SAME-SPIN CORRELATION ENERGY": -0.04747083746339495,
    "MP2 TOTAL ENERGY": -103.55983623791457,
    "NUCLEAR REPULSION ENERGY": 51.859366645659975,
    "ONE-ELECTRON ENERGY": -236.8941778763342,
    "PCM POLARIZATION ENERGY": 0.0,
    "PE ENERGY": 0.0,
    "SCF DIPOLE X": 0.0,
    "SCF DIPOLE Y": 0.0,
    "SCF DIPOLE Z": -2.821905433653156e-16,
    "SCF ITERATION ENERGY": -103.35695130345353,
    "SCF ITERATIONS": 9.0,
    "SCF TOTAL ENERGY": -103.35695130345353,
    "TWO-ELECTRON ENERGY": 81.6778599272207
}