{
    "CC D1 DIAGNOSTIC": 0.1284991083425156,
    "CC D2 DIAGNOSTIC": 0.3986215486484822,
    "CC NEW D1 DIAGNOSTIC": 0.1284991083425156,
    "CC T1 DIAGNOSTIC": 0.04073956570261098,
    "CCSD CORRELATION ENERGY": -0.22222905544319227,
    "CCSD OPPOSITE-SPIN CORRELATION ENERGY": -0.19126889357409507,
    "CCSD SAME-SPIN CORRELATION ENERGY": -0.03096016186909631,
    "CCSD TOTAL ENERGY": -100.03924362254084,
    "CURRENT CORRELATION ENERGY": -0.22222905544319227,
    "CURRENT DIPOLE X": 0.0,
    "CURRENT DIPOLE Y": 0.0,
    "CURRENT DIPOLE Z": -3.5908701819957214,
    "CURRENT ENERGY": -100.03924362254084,
    "CURRENT REFERENCE ENERGY": -99.8170145670977,
    "HF TOTAL ENERGY": -99.8170145670977,
    "LCCSD (+LMP2) TOTAL ENERGY": -100.0261788441397,
    "MP2 CORRELATION ENERGY": -0.20872299908831715,
    "MP2 OPPOSITE-SPIN CORRELATION ENERGY": -0.1628340513997701,
    "MP2 SAME-SPIN CORRELATION ENERGY": -0.04588894768854704,
    "MP2 TOTAL ENERGY": -100.02573756618597,
    "NUCLEAR REPULSION ENERGY": 2.6181115588673207,
    "ONE-ELECTRON ENERGY": -146.02829396811597,
    "PCM POLARIZATION ENERGY": 0.0,
    "PE ENERGY": 0.0,
    "SCF DIPOLE X": 0.0,
    "SCF DIPOLE Y": 0.0,
    "SCF DIPOLE Z": -3.5908701819957214,
    "SCF ITERATION ENERGY": -99.8170145670977,
    "SCF ITERATIONS": 10.0,
    "SCF TOTAL ENERGY": -99.8170145670977,
    "TWO-ELECTRON ENERGY": 43.59316784215095
}