{
    "CC D1 DIAGNOSTIC": 0.012353594109543386,
    "CC D2 DIAGNOSTIC": 0.19180825586936004,
    "CC NEW D1 DIAGNOSTIC": 0.012353594109543386,
    "CC T1 DIAGNOSTIC": 0.005845491382426246,
    "CCSD CORRELATION ENERGY": -0.246847252469218,
    "CCSD OPPOSITE-SPIN CORRELATION ENERGY": -0.1984348317047421,
    "CCSD SAME-SPIN CORRELATION ENERGY": -0.04841242076447591,
    "CCSD TOTAL ENERGY": -149.08293922121436,
    "CURRENT CORRELATION ENERGY": -0.246847252469218,
    "CURRENT DIPOLE X": 0.0,
    "CURRENT DIPOLE Y": 0.0,
    "CURRENT DIPOLE Z": 0.0,
    "CURRENT ENERGY": -149.08293922121436,
    "CURRENT REFERENCE ENERGY": -148.83609196874514,
    "HF TOTAL ENERGY": -148.83609196874517,
    "LCCSD (+LMP2) TOTAL ENERGY": -149.06513744581054,
    "MP2 CORRELATION ENERGY": -0.23570997051243947,
    "MP2 OPPOSITE-SPIN CORRELATION ENERGY": -0.18146997160404538,
    "MP2 SAME-SPIN CORRELATION ENERGY": -0.054239998908394094,
    "MP2 TOTAL ENERGY": -149.07180193925757,
    "NUCLEAR REPULSION ENERGY": 41.47446741595766,
    "ONE-ELECTRON ENERGY": -285.24773737719136,
    "PCM POLARIZATION ENERGY": 0.0,
    "PE ENERGY": 0.0,
    "SCF DIPOLE X": 0.0,
    "SCF DIPOLE Y": 0.0,
    "SCF DIPOLE Z": 0.0,
    "SCF ITERATION ENERGY": -148.83609196874514,
    "SCF ITERATIONS": 9.0,
    "SCF TOTAL ENERGY": -148.83609196874514,
    "TWO-ELECTRON ENERGY": 94.93717799248854
}