{
    "CC D1 DIAGNOSTIC": 0.11365752233183365,
    "CC D2 DIAGNOSTIC": 0.3653790605742646,
    "CC NEW D1 DIAGNOSTIC": 0.11365752233183365,
    "CC T1 DIAGNOSTIC": 0.03607299688445249,
    "CCSD CORRELATION ENERGY": -0.21617344360940982,
    "CCSD OPPOSITE-SPIN CORRELATION ENERGY": -0.18481720141197355,
    "CCSD SAME-SPIN CORRELATION ENERGY": -0.03135624219743616,
    "CCSD TOTAL ENERGY": -100.04758104320426,
    "CURRENT CORRELATION ENERGY": -0.21617344360940982,
    "CURRENT DIPOLE X": 0.0,
    "CURRENT DIPOLE Y": 0.0,
    "CURRENT DIPOLE Z": -3.491858029806873,
    "CURRENT ENERGY": -100.04758104320426,
    "CURRENT REFERENCE ENERGY": -99.83140759959483,
    "HF TOTAL ENERGY": -99.83140759959483,
    "LCCSD (+LMP2) TOTAL ENERGY": -100.03431835928247,
    "MP2 CORRELATION ENERGY": -0.2046349696373881,
    "MP2 OPPOSITE-SPIN CORRELATION ENERGY": -0.15910598296431122,
    "MP2 SAME-SPIN CORRELATION ENERGY": -0.045528986673076866,
    "MP2 TOTAL ENERGY": -100.03604256923224,
    "NUCLEAR REPULSION ENERGY": 2.719530514519283,
    "ONE-ELECTRON ENERGY": -146.21678875674235,
    "PCM POLARIZATION ENERGY": 0.0,
    "PE ENERGY": 0.0,
    "SCF DIPOLE X": 0.0,
    "SCF DIPOLE Y": 0.0,
    "SCF DIPOLE Z": -3.491858029806873,
    "SCF ITERATION ENERGY": -99.83140759959483,
    "SCF ITERATIONS": 10.0,
    "SCF TOTAL ENERGY": -99.83140759959483,
    "TWO-ELECTRON ENERGY": 43.66585064262824
}