{
    "CC D1 DIAGNOSTIC": 0.026541070011516153,
    "CC D2 DIAGNOSTIC": 0.19315036560799975,
    "CC NEW D1 DIAGNOSTIC": 0.026541070011516153,
    "CC T1 DIAGNOSTIC": 0.01035966617280961,
    "CCSD CORRELATION ENERGY": -0.3227956447960235,
    "CCSD OPPOSITE-SPIN CORRELATION ENERGY": -0.26732706347072543,
    "CCSD SAME-SPIN CORRELATION ENERGY": -0.05546858132529808,
    "CCSD TOTAL ENERGY": -151.05862786631363,
    "CURRENT CORRELATION ENERGY": -0.3227956447960235,
    "CURRENT DIPOLE X": 2.821905433653156e-16,
    "CURRENT DIPOLE Y": -1.1287621734612623e-15,
    "CURRENT DIPOLE Z": -3.777977662223658,
    "CURRENT ENERGY": -151.05862786631363,
    "CURRENT REFERENCE ENERGY": -150.73583222151655,
    "HF TOTAL ENERGY": -150.73583222151655,
    "LCCSD (+LMP2) TOTAL ENERGY": -151.06490840837253,
    "MP2 CORRELATION ENERGY": -0.3146789047527232,
    "MP2 OPPOSITE-SPIN CORRELATION ENERGY": -0.2439969121450211,
    "MP2 SAME-SPIN CORRELATION ENERGY": -0.07068199260770211,
    "MP2 TOTAL ENERGY": -151.05051112627032,
    "NUCLEAR REPULSION ENERGY": 36.340598700394175,
    "ONE-ELECTRON ENERGY": -280.0149798022344,
    "PCM POLARIZATION ENERGY": 0.0,
    "PE ENERGY": 0.0,
    "SCF DIPOLE X": 2.821905433653156e-16,
    "SCF DIPOLE Y": -1.1287621734612623e-15,
    "SCF DIPOLE Z": -3.777977662223658,
    "SCF ITERATION ENERGY": -150.73583222151655,
    "SCF ITERATIONS": 11.0,
    "SCF TOTAL ENERGY": -150.73583222151655,
    "TWO-ELECTRON ENERGY": 92.93854888032368
}