{
    "CC D1 DIAGNOSTIC": 0.0681139161170063,
    "CC D2 DIAGNOSTIC": 0.1696603726235744,
    "CC NEW D1 DIAGNOSTIC": 0.0681139161170063,
    "CC T1 DIAGNOSTIC": 0.021787428575820587,
    "CCSD CORRELATION ENERGY": -0.42749667661153445,
    "CCSD OPPOSITE-SPIN CORRELATION ENERGY": -0.3379375698507033,
    "CCSD SAME-SPIN CORRELATION ENERGY": -0.08955910676083123,
    "CCSD TOTAL ENERGY": -187.97134745288966,
    "CURRENT CORRELATION ENERGY": -0.42749667661153445,
    "CURRENT DIPOLE X": 0.0,
    "CURRENT DIPOLE Y": 0.0,
    "CURRENT DIPOLE Z": 0.0,
    "CURRENT ENERGY": -187.97134745288966,
    "CURRENT REFERENCE ENERGY": -187.54385077627657,
    "HF TOTAL ENERGY": -187.54385077627657,
    "LCCSD (+LMP2) TOTAL ENERGY": -187.97131033315296,
    "MP2 CORRELATION ENERGY": -0.4495466032552413,
    "MP2 OPPOSITE-SPIN CORRELATION ENERGY": -0.3324003894149745,
    "MP2 SAME-SPIN CORRELATION ENERGY": -0.1171462138402668,
    "MP2 TOTAL ENERGY": -187.99339737953338,
    "NUCLEAR REPULSION ENERGY": 54.68236069041072,
    "ONE-ELECTRON ENERGY": -364.66414692397325,
    "PCM POLARIZATION ENERGY": 0.0,
    "PE ENERGY": 0.0,
    "SCF DIPOLE X": 0.0,
    "SCF DIPOLE Y": 0.0,
    "SCF DIPOLE Z": 0.0,
    "SCF ITERATION ENERGY": -187.54385077627657,
    "SCF ITERATIONS": 10.0,
    "SCF TOTAL ENERGY": -187.54385077627657,
    "TWO-ELECTRON ENERGY": 122.43793545728593
}