{
    "CC D1 DIAGNOSTIC": 0.03898142572747741,
    "CC D2 DIAGNOSTIC": 0.09291452789489643,
    "CC NEW D1 DIAGNOSTIC": 0.03898142572747741,
    "CC T1 DIAGNOSTIC": 0.014705411881206078,
    "CCSD CORRELATION ENERGY": -0.29285685872809464,
    "CCSD OPPOSITE-SPIN CORRELATION ENERGY": -0.22765813672341462,
    "CCSD SAME-SPIN CORRELATION ENERGY": -0.06519872200468002,
    "CCSD TOTAL ENERGY": -261.62581319179753,
    "CURRENT CORRELATION ENERGY": -0.29285685872809464,
    "CURRENT DIPOLE X": 0.0,
    "CURRENT DIPOLE Y": 0.0,
    "CURRENT DIPOLE Z": -8.189744405741358,
    "CURRENT ENERGY": -261.62581319179753,
    "CURRENT REFERENCE ENERGY": -261.332956333069,
    "HF TOTAL ENERGY": -261.332956333069,
    "LCCSD (+LMP2) TOTAL ENERGY": -261.62598014526066,
    "MP2 CORRELATION ENERGY": -0.2946404090910932,
    "MP2 OPPOSITE-SPIN CORRELATION ENERGY": -0.21881984011739042,
    "MP2 SAME-SPIN CORRELATION ENERGY": -0.07582056897370276,
    "MP2 TOTAL ENERGY": -261.6275967421605,
    "NUCLEAR REPULSION ENERGY": 28.100593604877822,
    "ONE-ELECTRON ENERGY": -426.1968704207244,
    "PCM POLARIZATION ENERGY": 0.0,
    "PE ENERGY": 0.0,
    "SCF DIPOLE X": 0.0,
    "SCF DIPOLE Y": 0.0,
    "SCF DIPOLE Z": -8.189744405741358,
    "SCF ITERATION ENERGY": -261.332956333069,
    "SCF ITERATIONS": 10.0,
    "SCF TOTAL ENERGY": -261.332956333069,
    "TWO-ELECTRON ENERGY": 136.7633204827776
}