{
    "CC D1 DIAGNOSTIC": 0.03769230416182555,
    "CC D2 DIAGNOSTIC": 0.0920358504594329,
    "CC NEW D1 DIAGNOSTIC": 0.03769230416182555,
    "CC T1 DIAGNOSTIC": 0.014238924526580562,
    "CCSD CORRELATION ENERGY": -0.2918311066075597,
    "CCSD OPPOSITE-SPIN CORRELATION ENERGY": -0.22679733751718895,
    "CCSD SAME-SPIN CORRELATION ENERGY": -0.06503376909037079,
    "CCSD TOTAL ENERGY": -261.6191511325524,
    "CURRENT CORRELATION ENERGY": -0.2918311066075597,
    "CURRENT DIPOLE X": 0.0,
    "CURRENT DIPOLE Y": 0.0,
    "CURRENT DIPOLE Z": -7.84269467801573,
    "CURRENT ENERGY": -261.6191511325524,
    "CURRENT REFERENCE ENERGY": -261.32732002594383,
    "HF TOTAL ENERGY": -261.32732002594383,
    "LCCSD (+LMP2) TOTAL ENERGY": -261.6192230889092,
    "MP2 CORRELATION ENERGY": -0.2934819593444242,
    "MP2 OPPOSITE-SPIN CORRELATION ENERGY": -0.21797994074853108,
    "MP2 SAME-SPIN CORRELATION ENERGY": -0.07550201859589314,
    "MP2 TOTAL ENERGY": -261.6208019852893,
    "NUCLEAR REPULSION ENERGY": 29.53348506348349,
    "ONE-ELECTRON ENERGY": -429.0827593929399,
    "PCM POLARIZATION ENERGY": 0.0,
    "PE ENERGY": 0.0,
    "SCF DIPOLE X": 0.0,
    "SCF DIPOLE Y": 0.0,
    "SCF DIPOLE Z": -7.84269467801573,
    "SCF ITERATION ENERGY": -261.32732002594383,
    "SCF ITERATIONS": 10.0,
    "SCF TOTAL ENERGY": -261.32732002594383,
    "TWO-ELECTRON ENERGY": 138.22195430351258
}