{
    "CC D1 DIAGNOSTIC": 0.13132533312991726,
    "CC D2 DIAGNOSTIC": 0.1932141132050922,
    "CC NEW D1 DIAGNOSTIC": 0.13132533312991726,
    "CC T1 DIAGNOSTIC": 0.0384004927710827,
    "CCSD CORRELATION ENERGY": -0.19867564532639315,
    "CCSD OPPOSITE-SPIN CORRELATION ENERGY": -0.15980672574443167,
    "CCSD SAME-SPIN CORRELATION ENERGY": -0.03886891958196176,
    "CCSD TOTAL ENERGY": -105.70647800436824,
    "CURRENT CORRELATION ENERGY": -0.19867564532639315,
    "CURRENT DIPOLE X": 0.0,
    "CURRENT DIPOLE Y": 0.0,
    "CURRENT DIPOLE Z": -0.9071672402527609,
    "CURRENT ENERGY": -105.70647800436824,
    "CURRENT REFERENCE ENERGY": -105.50780235904173,
    "HF TOTAL ENERGY": -105.50780235904173,
    "LCCSD (+LMP2) TOTAL ENERGY": -105.70806473833423,
    "MP2 CORRELATION ENERGY": -0.19987789031321976,
    "MP2 OPPOSITE-SPIN CORRELATION ENERGY": -0.15100929104824762,
    "MP2 SAME-SPIN CORRELATION ENERGY": -0.04886859926497214,
    "MP2 TOTAL ENERGY": -105.70768024935506,
    "NUCLEAR REPULSION ENERGY": 19.883001069439935,
    "ONE-ELECTRON ENERGY": -185.5673163744146,
    "PCM POLARIZATION ENERGY": 0.0,
    "PE ENERGY": 0.0,
    "SCF DIPOLE X": 0.0,
    "SCF DIPOLE Y": 0.0,
    "SCF DIPOLE Z": -0.9071672402527609,
    "SCF ITERATION ENERGY": -105.50780235904173,
    "SCF ITERATIONS": 12.0,
    "SCF TOTAL ENERGY": -105.50780235904173,
    "TWO-ELECTRON ENERGY": 60.17651294593293
}