{
    "CC D1 DIAGNOSTIC": 0.5550059148845683,
    "CC D2 DIAGNOSTIC": 0.42827884073767547,
    "CC NEW D1 DIAGNOSTIC": 0.5550059148845683,
    "CC T1 DIAGNOSTIC": 0.23180251298412943,
    "CCSD CORRELATION ENERGY": -0.3378079376107409,
    "CCSD OPPOSITE-SPIN CORRELATION ENERGY": -0.2548688903326329,
    "CCSD SAME-SPIN CORRELATION ENERGY": -0.08293904727810852,
    "CCSD TOTAL ENERGY": -112.69159106750195,
    "CURRENT CORRELATION ENERGY": -0.3378079376107409,
    "CURRENT DIPOLE X": 0.0,
    "CURRENT DIPOLE Y": 0.0,
    "CURRENT DIPOLE Z": -2.8531379857982166,
    "CURRENT ENERGY": -112.69159106750195,
    "CURRENT REFERENCE ENERGY": -112.35378312989107,
    "HF TOTAL ENERGY": -112.35378312989107,
    "LCCSD (+LMP2) TOTAL ENERGY": -112.69159573399789,
    "MP2 CORRELATION ENERGY": -0.22356382728710153,
    "MP2 OPPOSITE-SPIN CORRELATION ENERGY": -0.17812895690374972,
    "MP2 SAME-SPIN CORRELATION ENERGY": -0.04543487038335181,
    "MP2 TOTAL ENERGY": -112.5773469571783,
    "NUCLEAR REPULSION ENERGY": 12.99408924503815,
    "ONE-ELECTRON ENERGY": -179.72310969182968,
    "PCM POLARIZATION ENERGY": 0.0,
    "PE ENERGY": 0.0,
    "SCF DIPOLE X": 0.0,
    "SCF DIPOLE Y": 0.0,
    "SCF DIPOLE Z": -2.8531379857982166,
    "SCF ITERATION ENERGY": -112.35378312989107,
    "SCF ITERATIONS": 15.0,
    "SCF TOTAL ENERGY": -112.35378312989107,
    "TWO-ELECTRON ENERGY": 54.37523731690046
}