{
    "CC D1 DIAGNOSTIC": 0.059612757855134486,
    "CC D2 DIAGNOSTIC": 0.24204368856798067,
    "CC NEW D1 DIAGNOSTIC": 0.059612757855134486,
    "CC T1 DIAGNOSTIC": 0.01927224798542922,
    "CCSD CORRELATION ENERGY": -0.19255139048529946,
    "CCSD OPPOSITE-SPIN CORRELATION ENERGY": -0.1599661130218491,
    "CCSD SAME-SPIN CORRELATION ENERGY": -0.03258527746345086,
    "CCSD TOTAL ENERGY": -100.09664127767066,
    "CURRENT CORRELATION ENERGY": -0.19255139048529946,
    "CURRENT DIPOLE X": 0.0,
    "CURRENT DIPOLE Y": 0.0,
    "CURRENT DIPOLE Z": -3.05135222324919,
    "CURRENT ENERGY": -100.09664127767066,
    "CURRENT REFERENCE ENERGY": -99.90408988718534,
    "HF TOTAL ENERGY": -99.90408988718534,
    "LCCSD (+LMP2) TOTAL ENERGY": -100.09372793343817,
    "MP2 CORRELATION ENERGY": -0.18762609794056323,
    "MP2 OPPOSITE-SPIN CORRELATION ENERGY": -0.14401833502920516,
    "MP2 SAME-SPIN CORRELATION ENERGY": -0.04360776291135807,
    "MP2 TOTAL ENERGY": -100.09171598512592,
    "NUCLEAR REPULSION ENERGY": 3.2851174499479017,
    "ONE-ELECTRON ENERGY": -147.25746787741144,
    "PCM POLARIZATION ENERGY": 0.0,
    "PE ENERGY": 0.0,
    "SCF DIPOLE X": 0.0,
    "SCF DIPOLE Y": 0.0,
    "SCF DIPOLE Z": -3.05135222324919,
    "SCF ITERATION ENERGY": -99.90408988718534,
    "SCF ITERATIONS": 10.0,
    "SCF TOTAL ENERGY": -99.90408988718534,
    "TWO-ELECTRON ENERGY": 44.0682605402782
}