{
    "CC D1 DIAGNOSTIC": 0.026439379233405474,
    "CC D2 DIAGNOSTIC": 0.1931601014843819,
    "CC NEW D1 DIAGNOSTIC": 0.026439379233405474,
    "CC T1 DIAGNOSTIC": 0.010365403751151267,
    "CCSD CORRELATION ENERGY": -0.3227524390689346,
    "CCSD OPPOSITE-SPIN CORRELATION ENERGY": -0.2672882924977108,
    "CCSD SAME-SPIN CORRELATION ENERGY": -0.05546414657122373,
    "CCSD TOTAL ENERGY": -151.06105505271742,
    "CURRENT CORRELATION ENERGY": -0.3227524390689346,
    "CURRENT DIPOLE X": -2.821905433653156e-16,
    "CURRENT DIPOLE Y": -1.1287621734612623e-15,
    "CURRENT DIPOLE Z": -3.689466923899809,
    "CURRENT ENERGY": -151.06105505271742,
    "CURRENT REFERENCE ENERGY": -150.7383026136475,
    "HF TOTAL ENERGY": -150.7383026136475,
    "LCCSD (+LMP2) TOTAL ENERGY": -151.07933920982637,
    "MP2 CORRELATION ENERGY": -0.314667380013307,
    "MP2 OPPOSITE-SPIN CORRELATION ENERGY": -0.24397442790735435,
    "MP2 SAME-SPIN CORRELATION ENERGY": -0.07069295210595267,
    "MP2 TOTAL ENERGY": -151.0529699936618,
    "NUCLEAR REPULSION ENERGY": 36.33273332902456,
    "ONE-ELECTRON ENERGY": -280.013825523908,
    "PCM POLARIZATION ENERGY": 0.0,
    "PE ENERGY": 0.0,
    "SCF DIPOLE X": -2.821905433653156e-16,
    "SCF DIPOLE Y": -1.1287621734612623e-15,
    "SCF DIPOLE Z": -3.689466923899809,
    "SCF ITERATION ENERGY": -150.7383026136475,
    "SCF ITERATIONS": 11.0,
    "SCF TOTAL ENERGY": -150.7383026136475,
    "TWO-ELECTRON ENERGY": 92.94278958123593
}