{
    "CC D1 DIAGNOSTIC": 0.02345546669301168,
    "CC D2 DIAGNOSTIC": 0.16868936566139922,
    "CC NEW D1 DIAGNOSTIC": 0.02345546669301168,
    "CC T1 DIAGNOSTIC": 0.009878360410894842,
    "CCSD CORRELATION ENERGY": -0.26941609717995585,
    "CCSD OPPOSITE-SPIN CORRELATION ENERGY": -0.2181564764050104,
    "CCSD SAME-SPIN CORRELATION ENERGY": -0.051259620774945225,
    "CCSD TOTAL ENERGY": -109.16344014943986,
    "CURRENT CORRELATION ENERGY": -0.26941609717995585,
    "CURRENT DIPOLE X": 0.0,
    "CURRENT DIPOLE Y": 0.0,
    "CURRENT DIPOLE Z": -5.643810867306312e-16,
    "CURRENT ENERGY": -109.16344014943986,
    "CURRENT REFERENCE ENERGY": -108.89402405225994,
    "HF TOTAL ENERGY": -108.89402405225994,
    "LCCSD (+LMP2) TOTAL ENERGY": -109.19313779041771,
    "MP2 CORRELATION ENERGY": -0.27820510206340116,
    "MP2 OPPOSITE-SPIN CORRELATION ENERGY": -0.20870344722209813,
    "MP2 SAME-SPIN CORRELATION ENERGY": -0.06950165484130302,
    "MP2 TOTAL ENERGY": -109.1722291543233,
    "NUCLEAR REPULSION ENERGY": 24.16865096601017,
    "ONE-ELECTRON ENERGY": -194.91092478859724,
    "PCM POLARIZATION ENERGY": 0.0,
    "PE ENERGY": 0.0,
    "SCF DIPOLE X": 0.0,
    "SCF DIPOLE Y": 0.0,
    "SCF DIPOLE Z": -5.643810867306312e-16,
    "SCF ITERATION ENERGY": -108.89402405225994,
    "SCF ITERATIONS": 8.0,
    "SCF TOTAL ENERGY": -108.89402405225994,
    "TWO-ELECTRON ENERGY": 61.84824977032713
}