{
    "CC D1 DIAGNOSTIC": 0.02620328212224804,
    "CC D2 DIAGNOSTIC": 0.19349288693412564,
    "CC NEW D1 DIAGNOSTIC": 0.02620328212224804,
    "CC T1 DIAGNOSTIC": 0.010322584003599497,
    "CCSD CORRELATION ENERGY": -0.3224007150139579,
    "CCSD OPPOSITE-SPIN CORRELATION ENERGY": -0.26695093583920576,
    "CCSD SAME-SPIN CORRELATION ENERGY": -0.05544977917475219,
    "CCSD TOTAL ENERGY": -151.07097047963526,
    "CURRENT CORRELATION ENERGY": -0.3224007150139579,
    "CURRENT DIPOLE X": -5.643810867306312e-16,
    "CURRENT DIPOLE Y": -1.1287621734612623e-15,
    "CURRENT DIPOLE Z": 3.010287552380302,
    "CURRENT ENERGY": -151.07097047963526,
    "CURRENT REFERENCE ENERGY": -150.74856976462053,
    "HF TOTAL ENERGY": -150.74856976462053,
    "LCCSD (+LMP2) TOTAL ENERGY": -151.07501915467927,
    "MP2 CORRELATION ENERGY": -0.3145071270966878,
    "MP2 OPPOSITE-SPIN CORRELATION ENERGY": -0.24376540931958424,
    "MP2 SAME-SPIN CORRELATION ENERGY": -0.07074171777710359,
    "MP2 TOTAL ENERGY": -151.06307689171797,
    "NUCLEAR REPULSION ENERGY": 36.29506026613168,
    "ONE-ELECTRON ENERGY": -280.0173643523593,
    "PCM POLARIZATION ENERGY": 0.0,
    "PE ENERGY": 0.0,
    "SCF DIPOLE X": -5.643810867306312e-16,
    "SCF DIPOLE Y": -1.1287621734612623e-15,
    "SCF DIPOLE Z": 3.010287552380302,
    "SCF ITERATION ENERGY": -150.74856976462053,
    "SCF ITERATIONS": 11.0,
    "SCF TOTAL ENERGY": -150.74856976462053,
    "TWO-ELECTRON ENERGY": 92.97373432160711
}