{
    "CC D1 DIAGNOSTIC": 0.2275870360383769,
    "CC D2 DIAGNOSTIC": 0.23219267026341725,
    "CC NEW D1 DIAGNOSTIC": 0.2275870360383769,
    "CC T1 DIAGNOSTIC": 0.09340212422835809,
    "CCSD CORRELATION ENERGY": -0.32268865937346203,
    "CCSD OPPOSITE-SPIN CORRELATION ENERGY": -0.257628413996727,
    "CCSD SAME-SPIN CORRELATION ENERGY": -0.06506024537673488,
    "CCSD TOTAL ENERGY": -112.76987567172336,
    "CURRENT CORRELATION ENERGY": -0.32268865937346203,
    "CURRENT DIPOLE X": 0.0,
    "CURRENT DIPOLE Y": 0.0,
    "CURRENT DIPOLE Z": -2.9765365982567085,
    "CURRENT ENERGY": -112.76987567172336,
    "CURRENT REFERENCE ENERGY": -112.4471870123498,
    "HF TOTAL ENERGY": -112.44718701234981,
    "LCCSD (+LMP2) TOTAL ENERGY": -112.77142536561766,
    "MP2 CORRELATION ENERGY": -0.32682726232139503,
    "MP2 OPPOSITE-SPIN CORRELATION ENERGY": -0.24239081700721246,
    "MP2 SAME-SPIN CORRELATION ENERGY": -0.08443644531418257,
    "MP2 TOTAL ENERGY": -112.77401427467129,
    "NUCLEAR REPULSION ENERGY": 15.156523887016013,
    "ONE-ELECTRON ENERGY": -183.80353860209425,
    "PCM POLARIZATION ENERGY": 0.0,
    "PE ENERGY": 0.0,
    "SCF DIPOLE X": 0.0,
    "SCF DIPOLE Y": 0.0,
    "SCF DIPOLE Z": -2.9765365982567085,
    "SCF ITERATION ENERGY": -112.4471870123498,
    "SCF ITERATIONS": 12.0,
    "SCF TOTAL ENERGY": -112.4471870123498,
    "TWO-ELECTRON ENERGY": 56.19982770272842
}