{
    "CC D1 DIAGNOSTIC": 0.016984382487632826,
    "CC D2 DIAGNOSTIC": 0.10191129614058218,
    "CC NEW D1 DIAGNOSTIC": 0.016984382487632826,
    "CC T1 DIAGNOSTIC": 0.0072695996329788974,
    "CCSD CORRELATION ENERGY": -0.33340806906373743,
    "CCSD OPPOSITE-SPIN CORRELATION ENERGY": -0.25875310842680976,
    "CCSD SAME-SPIN CORRELATION ENERGY": -0.07465496063692773,
    "CCSD TOTAL ENERGY": -186.31260879821548,
    "CURRENT CORRELATION ENERGY": -0.33340806906373743,
    "CURRENT DIPOLE X": 0.0,
    "CURRENT DIPOLE Y": 0.0,
    "CURRENT DIPOLE Z": 0.0,
    "CURRENT ENERGY": -186.31260879821548,
    "CURRENT REFERENCE ENERGY": -185.97920072915196,
    "HF TOTAL ENERGY": -185.97920072915196,
    "LCCSD (+LMP2) TOTAL ENERGY": -186.32846343874658,
    "MP2 CORRELATION ENERGY": -0.3312602870572533,
    "MP2 OPPOSITE-SPIN CORRELATION ENERGY": -0.24727238453354147,
    "MP2 SAME-SPIN CORRELATION ENERGY": -0.08398790252371183,
    "MP2 TOTAL ENERGY": -186.310461016209,
    "NUCLEAR REPULSION ENERGY": 86.9625929689435,
    "ONE-ELECTRON ENERGY": -424.58926349415555,
    "PCM POLARIZATION ENERGY": 0.0,
    "PE ENERGY": 0.0,
    "SCF DIPOLE X": 0.0,
    "SCF DIPOLE Y": 0.0,
    "SCF DIPOLE Z": 0.0,
    "SCF ITERATION ENERGY": -185.97920072915196,
    "SCF ITERATIONS": 9.0,
    "SCF TOTAL ENERGY": -185.97920072915196,
    "TWO-ELECTRON ENERGY": 151.64746979606008
}