{
    "CC D1 DIAGNOSTIC": 0.018049717184804234,
    "CC D2 DIAGNOSTIC": 0.15598794849897588,
    "CC NEW D1 DIAGNOSTIC": 0.018049717184804234,
    "CC T1 DIAGNOSTIC": 0.005971422718987972,
    "CCSD CORRELATION ENERGY": -0.11763234825681536,
    "CCSD OPPOSITE-SPIN CORRELATION ENERGY": -0.09753107719286036,
    "CCSD SAME-SPIN CORRELATION ENERGY": -0.02010127106395515,
    "CCSD TOTAL ENERGY": -460.17347268699854,
    "CURRENT CORRELATION ENERGY": -0.11763234825681536,
    "CURRENT DIPOLE X": 0.0,
    "CURRENT DIPOLE Y": 0.0,
    "CURRENT DIPOLE Z": -1.9795770006600126,
    "CURRENT ENERGY": -460.17347268699854,
    "CURRENT REFERENCE ENERGY": -460.05584033874146,
    "HF TOTAL ENERGY": -460.05584033874146,
    "LCCSD (+LMP2) TOTAL ENERGY": -460.19725748534574,
    "MP2 CORRELATION ENERGY": -0.1062065714907418,
    "MP2 OPPOSITE-SPIN CORRELATION ENERGY": -0.08486434976473037,
    "MP2 SAME-SPIN CORRELATION ENERGY": -0.021342221726011426,
    "MP2 TOTAL ENERGY": -460.1620469102325,
    "NUCLEAR REPULSION ENERGY": 6.141360218513241,
    "ONE-ELECTRON ENERGY": -647.8858578673412,
    "PCM POLARIZATION ENERGY": 0.0,
    "PE ENERGY": 0.0,
    "SCF DIPOLE X": 0.0,
    "SCF DIPOLE Y": 0.0,
    "SCF DIPOLE Z": -1.9795770006600126,
    "SCF ITERATION ENERGY": -460.05584033874146,
    "SCF ITERATIONS": 9.0,
    "SCF TOTAL ENERGY": -460.05584033874146,
    "TWO-ELECTRON ENERGY": 181.6886573100865
}