{
    "CC D1 DIAGNOSTIC": 0.043630771485963483,
    "CC D2 DIAGNOSTIC": 0.10303153190747441,
    "CC NEW D1 DIAGNOSTIC": 0.043630771485963483,
    "CC T1 DIAGNOSTIC": 0.020563707946454207,
    "CCSD CORRELATION ENERGY": -0.18246125400604155,
    "CCSD OPPOSITE-SPIN CORRELATION ENERGY": -0.14643055021920232,
    "CCSD SAME-SPIN CORRELATION ENERGY": -0.0360307037868392,
    "CCSD TOTAL ENERGY": -107.11897314852652,
    "CURRENT CORRELATION ENERGY": -0.18246125400604155,
    "CURRENT DIPOLE X": 0.0,
    "CURRENT DIPOLE Y": 0.0,
    "CURRENT DIPOLE Z": -8.099163348866854,
    "CURRENT ENERGY": -107.11897314852652,
    "CURRENT REFERENCE ENERGY": -106.93651189452056,
    "HF TOTAL ENERGY": -106.93651189452056,
    "LCCSD (+LMP2) TOTAL ENERGY": -107.11904309392078,
    "MP2 CORRELATION ENERGY": -0.18340195709271387,
    "MP2 OPPOSITE-SPIN CORRELATION ENERGY": -0.13887852836369508,
    "MP2 SAME-SPIN CORRELATION ENERGY": -0.044523428729018794,
    "MP2 TOTAL ENERGY": -107.11991385161319,
    "NUCLEAR REPULSION ENERGY": 7.365982261476449,
    "ONE-ELECTRON ENERGY": -166.34040268089518,
    "PCM POLARIZATION ENERGY": 0.0,
    "PE ENERGY": 0.0,
    "SCF DIPOLE X": 0.0,
    "SCF DIPOLE Y": 0.0,
    "SCF DIPOLE Z": -8.099163348866854,
    "SCF ITERATION ENERGY": -106.93651189452056,
    "SCF ITERATIONS": 10.0,
    "SCF TOTAL ENERGY": -106.93651189452056,
    "TWO-ELECTRON ENERGY": 52.03790852489816
}