{
    "CC D1 DIAGNOSTIC": 0.3269653508810048,
    "CC D2 DIAGNOSTIC": 0.2921833676436319,
    "CC NEW D1 DIAGNOSTIC": 0.3269653508810048,
    "CC T1 DIAGNOSTIC": 0.10841360758352468,
    "CCSD CORRELATION ENERGY": -0.479328030190895,
    "CCSD OPPOSITE-SPIN CORRELATION ENERGY": -0.3717085085087207,
    "CCSD SAME-SPIN CORRELATION ENERGY": -0.10761952168217359,
    "CCSD TOTAL ENERGY": -187.62459223873205,
    "CURRENT CORRELATION ENERGY": -0.479328030190895,
    "CURRENT DIPOLE X": 0.0,
    "CURRENT DIPOLE Y": 0.0,
    "CURRENT DIPOLE Z": -9.030097387690099e-15,
    "CURRENT ENERGY": -187.62459223873205,
    "CURRENT REFERENCE ENERGY": -187.14526420853906,
    "HF TOTAL ENERGY": -187.14526420853906,
    "LCCSD (+LMP2) TOTAL ENERGY": -187.62716604992173,
    "MP2 CORRELATION ENERGY": -0.40610338609876806,
    "MP2 OPPOSITE-SPIN CORRELATION ENERGY": -0.30812421765473336,
    "MP2 SAME-SPIN CORRELATION ENERGY": -0.0979791684440347,
    "MP2 TOTAL ENERGY": -187.55136759463994,
    "NUCLEAR REPULSION ENERGY": 38.023136559058514,
    "ONE-ELECTRON ENERGY": -332.2763014422113,
    "PCM POLARIZATION ENERGY": 0.0,
    "PE ENERGY": 0.0,
    "SCF DIPOLE X": 0.0,
    "SCF DIPOLE Y": 0.0,
    "SCF DIPOLE Z": -9.030097387690099e-15,
    "SCF ITERATION ENERGY": -187.14526420853906,
    "SCF ITERATIONS": 12.0,
    "SCF TOTAL ENERGY": -187.14526420853906,
    "TWO-ELECTRON ENERGY": 107.10790067461375
}