{
    "CC D1 DIAGNOSTIC": 0.03464899816022904,
    "CC D2 DIAGNOSTIC": 0.09554819922331037,
    "CC NEW D1 DIAGNOSTIC": 0.03464899816022904,
    "CC T1 DIAGNOSTIC": 0.015142804654701952,
    "CCSD CORRELATION ENERGY": -0.17789637320264348,
    "CCSD OPPOSITE-SPIN CORRELATION ENERGY": -0.14240318674187263,
    "CCSD SAME-SPIN CORRELATION ENERGY": -0.035493186460770876,
    "CCSD TOTAL ENERGY": -107.11994069436167,
    "CURRENT CORRELATION ENERGY": -0.17789637320264348,
    "CURRENT DIPOLE X": 0.0,
    "CURRENT DIPOLE Y": 0.0,
    "CURRENT DIPOLE Z": -5.6002541156718735,
    "CURRENT ENERGY": -107.11994069436167,
    "CURRENT REFERENCE ENERGY": -106.94204432115917,
    "HF TOTAL ENERGY": -106.94204432115919,
    "LCCSD (+LMP2) TOTAL ENERGY": -107.11459676069103,
    "MP2 CORRELATION ENERGY": -0.1783119736620846,
    "MP2 OPPOSITE-SPIN CORRELATION ENERGY": -0.13512749531260468,
    "MP2 SAME-SPIN CORRELATION ENERGY": -0.043184478349479916,
    "MP2 TOTAL ENERGY": -107.12035629482112,
    "NUCLEAR REPULSION ENERGY": 10.511161378668799,
    "ONE-ELECTRON ENERGY": -172.08153896554657,
    "PCM POLARIZATION ENERGY": 0.0,
    "PE ENERGY": 0.0,
    "SCF DIPOLE X": 0.0,
    "SCF DIPOLE Y": 0.0,
    "SCF DIPOLE Z": -5.6002541156718735,
    "SCF ITERATION ENERGY": -106.94204432115917,
    "SCF ITERATIONS": 10.0,
    "SCF TOTAL ENERGY": -106.94204432115917,
    "TWO-ELECTRON ENERGY": 54.6283332657186
}