{
    "CURRENT CORRELATION ENERGY": -0.01909355198666951,
    "CURRENT DIPOLE X": 0.0,
    "CURRENT DIPOLE Y": 0.0,
    "CURRENT DIPOLE Z": 7.760239942546179e-16,
    "CURRENT ENERGY": -1.1370840798574262,
    "CURRENT REFERENCE ENERGY": -1.1179905278707567,
    "CUSTOM SCS-MP2 CORRELATION ENERGY": -0.022912262384003304,
    "CUSTOM SCS-MP2 TOTAL ENERGY": -1.14090279025476,
    "HF TOTAL ENERGY": -1.1179905278707567,
    "MP2 CORRELATION ENERGY": -0.01909355198666951,
    "MP2 OPPOSITE-SPIN CORRELATION ENERGY": -0.01909355198666942,
    "MP2 SAME-SPIN CORRELATION ENERGY": 0.0,
    "MP2 TOTAL ENERGY": -1.1370840798574262,
    "NUCLEAR REPULSION ENERGY": 0.6101101958312941,
    "ONE-ELECTRON ENERGY": -2.336417930238285,
    "PCM POLARIZATION ENERGY": 0.0,
    "PE ENERGY": 0.0,
    "SCF DIPOLE X": 0.0,
    "SCF DIPOLE Y": 0.0,
    "SCF DIPOLE Z": 7.760239942546179e-16,
    "SCF ITERATION ENERGY": -1.1179905278707567,
    "SCF ITERATIONS": 5.0,
    "SCF TOTAL ENERGY": -1.1179905278707567,
    "SCS-MP2 CORRELATION ENERGY": -0.022912262384003304,
    "SCS-MP2 TOTAL ENERGY": -1.14090279025476,
    "SCS-MP2-VDW CORRELATION ENERGY": -0.024439746542936902,
    "SCS-MP2-VDW TOTAL ENERGY": -1.1424302744136936,
    "SCSN-MP2 CORRELATION ENERGY": 0.0,
    "SCSN-MP2 TOTAL ENERGY": -1.1179905278707567,
    "SOS-MP2 CORRELATION ENERGY": -0.02482161758267032,
    "SOS-MP2 TOTAL ENERGY": -1.142812145453427,
    "SOS-PI-MP2 CORRELATION ENERGY": -0.02673097278133718,
    "SOS-PI-MP2 TOTAL ENERGY": -1.1447215006520939,
    "TWO-ELECTRON ENERGY": 0.6083172065362343
}