{
    "CC D1 DIAGNOSTIC": 0.5654977059687847,
    "CC D2 DIAGNOSTIC": 0.43830231341040354,
    "CC NEW D1 DIAGNOSTIC": 0.5654977059687847,
    "CC T1 DIAGNOSTIC": 0.23602888782586204,
    "CCSD CORRELATION ENERGY": -0.33793962466910193,
    "CCSD OPPOSITE-SPIN CORRELATION ENERGY": -0.2547242977109103,
    "CCSD SAME-SPIN CORRELATION ENERGY": -0.08321532695819295,
    "CCSD TOTAL ENERGY": -112.69019491411937,
    "CURRENT CORRELATION ENERGY": -0.33793962466910193,
    "CURRENT DIPOLE X": 0.0,
    "CURRENT DIPOLE Y": 0.0,
    "CURRENT DIPOLE Z": -2.834184966889332,
    "CURRENT ENERGY": -112.69019491411937,
    "CURRENT REFERENCE ENERGY": -112.35225528945008,
    "HF TOTAL ENERGY": -112.35225528945008,
    "LCCSD (+LMP2) TOTAL ENERGY": -112.69459385785075,
    "MP2 CORRELATION ENERGY": -0.22155117321617213,
    "MP2 OPPOSITE-SPIN CORRELATION ENERGY": -0.17686938751765496,
    "MP2 SAME-SPIN CORRELATION ENERGY": -0.04468178569851716,
    "MP2 TOTAL ENERGY": -112.57380646266644,
    "NUCLEAR REPULSION ENERGY": 12.944175970089221,
    "ONE-ELECTRON ENERGY": -179.62594354299543,
    "PCM POLARIZATION ENERGY": 0.0,
    "PE ENERGY": 0.0,
    "SCF DIPOLE X": 0.0,
    "SCF DIPOLE Y": 0.0,
    "SCF DIPOLE Z": -2.834184966889332,
    "SCF ITERATION ENERGY": -112.35225528945008,
    "SCF ITERATIONS": 15.0,
    "SCF TOTAL ENERGY": -112.35225528945008,
    "TWO-ELECTRON ENERGY": 54.329512283456125
}