{
    "CC D1 DIAGNOSTIC": 0.03833860531703117,
    "CC D2 DIAGNOSTIC": 0.22897709921931506,
    "CC NEW D1 DIAGNOSTIC": 0.03833860531703117,
    "CC T1 DIAGNOSTIC": 0.015732844126112488,
    "CCSD CORRELATION ENERGY": -0.32261115549813474,
    "CCSD OPPOSITE-SPIN CORRELATION ENERGY": -0.26731104768747743,
    "CCSD SAME-SPIN CORRELATION ENERGY": -0.055300107810657306,
    "CCSD TOTAL ENERGY": -109.11360059064248,
    "CURRENT CORRELATION ENERGY": -0.32261115549813474,
    "CURRENT DIPOLE X": 0.0,
    "CURRENT DIPOLE Y": 0.0,
    "CURRENT DIPOLE Z": 0.0,
    "CURRENT ENERGY": -109.11360059064248,
    "CURRENT REFERENCE ENERGY": -108.79098943514454,
    "HF TOTAL ENERGY": -108.79098943514452,
    "LCCSD (+LMP2) TOTAL ENERGY": -109.14375665151822,
    "MP2 CORRELATION ENERGY": -0.364590728509209,
    "MP2 OPPOSITE-SPIN CORRELATION ENERGY": -0.2674767985201078,
    "MP2 SAME-SPIN CORRELATION ENERGY": -0.09711392998910118,
    "MP2 TOTAL ENERGY": -109.15558016365355,
    "NUCLEAR REPULSION ENERGY": 19.73234027244042,
    "ONE-ELECTRON ENERGY": -186.18109272999013,
    "PCM POLARIZATION ENERGY": 0.0,
    "PE ENERGY": 0.0,
    "SCF DIPOLE X": 0.0,
    "SCF DIPOLE Y": 0.0,
    "SCF DIPOLE Z": 0.0,
    "SCF ITERATION ENERGY": -108.79098943514454,
    "SCF ITERATIONS": 8.0,
    "SCF TOTAL ENERGY": -108.79098943514454,
    "TWO-ELECTRON ENERGY": 57.657763022405184
}