{
    "CC D1 DIAGNOSTIC": 0.011313476735184935,
    "CC D2 DIAGNOSTIC": 0.0986257411667203,
    "CC NEW D1 DIAGNOSTIC": 0.011313476735184935,
    "CC T1 DIAGNOSTIC": 0.004431221618377439,
    "CCSD CORRELATION ENERGY": -0.10688548644606345,
    "CCSD OPPOSITE-SPIN CORRELATION ENERGY": -0.08780871530680129,
    "CCSD SAME-SPIN CORRELATION ENERGY": -0.019076771139262233,
    "CCSD TOTAL ENERGY": -460.13446974544587,
    "CURRENT CORRELATION ENERGY": -0.10688548644606345,
    "CURRENT DIPOLE X": 0.0,
    "CURRENT DIPOLE Y": 0.0,
    "CURRENT DIPOLE Z": -1.7933007888248105,
    "CURRENT ENERGY": -460.13446974544587,
    "CURRENT REFERENCE ENERGY": -460.0275842589997,
    "HF TOTAL ENERGY": -460.02758425899975,
    "LCCSD (+LMP2) TOTAL ENERGY": -460.18532414247846,
    "MP2 CORRELATION ENERGY": -0.09826628669543044,
    "MP2 OPPOSITE-SPIN CORRELATION ENERGY": -0.07855305277531419,
    "MP2 SAME-SPIN CORRELATION ENERGY": -0.019713233920116258,
    "MP2 TOTAL ENERGY": -460.12585054569524,
    "NUCLEAR REPULSION ENERGY": 8.268852211069794,
    "ONE-ELECTRON ENERGY": -651.8534451120366,
    "PCM POLARIZATION ENERGY": 0.0,
    "PE ENERGY": 0.0,
    "SCF DIPOLE X": 0.0,
    "SCF DIPOLE Y": 0.0,
    "SCF DIPOLE Z": -1.7933007888248105,
    "SCF ITERATION ENERGY": -460.0275842589997,
    "SCF ITERATIONS": 9.0,
    "SCF TOTAL ENERGY": -460.0275842589997,
    "TWO-ELECTRON ENERGY": 183.55700864196712
}