{
    "CC D1 DIAGNOSTIC": 0.04535086080659215,
    "CC D2 DIAGNOSTIC": 0.09057778030190813,
    "CC NEW D1 DIAGNOSTIC": 0.04535086080659215,
    "CC T1 DIAGNOSTIC": 0.014056091540751443,
    "CCSD CORRELATION ENERGY": -0.2867611184344065,
    "CCSD OPPOSITE-SPIN CORRELATION ENERGY": -0.22244882498279356,
    "CCSD SAME-SPIN CORRELATION ENERGY": -0.06431229345161288,
    "CCSD TOTAL ENERGY": -261.47264250131343,
    "CURRENT CORRELATION ENERGY": -0.2867611184344065,
    "CURRENT DIPOLE X": 0.0,
    "CURRENT DIPOLE Y": 0.0,
    "CURRENT DIPOLE Z": -6.55614072647798,
    "CURRENT ENERGY": -261.47264250131343,
    "CURRENT REFERENCE ENERGY": -261.18588138287794,
    "HF TOTAL ENERGY": -261.18588138287794,
    "LCCSD (+LMP2) TOTAL ENERGY": -261.47262298019245,
    "MP2 CORRELATION ENERGY": -0.287666192614279,
    "MP2 OPPOSITE-SPIN CORRELATION ENERGY": -0.21366289174574882,
    "MP2 SAME-SPIN CORRELATION ENERGY": -0.07400330086853019,
    "MP2 TOTAL ENERGY": -261.4735475754933,
    "NUCLEAR REPULSION ENERGY": 36.90378841560945,
    "ONE-ELECTRON ENERGY": -443.731784144136,
    "PCM POLARIZATION ENERGY": 0.0,
    "PE ENERGY": 0.0,
    "SCF DIPOLE X": 0.0,
    "SCF DIPOLE Y": 0.0,
    "SCF DIPOLE Z": -6.55614072647798,
    "SCF ITERATION ENERGY": -261.18588138287794,
    "SCF ITERATIONS": 11.0,
    "SCF TOTAL ENERGY": -261.18588138287794,
    "TWO-ELECTRON ENERGY": 145.64211434564862
}