{
    "CC D1 DIAGNOSTIC": 0.010411637733098807,
    "CC D2 DIAGNOSTIC": 0.1071258228122204,
    "CC NEW D1 DIAGNOSTIC": 0.010411637733098807,
    "CC T1 DIAGNOSTIC": 0.004764862422562676,
    "CCSD CORRELATION ENERGY": -0.21890398505103084,
    "CCSD OPPOSITE-SPIN CORRELATION ENERGY": -0.17468908510287776,
    "CCSD SAME-SPIN CORRELATION ENERGY": -0.04421489994815306,
    "CCSD TOTAL ENERGY": -108.16170954280973,
    "CURRENT CORRELATION ENERGY": -0.21890398505103084,
    "CURRENT DIPOLE X": 0.0,
    "CURRENT DIPOLE Y": 0.0,
    "CURRENT DIPOLE Z": 2.821905433653156e-16,
    "CURRENT ENERGY": -108.16170954280973,
    "CURRENT REFERENCE ENERGY": -107.94280555775883,
    "HF TOTAL ENERGY": -107.94280555775883,
    "LCCSD (+LMP2) TOTAL ENERGY": -108.1906904256451,
    "MP2 CORRELATION ENERGY": -0.2116014218900757,
    "MP2 OPPOSITE-SPIN CORRELATION ENERGY": -0.16205747427850195,
    "MP2 SAME-SPIN CORRELATION ENERGY": -0.04954394761157374,
    "MP2 TOTAL ENERGY": -108.15440697964878,
    "NUCLEAR REPULSION ENERGY": 35.34251357015873,
    "ONE-ELECTRON ENERGY": -214.6594775728317,
    "PCM POLARIZATION ENERGY": 0.0,
    "PE ENERGY": 0.0,
    "SCF DIPOLE X": 0.0,
    "SCF DIPOLE Y": 0.0,
    "SCF DIPOLE Z": 2.821905433653156e-16,
    "SCF ITERATION ENERGY": -107.94280555775883,
    "SCF ITERATIONS": 8.0,
    "SCF TOTAL ENERGY": -107.94280555775883,
    "TWO-ELECTRON ENERGY": 71.37415844491413
}