{
    "CC D1 DIAGNOSTIC": 0.011357582755458007,
    "CC D2 DIAGNOSTIC": 0.12263057952819906,
    "CC NEW D1 DIAGNOSTIC": 0.011357582755458007,
    "CC T1 DIAGNOSTIC": 0.00569898734366851,
    "CCSD CORRELATION ENERGY": -0.22996302345347577,
    "CCSD OPPOSITE-SPIN CORRELATION ENERGY": -0.18419010131176936,
    "CCSD SAME-SPIN CORRELATION ENERGY": -0.04577292214170628,
    "CCSD TOTAL ENERGY": -108.74646327304444,
    "CURRENT CORRELATION ENERGY": -0.22996302345347577,
    "CURRENT DIPOLE X": 0.0,
    "CURRENT DIPOLE Y": 0.0,
    "CURRENT DIPOLE Z": 0.0,
    "CURRENT ENERGY": -108.74646327304444,
    "CURRENT REFERENCE ENERGY": -108.51650024959103,
    "HF TOTAL ENERGY": -108.51650024959103,
    "LCCSD (+LMP2) TOTAL ENERGY": -108.7364852432073,
    "MP2 CORRELATION ENERGY": -0.22515396758037765,
    "MP2 OPPOSITE-SPIN CORRELATION ENERGY": -0.1717651695273168,
    "MP2 SAME-SPIN CORRELATION ENERGY": -0.05338879805306085,
    "MP2 TOTAL ENERGY": -108.74165421717134,
    "NUCLEAR REPULSION ENERGY": 31.17828991687716,
    "ONE-ELECTRON ENERGY": -207.72766925041282,
    "PCM POLARIZATION ENERGY": 0.0,
    "PE ENERGY": 0.0,
    "SCF DIPOLE X": 0.0,
    "SCF DIPOLE Y": 0.0,
    "SCF DIPOLE Z": 0.0,
    "SCF ITERATION ENERGY": -108.51650024959103,
    "SCF ITERATIONS": 8.0,
    "SCF TOTAL ENERGY": -108.51650024959103,
    "TWO-ELECTRON ENERGY": 68.03287908394462
}