{
    "CC D1 DIAGNOSTIC": 0.03601384006560175,
    "CC D2 DIAGNOSTIC": 0.14693142013103744,
    "CC NEW D1 DIAGNOSTIC": 0.03601384006560175,
    "CC T1 DIAGNOSTIC": 0.014627504026464056,
    "CCSD CORRELATION ENERGY": -0.24654324612467624,
    "CCSD OPPOSITE-SPIN CORRELATION ENERGY": -0.19829651655657815,
    "CCSD SAME-SPIN CORRELATION ENERGY": -0.04824672956809822,
    "CCSD TOTAL ENERGY": -112.93066359235404,
    "CURRENT CORRELATION ENERGY": -0.24654324612467624,
    "CURRENT DIPOLE X": 0.0,
    "CURRENT DIPOLE Y": 0.0,
    "CURRENT DIPOLE Z": -0.13143711744887537,
    "CURRENT ENERGY": -112.93066359235404,
    "CURRENT REFERENCE ENERGY": -112.68412034622934,
    "HF TOTAL ENERGY": -112.68412034622934,
    "LCCSD (+LMP2) TOTAL ENERGY": -112.93851300260916,
    "MP2 CORRELATION ENERGY": -0.24675419223310044,
    "MP2 OPPOSITE-SPIN CORRELATION ENERGY": -0.18684868221377976,
    "MP2 SAME-SPIN CORRELATION ENERGY": -0.05990551001932068,
    "MP2 TOTAL ENERGY": -112.93087453846246,
    "NUCLEAR REPULSION ENERGY": 24.18517089148249,
    "ONE-ELECTRON ENERGY": -200.96677860032383,
    "PCM POLARIZATION ENERGY": 0.0,
    "PE ENERGY": 0.0,
    "SCF DIPOLE X": 0.0,
    "SCF DIPOLE Y": 0.0,
    "SCF DIPOLE Z": -0.13143711744887537,
    "SCF ITERATION ENERGY": -112.68412034622934,
    "SCF ITERATIONS": 10.0,
    "SCF TOTAL ENERGY": -112.68412034622934,
    "TWO-ELECTRON ENERGY": 64.097487362612
}