{
    "CC D1 DIAGNOSTIC": 0.05344640278461254,
    "CC D2 DIAGNOSTIC": 0.22707166653205885,
    "CC NEW D1 DIAGNOSTIC": 0.05344640278461254,
    "CC T1 DIAGNOSTIC": 0.01739578618645027,
    "CCSD CORRELATION ENERGY": -0.18945303602839705,
    "CCSD OPPOSITE-SPIN CORRELATION ENERGY": -0.1567768154039389,
    "CCSD SAME-SPIN CORRELATION ENERGY": -0.0326762206244578,
    "CCSD TOTAL ENERGY": -100.10542902348085,
    "CURRENT CORRELATION ENERGY": -0.18945303602839705,
    "CURRENT DIPOLE X": 0.0,
    "CURRENT DIPOLE Y": 0.0,
    "CURRENT DIPOLE Z": -2.98623719431622,
    "CURRENT ENERGY": -100.10542902348085,
    "CURRENT REFERENCE ENERGY": -99.91597598745238,
    "HF TOTAL ENERGY": -99.91597598745238,
    "LCCSD (+LMP2) TOTAL ENERGY": -100.12193011424772,
    "MP2 CORRELATION ENERGY": -0.1852011020848134,
    "MP2 OPPOSITE-SPIN CORRELATION ENERGY": -0.14193369784638285,
    "MP2 SAME-SPIN CORRELATION ENERGY": -0.04326740423843056,
    "MP2 TOTAL ENERGY": -100.10117708953727,
    "NUCLEAR REPULSION ENERGY": 3.390899407191306,
    "ONE-ELECTRON ENERGY": -147.44966096576107,
    "PCM POLARIZATION ENERGY": 0.0,
    "PE ENERGY": 0.0,
    "SCF DIPOLE X": 0.0,
    "SCF DIPOLE Y": 0.0,
    "SCF DIPOLE Z": -2.98623719431622,
    "SCF ITERATION ENERGY": -99.91597598745238,
    "SCF ITERATIONS": 10.0,
    "SCF TOTAL ENERGY": -99.91597598745238,
    "TWO-ELECTRON ENERGY": 44.14278557111737
}