{
    "CC D1 DIAGNOSTIC": 0.03178206028833559,
    "CC D2 DIAGNOSTIC": 0.21468845516725305,
    "CC NEW D1 DIAGNOSTIC": 0.03178206028833559,
    "CC T1 DIAGNOSTIC": 0.008634262172991592,
    "CCSD CORRELATION ENERGY": -0.1279359401013563,
    "CCSD OPPOSITE-SPIN CORRELATION ENERGY": -0.1074372936299616,
    "CCSD SAME-SPIN CORRELATION ENERGY": -0.02049864647139496,
    "CCSD TOTAL ENERGY": -460.14451851651967,
    "CURRENT CORRELATION ENERGY": -0.1279359401013563,
    "CURRENT DIPOLE X": 0.0,
    "CURRENT DIPOLE Y": 0.0,
    "CURRENT DIPOLE Z": -2.1611985492015635,
    "CURRENT ENERGY": -460.14451851651967,
    "CURRENT REFERENCE ENERGY": -460.01658257641816,
    "HF TOTAL ENERGY": -460.01658257641816,
    "LCCSD (+LMP2) TOTAL ENERGY": -460.1505218154983,
    "MP2 CORRELATION ENERGY": -0.11308264624645332,
    "MP2 OPPOSITE-SPIN CORRELATION ENERGY": -0.09068404023614068,
    "MP2 SAME-SPIN CORRELATION ENERGY": -0.02239860601031264,
    "MP2 TOTAL ENERGY": -460.12966522266476,
    "NUCLEAR REPULSION ENERGY": 5.249872444858095,
    "ONE-ELECTRON ENERGY": -646.151763916838,
    "PCM POLARIZATION ENERGY": 0.0,
    "PE ENERGY": 0.0,
    "SCF DIPOLE X": 0.0,
    "SCF DIPOLE Y": 0.0,
    "SCF DIPOLE Z": -2.1611985492015635,
    "SCF ITERATION ENERGY": -460.01658257641816,
    "SCF ITERATIONS": 9.0,
    "SCF TOTAL ENERGY": -460.01658257641816,
    "TWO-ELECTRON ENERGY": 180.8853088955618
}