{
    "CC D1 DIAGNOSTIC": 0.03495983203165521,
    "CC D2 DIAGNOSTIC": 0.21902023960435438,
    "CC NEW D1 DIAGNOSTIC": 0.03495983203165521,
    "CC T1 DIAGNOSTIC": 0.012191028073735411,
    "CCSD CORRELATION ENERGY": -0.2916946139027379,
    "CCSD OPPOSITE-SPIN CORRELATION ENERGY": -0.24393711528093304,
    "CCSD SAME-SPIN CORRELATION ENERGY": -0.047757498621804895,
    "CCSD TOTAL ENERGY": -110.22182430173339,
    "CURRENT CORRELATION ENERGY": -0.2916946139027379,
    "CURRENT DIPOLE X": 1.6931432601918935e-15,
    "CURRENT DIPOLE Y": 0.0,
    "CURRENT DIPOLE Z": -3.694124779290118,
    "CURRENT ENERGY": -110.22182430173339,
    "CURRENT REFERENCE ENERGY": -109.93012968783042,
    "HF TOTAL ENERGY": -109.93012968783042,
    "LCCSD (+LMP2) TOTAL ENERGY": -110.21988239520354,
    "MP2 CORRELATION ENERGY": -0.2770444140386102,
    "MP2 OPPOSITE-SPIN CORRELATION ENERGY": -0.2165893404124271,
    "MP2 SAME-SPIN CORRELATION ENERGY": -0.060455073626183076,
    "MP2 TOTAL ENERGY": -110.20717410186927,
    "NUCLEAR REPULSION ENERGY": 32.17413105769801,
    "ONE-ELECTRON ENERGY": -212.44497783499787,
    "PCM POLARIZATION ENERGY": 0.0,
    "PE ENERGY": 0.0,
    "SCF DIPOLE X": 1.6931432601918935e-15,
    "SCF DIPOLE Y": 0.0,
    "SCF DIPOLE Z": -3.694124779290118,
    "SCF ITERATION ENERGY": -109.93012968783042,
    "SCF ITERATIONS": 11.0,
    "SCF TOTAL ENERGY": -109.93012968783042,
    "TWO-ELECTRON ENERGY": 70.34071708946944
}