{
    "CC D1 DIAGNOSTIC": 0.09125295794893018,
    "CC D2 DIAGNOSTIC": 0.18150325132169412,
    "CC NEW D1 DIAGNOSTIC": 0.09125295794893018,
    "CC T1 DIAGNOSTIC": 0.029033210608499737,
    "CCSD CORRELATION ENERGY": -0.44721854199508604,
    "CCSD OPPOSITE-SPIN CORRELATION ENERGY": -0.35381856416972957,
    "CCSD SAME-SPIN CORRELATION ENERGY": -0.09339997782535664,
    "CCSD TOTAL ENERGY": -187.9302379370428,
    "CURRENT CORRELATION ENERGY": -0.44721854199508604,
    "CURRENT DIPOLE X": 0.0,
    "CURRENT DIPOLE Y": 0.0,
    "CURRENT DIPOLE Z": 0.0,
    "CURRENT ENERGY": -187.9302379370428,
    "CURRENT REFERENCE ENERGY": -187.48301939504435,
    "HF TOTAL ENERGY": -187.48301939504435,
    "LCCSD (+LMP2) TOTAL ENERGY": -187.93165788176125,
    "MP2 CORRELATION ENERGY": -0.47392537371360516,
    "MP2 OPPOSITE-SPIN CORRELATION ENERGY": -0.34909208787766244,
    "MP2 SAME-SPIN CORRELATION ENERGY": -0.12483328583594272,
    "MP2 TOTAL ENERGY": -187.9569447687613,
    "NUCLEAR REPULSION ENERGY": 50.961065823010365,
    "ONE-ELECTRON ENERGY": -357.37361793645283,
    "PCM POLARIZATION ENERGY": 0.0,
    "PE ENERGY": 0.0,
    "SCF DIPOLE X": 0.0,
    "SCF DIPOLE Y": 0.0,
    "SCF DIPOLE Z": 0.0,
    "SCF ITERATION ENERGY": -187.48301939504435,
    "SCF ITERATIONS": 10.0,
    "SCF TOTAL ENERGY": -187.48301939504435,
    "TWO-ELECTRON ENERGY": 118.92953271839812
}