{
    "CC D1 DIAGNOSTIC": 0.043454971647596624,
    "CC D2 DIAGNOSTIC": 0.3537464452867448,
    "CC NEW D1 DIAGNOSTIC": 0.043454971647596624,
    "CC T1 DIAGNOSTIC": 0.01076753494572613,
    "CCSD CORRELATION ENERGY": -0.261276433724816,
    "CCSD OPPOSITE-SPIN CORRELATION ENERGY": -0.20896668655503117,
    "CCSD SAME-SPIN CORRELATION ENERGY": -0.052309747169784565,
    "CCSD TOTAL ENERGY": -252.03632799970612,
    "CURRENT CORRELATION ENERGY": -0.261276433724816,
    "CURRENT DIPOLE X": 0.0,
    "CURRENT DIPOLE Y": 0.0,
    "CURRENT DIPOLE Z": 3.341892969138726,
    "CURRENT ENERGY": -252.03632799970612,
    "CURRENT REFERENCE ENERGY": -251.7750515659814,
    "HF TOTAL ENERGY": -251.7750515659814,
    "LCCSD (+LMP2) TOTAL ENERGY": -252.03894066023682,
    "MP2 CORRELATION ENERGY": -0.24027305068530455,
    "MP2 OPPOSITE-SPIN CORRELATION ENERGY": -0.184731615206227,
    "MP2 SAME-SPIN CORRELATION ENERGY": -0.055541435479077556,
    "MP2 TOTAL ENERGY": -252.01532461666662,
    "NUCLEAR REPULSION ENERGY": 101.7104412430212,
    "ONE-ELECTRON ENERGY": -534.3582583650622,
    "PCM POLARIZATION ENERGY": 0.0,
    "PE ENERGY": 0.0,
    "SCF DIPOLE X": 0.0,
    "SCF DIPOLE Y": 0.0,
    "SCF DIPOLE Z": 3.341892969138726,
    "SCF ITERATION ENERGY": -251.7750515659814,
    "SCF ITERATIONS": 10.0,
    "SCF TOTAL ENERGY": -251.7750515659814,
    "TWO-ELECTRON ENERGY": 180.87276555605956
}