{
    "CC D1 DIAGNOSTIC": 0.017288303628790382,
    "CC D2 DIAGNOSTIC": 0.08971351907340704,
    "CC NEW D1 DIAGNOSTIC": 0.017288303628790382,
    "CC T1 DIAGNOSTIC": 0.006648495389309233,
    "CCSD CORRELATION ENERGY": -0.32486935342072704,
    "CCSD OPPOSITE-SPIN CORRELATION ENERGY": -0.24861215810625947,
    "CCSD SAME-SPIN CORRELATION ENERGY": -0.07625719531446756,
    "CCSD TOTAL ENERGY": -183.49932482145599,
    "CURRENT CORRELATION ENERGY": -0.32486935342072704,
    "CURRENT DIPOLE X": 0.0,
    "CURRENT DIPOLE Y": 0.0,
    "CURRENT DIPOLE Z": 0.0,
    "CURRENT ENERGY": -183.49932482145599,
    "CURRENT REFERENCE ENERGY": -183.17445546803518,
    "HF TOTAL ENERGY": -183.17445546803518,
    "LCCSD (+LMP2) TOTAL ENERGY": -183.4942355728598,
    "MP2 CORRELATION ENERGY": -0.3223358673849198,
    "MP2 OPPOSITE-SPIN CORRELATION ENERGY": -0.2382763691816777,
    "MP2 SAME-SPIN CORRELATION ENERGY": -0.08405949820324213,
    "MP2 TOTAL ENERGY": -183.49679133542017,
    "NUCLEAR REPULSION ENERGY": 105.30626492333,
    "ONE-ELECTRON ENERGY": -454.6385410335963,
    "PCM POLARIZATION ENERGY": 0.0,
    "PE ENERGY": 0.0,
    "SCF DIPOLE X": 0.0,
    "SCF DIPOLE Y": 0.0,
    "SCF DIPOLE Z": 0.0,
    "SCF ITERATION ENERGY": -183.17445546803518,
    "SCF ITERATIONS": 9.0,
    "SCF TOTAL ENERGY": -183.17445546803518,
    "TWO-ELECTRON ENERGY": 166.15782064223114
}