{
    "CC D1 DIAGNOSTIC": 0.012913766281898702,
    "CC D2 DIAGNOSTIC": 0.12874495239627992,
    "CC NEW D1 DIAGNOSTIC": 0.012913766281898702,
    "CC T1 DIAGNOSTIC": 0.005091875933958518,
    "CCSD CORRELATION ENERGY": -0.11253591133939604,
    "CCSD OPPOSITE-SPIN CORRELATION ENERGY": -0.09282458681660095,
    "CCSD SAME-SPIN CORRELATION ENERGY": -0.0197113245227951,
    "CCSD TOTAL ENERGY": -460.17910417144446,
    "CURRENT CORRELATION ENERGY": -0.11253591133939604,
    "CURRENT DIPOLE X": 0.0,
    "CURRENT DIPOLE Y": 0.0,
    "CURRENT DIPOLE Z": -1.8955293499422468,
    "CURRENT ENERGY": -460.17910417144446,
    "CURRENT REFERENCE ENERGY": -460.0665682601049,
    "HF TOTAL ENERGY": -460.0665682601049,
    "LCCSD (+LMP2) TOTAL ENERGY": -460.1771492687932,
    "MP2 CORRELATION ENERGY": -0.10254591536982935,
    "MP2 OPPOSITE-SPIN CORRELATION ENERGY": -0.08188487523591412,
    "MP2 SAME-SPIN CORRELATION ENERGY": -0.02066104013391523,
    "MP2 TOTAL ENERGY": -460.1691141754749,
    "NUCLEAR REPULSION ENERGY": 6.845913972071165,
    "ONE-ELECTRON ENERGY": -649.2293436291855,
    "PCM POLARIZATION ENERGY": 0.0,
    "PE ENERGY": 0.0,
    "SCF DIPOLE X": 0.0,
    "SCF DIPOLE Y": 0.0,
    "SCF DIPOLE Z": -1.8955293499422468,
    "SCF ITERATION ENERGY": -460.0665682601049,
    "SCF ITERATIONS": 9.0,
    "SCF TOTAL ENERGY": -460.0665682601049,
    "TWO-ELECTRON ENERGY": 182.31686139700946
}