{
    "CURRENT CORRELATION ENERGY": -0.27641107418351396,
    "CURRENT DIPOLE X": 0.0,
    "CURRENT DIPOLE Y": -1.6931432601918935e-15,
    "CURRENT DIPOLE Z": 0.7935511012320925,
    "CURRENT ENERGY": -110.2086029644465,
    "CURRENT REFERENCE ENERGY": -109.93219189026298,
    "CUSTOM SCS-MP2 CORRELATION ENERGY": -0.27936914705913146,
    "CUSTOM SCS-MP2 TOTAL ENERGY": -110.21156103732211,
    "HF TOTAL ENERGY": -109.93219189026298,
    "MP2 CORRELATION ENERGY": -0.27641107418351396,
    "MP2 OPPOSITE-SPIN CORRELATION ENERGY": -0.2160370642284174,
    "MP2 SAME-SPIN CORRELATION ENERGY": -0.06037400995509177,
    "MP2 TOTAL ENERGY": -110.2086029644465,
    "NUCLEAR REPULSION ENERGY": 32.115919966891205,
    "ONE-ELECTRON ENERGY": -212.47358222106268,
    "PCM POLARIZATION ENERGY": 0.0,
    "PE ENERGY": 0.0,
    "SCF DIPOLE X": 0.0,
    "SCF DIPOLE Y": -1.6931432601918935e-15,
    "SCF DIPOLE Z": 0.7935511012320925,
    "SCF ITERATION ENERGY": -109.93219189026298,
    "SCF ITERATIONS": 10.0,
    "SCF TOTAL ENERGY": -109.93219189026298,
    "SCS-MP2 CORRELATION ENERGY": -0.27936914705913146,
    "SCS-MP2 TOTAL ENERGY": -110.21156103732211,
    "SCS-MP2-VDW CORRELATION ENERGY": -0.30671444718990415,
    "SCS-MP2-VDW TOTAL ENERGY": -110.23890633745289,
    "SCSN-MP2 CORRELATION ENERGY": -0.10625825752094897,
    "SCSN-MP2 TOTAL ENERGY": -110.03845014778393,
    "SOS-MP2 CORRELATION ENERGY": 0.0,
    "SOS-MP2 TOTAL ENERGY": -109.93219189026298,
    "SOS-PI-MP2 CORRELATION ENERGY": -0.3024518899197801,
    "SOS-PI-MP2 TOTAL ENERGY": -110.23464378018276,
    "TWO-ELECTRON ENERGY": 70.4254703639085
}