{
    "CC D1 DIAGNOSTIC": 0.059908338144929525,
    "CC D2 DIAGNOSTIC": 0.3762697427882778,
    "CC NEW D1 DIAGNOSTIC": 0.059908338144929525,
    "CC T1 DIAGNOSTIC": 0.025041566398584736,
    "CCSD CORRELATION ENERGY": -0.41637253535112245,
    "CCSD OPPOSITE-SPIN CORRELATION ENERGY": -0.3772806538527732,
    "CCSD SAME-SPIN CORRELATION ENERGY": -0.03909188149834947,
    "CCSD TOTAL ENERGY": -108.95814245440171,
    "CURRENT CORRELATION ENERGY": -0.41637253535112245,
    "CURRENT DIPOLE X": 0.0,
    "CURRENT DIPOLE Y": 0.0,
    "CURRENT DIPOLE Z": 5.643810867306312e-16,
    "CURRENT ENERGY": -108.95814245440171,
    "CURRENT REFERENCE ENERGY": -108.54176991905024,
    "HF TOTAL ENERGY": -108.54176991905024,
    "LCCSD (+LMP2) TOTAL ENERGY": -108.96688507298107,
    "MP2 CORRELATION ENERGY": -0.5523762747143027,
    "MP2 OPPOSITE-SPIN CORRELATION ENERGY": -0.3932542243135147,
    "MP2 SAME-SPIN CORRELATION ENERGY": -0.15912205040078803,
    "MP2 TOTAL ENERGY": -109.0941461937649,
    "NUCLEAR REPULSION ENERGY": 15.683911797091705,
    "ONE-ELECTRON ENERGY": -178.002825366667,
    "PCM POLARIZATION ENERGY": 0.0,
    "PE ENERGY": 0.0,
    "SCF DIPOLE X": 0.0,
    "SCF DIPOLE Y": 0.0,
    "SCF DIPOLE Z": 5.643810867306312e-16,
    "SCF ITERATION ENERGY": -108.54176991905024,
    "SCF ITERATIONS": 8.0,
    "SCF TOTAL ENERGY": -108.54176991905024,
    "TWO-ELECTRON ENERGY": 53.77714365052506
}