{
    "CC D1 DIAGNOSTIC": 0.0327554256910954,
    "CC D2 DIAGNOSTIC": 0.2009949975540031,
    "CC NEW D1 DIAGNOSTIC": 0.0327554256910954,
    "CC T1 DIAGNOSTIC": 0.010607052073101354,
    "CCSD CORRELATION ENERGY": -0.16222040189468923,
    "CCSD OPPOSITE-SPIN CORRELATION ENERGY": -0.13289593841484587,
    "CCSD SAME-SPIN CORRELATION ENERGY": -0.02932446347984327,
    "CCSD TOTAL ENERGY": -103.85231316844714,
    "CURRENT CORRELATION ENERGY": -0.16222040189468923,
    "CURRENT DIPOLE X": 0.0,
    "CURRENT DIPOLE Y": 0.0,
    "CURRENT DIPOLE Z": 4.665894642288653,
    "CURRENT ENERGY": -103.85231316844714,
    "CURRENT REFERENCE ENERGY": -103.69009276655235,
    "HF TOTAL ENERGY": -103.69009276655235,
    "LCCSD (+LMP2) TOTAL ENERGY": -103.85073958015886,
    "MP2 CORRELATION ENERGY": -0.14678637158278376,
    "MP2 OPPOSITE-SPIN CORRELATION ENERGY": -0.11649175221407375,
    "MP2 SAME-SPIN CORRELATION ENERGY": -0.030294619368710016,
    "MP2 TOTAL ENERGY": -103.83687913813523,
    "NUCLEAR REPULSION ENERGY": 27.739211248096687,
    "ONE-ELECTRON ENERGY": -190.56465421133316,
    "PCM POLARIZATION ENERGY": 0.0,
    "PE ENERGY": 0.0,
    "SCF DIPOLE X": 0.0,
    "SCF DIPOLE Y": 0.0,
    "SCF DIPOLE Z": 4.665894642288653,
    "SCF ITERATION ENERGY": -103.69009276655235,
    "SCF ITERATIONS": 11.0,
    "SCF TOTAL ENERGY": -103.69009276655235,
    "TWO-ELECTRON ENERGY": 59.135350196684115
}