{
    "CURRENT CORRELATION ENERGY": -0.02769114972077813,
    "CURRENT DIPOLE X": 0.0,
    "CURRENT DIPOLE Y": 0.0,
    "CURRENT DIPOLE Z": 5.978912137552624e-15,
    "CURRENT ENERGY": -1.048673467788829,
    "CURRENT REFERENCE ENERGY": -1.0209823180680508,
    "CUSTOM SCS-MP2 CORRELATION ENERGY": -0.033229379664933695,
    "CUSTOM SCS-MP2 TOTAL ENERGY": -1.0542116977329845,
    "HF TOTAL ENERGY": -1.0209823180680508,
    "MP2 CORRELATION ENERGY": -0.02769114972077813,
    "MP2 OPPOSITE-SPIN CORRELATION ENERGY": -0.02769114972077808,
    "MP2 SAME-SPIN CORRELATION ENERGY": 0.0,
    "MP2 TOTAL ENERGY": -1.048673467788829,
    "NUCLEAR REPULSION ENERGY": 0.38131887239455875,
    "ONE-ELECTRON ENERGY": -1.8879164306120046,
    "PCM POLARIZATION ENERGY": 0.0,
    "PE ENERGY": 0.0,
    "SCF DIPOLE X": 0.0,
    "SCF DIPOLE Y": 0.0,
    "SCF DIPOLE Z": 5.978912137552624e-15,
    "SCF ITERATION ENERGY": -1.0209823180680508,
    "SCF ITERATIONS": 5.0,
    "SCF TOTAL ENERGY": -1.0209823180680508,
    "SCS-MP2 CORRELATION ENERGY": -0.033229379664933695,
    "SCS-MP2 TOTAL ENERGY": -1.0542116977329845,
    "SCS-MP2-VDW CORRELATION ENERGY": -0.035444671642596015,
    "SCS-MP2-VDW TOTAL ENERGY": -1.0564269897106469,
    "SCSN-MP2 CORRELATION ENERGY": 0.0,
    "SCSN-MP2 TOTAL ENERGY": -1.0209823180680508,
    "SOS-MP2 CORRELATION ENERGY": 0.0,
    "SOS-MP2 TOTAL ENERGY": -1.0209823180680508,
    "SOS-PI-MP2 CORRELATION ENERGY": -0.038767609609089204,
    "SOS-PI-MP2 TOTAL ENERGY": -1.05974992767714,
    "TWO-ELECTRON ENERGY": 0.4856152401493949
}