{
    "CC D1 DIAGNOSTIC": 0.03658777008505464,
    "CC D2 DIAGNOSTIC": 0.20155096586213317,
    "CC NEW D1 DIAGNOSTIC": 0.03658777008505464,
    "CC T1 DIAGNOSTIC": 0.011737619391362437,
    "CCSD CORRELATION ENERGY": -0.16474926798935133,
    "CCSD OPPOSITE-SPIN CORRELATION ENERGY": -0.13484949309170893,
    "CCSD SAME-SPIN CORRELATION ENERGY": -0.029899774897642423,
    "CCSD TOTAL ENERGY": -104.04546938582436,
    "CURRENT CORRELATION ENERGY": -0.16474926798935133,
    "CURRENT DIPOLE X": 0.0,
    "CURRENT DIPOLE Y": 0.0,
    "CURRENT DIPOLE Z": 4.55229546681074,
    "CURRENT ENERGY": -104.04546938582436,
    "CURRENT REFERENCE ENERGY": -103.88072011783504,
    "HF TOTAL ENERGY": -103.88072011783504,
    "LCCSD (+LMP2) TOTAL ENERGY": -104.03925601665324,
    "MP2 CORRELATION ENERGY": -0.1491761556151034,
    "MP2 OPPOSITE-SPIN CORRELATION ENERGY": -0.11821519280557162,
    "MP2 SAME-SPIN CORRELATION ENERGY": -0.03096096280953177,
    "MP2 TOTAL ENERGY": -104.02989627345012,
    "NUCLEAR REPULSION ENERGY": 26.950418511183987,
    "ONE-ELECTRON ENERGY": -189.67419147312972,
    "PCM POLARIZATION ENERGY": 0.0,
    "PE ENERGY": 0.0,
    "SCF DIPOLE X": 0.0,
    "SCF DIPOLE Y": 0.0,
    "SCF DIPOLE Z": 4.55229546681074,
    "SCF ITERATION ENERGY": -103.88072011783504,
    "SCF ITERATIONS": 11.0,
    "SCF TOTAL ENERGY": -103.88072011783504,
    "TWO-ELECTRON ENERGY": 58.843052844110694
}