{
    "CC D1 DIAGNOSTIC": 0.010133431040927518,
    "CC D2 DIAGNOSTIC": 0.18444730922638616,
    "CC NEW D1 DIAGNOSTIC": 0.010133431040927518,
    "CC T1 DIAGNOSTIC": 0.004685208947586853,
    "CCSD CORRELATION ENERGY": -0.2333563604867978,
    "CCSD OPPOSITE-SPIN CORRELATION ENERGY": -0.18578923787758123,
    "CCSD SAME-SPIN CORRELATION ENERGY": -0.0475671226092165,
    "CCSD TOTAL ENERGY": -147.26589724047815,
    "CURRENT CORRELATION ENERGY": -0.2333563604867978,
    "CURRENT DIPOLE X": 0.0,
    "CURRENT DIPOLE Y": 0.0,
    "CURRENT DIPOLE Z": 0.0,
    "CURRENT ENERGY": -147.26589724047815,
    "CURRENT REFERENCE ENERGY": -147.0325408799914,
    "HF TOTAL ENERGY": -147.03254087999142,
    "LCCSD (+LMP2) TOTAL ENERGY": -147.25806876251423,
    "MP2 CORRELATION ENERGY": -0.22152744670377242,
    "MP2 OPPOSITE-SPIN CORRELATION ENERGY": -0.16999080571443329,
    "MP2 SAME-SPIN CORRELATION ENERGY": -0.05153664098933913,
    "MP2 TOTAL ENERGY": -147.25406832669512,
    "NUCLEAR REPULSION ENERGY": 52.653132461664995,
    "ONE-ELECTRON ENERGY": -302.2170290233481,
    "PCM POLARIZATION ENERGY": 0.0,
    "PE ENERGY": 0.0,
    "SCF DIPOLE X": 0.0,
    "SCF DIPOLE Y": 0.0,
    "SCF DIPOLE Z": 0.0,
    "SCF ITERATION ENERGY": -147.0325408799914,
    "SCF ITERATIONS": 9.0,
    "SCF TOTAL ENERGY": -147.0325408799914,
    "TWO-ELECTRON ENERGY": 102.5313556816917
}