{
    "CURRENT CORRELATION ENERGY": -0.030423011074321882,
    "CURRENT DIPOLE X": 0.0,
    "CURRENT DIPOLE Y": 0.0,
    "CURRENT DIPOLE Z": -2.125247529720033e-15,
    "CURRENT ENERGY": -1.0286463864070443,
    "CURRENT REFERENCE ENERGY": -0.9982233753327224,
    "CUSTOM SCS-MP2 CORRELATION ENERGY": -0.036507613289186225,
    "CUSTOM SCS-MP2 TOTAL ENERGY": -1.0347309886219087,
    "HF TOTAL ENERGY": -0.9982233753327224,
    "MP2 CORRELATION ENERGY": -0.030423011074321882,
    "MP2 OPPOSITE-SPIN CORRELATION ENERGY": -0.030423011074321857,
    "MP2 SAME-SPIN CORRELATION ENERGY": 0.0,
    "MP2 TOTAL ENERGY": -1.0286463864070443,
    "NUCLEAR REPULSION ENERGY": 0.3504011259841893,
    "ONE-ELECTRON ENERGY": -1.8138920989396519,
    "PCM POLARIZATION ENERGY": 0.0,
    "PE ENERGY": 0.0,
    "SCF DIPOLE X": 0.0,
    "SCF DIPOLE Y": 0.0,
    "SCF DIPOLE Z": -2.125247529720033e-15,
    "SCF ITERATION ENERGY": -0.9982233753327224,
    "SCF ITERATIONS": 5.0,
    "SCF TOTAL ENERGY": -0.9982233753327224,
    "SCS-MP2 CORRELATION ENERGY": -0.036507613289186225,
    "SCS-MP2 TOTAL ENERGY": -1.0347309886219087,
    "SCS-MP2-VDW CORRELATION ENERGY": -0.03894145417513195,
    "SCS-MP2-VDW TOTAL ENERGY": -1.0371648295078544,
    "SCSN-MP2 CORRELATION ENERGY": 0.0,
    "SCSN-MP2 TOTAL ENERGY": -0.9982233753327224,
    "SOS-MP2 CORRELATION ENERGY": 0.0,
    "SOS-MP2 TOTAL ENERGY": -0.9982233753327224,
    "SOS-PI-MP2 CORRELATION ENERGY": -0.04259221550405068,
    "SOS-PI-MP2 TOTAL ENERGY": -1.040815590836773,
    "TWO-ELECTRON ENERGY": 0.46526759762274017
}