{
    "CC D1 DIAGNOSTIC": 0.03415196367058132,
    "CC D2 DIAGNOSTIC": 0.09549609180478649,
    "CC NEW D1 DIAGNOSTIC": 0.03415196367058132,
    "CC T1 DIAGNOSTIC": 0.014940334338297272,
    "CCSD CORRELATION ENERGY": -0.1776482238765656,
    "CCSD OPPOSITE-SPIN CORRELATION ENERGY": -0.1421767082848801,
    "CCSD SAME-SPIN CORRELATION ENERGY": -0.03547151559168549,
    "CCSD TOTAL ENERGY": -107.1139751472722,
    "CURRENT CORRELATION ENERGY": -0.1776482238765656,
    "CURRENT DIPOLE X": 0.0,
    "CURRENT DIPOLE Y": 0.0,
    "CURRENT DIPOLE Z": -5.502064999370215,
    "CURRENT ENERGY": -107.1139751472722,
    "CURRENT REFERENCE ENERGY": -106.93632692339565,
    "HF TOTAL ENERGY": -106.93632692339565,
    "LCCSD (+LMP2) TOTAL ENERGY": -107.11423972643746,
    "MP2 CORRELATION ENERGY": -0.17804515890475558,
    "MP2 OPPOSITE-SPIN CORRELATION ENERGY": -0.13492301130985673,
    "MP2 SAME-SPIN CORRELATION ENERGY": -0.04312214759489885,
    "MP2 TOTAL ENERGY": -107.11437208230039,
    "NUCLEAR REPULSION ENERGY": 10.688981777931994,
    "ONE-ELECTRON ENERGY": -172.39950030933198,
    "PCM POLARIZATION ENERGY": 0.0,
    "PE ENERGY": 0.0,
    "SCF DIPOLE X": 0.0,
    "SCF DIPOLE Y": 0.0,
    "SCF DIPOLE Z": -5.502064999370215,
    "SCF ITERATION ENERGY": -106.93632692339565,
    "SCF ITERATIONS": 10.0,
    "SCF TOTAL ENERGY": -106.93632692339565,
    "TWO-ELECTRON ENERGY": 54.77419160800435
}