{
    "CC D1 DIAGNOSTIC": 0.10040025634097258,
    "CC D2 DIAGNOSTIC": 0.27644572811737356,
    "CC NEW D1 DIAGNOSTIC": 0.10040025634097258,
    "CC T1 DIAGNOSTIC": 0.023090412176002096,
    "CCSD CORRELATION ENERGY": -0.2796863432511353,
    "CCSD OPPOSITE-SPIN CORRELATION ENERGY": -0.22166577548797825,
    "CCSD SAME-SPIN CORRELATION ENERGY": -0.05802056776315742,
    "CCSD TOTAL ENERGY": -259.60971057123834,
    "CURRENT CORRELATION ENERGY": -0.2796863432511353,
    "CURRENT DIPOLE X": 0.0,
    "CURRENT DIPOLE Y": 0.0,
    "CURRENT DIPOLE Z": 3.947177381249913,
    "CURRENT ENERGY": -259.60971057123834,
    "CURRENT REFERENCE ENERGY": -259.33002422798734,
    "HF TOTAL ENERGY": -259.33002422798734,
    "LCCSD (+LMP2) TOTAL ENERGY": -259.627326430292,
    "MP2 CORRELATION ENERGY": -0.2612834645492636,
    "MP2 OPPOSITE-SPIN CORRELATION ENERGY": -0.20017563851812203,
    "MP2 SAME-SPIN CORRELATION ENERGY": -0.061107826031141566,
    "MP2 TOTAL ENERGY": -259.5913076925365,
    "NUCLEAR REPULSION ENERGY": 59.74395545793507,
    "ONE-ELECTRON ENERGY": -473.6693121686577,
    "PCM POLARIZATION ENERGY": 0.0,
    "PE ENERGY": 0.0,
    "SCF DIPOLE X": 0.0,
    "SCF DIPOLE Y": 0.0,
    "SCF DIPOLE Z": 3.947177381249913,
    "SCF ITERATION ENERGY": -259.33002422798734,
    "SCF ITERATIONS": 12.0,
    "SCF TOTAL ENERGY": -259.33002422798734,
    "TWO-ELECTRON ENERGY": 154.5953324827353
}