{
    "CURRENT CORRELATION ENERGY": -0.15408591026094598,
    "CURRENT DIPOLE X": 0.0,
    "CURRENT DIPOLE Y": 0.0,
    "CURRENT DIPOLE Z": -1.0366430876957042,
    "CURRENT ENERGY": -76.13032663704793,
    "CURRENT REFERENCE ENERGY": -75.97624072678698,
    "CUSTOM SCS-MP2 CORRELATION ENERGY": -0.15449726854351378,
    "CUSTOM SCS-MP2 TOTAL ENERGY": -76.13073799533049,
    "HF TOTAL ENERGY": -75.97624072678698,
    "MP2 CORRELATION ENERGY": -0.15408591026094598,
    "MP2 OPPOSITE-SPIN CORRELATION ENERGY": -0.11900226744984348,
    "MP2 SAME-SPIN CORRELATION ENERGY": -0.03508364281110481,
    "MP2 TOTAL ENERGY": -76.13032663704793,
    "NUCLEAR REPULSION ENERGY": 9.099573442620237,
    "ONE-ELECTRON ENERGY": -123.0995058009211,
    "PCM POLARIZATION ENERGY": 0.0,
    "PE ENERGY": 0.0,
    "SCF DIPOLE X": 0.0,
    "SCF DIPOLE Y": 0.0,
    "SCF DIPOLE Z": -1.0366430876957042,
    "SCF ITERATION ENERGY": -75.97624072678698,
    "SCF ITERATIONS": 10.0,
    "SCF TOTAL ENERGY": -75.97624072678698,
    "SCS-MP2 CORRELATION ENERGY": -0.15449726854351378,
    "SCS-MP2 TOTAL ENERGY": -76.13073799533049,
    "SCS-MP2-VDW CORRELATION ENERGY": -0.1698647237413553,
    "SCS-MP2-VDW TOTAL ENERGY": -76.14610545052834,
    "SCSN-MP2 CORRELATION ENERGY": -0.061747211347551456,
    "SCSN-MP2 TOTAL ENERGY": -76.03798793813453,
    "SOS-MP2 CORRELATION ENERGY": 0.0,
    "SOS-MP2 TOTAL ENERGY": -75.97624072678698,
    "SOS-PI-MP2 CORRELATION ENERGY": -0.16660317442978112,
    "SOS-PI-MP2 TOTAL ENERGY": -76.14284390121676,
    "TWO-ELECTRON ENERGY": 38.02369163151387
}