{
    "CC D1 DIAGNOSTIC": 0.013485479168992504,
    "CC D2 DIAGNOSTIC": 0.10860808886738633,
    "CC NEW D1 DIAGNOSTIC": 0.013485479168992504,
    "CC T1 DIAGNOSTIC": 0.0061378694407558014,
    "CCSD CORRELATION ENERGY": -0.15929774386889523,
    "CCSD OPPOSITE-SPIN CORRELATION ENERGY": -0.12767755341760126,
    "CCSD SAME-SPIN CORRELATION ENERGY": -0.03162019045129391,
    "CCSD TOTAL ENERGY": -100.18050799389951,
    "CURRENT CORRELATION ENERGY": -0.15929774386889523,
    "CURRENT DIPOLE X": 0.0,
    "CURRENT DIPOLE Y": 0.0,
    "CURRENT DIPOLE Z": -2.3013815315296493,
    "CURRENT ENERGY": -100.18050799389951,
    "CURRENT REFERENCE ENERGY": -100.02121025003062,
    "HF TOTAL ENERGY": -100.02121025003062,
    "LCCSD (+LMP2) TOTAL ENERGY": -100.17401008439732,
    "MP2 CORRELATION ENERGY": -0.1580058960334873,
    "MP2 OPPOSITE-SPIN CORRELATION ENERGY": -0.11997686032917662,
    "MP2 SAME-SPIN CORRELATION ENERGY": -0.03802903570431068,
    "MP2 TOTAL ENERGY": -100.1792161460641,
    "NUCLEAR REPULSION ENERGY": 5.3394725876618025,
    "ONE-ELECTRON ENERGY": -150.8638260873134,
    "PCM POLARIZATION ENERGY": 0.0,
    "PE ENERGY": 0.0,
    "SCF DIPOLE X": 0.0,
    "SCF DIPOLE Y": 0.0,
    "SCF DIPOLE Z": -2.3013815315296493,
    "SCF ITERATION ENERGY": -100.02121025003062,
    "SCF ITERATIONS": 9.0,
    "SCF TOTAL ENERGY": -100.02121025003062,
    "TWO-ELECTRON ENERGY": 45.503143249621004
}