{
    "CC D1 DIAGNOSTIC": 0.11339732961582492,
    "CC D2 DIAGNOSTIC": 0.18996576241891908,
    "CC NEW D1 DIAGNOSTIC": 0.11339732961582492,
    "CC T1 DIAGNOSTIC": 0.03621638730916643,
    "CCSD CORRELATION ENERGY": -0.45986633981049163,
    "CCSD OPPOSITE-SPIN CORRELATION ENERGY": -0.3637606466707164,
    "CCSD SAME-SPIN CORRELATION ENERGY": -0.09610569313977496,
    "CCSD TOTAL ENERGY": -187.88604907511055,
    "CURRENT CORRELATION ENERGY": -0.45986633981049163,
    "CURRENT DIPOLE X": 0.0,
    "CURRENT DIPOLE Y": 0.0,
    "CURRENT DIPOLE Z": 0.0,
    "CURRENT ENERGY": -187.88604907511055,
    "CURRENT REFERENCE ENERGY": -187.42618273530002,
    "HF TOTAL ENERGY": -187.42618273530002,
    "LCCSD (+LMP2) TOTAL ENERGY": -187.88564674455193,
    "MP2 CORRELATION ENERGY": -0.486469169351132,
    "MP2 OPPOSITE-SPIN CORRELATION ENERGY": -0.35765031636091427,
    "MP2 SAME-SPIN CORRELATION ENERGY": -0.12881885299021772,
    "MP2 TOTAL ENERGY": -187.91265190465117,
    "NUCLEAR REPULSION ENERGY": 48.486337806425325,
    "ONE-ELECTRON ENERGY": -352.5240860852647,
    "PCM POLARIZATION ENERGY": 0.0,
    "PE ENERGY": 0.0,
    "SCF DIPOLE X": 0.0,
    "SCF DIPOLE Y": 0.0,
    "SCF DIPOLE Z": 0.0,
    "SCF ITERATION ENERGY": -187.42618273530002,
    "SCF ITERATIONS": 10.0,
    "SCF TOTAL ENERGY": -187.42618273530002,
    "TWO-ELECTRON ENERGY": 116.61156554353931
}