{
    "CC D1 DIAGNOSTIC": 0.29216273882368693,
    "CC D2 DIAGNOSTIC": 0.46597181549091105,
    "CC NEW D1 DIAGNOSTIC": 0.29216273882368693,
    "CC T1 DIAGNOSTIC": 0.06548830826350883,
    "CCSD CORRELATION ENERGY": -0.34257498605962994,
    "CCSD OPPOSITE-SPIN CORRELATION ENERGY": -0.27623990411593613,
    "CCSD SAME-SPIN CORRELATION ENERGY": -0.06633508194369592,
    "CCSD TOTAL ENERGY": -260.4496931169512,
    "CURRENT CORRELATION ENERGY": -0.34257498605962994,
    "CURRENT DIPOLE X": 0.0,
    "CURRENT DIPOLE Y": 0.0,
    "CURRENT DIPOLE Z": -1.241948875815547,
    "CURRENT ENERGY": -260.4496931169512,
    "CURRENT REFERENCE ENERGY": -260.1071181308919,
    "HF TOTAL ENERGY": -260.1071181308919,
    "LCCSD (+LMP2) TOTAL ENERGY": -260.4503492388674,
    "MP2 CORRELATION ENERGY": -0.33902590233926844,
    "MP2 OPPOSITE-SPIN CORRELATION ENERGY": -0.2539688626204095,
    "MP2 SAME-SPIN CORRELATION ENERGY": -0.08505703971885892,
    "MP2 TOTAL ENERGY": -260.44614403323084,
    "NUCLEAR REPULSION ENERGY": 51.35625727788016,
    "ONE-ELECTRON ENERGY": -467.8090691261696,
    "PCM POLARIZATION ENERGY": 0.0,
    "PE ENERGY": 0.0,
    "SCF DIPOLE X": 0.0,
    "SCF DIPOLE Y": 0.0,
    "SCF DIPOLE Z": -1.241948875815547,
    "SCF ITERATION ENERGY": -260.1071181308919,
    "SCF ITERATIONS": 13.0,
    "SCF TOTAL ENERGY": -260.1071181308919,
    "TWO-ELECTRON ENERGY": 156.3456937173976
}