{
    "CC D1 DIAGNOSTIC": 0.01003504098205071,
    "CC D2 DIAGNOSTIC": 0.102783483249784,
    "CC NEW D1 DIAGNOSTIC": 0.01003504098205071,
    "CC T1 DIAGNOSTIC": 0.00452784163989526,
    "CCSD CORRELATION ENERGY": -0.2102040655383447,
    "CCSD OPPOSITE-SPIN CORRELATION ENERGY": -0.16675759536264834,
    "CCSD SAME-SPIN CORRELATION ENERGY": -0.043446470175696555,
    "CCSD TOTAL ENERGY": -106.33763689882109,
    "CURRENT CORRELATION ENERGY": -0.2102040655383447,
    "CURRENT DIPOLE X": 0.0,
    "CURRENT DIPOLE Y": 0.0,
    "CURRENT DIPOLE Z": 0.0,
    "CURRENT ENERGY": -106.33763689882109,
    "CURRENT REFERENCE ENERGY": -106.1274328332827,
    "HF TOTAL ENERGY": -106.1274328332827,
    "LCCSD (+LMP2) TOTAL ENERGY": -106.34714158929748,
    "MP2 CORRELATION ENERGY": -0.20114477758471713,
    "MP2 OPPOSITE-SPIN CORRELATION ENERGY": -0.15423917082736663,
    "MP2 SAME-SPIN CORRELATION ENERGY": -0.046905606757350504,
    "MP2 TOTAL ENERGY": -106.32857761086746,
    "NUCLEAR REPULSION ENERGY": 43.36140320372411,
    "ONE-ELECTRON ENERGY": -226.51188962940373,
    "PCM POLARIZATION ENERGY": 0.0,
    "PE ENERGY": 0.0,
    "SCF DIPOLE X": 0.0,
    "SCF DIPOLE Y": 0.0,
    "SCF DIPOLE Z": 0.0,
    "SCF ITERATION ENERGY": -106.1274328332827,
    "SCF ITERATIONS": 9.0,
    "SCF TOTAL ENERGY": -106.1274328332827,
    "TWO-ELECTRON ENERGY": 77.02305359239692
}