{
    "setup": {
        "name": "h2o2",
        "valtype": "CCSD",
        "predtype": "MP2",
        "M": 5,
        "N": 25,
        "st": 7.5,
        "K": 10
    },
    "data": {
        "trainers": [
            17,
            14,
            10,
            4,
            1
        ],
        "hypers": true,
        "s": 8.943877010575608,
        "l": 0.059636233165946365,
        "a": [
            0.0016163306007990332,
            0.0015148671462289723,
            -0.001283617325856847,
            -0.0016217656267167168,
            -2.9611625341904105e-05
        ]
    }
}