{
    "CC D1 DIAGNOSTIC": 0.029654908538310244,
    "CC D2 DIAGNOSTIC": 0.09450673007888694,
    "CC NEW D1 DIAGNOSTIC": 0.029654908538310244,
    "CC T1 DIAGNOSTIC": 0.013526297048036517,
    "CCSD CORRELATION ENERGY": -0.17554161483450242,
    "CCSD OPPOSITE-SPIN CORRELATION ENERGY": -0.14014760461945314,
    "CCSD SAME-SPIN CORRELATION ENERGY": -0.03539401021504926,
    "CCSD TOTAL ENERGY": -107.01163060495159,
    "CURRENT CORRELATION ENERGY": -0.17554161483450242,
    "CURRENT DIPOLE X": 0.0,
    "CURRENT DIPOLE Y": 0.0,
    "CURRENT DIPOLE Z": -4.659987406198623,
    "CURRENT ENERGY": -107.01163060495159,
    "CURRENT REFERENCE ENERGY": -106.83608899011696,
    "HF TOTAL ENERGY": -106.83608899011696,
    "LCCSD (+LMP2) TOTAL ENERGY": -107.0123975757604,
    "MP2 CORRELATION ENERGY": -0.17582556789361775,
    "MP2 OPPOSITE-SPIN CORRELATION ENERGY": -0.13314158483674793,
    "MP2 SAME-SPIN CORRELATION ENERGY": -0.04268398305686982,
    "MP2 TOTAL ENERGY": -107.0119145580107,
    "NUCLEAR REPULSION ENERGY": 12.443191041268753,
    "ONE-ELECTRON ENERGY": -175.47121228418925,
    "PCM POLARIZATION ENERGY": 0.0,
    "PE ENERGY": 0.0,
    "SCF DIPOLE X": 0.0,
    "SCF DIPOLE Y": 0.0,
    "SCF DIPOLE Z": -4.659987406198623,
    "SCF ITERATION ENERGY": -106.83608899011696,
    "SCF ITERATIONS": 9.0,
    "SCF TOTAL ENERGY": -106.83608899011696,
    "TWO-ELECTRON ENERGY": 56.19193225280353
}