{
    "CC D1 DIAGNOSTIC": 0.039732065363515964,
    "CC D2 DIAGNOSTIC": 0.2606673090264584,
    "CC NEW D1 DIAGNOSTIC": 0.039732065363515964,
    "CC T1 DIAGNOSTIC": 0.012418705175476077,
    "CCSD CORRELATION ENERGY": -0.31794261315961075,
    "CCSD OPPOSITE-SPIN CORRELATION ENERGY": -0.2592621515258846,
    "CCSD SAME-SPIN CORRELATION ENERGY": -0.058680461633726144,
    "CCSD TOTAL ENERGY": -149.82853436938885,
    "CURRENT CORRELATION ENERGY": -0.31794261315961075,
    "CURRENT DIPOLE X": 0.0,
    "CURRENT DIPOLE Y": 0.0,
    "CURRENT DIPOLE Z": 0.0,
    "CURRENT ENERGY": -149.82853436938885,
    "CURRENT REFERENCE ENERGY": -149.51059175622973,
    "HF TOTAL ENERGY": -149.5105917562297,
    "LCCSD (+LMP2) TOTAL ENERGY": -149.80855031208017,
    "MP2 CORRELATION ENERGY": -0.3267406697209078,
    "MP2 OPPOSITE-SPIN CORRELATION ENERGY": -0.24617507034287212,
    "MP2 SAME-SPIN CORRELATION ENERGY": -0.0805655993780357,
    "MP2 TOTAL ENERGY": -149.83733242595017,
    "NUCLEAR REPULSION ENERGY": 27.67803266978694,
    "ONE-ELECTRON ENERGY": -260.51710683142966,
    "PCM POLARIZATION ENERGY": 0.0,
    "PE ENERGY": 0.0,
    "SCF DIPOLE X": 0.0,
    "SCF DIPOLE Y": 0.0,
    "SCF DIPOLE Z": 0.0,
    "SCF ITERATION ENERGY": -149.51059175622973,
    "SCF ITERATIONS": 9.0,
    "SCF TOTAL ENERGY": -149.51059175622973,
    "TWO-ELECTRON ENERGY": 83.328482405413
}