{
    "CC D1 DIAGNOSTIC": 0.08079543015701618,
    "CC D2 DIAGNOSTIC": 0.17666552239604058,
    "CC NEW D1 DIAGNOSTIC": 0.08079543015701618,
    "CC T1 DIAGNOSTIC": 0.025721608530365373,
    "CCSD CORRELATION ENERGY": -0.43931896118022346,
    "CCSD OPPOSITE-SPIN CORRELATION ENERGY": -0.34749172477433254,
    "CCSD SAME-SPIN CORRELATION ENERGY": -0.09182723640589086,
    "CCSD TOTAL ENERGY": -187.95068077458328,
    "CURRENT CORRELATION ENERGY": -0.43931896118022346,
    "CURRENT DIPOLE X": 0.0,
    "CURRENT DIPOLE Y": 0.0,
    "CURRENT DIPOLE Z": 0.0,
    "CURRENT ENERGY": -187.95068077458328,
    "CURRENT REFERENCE ENERGY": -187.51136181340053,
    "HF TOTAL ENERGY": -187.51136181340053,
    "LCCSD (+LMP2) TOTAL ENERGY": -187.96710667510564,
    "MP2 CORRELATION ENERGY": -0.464549739086918,
    "MP2 OPPOSITE-SPIN CORRELATION ENERGY": -0.34268986334527074,
    "MP2 SAME-SPIN CORRELATION ENERGY": -0.12185987574164725,
    "MP2 TOTAL ENERGY": -187.97591155248998,
    "NUCLEAR REPULSION ENERGY": 52.44825645986864,
    "ONE-ELECTRON ENERGY": -360.28923069738937,
    "PCM POLARIZATION ENERGY": 0.0,
    "PE ENERGY": 0.0,
    "SCF DIPOLE X": 0.0,
    "SCF DIPOLE Y": 0.0,
    "SCF DIPOLE Z": 0.0,
    "SCF ITERATION ENERGY": -187.51136181340053,
    "SCF ITERATIONS": 10.0,
    "SCF TOTAL ENERGY": -187.51136181340053,
    "TWO-ELECTRON ENERGY": 120.32961242412023
}