{
    "CC D1 DIAGNOSTIC": 0.04389305744018287,
    "CC D2 DIAGNOSTIC": 0.25938882280450754,
    "CC NEW D1 DIAGNOSTIC": 0.04389305744018287,
    "CC T1 DIAGNOSTIC": 0.011190235571547445,
    "CCSD CORRELATION ENERGY": -0.13528640339780518,
    "CCSD OPPOSITE-SPIN CORRELATION ENERGY": -0.11473194197221548,
    "CCSD SAME-SPIN CORRELATION ENERGY": -0.020554461425589032,
    "CCSD TOTAL ENERGY": -460.1247490738156,
    "CURRENT CORRELATION ENERGY": -0.13528640339780518,
    "CURRENT DIPOLE X": 0.0,
    "CURRENT DIPOLE Y": 0.0,
    "CURRENT DIPOLE Z": -2.2988197946951927,
    "CURRENT ENERGY": -460.1247490738156,
    "CURRENT REFERENCE ENERGY": -459.9894626704178,
    "HF TOTAL ENERGY": -459.98946267041777,
    "LCCSD (+LMP2) TOTAL ENERGY": -460.1686776269011,
    "MP2 CORRELATION ENERGY": -0.11758472993412003,
    "MP2 OPPOSITE-SPIN CORRELATION ENERGY": -0.09462402154237554,
    "MP2 SAME-SPIN CORRELATION ENERGY": -0.022960708391744494,
    "MP2 TOTAL ENERGY": -460.1070474003519,
    "NUCLEAR REPULSION ENERGY": 4.825354457403262,
    "ONE-ELECTRON ENERGY": -645.3193927890286,
    "PCM POLARIZATION ENERGY": 0.0,
    "PE ENERGY": 0.0,
    "SCF DIPOLE X": 0.0,
    "SCF DIPOLE Y": 0.0,
    "SCF DIPOLE Z": -2.2988197946951927,
    "SCF ITERATION ENERGY": -459.9894626704178,
    "SCF ITERATIONS": 9.0,
    "SCF TOTAL ENERGY": -459.9894626704178,
    "TWO-ELECTRON ENERGY": 180.50457566120755
}