{
    "CC D1 DIAGNOSTIC": 0.04140393261218274,
    "CC D2 DIAGNOSTIC": 0.09574388931413993,
    "CC NEW D1 DIAGNOSTIC": 0.04140393261218274,
    "CC T1 DIAGNOSTIC": 0.015331862633468755,
    "CCSD CORRELATION ENERGY": -0.29386960380038624,
    "CCSD OPPOSITE-SPIN CORRELATION ENERGY": -0.2285124055429289,
    "CCSD SAME-SPIN CORRELATION ENERGY": -0.06535719825745767,
    "CCSD TOTAL ENERGY": -261.6273292584038,
    "CURRENT CORRELATION ENERGY": -0.29386960380038624,
    "CURRENT DIPOLE X": 0.0,
    "CURRENT DIPOLE Y": 0.0,
    "CURRENT DIPOLE Z": -8.60643458091832,
    "CURRENT ENERGY": -261.6273292584038,
    "CURRENT REFERENCE ENERGY": -261.3334596546023,
    "HF TOTAL ENERGY": -261.3334596546023,
    "LCCSD (+LMP2) TOTAL ENERGY": -261.62612891399465,
    "MP2 CORRELATION ENERGY": -0.2957774995952108,
    "MP2 OPPOSITE-SPIN CORRELATION ENERGY": -0.2196458904604073,
    "MP2 SAME-SPIN CORRELATION ENERGY": -0.07613160913480352,
    "MP2 TOTAL ENERGY": -261.6292371541986,
    "NUCLEAR REPULSION ENERGY": 26.595204661759368,
    "ONE-ELECTRON ENERGY": -423.1564282825522,
    "PCM POLARIZATION ENERGY": 0.0,
    "PE ENERGY": 0.0,
    "SCF DIPOLE X": 0.0,
    "SCF DIPOLE Y": 0.0,
    "SCF DIPOLE Z": -8.60643458091832,
    "SCF ITERATION ENERGY": -261.3334596546023,
    "SCF ITERATIONS": 10.0,
    "SCF TOTAL ENERGY": -261.3334596546023,
    "TWO-ELECTRON ENERGY": 135.22776396619054
}