{
    "CC D1 DIAGNOSTIC": 0.04275936327571549,
    "CC D2 DIAGNOSTIC": 0.09080525510720912,
    "CC NEW D1 DIAGNOSTIC": 0.04275936327571549,
    "CC T1 DIAGNOSTIC": 0.01379070893537552,
    "CCSD CORRELATION ENERGY": -0.28730060377584926,
    "CCSD OPPOSITE-SPIN CORRELATION ENERGY": -0.22293441939697162,
    "CCSD SAME-SPIN CORRELATION ENERGY": -0.0643661843788777,
    "CCSD TOTAL ENERGY": -261.50449469862,
    "CURRENT CORRELATION ENERGY": -0.28730060377584926,
    "CURRENT DIPOLE X": 0.0,
    "CURRENT DIPOLE Y": 0.0,
    "CURRENT DIPOLE Z": -6.689301598149297,
    "CURRENT ENERGY": -261.50449469862,
    "CURRENT REFERENCE ENERGY": -261.2171940948425,
    "HF TOTAL ENERGY": -261.2171940948425,
    "LCCSD (+LMP2) TOTAL ENERGY": -261.5043397959001,
    "MP2 CORRELATION ENERGY": -0.2883015334957484,
    "MP2 OPPOSITE-SPIN CORRELATION ENERGY": -0.21415316924629701,
    "MP2 SAME-SPIN CORRELATION ENERGY": -0.07414836424945137,
    "MP2 TOTAL ENERGY": -261.50549562833993,
    "NUCLEAR REPULSION ENERGY": 35.94938009451611,
    "ONE-ELECTRON ENERGY": -441.8604503787878,
    "PCM POLARIZATION ENERGY": 0.0,
    "PE ENERGY": 0.0,
    "SCF DIPOLE X": 0.0,
    "SCF DIPOLE Y": 0.0,
    "SCF DIPOLE Z": -6.689301598149297,
    "SCF ITERATION ENERGY": -261.2171940948425,
    "SCF ITERATIONS": 11.0,
    "SCF TOTAL ENERGY": -261.2171940948425,
    "TWO-ELECTRON ENERGY": 144.69387618942915
}