{
    "CC D1 DIAGNOSTIC": 0.01083222082632417,
    "CC D2 DIAGNOSTIC": 0.07884063767763627,
    "CC NEW D1 DIAGNOSTIC": 0.01083222082632417,
    "CC T1 DIAGNOSTIC": 0.004458846183511994,
    "CCSD CORRELATION ENERGY": -0.10510510370947837,
    "CCSD OPPOSITE-SPIN CORRELATION ENERGY": -0.08629199967678998,
    "CCSD SAME-SPIN CORRELATION ENERGY": -0.018813104032688585,
    "CCSD TOTAL ENERGY": -457.86690992480936,
    "CURRENT CORRELATION ENERGY": -0.10510510370947837,
    "CURRENT DIPOLE X": 0.0,
    "CURRENT DIPOLE Y": 0.0,
    "CURRENT DIPOLE Z": -1.315674829011294,
    "CURRENT ENERGY": -457.86690992480936,
    "CURRENT REFERENCE ENERGY": -457.7618048211004,
    "HF TOTAL ENERGY": -457.7618048211004,
    "LCCSD (+LMP2) TOTAL ENERGY": -457.9543000171894,
    "MP2 CORRELATION ENERGY": -0.09648287018300322,
    "MP2 OPPOSITE-SPIN CORRELATION ENERGY": -0.07736725300457079,
    "MP2 SAME-SPIN CORRELATION ENERGY": -0.019115617178432437,
    "MP2 TOTAL ENERGY": -457.8582876912829,
    "NUCLEAR REPULSION ENERGY": 17.724816868283266,
    "ONE-ELECTRON ENERGY": -664.7311967142427,
    "PCM POLARIZATION ENERGY": 0.0,
    "PE ENERGY": 0.0,
    "SCF DIPOLE X": 0.0,
    "SCF DIPOLE Y": 0.0,
    "SCF DIPOLE Z": -1.315674829011294,
    "SCF ITERATION ENERGY": -457.7618048211004,
    "SCF ITERATIONS": 9.0,
    "SCF TOTAL ENERGY": -457.7618048211004,
    "TWO-ELECTRON ENERGY": 189.2445750248591
}