{
    "CC D1 DIAGNOSTIC": 0.015711597298304937,
    "CC D2 DIAGNOSTIC": 0.13991841805939023,
    "CC NEW D1 DIAGNOSTIC": 0.015711597298304937,
    "CC T1 DIAGNOSTIC": 0.007114280132711181,
    "CCSD CORRELATION ENERGY": -0.24408671254024267,
    "CCSD OPPOSITE-SPIN CORRELATION ENERGY": -0.19623860435360643,
    "CCSD SAME-SPIN CORRELATION ENERGY": -0.047848108186636346,
    "CCSD TOTAL ENERGY": -109.02728814702748,
    "CURRENT CORRELATION ENERGY": -0.24408671254024267,
    "CURRENT DIPOLE X": 0.0,
    "CURRENT DIPOLE Y": 0.0,
    "CURRENT DIPOLE Z": -2.821905433653156e-16,
    "CURRENT ENERGY": -109.02728814702748,
    "CURRENT REFERENCE ENERGY": -108.78320143448727,
    "HF TOTAL ENERGY": -108.78320143448727,
    "LCCSD (+LMP2) TOTAL ENERGY": -109.02145837061803,
    "MP2 CORRELATION ENERGY": -0.24323013331550303,
    "MP2 OPPOSITE-SPIN CORRELATION ENERGY": -0.18447604231067574,
    "MP2 SAME-SPIN CORRELATION ENERGY": -0.058754091004827286,
    "MP2 TOTAL ENERGY": -109.02643156780275,
    "NUCLEAR REPULSION ENERGY": 27.89192962834147,
    "ONE-ELECTRON ENERGY": -201.88968920885299,
    "PCM POLARIZATION ENERGY": 0.0,
    "PE ENERGY": 0.0,
    "SCF DIPOLE X": 0.0,
    "SCF DIPOLE Y": 0.0,
    "SCF DIPOLE Z": -2.821905433653156e-16,
    "SCF ITERATION ENERGY": -108.78320143448727,
    "SCF ITERATIONS": 8.0,
    "SCF TOTAL ENERGY": -108.78320143448727,
    "TWO-ELECTRON ENERGY": 65.21455814602425
}