{
    "CC D1 DIAGNOSTIC": 0.048796124076804545,
    "CC D2 DIAGNOSTIC": 0.28585316420596213,
    "CC NEW D1 DIAGNOSTIC": 0.048796124076804545,
    "CC T1 DIAGNOSTIC": 0.02017812238336665,
    "CCSD CORRELATION ENERGY": -0.3653104666916842,
    "CCSD OPPOSITE-SPIN CORRELATION ENERGY": -0.3124560462964185,
    "CCSD SAME-SPIN CORRELATION ENERGY": -0.05285442039526583,
    "CCSD TOTAL ENERGY": -109.03241045615806,
    "CURRENT CORRELATION ENERGY": -0.3653104666916842,
    "CURRENT DIPOLE X": 0.0,
    "CURRENT DIPOLE Y": 0.0,
    "CURRENT DIPOLE Z": 5.643810867306312e-16,
    "CURRENT ENERGY": -109.03241045615806,
    "CURRENT REFERENCE ENERGY": -108.66709998946634,
    "HF TOTAL ENERGY": -108.66709998946634,
    "LCCSD (+LMP2) TOTAL ENERGY": -109.08002037231128,
    "MP2 CORRELATION ENERGY": -0.4468690761038361,
    "MP2 OPPOSITE-SPIN CORRELATION ENERGY": -0.3227575895994871,
    "MP2 SAME-SPIN CORRELATION ENERGY": -0.124111486504349,
    "MP2 TOTAL ENERGY": -109.11396906557022,
    "NUCLEAR REPULSION ENERGY": 17.521246116275616,
    "ONE-ELECTRON ENERGY": -181.72434732156998,
    "PCM POLARIZATION ENERGY": 0.0,
    "PE ENERGY": 0.0,
    "SCF DIPOLE X": 0.0,
    "SCF DIPOLE Y": 0.0,
    "SCF DIPOLE Z": 5.643810867306312e-16,
    "SCF ITERATION ENERGY": -108.66709998946634,
    "SCF ITERATIONS": 9.0,
    "SCF TOTAL ENERGY": -108.66709998946634,
    "TWO-ELECTRON ENERGY": 55.53600121582802
}