{
    "CC D1 DIAGNOSTIC": 0.12513709665134423,
    "CC D2 DIAGNOSTIC": 0.3910808252731399,
    "CC NEW D1 DIAGNOSTIC": 0.12513709665134423,
    "CC T1 DIAGNOSTIC": 0.039681413237414316,
    "CCSD CORRELATION ENERGY": -0.2208614010906476,
    "CCSD OPPOSITE-SPIN CORRELATION ENERGY": -0.18981046633636645,
    "CCSD SAME-SPIN CORRELATION ENERGY": -0.031050934754281556,
    "CCSD TOTAL ENERGY": -100.04100800268918,
    "CURRENT CORRELATION ENERGY": -0.2208614010906476,
    "CURRENT DIPOLE X": 0.0,
    "CURRENT DIPOLE Y": 0.0,
    "CURRENT DIPOLE Z": -3.5688917403706317,
    "CURRENT ENERGY": -100.04100800268918,
    "CURRENT REFERENCE ENERGY": -99.82014660159848,
    "HF TOTAL ENERGY": -99.82014660159848,
    "LCCSD (+LMP2) TOTAL ENERGY": -100.03839051763268,
    "MP2 CORRELATION ENERGY": -0.2078048350774446,
    "MP2 OPPOSITE-SPIN CORRELATION ENERGY": -0.1619938580436925,
    "MP2 SAME-SPIN CORRELATION ENERGY": -0.04581097703375209,
    "MP2 TOTAL ENERGY": -100.02795143667598,
    "NUCLEAR REPULSION ENERGY": 2.639989928440028,
    "ONE-ELECTRON ENERGY": -146.06898333654942,
    "PCM POLARIZATION ENERGY": 0.0,
    "PE ENERGY": 0.0,
    "SCF DIPOLE X": 0.0,
    "SCF DIPOLE Y": 0.0,
    "SCF DIPOLE Z": -3.5688917403706317,
    "SCF ITERATION ENERGY": -99.82014660159848,
    "SCF ITERATIONS": 10.0,
    "SCF TOTAL ENERGY": -99.82014660159848,
    "TWO-ELECTRON ENERGY": 43.60884680651091
}