{
    "CC D1 DIAGNOSTIC": 0.011190414987571673,
    "CC D2 DIAGNOSTIC": 0.09879652312910268,
    "CC NEW D1 DIAGNOSTIC": 0.011190414987571673,
    "CC T1 DIAGNOSTIC": 0.005630314315679374,
    "CCSD CORRELATION ENERGY": -0.15567966573663908,
    "CCSD OPPOSITE-SPIN CORRELATION ENERGY": -0.12450291155888854,
    "CCSD SAME-SPIN CORRELATION ENERGY": -0.031176754177750454,
    "CCSD TOTAL ENERGY": -100.16642608614906,
    "CURRENT CORRELATION ENERGY": -0.15567966573663908,
    "CURRENT DIPOLE X": 0.0,
    "CURRENT DIPOLE Y": 0.0,
    "CURRENT DIPOLE Z": -2.2132341276259653,
    "CURRENT ENERGY": -100.16642608614906,
    "CURRENT REFERENCE ENERGY": -100.01074642041242,
    "HF TOTAL ENERGY": -100.01074642041242,
    "LCCSD (+LMP2) TOTAL ENERGY": -100.17351736121566,
    "MP2 CORRELATION ENERGY": -0.15426095310078325,
    "MP2 OPPOSITE-SPIN CORRELATION ENERGY": -0.11715651702491763,
    "MP2 SAME-SPIN CORRELATION ENERGY": -0.037104436075865624,
    "MP2 TOTAL ENERGY": -100.1650073735132,
    "NUCLEAR REPULSION ENERGY": 5.7790023433534765,
    "ONE-ELECTRON ENERGY": -151.58824449797027,
    "PCM POLARIZATION ENERGY": 0.0,
    "PE ENERGY": 0.0,
    "SCF DIPOLE X": 0.0,
    "SCF DIPOLE Y": 0.0,
    "SCF DIPOLE Z": -2.2132341276259653,
    "SCF ITERATION ENERGY": -100.01074642041242,
    "SCF ITERATIONS": 9.0,
    "SCF TOTAL ENERGY": -100.01074642041242,
    "TWO-ELECTRON ENERGY": 45.798495734204366
}