{
    "CC D1 DIAGNOSTIC": 0.07583523864261506,
    "CC D2 DIAGNOSTIC": 0.5216161598299148,
    "CC NEW D1 DIAGNOSTIC": 0.07583523864261506,
    "CC T1 DIAGNOSTIC": 0.024298317669483174,
    "CCSD CORRELATION ENERGY": -0.4488961463681705,
    "CCSD OPPOSITE-SPIN CORRELATION ENERGY": -0.40842938401995627,
    "CCSD SAME-SPIN CORRELATION ENERGY": -0.040466762348213836,
    "CCSD TOTAL ENERGY": -149.76490994081485,
    "CURRENT CORRELATION ENERGY": -0.4488961463681705,
    "CURRENT DIPOLE X": 0.0,
    "CURRENT DIPOLE Y": 0.0,
    "CURRENT DIPOLE Z": 0.0,
    "CURRENT ENERGY": -149.76490994081485,
    "CURRENT REFERENCE ENERGY": -149.31601379444635,
    "HF TOTAL ENERGY": -149.31601379444635,
    "LCCSD (+LMP2) TOTAL ENERGY": -149.7834195681147,
    "MP2 CORRELATION ENERGY": -0.5396499566139379,
    "MP2 OPPOSITE-SPIN CORRELATION ENERGY": -0.398692938236433,
    "MP2 SAME-SPIN CORRELATION ENERGY": -0.1409570183775049,
    "MP2 TOTAL ENERGY": -149.8556637510606,
    "NUCLEAR REPULSION ENERGY": 19.33888365880379,
    "ONE-ELECTRON ENERGY": -244.1659681055072,
    "PCM POLARIZATION ENERGY": 0.0,
    "PE ENERGY": 0.0,
    "SCF DIPOLE X": 0.0,
    "SCF DIPOLE Y": 0.0,
    "SCF DIPOLE Z": 0.0,
    "SCF ITERATION ENERGY": -149.31601379444635,
    "SCF ITERATIONS": 9.0,
    "SCF TOTAL ENERGY": -149.31601379444635,
    "TWO-ELECTRON ENERGY": 75.51107065225708
}