{
    "CC D1 DIAGNOSTIC": 0.02842664258731181,
    "CC D2 DIAGNOSTIC": 0.18746270114357028,
    "CC NEW D1 DIAGNOSTIC": 0.02842664258731181,
    "CC T1 DIAGNOSTIC": 0.011763397019190262,
    "CCSD CORRELATION ENERGY": -0.2863454938026108,
    "CCSD OPPOSITE-SPIN CORRELATION ENERGY": -0.23322520697480195,
    "CCSD SAME-SPIN CORRELATION ENERGY": -0.05312028682780903,
    "CCSD TOTAL ENERGY": -109.16759930292905,
    "CURRENT CORRELATION ENERGY": -0.2863454938026108,
    "CURRENT DIPOLE X": 0.0,
    "CURRENT DIPOLE Y": 0.0,
    "CURRENT DIPOLE Z": 0.0,
    "CURRENT ENERGY": -109.16759930292905,
    "CURRENT REFERENCE ENERGY": -108.8812538091264,
    "HF TOTAL ENERGY": -108.8812538091264,
    "LCCSD (+LMP2) TOTAL ENERGY": -109.22562075598306,
    "MP2 CORRELATION ENERGY": -0.3036862426278444,
    "MP2 OPPOSITE-SPIN CORRELATION ENERGY": -0.22616312993743537,
    "MP2 SAME-SPIN CORRELATION ENERGY": -0.07752311269040901,
    "MP2 TOTAL ENERGY": -109.18494005175428,
    "NUCLEAR REPULSION ENERGY": 22.43481296192683,
    "ONE-ELECTRON ENERGY": -191.54422311846116,
    "PCM POLARIZATION ENERGY": 0.0,
    "PE ENERGY": 0.0,
    "SCF DIPOLE X": 0.0,
    "SCF DIPOLE Y": 0.0,
    "SCF DIPOLE Z": 0.0,
    "SCF ITERATION ENERGY": -108.8812538091264,
    "SCF ITERATIONS": 8.0,
    "SCF TOTAL ENERGY": -108.8812538091264,
    "TWO-ELECTRON ENERGY": 60.228156347407925
}