{
    "CC D1 DIAGNOSTIC": 0.0609205480428837,
    "CC D2 DIAGNOSTIC": 0.3866231762858589,
    "CC NEW D1 DIAGNOSTIC": 0.0609205480428837,
    "CC T1 DIAGNOSTIC": 0.025483408412624992,
    "CCSD CORRELATION ENERGY": -0.4213360796705439,
    "CCSD OPPOSITE-SPIN CORRELATION ENERGY": -0.3842976502796008,
    "CCSD SAME-SPIN CORRELATION ENERGY": -0.03703842939094304,
    "CCSD TOTAL ENERGY": -108.95286395552671,
    "CURRENT CORRELATION ENERGY": -0.4213360796705439,
    "CURRENT DIPOLE X": 0.0,
    "CURRENT DIPOLE Y": 0.0,
    "CURRENT DIPOLE Z": -5.643810867306312e-16,
    "CURRENT ENERGY": -108.95286395552671,
    "CURRENT REFERENCE ENERGY": -108.53152787585593,
    "HF TOTAL ENERGY": -108.53152787585593,
    "LCCSD (+LMP2) TOTAL ENERGY": -108.97042173032854,
    "MP2 CORRELATION ENERGY": -0.5624239344157367,
    "MP2 OPPOSITE-SPIN CORRELATION ENERGY": -0.39995497641077016,
    "MP2 SAME-SPIN CORRELATION ENERGY": -0.16246895800496652,
    "MP2 TOTAL ENERGY": -109.0939518102719,
    "NUCLEAR REPULSION ENERGY": 15.542189702539675,
    "ONE-ELECTRON ENERGY": -177.71576608508968,
    "PCM POLARIZATION ENERGY": 0.0,
    "PE ENERGY": 0.0,
    "SCF DIPOLE X": 0.0,
    "SCF DIPOLE Y": 0.0,
    "SCF DIPOLE Z": -5.643810867306312e-16,
    "SCF ITERATION ENERGY": -108.53152787585593,
    "SCF ITERATIONS": 8.0,
    "SCF TOTAL ENERGY": -108.53152787585593,
    "TWO-ELECTRON ENERGY": 53.64204850669408
}