{
    "CC D1 DIAGNOSTIC": 0.0184020394694547,
    "CC D2 DIAGNOSTIC": 0.10936505813207828,
    "CC NEW D1 DIAGNOSTIC": 0.0184020394694547,
    "CC T1 DIAGNOSTIC": 0.007823991199999832,
    "CCSD CORRELATION ENERGY": -0.34045615360663317,
    "CCSD OPPOSITE-SPIN CORRELATION ENERGY": -0.2652388959565711,
    "CCSD SAME-SPIN CORRELATION ENERGY": -0.07521725765006215,
    "CCSD TOTAL ENERGY": -186.89049693587623,
    "CURRENT CORRELATION ENERGY": -0.34045615360663317,
    "CURRENT DIPOLE X": 0.0,
    "CURRENT DIPOLE Y": 0.0,
    "CURRENT DIPOLE Z": 0.0,
    "CURRENT ENERGY": -186.89049693587623,
    "CURRENT REFERENCE ENERGY": -186.5500407822694,
    "HF TOTAL ENERGY": -186.5500407822694,
    "LCCSD (+LMP2) TOTAL ENERGY": -186.89500304912315,
    "MP2 CORRELATION ENERGY": -0.3393860539266745,
    "MP2 OPPOSITE-SPIN CORRELATION ENERGY": -0.2536911195726454,
    "MP2 SAME-SPIN CORRELATION ENERGY": -0.08569493435402908,
    "MP2 TOTAL ENERGY": -186.8894268361963,
    "NUCLEAR REPULSION ENERGY": 81.44532876245462,
    "ONE-ELECTRON ENERGY": -414.93100581869214,
    "PCM POLARIZATION ENERGY": 0.0,
    "PE ENERGY": 0.0,
    "SCF DIPOLE X": 0.0,
    "SCF DIPOLE Y": 0.0,
    "SCF DIPOLE Z": 0.0,
    "SCF ITERATION ENERGY": -186.5500407822694,
    "SCF ITERATIONS": 9.0,
    "SCF TOTAL ENERGY": -186.5500407822694,
    "TWO-ELECTRON ENERGY": 146.93563627396813
}