{
    "CC D1 DIAGNOSTIC": 0.02887692560446585,
    "CC D2 DIAGNOSTIC": 0.09422878053500022,
    "CC NEW D1 DIAGNOSTIC": 0.02887692560446585,
    "CC T1 DIAGNOSTIC": 0.013400833841580513,
    "CCSD CORRELATION ENERGY": -0.17523647150607477,
    "CCSD OPPOSITE-SPIN CORRELATION ENERGY": -0.13982470053302642,
    "CCSD SAME-SPIN CORRELATION ENERGY": -0.035411770973048345,
    "CCSD TOTAL ENERGY": -106.98257439838984,
    "CURRENT CORRELATION ENERGY": -0.17523647150607477,
    "CURRENT DIPOLE X": 0.0,
    "CURRENT DIPOLE Y": 0.0,
    "CURRENT DIPOLE Z": -4.519154461915717,
    "CURRENT ENERGY": -106.98257439838984,
    "CURRENT REFERENCE ENERGY": -106.80733792688379,
    "HF TOTAL ENERGY": -106.80733792688379,
    "LCCSD (+LMP2) TOTAL ENERGY": -106.98244515576528,
    "MP2 CORRELATION ENERGY": -0.17551399887807154,
    "MP2 OPPOSITE-SPIN CORRELATION ENERGY": -0.1328715286263408,
    "MP2 SAME-SPIN CORRELATION ENERGY": -0.042642470251730735,
    "MP2 TOTAL ENERGY": -106.98285192576185,
    "NUCLEAR REPULSION ENERGY": 12.778737765977121,
    "ONE-ELECTRON ENERGY": -176.04286116131055,
    "PCM POLARIZATION ENERGY": 0.0,
    "PE ENERGY": 0.0,
    "SCF DIPOLE X": 0.0,
    "SCF DIPOLE Y": 0.0,
    "SCF DIPOLE Z": -4.519154461915717,
    "SCF ITERATION ENERGY": -106.80733792688379,
    "SCF ITERATIONS": 9.0,
    "SCF TOTAL ENERGY": -106.80733792688379,
    "TWO-ELECTRON ENERGY": 56.45678546844964
}