{
    "CC D1 DIAGNOSTIC": 0.01091460797973738,
    "CC D2 DIAGNOSTIC": 0.07863023249345512,
    "CC NEW D1 DIAGNOSTIC": 0.01091460797973738,
    "CC T1 DIAGNOSTIC": 0.004240421006454998,
    "CCSD CORRELATION ENERGY": -0.10391927376466317,
    "CCSD OPPOSITE-SPIN CORRELATION ENERGY": -0.08533485990199281,
    "CCSD SAME-SPIN CORRELATION ENERGY": -0.018584413862670457,
    "CCSD TOTAL ENERGY": -459.71311004732206,
    "CURRENT CORRELATION ENERGY": -0.10391927376466317,
    "CURRENT DIPOLE X": 0.0,
    "CURRENT DIPOLE Y": 0.0,
    "CURRENT DIPOLE Z": -1.6154507291570888,
    "CURRENT ENERGY": -459.71311004732206,
    "CURRENT REFERENCE ENERGY": -459.60919077355766,
    "HF TOTAL ENERGY": -459.60919077355766,
    "LCCSD (+LMP2) TOTAL ENERGY": -459.7115064474675,
    "MP2 CORRELATION ENERGY": -0.09570934320166692,
    "MP2 OPPOSITE-SPIN CORRELATION ENERGY": -0.07676526451640013,
    "MP2 SAME-SPIN CORRELATION ENERGY": -0.01894407868526679,
    "MP2 TOTAL ENERGY": -459.70490011675906,
    "NUCLEAR REPULSION ENERGY": 11.54971937868781,
    "ONE-ELECTRON ENERGY": -657.2786086774797,
    "PCM POLARIZATION ENERGY": 0.0,
    "PE ENERGY": 0.0,
    "SCF DIPOLE X": 0.0,
    "SCF DIPOLE Y": 0.0,
    "SCF DIPOLE Z": -1.6154507291570888,
    "SCF ITERATION ENERGY": -459.60919077355766,
    "SCF ITERATIONS": 8.0,
    "SCF TOTAL ENERGY": -459.60919077355766,
    "TWO-ELECTRON ENERGY": 186.1196985252343
}