{
    "CC D1 DIAGNOSTIC": 0.01592546673839193,
    "CC D2 DIAGNOSTIC": 0.10290183438720002,
    "CC NEW D1 DIAGNOSTIC": 0.01592546673839193,
    "CC T1 DIAGNOSTIC": 0.005687177268405226,
    "CCSD CORRELATION ENERGY": -0.21117945864238805,
    "CCSD OPPOSITE-SPIN CORRELATION ENERGY": -0.1670811806409175,
    "CCSD SAME-SPIN CORRELATION ENERGY": -0.044098278001470426,
    "CCSD TOTAL ENERGY": -104.11404774767868,
    "CURRENT CORRELATION ENERGY": -0.21117945864238805,
    "CURRENT DIPOLE X": 0.0,
    "CURRENT DIPOLE Y": 0.0,
    "CURRENT DIPOLE Z": -4.232858150479734e-16,
    "CURRENT ENERGY": -104.11404774767868,
    "CURRENT REFERENCE ENERGY": -103.90286828903625,
    "HF TOTAL ENERGY": -103.90286828903625,
    "LCCSD (+LMP2) TOTAL ENERGY": -104.14230901329267,
    "MP2 CORRELATION ENERGY": -0.20174625811180358,
    "MP2 OPPOSITE-SPIN CORRELATION ENERGY": -0.15454688380045659,
    "MP2 SAME-SPIN CORRELATION ENERGY": -0.04719937431134699,
    "MP2 TOTAL ENERGY": -104.10461454714809,
    "NUCLEAR REPULSION ENERGY": 50.341531524323614,
    "ONE-ELECTRON ENERGY": -235.21174573668074,
    "PCM POLARIZATION ENERGY": 0.0,
    "PE ENERGY": 0.0,
    "SCF DIPOLE X": 0.0,
    "SCF DIPOLE Y": 0.0,
    "SCF DIPOLE Z": -4.232858150479734e-16,
    "SCF ITERATION ENERGY": -103.90286828903625,
    "SCF ITERATIONS": 9.0,
    "SCF TOTAL ENERGY": -103.90286828903625,
    "TWO-ELECTRON ENERGY": 80.96734592332088
}