{
    "CC D1 DIAGNOSTIC": 0.5034973849199119,
    "CC D2 DIAGNOSTIC": 0.3824229332107432,
    "CC NEW D1 DIAGNOSTIC": 0.5034973849199119,
    "CC T1 DIAGNOSTIC": 0.21088182109436457,
    "CCSD CORRELATION ENERGY": -0.3369932311456449,
    "CCSD OPPOSITE-SPIN CORRELATION ENERGY": -0.25565737518283893,
    "CCSD SAME-SPIN CORRELATION ENERGY": -0.08133585596280862,
    "CCSD TOTAL ENERGY": -112.69903681251654,
    "CURRENT CORRELATION ENERGY": -0.3369932311456449,
    "CURRENT DIPOLE X": 0.0,
    "CURRENT DIPOLE Y": 0.0,
    "CURRENT DIPOLE Z": -2.9420985126935006,
    "CURRENT ENERGY": -112.69903681251654,
    "CURRENT REFERENCE ENERGY": -112.36204358137056,
    "HF TOTAL ENERGY": -112.36204358137056,
    "LCCSD (+LMP2) TOTAL ENERGY": -112.69904182052002,
    "MP2 CORRELATION ENERGY": -0.23474812612310741,
    "MP2 OPPOSITE-SPIN CORRELATION ENERGY": -0.18512185998469238,
    "MP2 SAME-SPIN CORRELATION ENERGY": -0.04962626613841503,
    "MP2 TOTAL ENERGY": -112.596791707494,
    "NUCLEAR REPULSION ENERGY": 13.249543162044144,
    "ONE-ELECTRON ENERGY": -180.21742113930924,
    "PCM POLARIZATION ENERGY": 0.0,
    "PE ENERGY": 0.0,
    "SCF DIPOLE X": 0.0,
    "SCF DIPOLE Y": 0.0,
    "SCF DIPOLE Z": -2.9420985126935006,
    "SCF ITERATION ENERGY": -112.36204358137056,
    "SCF ITERATIONS": 15.0,
    "SCF TOTAL ENERGY": -112.36204358137056,
    "TWO-ELECTRON ENERGY": 54.60583439589453
}