{
    "CC D1 DIAGNOSTIC": 0.010994261448745268,
    "CC D2 DIAGNOSTIC": 0.08157475617595508,
    "CC NEW D1 DIAGNOSTIC": 0.010994261448745268,
    "CC T1 DIAGNOSTIC": 0.004236505878709449,
    "CCSD CORRELATION ENERGY": -0.10418419518091777,
    "CCSD OPPOSITE-SPIN CORRELATION ENERGY": -0.08553775906582786,
    "CCSD SAME-SPIN CORRELATION ENERGY": -0.018646436115089704,
    "CCSD TOTAL ENERGY": -459.9070467392773,
    "CURRENT CORRELATION ENERGY": -0.10418419518091777,
    "CURRENT DIPOLE X": 0.0,
    "CURRENT DIPOLE Y": 0.0,
    "CURRENT DIPOLE Z": -1.6741715822866423,
    "CURRENT ENERGY": -459.9070467392773,
    "CURRENT REFERENCE ENERGY": -459.8028625440961,
    "HF TOTAL ENERGY": -459.8028625440961,
    "LCCSD (+LMP2) TOTAL ENERGY": -459.9210725035209,
    "MP2 CORRELATION ENERGY": -0.09600846054647466,
    "MP2 OPPOSITE-SPIN CORRELATION ENERGY": -0.07694275139500699,
    "MP2 SAME-SPIN CORRELATION ENERGY": -0.019065709151467672,
    "MP2 TOTAL ENERGY": -459.8988710046429,
    "NUCLEAR REPULSION ENERGY": 10.438521887443793,
    "ONE-ELECTRON ENERGY": -655.5564189772613,
    "PCM POLARIZATION ENERGY": 0.0,
    "PE ENERGY": 0.0,
    "SCF DIPOLE X": 0.0,
    "SCF DIPOLE Y": 0.0,
    "SCF DIPOLE Z": -1.6741715822866423,
    "SCF ITERATION ENERGY": -459.8028625440961,
    "SCF ITERATIONS": 8.0,
    "SCF TOTAL ENERGY": -459.8028625440961,
    "TWO-ELECTRON ENERGY": 185.31503454572135
}