{
    "CC D1 DIAGNOSTIC": 0.03834820216385086,
    "CC D2 DIAGNOSTIC": 0.09211710291739973,
    "CC NEW D1 DIAGNOSTIC": 0.03834820216385086,
    "CC T1 DIAGNOSTIC": 0.014502110555595638,
    "CCSD CORRELATION ENERGY": -0.29244742944174773,
    "CCSD OPPOSITE-SPIN CORRELATION ENERGY": -0.22731426578015482,
    "CCSD SAME-SPIN CORRELATION ENERGY": -0.0651331636615928,
    "CCSD TOTAL ENERGY": -261.62377759419127,
    "CURRENT CORRELATION ENERGY": -0.29244742944174773,
    "CURRENT DIPOLE X": 0.0,
    "CURRENT DIPOLE Y": 0.0,
    "CURRENT DIPOLE Z": -8.044025902177772,
    "CURRENT ENERGY": -261.62377759419127,
    "CURRENT REFERENCE ENERGY": -261.33133016474846,
    "HF TOTAL ENERGY": -261.33133016474846,
    "LCCSD (+LMP2) TOTAL ENERGY": -261.6238620245513,
    "MP2 CORRELATION ENERGY": -0.2941786585643642,
    "MP2 OPPOSITE-SPIN CORRELATION ENERGY": -0.21848507315341584,
    "MP2 SAME-SPIN CORRELATION ENERGY": -0.07569358541094837,
    "MP2 TOTAL ENERGY": -261.6255088233139,
    "NUCLEAR REPULSION ENERGY": 28.68038577004036,
    "ONE-ELECTRON ENERGY": -427.3656154840331,
    "PCM POLARIZATION ENERGY": 0.0,
    "PE ENERGY": 0.0,
    "SCF DIPOLE X": 0.0,
    "SCF DIPOLE Y": 0.0,
    "SCF DIPOLE Z": -8.044025902177772,
    "SCF ITERATION ENERGY": -261.33133016474846,
    "SCF ITERATIONS": 10.0,
    "SCF TOTAL ENERGY": -261.33133016474846,
    "TWO-ELECTRON ENERGY": 137.3538995492443
}