{
    "CC D1 DIAGNOSTIC": 0.0374452256087098,
    "CC D2 DIAGNOSTIC": 0.09169669306658969,
    "CC NEW D1 DIAGNOSTIC": 0.0374452256087098,
    "CC T1 DIAGNOSTIC": 0.013741059225709394,
    "CCSD CORRELATION ENERGY": -0.2901316517251761,
    "CCSD OPPOSITE-SPIN CORRELATION ENERGY": -0.22536953818729305,
    "CCSD SAME-SPIN CORRELATION ENERGY": -0.06476211353788308,
    "CCSD TOTAL ENERGY": -261.5957153220478,
    "CURRENT CORRELATION ENERGY": -0.2901316517251761,
    "CURRENT DIPOLE X": 0.0,
    "CURRENT DIPOLE Y": 0.0,
    "CURRENT DIPOLE Z": -7.365799677407145,
    "CURRENT ENERGY": -261.5957153220478,
    "CURRENT REFERENCE ENERGY": -261.3055836703222,
    "HF TOTAL ENERGY": -261.3055836703222,
    "LCCSD (+LMP2) TOTAL ENERGY": -261.5944035396663,
    "MP2 CORRELATION ENERGY": -0.29155303674927774,
    "MP2 OPPOSITE-SPIN CORRELATION ENERGY": -0.21657564717223943,
    "MP2 SAME-SPIN CORRELATION ENERGY": -0.07497738957703831,
    "MP2 TOTAL ENERGY": -261.5971367070719,
    "NUCLEAR REPULSION ENERGY": 31.833038862319615,
    "ONE-ELECTRON ENERGY": -433.69396763940995,
    "PCM POLARIZATION ENERGY": 0.0,
    "PE ENERGY": 0.0,
    "SCF DIPOLE X": 0.0,
    "SCF DIPOLE Y": 0.0,
    "SCF DIPOLE Z": -7.365799677407145,
    "SCF ITERATION ENERGY": -261.3055836703222,
    "SCF ITERATIONS": 10.0,
    "SCF TOTAL ENERGY": -261.3055836703222,
    "TWO-ELECTRON ENERGY": 140.55534510676813
}