{
    "CC D1 DIAGNOSTIC": 0.01879252348628738,
    "CC D2 DIAGNOSTIC": 0.20436461520590293,
    "CC NEW D1 DIAGNOSTIC": 0.01879252348628738,
    "CC T1 DIAGNOSTIC": 0.007068695467755741,
    "CCSD CORRELATION ENERGY": -0.2615681726032651,
    "CCSD OPPOSITE-SPIN CORRELATION ENERGY": -0.2108903185125494,
    "CCSD SAME-SPIN CORRELATION ENERGY": -0.05067785409071579,
    "CCSD TOTAL ENERGY": -149.53251812308875,
    "CURRENT CORRELATION ENERGY": -0.2615681726032651,
    "CURRENT DIPOLE X": 0.0,
    "CURRENT DIPOLE Y": 0.0,
    "CURRENT DIPOLE Z": 0.0,
    "CURRENT ENERGY": -149.53251812308875,
    "CURRENT REFERENCE ENERGY": -149.27094995048552,
    "HF TOTAL ENERGY": -149.27094995048552,
    "LCCSD (+LMP2) TOTAL ENERGY": -149.5458981113974,
    "MP2 CORRELATION ENERGY": -0.2525503220010038,
    "MP2 OPPOSITE-SPIN CORRELATION ENERGY": -0.19372189968787684,
    "MP2 SAME-SPIN CORRELATION ENERGY": -0.05882842231312696,
    "MP2 TOTAL ENERGY": -149.5235002724865,
    "NUCLEAR REPULSION ENERGY": 36.4302754329358,
    "ONE-ELECTRON ENERGY": -276.66266015440004,
    "PCM POLARIZATION ENERGY": 0.0,
    "PE ENERGY": 0.0,
    "SCF DIPOLE X": 0.0,
    "SCF DIPOLE Y": 0.0,
    "SCF DIPOLE Z": 0.0,
    "SCF ITERATION ENERGY": -149.27094995048552,
    "SCF ITERATIONS": 9.0,
    "SCF TOTAL ENERGY": -149.27094995048552,
    "TWO-ELECTRON ENERGY": 90.96143477097874
}