{
    "CC D1 DIAGNOSTIC": 0.017613384245854447,
    "CC D2 DIAGNOSTIC": 0.14707262024213236,
    "CC NEW D1 DIAGNOSTIC": 0.017613384245854447,
    "CC T1 DIAGNOSTIC": 0.007769733250259015,
    "CCSD CORRELATION ENERGY": -0.2502403505466952,
    "CCSD OPPOSITE-SPIN CORRELATION ENERGY": -0.20151241697845645,
    "CCSD SAME-SPIN CORRELATION ENERGY": -0.04872793356823879,
    "CCSD TOTAL ENERGY": -109.0862208216624,
    "CURRENT CORRELATION ENERGY": -0.2502403505466952,
    "CURRENT DIPOLE X": 0.0,
    "CURRENT DIPOLE Y": 0.0,
    "CURRENT DIPOLE Z": -2.821905433653156e-16,
    "CURRENT ENERGY": -109.0862208216624,
    "CURRENT REFERENCE ENERGY": -108.83598047111568,
    "HF TOTAL ENERGY": -108.83598047111568,
    "LCCSD (+LMP2) TOTAL ENERGY": -109.07443602937398,
    "MP2 CORRELATION ENERGY": -0.25140722766359835,
    "MP2 OPPOSITE-SPIN CORRELATION ENERGY": -0.1901750480400327,
    "MP2 SAME-SPIN CORRELATION ENERGY": -0.06123217962356564,
    "MP2 TOTAL ENERGY": -109.0873876987793,
    "NUCLEAR REPULSION ENERGY": 26.805231071393102,
    "ONE-ELECTRON ENERGY": -199.89105567614152,
    "PCM POLARIZATION ENERGY": 0.0,
    "PE ENERGY": 0.0,
    "SCF DIPOLE X": 0.0,
    "SCF DIPOLE Y": 0.0,
    "SCF DIPOLE Z": -2.821905433653156e-16,
    "SCF ITERATION ENERGY": -108.83598047111568,
    "SCF ITERATIONS": 8.0,
    "SCF TOTAL ENERGY": -108.83598047111568,
    "TWO-ELECTRON ENERGY": 64.24984413363273
}