{
    "CC D1 DIAGNOSTIC": 0.01825281084869644,
    "CC D2 DIAGNOSTIC": 0.08742121595643938,
    "CC NEW D1 DIAGNOSTIC": 0.01825281084869644,
    "CC T1 DIAGNOSTIC": 0.0066590104350148435,
    "CCSD CORRELATION ENERGY": -0.32559159172370106,
    "CCSD OPPOSITE-SPIN CORRELATION ENERGY": -0.2481022209758122,
    "CCSD SAME-SPIN CORRELATION ENERGY": -0.07748937074788914,
    "CCSD TOTAL ENERGY": -182.47386300166198,
    "CURRENT CORRELATION ENERGY": -0.32559159172370106,
    "CURRENT DIPOLE X": 0.0,
    "CURRENT DIPOLE Y": 0.0,
    "CURRENT DIPOLE Z": 0.0,
    "CURRENT ENERGY": -182.47386300166198,
    "CURRENT REFERENCE ENERGY": -182.1482714099385,
    "HF TOTAL ENERGY": -182.1482714099385,
    "LCCSD (+LMP2) TOTAL ENERGY": -182.4709428948648,
    "MP2 CORRELATION ENERGY": -0.3235465313514322,
    "MP2 OPPOSITE-SPIN CORRELATION ENERGY": -0.23825241496120542,
    "MP2 SAME-SPIN CORRELATION ENERGY": -0.08529411639022677,
    "MP2 TOTAL ENERGY": -182.47181794128971,
    "NUCLEAR REPULSION ENERGY": 110.48526155890363,
    "ONE-ELECTRON ENERGY": -462.53646418450074,
    "PCM POLARIZATION ENERGY": 0.0,
    "PE ENERGY": 0.0,
    "SCF DIPOLE X": 0.0,
    "SCF DIPOLE Y": 0.0,
    "SCF DIPOLE Z": 0.0,
    "SCF ITERATION ENERGY": -182.1482714099385,
    "SCF ITERATIONS": 10.0,
    "SCF TOTAL ENERGY": -182.1482714099385,
    "TWO-ELECTRON ENERGY": 169.9029312156586
}