{
    "CC D1 DIAGNOSTIC": 0.027090495269781936,
    "CC D2 DIAGNOSTIC": 0.19320126455086384,
    "CC NEW D1 DIAGNOSTIC": 0.027090495269781936,
    "CC T1 DIAGNOSTIC": 0.010329791154693135,
    "CCSD CORRELATION ENERGY": -0.3228600943484163,
    "CCSD OPPOSITE-SPIN CORRELATION ENERGY": -0.2673798158384174,
    "CCSD SAME-SPIN CORRELATION ENERGY": -0.055480278509998926,
    "CCSD TOTAL ENERGY": -151.04930856043399,
    "CURRENT CORRELATION ENERGY": -0.3228600943484163,
    "CURRENT DIPOLE X": 0.0,
    "CURRENT DIPOLE Y": 1.1287621734612623e-15,
    "CURRENT DIPOLE Z": -4.020358669853509,
    "CURRENT ENERGY": -151.04930856043399,
    "CURRENT REFERENCE ENERGY": -150.72644846608478,
    "HF TOTAL ENERGY": -150.72644846608478,
    "LCCSD (+LMP2) TOTAL ENERGY": -151.02464100835698,
    "MP2 CORRELATION ENERGY": -0.3146668728410093,
    "MP2 OPPOSITE-SPIN CORRELATION ENERGY": -0.24403319728495473,
    "MP2 SAME-SPIN CORRELATION ENERGY": -0.07063367555605457,
    "MP2 TOTAL ENERGY": -151.04111533892657,
    "NUCLEAR REPULSION ENERGY": 36.36855910242153,
    "ONE-ELECTRON ENERGY": -280.02438658087965,
    "PCM POLARIZATION ENERGY": 0.0,
    "PE ENERGY": 0.0,
    "SCF DIPOLE X": 0.0,
    "SCF DIPOLE Y": 1.1287621734612623e-15,
    "SCF DIPOLE Z": -4.020358669853509,
    "SCF ITERATION ENERGY": -150.72644846608478,
    "SCF ITERATIONS": 10.0,
    "SCF TOTAL ENERGY": -150.72644846608478,
    "TWO-ELECTRON ENERGY": 92.92937901237335
}