{
    "CC D1 DIAGNOSTIC": 0.010344622269667588,
    "CC D2 DIAGNOSTIC": 0.10600197641719883,
    "CC NEW D1 DIAGNOSTIC": 0.010344622269667588,
    "CC T1 DIAGNOSTIC": 0.004715476438098634,
    "CCSD CORRELATION ENERGY": -0.21819831598756503,
    "CCSD OPPOSITE-SPIN CORRELATION ENERGY": -0.17407384460406589,
    "CCSD SAME-SPIN CORRELATION ENERGY": -0.04412447138349898,
    "CCSD TOTAL ENERGY": -108.09789021559489,
    "CURRENT CORRELATION ENERGY": -0.21819831598756503,
    "CURRENT DIPOLE X": 0.0,
    "CURRENT DIPOLE Y": 0.0,
    "CURRENT DIPOLE Z": -2.821905433653156e-16,
    "CURRENT ENERGY": -108.09789021559489,
    "CURRENT REFERENCE ENERGY": -107.87969189960725,
    "HF TOTAL ENERGY": -107.87969189960725,
    "LCCSD (+LMP2) TOTAL ENERGY": -108.09730378764662,
    "MP2 CORRELATION ENERGY": -0.2107521765226412,
    "MP2 OPPOSITE-SPIN CORRELATION ENERGY": -0.16143974683059184,
    "MP2 SAME-SPIN CORRELATION ENERGY": -0.04931242969204935,
    "MP2 TOTAL ENERGY": -108.09044407612997,
    "NUCLEAR REPULSION ENERGY": 35.70939087365515,
    "ONE-ELECTRON ENERGY": -215.24474758318945,
    "PCM POLARIZATION ENERGY": 0.0,
    "PE ENERGY": 0.0,
    "SCF DIPOLE X": 0.0,
    "SCF DIPOLE Y": 0.0,
    "SCF DIPOLE Z": -2.821905433653156e-16,
    "SCF ITERATION ENERGY": -107.87969189960725,
    "SCF ITERATIONS": 8.0,
    "SCF TOTAL ENERGY": -107.87969189960725,
    "TWO-ELECTRON ENERGY": 71.65566480992706
}