{
    "CC D1 DIAGNOSTIC": 0.2835690864941683,
    "CC D2 DIAGNOSTIC": 0.28491309413997973,
    "CC NEW D1 DIAGNOSTIC": 0.2835690864941683,
    "CC T1 DIAGNOSTIC": 0.06405956739076861,
    "CCSD CORRELATION ENERGY": -0.2952197913036191,
    "CCSD OPPOSITE-SPIN CORRELATION ENERGY": -0.23063175259562788,
    "CCSD SAME-SPIN CORRELATION ENERGY": -0.0645880387079906,
    "CCSD TOTAL ENERGY": -259.79435330050416,
    "CURRENT CORRELATION ENERGY": -0.2952197913036191,
    "CURRENT DIPOLE X": 0.0,
    "CURRENT DIPOLE Y": 0.0,
    "CURRENT DIPOLE Z": 4.217782039935604,
    "CURRENT ENERGY": -259.79435330050416,
    "CURRENT REFERENCE ENERGY": -259.49913350920053,
    "HF TOTAL ENERGY": -259.49913350920053,
    "LCCSD (+LMP2) TOTAL ENERGY": -259.7974349760469,
    "MP2 CORRELATION ENERGY": -0.2742398804203773,
    "MP2 OPPOSITE-SPIN CORRELATION ENERGY": -0.20851179438889833,
    "MP2 SAME-SPIN CORRELATION ENERGY": -0.06572808603147895,
    "MP2 TOTAL ENERGY": -259.77337338962093,
    "NUCLEAR REPULSION ENERGY": 57.75800680005357,
    "ONE-ELECTRON ENERGY": -471.20157932699686,
    "PCM POLARIZATION ENERGY": 0.0,
    "PE ENERGY": 0.0,
    "SCF DIPOLE X": 0.0,
    "SCF DIPOLE Y": 0.0,
    "SCF DIPOLE Z": 4.217782039935604,
    "SCF ITERATION ENERGY": -259.49913350920053,
    "SCF ITERATIONS": 13.0,
    "SCF TOTAL ENERGY": -259.49913350920053,
    "TWO-ELECTRON ENERGY": 153.94443901774275
}