{
    "CC D1 DIAGNOSTIC": 0.039270587114484154,
    "CC D2 DIAGNOSTIC": 0.09330974194853896,
    "CC NEW D1 DIAGNOSTIC": 0.039270587114484154,
    "CC T1 DIAGNOSTIC": 0.014789941360217291,
    "CCSD CORRELATION ENERGY": -0.29301349022539047,
    "CCSD OPPOSITE-SPIN CORRELATION ENERGY": -0.2277898586031605,
    "CCSD SAME-SPIN CORRELATION ENERGY": -0.06522363162222997,
    "CCSD TOTAL ENERGY": -261.6263762657838,
    "CURRENT CORRELATION ENERGY": -0.29301349022539047,
    "CURRENT DIPOLE X": 0.0,
    "CURRENT DIPOLE Y": 0.0,
    "CURRENT DIPOLE Z": -8.248486347639812,
    "CURRENT ENERGY": -261.6263762657838,
    "CURRENT REFERENCE ENERGY": -261.3333627755578,
    "HF TOTAL ENERGY": -261.3333627755578,
    "LCCSD (+LMP2) TOTAL ENERGY": -261.62638005522547,
    "MP2 CORRELATION ENERGY": -0.2948167888105362,
    "MP2 OPPOSITE-SPIN CORRELATION ENERGY": -0.21894776984697573,
    "MP2 SAME-SPIN CORRELATION ENERGY": -0.07586901896356046,
    "MP2 TOTAL ENERGY": -261.6281795643689,
    "NUCLEAR REPULSION ENERGY": 27.875187773822653,
    "ONE-ELECTRON ENERGY": -425.7421426148913,
    "PCM POLARIZATION ENERGY": 0.0,
    "PE ENERGY": 0.0,
    "SCF DIPOLE X": 0.0,
    "SCF DIPOLE Y": 0.0,
    "SCF DIPOLE Z": -8.248486347639812,
    "SCF ITERATION ENERGY": -261.3333627755578,
    "SCF ITERATIONS": 10.0,
    "SCF TOTAL ENERGY": -261.3333627755578,
    "TWO-ELECTRON ENERGY": 136.53359206551085
}