{
    "CC D1 DIAGNOSTIC": 0.010862038619108103,
    "CC D2 DIAGNOSTIC": 0.0773350578698601,
    "CC NEW D1 DIAGNOSTIC": 0.010862038619108103,
    "CC T1 DIAGNOSTIC": 0.004271013258978278,
    "CCSD CORRELATION ENERGY": -0.10396852789071953,
    "CCSD OPPOSITE-SPIN CORRELATION ENERGY": -0.085390548503807,
    "CCSD SAME-SPIN CORRELATION ENERGY": -0.018577979386912455,
    "CCSD TOTAL ENERGY": -459.4388076845541,
    "CURRENT CORRELATION ENERGY": -0.10396852789071953,
    "CURRENT DIPOLE X": 0.0,
    "CURRENT DIPOLE Y": 0.0,
    "CURRENT DIPOLE Z": -1.5517672206547963,
    "CURRENT ENERGY": -459.4388076845541,
    "CURRENT REFERENCE ENERGY": -459.33483915666375,
    "HF TOTAL ENERGY": -459.33483915666375,
    "LCCSD (+LMP2) TOTAL ENERGY": -459.451277562886,
    "MP2 CORRELATION ENERGY": -0.09566127159537596,
    "MP2 OPPOSITE-SPIN CORRELATION ENERGY": -0.076766433537483,
    "MP2 SAME-SPIN CORRELATION ENERGY": -0.018894838057892965,
    "MP2 TOTAL ENERGY": -459.4305004282587,
    "NUCLEAR REPULSION ENERGY": 12.787189312118645,
    "ONE-ELECTRON ENERGY": -659.0493510046997,
    "PCM POLARIZATION ENERGY": 0.0,
    "PE ENERGY": 0.0,
    "SCF DIPOLE X": 0.0,
    "SCF DIPOLE Y": 0.0,
    "SCF DIPOLE Z": -1.5517672206547963,
    "SCF ITERATION ENERGY": -459.33483915666375,
    "SCF ITERATIONS": 8.0,
    "SCF TOTAL ENERGY": -459.33483915666375,
    "TWO-ELECTRON ENERGY": 186.92732253591728
}