{
    "CC D1 DIAGNOSTIC": 0.029073026328198602,
    "CC D2 DIAGNOSTIC": 0.09430210784670749,
    "CC NEW D1 DIAGNOSTIC": 0.029073026328198602,
    "CC T1 DIAGNOSTIC": 0.013427393482566411,
    "CCSD CORRELATION ENERGY": -0.1753103998182647,
    "CCSD OPPOSITE-SPIN CORRELATION ENERGY": -0.13990428467118377,
    "CCSD SAME-SPIN CORRELATION ENERGY": -0.03540611514708086,
    "CCSD TOTAL ENERGY": -106.9902828385703,
    "CURRENT CORRELATION ENERGY": -0.1753103998182647,
    "CURRENT DIPOLE X": 0.0,
    "CURRENT DIPOLE Y": 0.0,
    "CURRENT DIPOLE Z": -4.554591773784749,
    "CURRENT ENERGY": -106.9902828385703,
    "CURRENT REFERENCE ENERGY": -106.81497243875208,
    "HF TOTAL ENERGY": -106.81497243875208,
    "LCCSD (+LMP2) TOTAL ENERGY": -106.99145081202907,
    "MP2 CORRELATION ENERGY": -0.17558903053210495,
    "MP2 OPPOSITE-SPIN CORRELATION ENERGY": -0.13293746859011166,
    "MP2 SAME-SPIN CORRELATION ENERGY": -0.04265156194199329,
    "MP2 TOTAL ENERGY": -106.99056146928415,
    "NUCLEAR REPULSION ENERGY": 12.693165861294242,
    "ONE-ELECTRON ENERGY": -175.89763319058858,
    "PCM POLARIZATION ENERGY": 0.0,
    "PE ENERGY": 0.0,
    "SCF DIPOLE X": 0.0,
    "SCF DIPOLE Y": 0.0,
    "SCF DIPOLE Z": -4.554591773784749,
    "SCF ITERATION ENERGY": -106.81497243875208,
    "SCF ITERATIONS": 9.0,
    "SCF TOTAL ENERGY": -106.81497243875208,
    "TWO-ELECTRON ENERGY": 56.389494890542274
}