{
    "CC D1 DIAGNOSTIC": 0.046173451642685305,
    "CC D2 DIAGNOSTIC": 0.15766360366066856,
    "CC NEW D1 DIAGNOSTIC": 0.046173451642685305,
    "CC T1 DIAGNOSTIC": 0.018381943083750414,
    "CCSD CORRELATION ENERGY": -0.25679305357575033,
    "CCSD OPPOSITE-SPIN CORRELATION ENERGY": -0.20683071165952474,
    "CCSD SAME-SPIN CORRELATION ENERGY": -0.04996234191622553,
    "CCSD TOTAL ENERGY": -112.95607367867605,
    "CURRENT CORRELATION ENERGY": -0.25679305357575033,
    "CURRENT DIPOLE X": 0.0,
    "CURRENT DIPOLE Y": 0.0,
    "CURRENT DIPOLE Z": -0.5223229827222614,
    "CURRENT ENERGY": -112.95607367867605,
    "CURRENT REFERENCE ENERGY": -112.6992806251002,
    "HF TOTAL ENERGY": -112.6992806251002,
    "LCCSD (+LMP2) TOTAL ENERGY": -112.9560971508592,
    "MP2 CORRELATION ENERGY": -0.26064834240685,
    "MP2 OPPOSITE-SPIN CORRELATION ENERGY": -0.19642884872102226,
    "MP2 SAME-SPIN CORRELATION ENERGY": -0.06421949368582772,
    "MP2 TOTAL ENERGY": -112.95992896750715,
    "NUCLEAR REPULSION ENERGY": 22.41552424088621,
    "ONE-ELECTRON ENERGY": -197.6618209937596,
    "PCM POLARIZATION ENERGY": 0.0,
    "PE ENERGY": 0.0,
    "SCF DIPOLE X": 0.0,
    "SCF DIPOLE Y": 0.0,
    "SCF DIPOLE Z": -0.5223229827222614,
    "SCF ITERATION ENERGY": -112.6992806251002,
    "SCF ITERATIONS": 10.0,
    "SCF TOTAL ENERGY": -112.6992806251002,
    "TWO-ELECTRON ENERGY": 62.547016127773176
}