{
    "CC D1 DIAGNOSTIC": 0.08692082586688198,
    "CC D2 DIAGNOSTIC": 0.1795831219249054,
    "CC NEW D1 DIAGNOSTIC": 0.08692082586688198,
    "CC T1 DIAGNOSTIC": 0.02765436733534809,
    "CCSD CORRELATION ENERGY": -0.44412326985037515,
    "CCSD OPPOSITE-SPIN CORRELATION ENERGY": -0.3513468273589778,
    "CCSD SAME-SPIN CORRELATION ENERGY": -0.09277644249139744,
    "CCSD TOTAL ENERGY": -187.93886807411423,
    "CURRENT CORRELATION ENERGY": -0.44412326985037515,
    "CURRENT DIPOLE X": 0.0,
    "CURRENT DIPOLE Y": 0.0,
    "CURRENT DIPOLE Z": 0.0,
    "CURRENT ENERGY": -187.93886807411423,
    "CURRENT REFERENCE ENERGY": -187.49474480426267,
    "HF TOTAL ENERGY": -187.49474480426267,
    "LCCSD (+LMP2) TOTAL ENERGY": -187.92164115631226,
    "MP2 CORRELATION ENERGY": -0.47034290590088446,
    "MP2 OPPOSITE-SPIN CORRELATION ENERGY": -0.346647804126364,
    "MP2 SAME-SPIN CORRELATION ENERGY": -0.12369510177452048,
    "MP2 TOTAL ENERGY": -187.96508771016474,
    "NUCLEAR REPULSION ENERGY": 51.54570520147702,
    "ONE-ELECTRON ENERGY": -358.5199031982599,
    "PCM POLARIZATION ENERGY": 0.0,
    "PE ENERGY": 0.0,
    "SCF DIPOLE X": 0.0,
    "SCF DIPOLE Y": 0.0,
    "SCF DIPOLE Z": 0.0,
    "SCF ITERATION ENERGY": -187.49474480426267,
    "SCF ITERATIONS": 10.0,
    "SCF TOTAL ENERGY": -187.49474480426267,
    "TWO-ELECTRON ENERGY": 119.47945319252023
}