{
    "CC D1 DIAGNOSTIC": 0.02220952381456189,
    "CC D2 DIAGNOSTIC": 0.1290224603997153,
    "CC NEW D1 DIAGNOSTIC": 0.02220952381456189,
    "CC T1 DIAGNOSTIC": 0.009826476090459828,
    "CCSD CORRELATION ENERGY": -0.22936761029145,
    "CCSD OPPOSITE-SPIN CORRELATION ENERGY": -0.1838516077950797,
    "CCSD SAME-SPIN CORRELATION ENERGY": -0.04551600249637039,
    "CCSD TOTAL ENERGY": -112.719709124088,
    "CURRENT CORRELATION ENERGY": -0.22936761029145,
    "CURRENT DIPOLE X": 0.0,
    "CURRENT DIPOLE Y": 0.0,
    "CURRENT DIPOLE Z": 0.5026077876095119,
    "CURRENT ENERGY": -112.719709124088,
    "CURRENT REFERENCE ENERGY": -112.49034151379648,
    "HF TOTAL ENERGY": -112.49034151379648,
    "LCCSD (+LMP2) TOTAL ENERGY": -112.71900362233916,
    "MP2 CORRELATION ENERGY": -0.22463053617474393,
    "MP2 OPPOSITE-SPIN CORRELATION ENERGY": -0.17132746539707172,
    "MP2 SAME-SPIN CORRELATION ENERGY": -0.05330307077767221,
    "MP2 TOTAL ENERGY": -112.7149720499713,
    "NUCLEAR REPULSION ENERGY": 28.238551487820338,
    "ONE-ELECTRON ENERGY": -208.28912143006715,
    "PCM POLARIZATION ENERGY": 0.0,
    "PE ENERGY": 0.0,
    "SCF DIPOLE X": 0.0,
    "SCF DIPOLE Y": 0.0,
    "SCF DIPOLE Z": 0.5026077876095119,
    "SCF ITERATION ENERGY": -112.49034151379648,
    "SCF ITERATIONS": 9.0,
    "SCF TOTAL ENERGY": -112.49034151379648,
    "TWO-ELECTRON ENERGY": 67.56022842845034
}