{
    "CC D1 DIAGNOSTIC": 0.062987859608982,
    "CC D2 DIAGNOSTIC": 0.4089566372929568,
    "CC NEW D1 DIAGNOSTIC": 0.062987859608982,
    "CC T1 DIAGNOSTIC": 0.026383034793410833,
    "CCSD CORRELATION ENERGY": -0.4316443720833203,
    "CCSD OPPOSITE-SPIN CORRELATION ENERGY": -0.39925542388882435,
    "CCSD SAME-SPIN CORRELATION ENERGY": -0.03238894819449595,
    "CCSD TOTAL ENERGY": -108.9430469746243,
    "CURRENT CORRELATION ENERGY": -0.4316443720833203,
    "CURRENT DIPOLE X": 0.0,
    "CURRENT DIPOLE Y": 0.0,
    "CURRENT DIPOLE Z": 0.0,
    "CURRENT ENERGY": -108.9430469746243,
    "CURRENT REFERENCE ENERGY": -108.51140260254024,
    "HF TOTAL ENERGY": -108.51140260254024,
    "LCCSD (+LMP2) TOTAL ENERGY": -108.94996135371201,
    "MP2 CORRELATION ENERGY": -0.5829171879916232,
    "MP2 OPPOSITE-SPIN CORRELATION ENERGY": -0.4136165964451936,
    "MP2 SAME-SPIN CORRELATION ENERGY": -0.16930059154642957,
    "MP2 TOTAL ENERGY": -109.0943197905326,
    "NUCLEAR REPULSION ENERGY": 15.266292843914709,
    "ONE-ELECTRON ENERGY": -177.15707192550468,
    "PCM POLARIZATION ENERGY": 0.0,
    "PE ENERGY": 0.0,
    "SCF DIPOLE X": 0.0,
    "SCF DIPOLE Y": 0.0,
    "SCF DIPOLE Z": 0.0,
    "SCF ITERATION ENERGY": -108.51140260254024,
    "SCF ITERATIONS": 8.0,
    "SCF TOTAL ENERGY": -108.51140260254024,
    "TWO-ELECTRON ENERGY": 53.37937647904973
}