{
    "CC D1 DIAGNOSTIC": 0.3610761704280923,
    "CC D2 DIAGNOSTIC": 0.31899299585629415,
    "CC NEW D1 DIAGNOSTIC": 0.3610761704280923,
    "CC T1 DIAGNOSTIC": 0.11971744070577651,
    "CCSD CORRELATION ENERGY": -0.4766895773359414,
    "CCSD OPPOSITE-SPIN CORRELATION ENERGY": -0.36859980668275716,
    "CCSD SAME-SPIN CORRELATION ENERGY": -0.10808977065318492,
    "CCSD TOTAL ENERGY": -187.60105099222417,
    "CURRENT CORRELATION ENERGY": -0.4766895773359414,
    "CURRENT DIPOLE X": 0.0,
    "CURRENT DIPOLE Y": 0.0,
    "CURRENT DIPOLE Z": 0.0,
    "CURRENT ENERGY": -187.60105099222417,
    "CURRENT REFERENCE ENERGY": -187.1243614148868,
    "HF TOTAL ENERGY": -187.1243614148868,
    "LCCSD (+LMP2) TOTAL ENERGY": -187.60110153163026,
    "MP2 CORRELATION ENERGY": -0.38746573777059645,
    "MP2 OPPOSITE-SPIN CORRELATION ENERGY": -0.2966799662320301,
    "MP2 SAME-SPIN CORRELATION ENERGY": -0.09078577153856637,
    "MP2 TOTAL ENERGY": -187.5118271526588,
    "NUCLEAR REPULSION ENERGY": 37.08171089459765,
    "ONE-ELECTRON ENERGY": -330.47457533923836,
    "PCM POLARIZATION ENERGY": 0.0,
    "PE ENERGY": 0.0,
    "SCF DIPOLE X": 0.0,
    "SCF DIPOLE Y": 0.0,
    "SCF DIPOLE Z": 0.0,
    "SCF ITERATION ENERGY": -187.1243614148868,
    "SCF ITERATIONS": 13.0,
    "SCF TOTAL ENERGY": -187.1243614148868,
    "TWO-ELECTRON ENERGY": 106.26850302975393
}