{
    "CC D1 DIAGNOSTIC": 0.008862332266280915,
    "CC D2 DIAGNOSTIC": 0.07511013631369132,
    "CC NEW D1 DIAGNOSTIC": 0.008862332266280915,
    "CC T1 DIAGNOSTIC": 0.004988935646376863,
    "CCSD CORRELATION ENERGY": -0.14078285170472699,
    "CCSD OPPOSITE-SPIN CORRELATION ENERGY": -0.11191181658650938,
    "CCSD SAME-SPIN CORRELATION ENERGY": -0.028871035118217606,
    "CCSD TOTAL ENERGY": -99.50943458137739,
    "CURRENT CORRELATION ENERGY": -0.14078285170472699,
    "CURRENT DIPOLE X": 0.0,
    "CURRENT DIPOLE Y": 0.0,
    "CURRENT DIPOLE Z": -1.7571974872981484,
    "CURRENT ENERGY": -99.50943458137739,
    "CURRENT REFERENCE ENERGY": -99.3686517296727,
    "HF TOTAL ENERGY": -99.3686517296727,
    "LCCSD (+LMP2) TOTAL ENERGY": -99.49858354562873,
    "MP2 CORRELATION ENERGY": -0.1383447488060079,
    "MP2 OPPOSITE-SPIN CORRELATION ENERGY": -0.10542320306731871,
    "MP2 SAME-SPIN CORRELATION ENERGY": -0.032921545738689176,
    "MP2 TOTAL ENERGY": -99.50699647847867,
    "NUCLEAR REPULSION ENERGY": 9.383726577326437,
    "ONE-ELECTRON ENERGY": -156.64486357976568,
    "PCM POLARIZATION ENERGY": 0.0,
    "PE ENERGY": 0.0,
    "SCF DIPOLE X": 0.0,
    "SCF DIPOLE Y": 0.0,
    "SCF DIPOLE Z": -1.7571974872981484,
    "SCF ITERATION ENERGY": -99.3686517296727,
    "SCF ITERATIONS": 9.0,
    "SCF TOTAL ENERGY": -99.3686517296727,
    "TWO-ELECTRON ENERGY": 47.89248527276654
}