{
    "CC D1 DIAGNOSTIC": 0.06824303887029178,
    "CC D2 DIAGNOSTIC": 0.09722866255756703,
    "CC NEW D1 DIAGNOSTIC": 0.06824303887029178,
    "CC T1 DIAGNOSTIC": 0.02152526368180319,
    "CCSD CORRELATION ENERGY": -0.1778072807467642,
    "CCSD OPPOSITE-SPIN CORRELATION ENERGY": -0.1408214065442162,
    "CCSD SAME-SPIN CORRELATION ENERGY": -0.03698587420254773,
    "CCSD TOTAL ENERGY": -106.37774672921974,
    "CURRENT CORRELATION ENERGY": -0.1778072807467642,
    "CURRENT DIPOLE X": 0.0,
    "CURRENT DIPOLE Y": 0.0,
    "CURRENT DIPOLE Z": -2.944655999849064,
    "CURRENT ENERGY": -106.37774672921974,
    "CURRENT REFERENCE ENERGY": -106.19993944847295,
    "HF TOTAL ENERGY": -106.19993944847295,
    "LCCSD (+LMP2) TOTAL ENERGY": -106.34129001332347,
    "MP2 CORRELATION ENERGY": -0.17863819647068585,
    "MP2 OPPOSITE-SPIN CORRELATION ENERGY": -0.13453123549376567,
    "MP2 SAME-SPIN CORRELATION ENERGY": -0.044106960976920184,
    "MP2 TOTAL ENERGY": -106.37857764494366,
    "NUCLEAR REPULSION ENERGY": 16.874000907595907,
    "ONE-ELECTRON ENERGY": -182.38867606246825,
    "PCM POLARIZATION ENERGY": 0.0,
    "PE ENERGY": 0.0,
    "SCF DIPOLE X": 0.0,
    "SCF DIPOLE Y": 0.0,
    "SCF DIPOLE Z": -2.944655999849064,
    "SCF ITERATION ENERGY": -106.19993944847295,
    "SCF ITERATIONS": 10.0,
    "SCF TOTAL ENERGY": -106.19993944847295,
    "TWO-ELECTRON ENERGY": 59.314735706399404
}