{
    "CC D1 DIAGNOSTIC": 0.01707724400357748,
    "CC D2 DIAGNOSTIC": 0.1049200330841816,
    "CC NEW D1 DIAGNOSTIC": 0.01707724400357748,
    "CC T1 DIAGNOSTIC": 0.007484233336922016,
    "CCSD CORRELATION ENERGY": -0.33622784903022307,
    "CCSD OPPOSITE-SPIN CORRELATION ENERGY": -0.2613934079316145,
    "CCSD SAME-SPIN CORRELATION ENERGY": -0.07483444109860882,
    "CCSD TOTAL ENERGY": -186.5853121705247,
    "CURRENT CORRELATION ENERGY": -0.33622784903022307,
    "CURRENT DIPOLE X": 0.0,
    "CURRENT DIPOLE Y": 0.0,
    "CURRENT DIPOLE Z": 0.0,
    "CURRENT ENERGY": -186.5853121705247,
    "CURRENT REFERENCE ENERGY": -186.24908432149476,
    "HF TOTAL ENERGY": -186.24908432149476,
    "LCCSD (+LMP2) TOTAL ENERGY": -186.58939662231614,
    "MP2 CORRELATION ENERGY": -0.3344842838923184,
    "MP2 OPPOSITE-SPIN CORRELATION ENERGY": -0.2498600540157588,
    "MP2 SAME-SPIN CORRELATION ENERGY": -0.08462422987655957,
    "MP2 TOTAL ENERGY": -186.5835686053868,
    "NUCLEAR REPULSION ENERGY": 84.50910288518021,
    "ONE-ELECTRON ENERGY": -420.3284593905709,
    "PCM POLARIZATION ENERGY": 0.0,
    "PE ENERGY": 0.0,
    "SCF DIPOLE X": 0.0,
    "SCF DIPOLE Y": 0.0,
    "SCF DIPOLE Z": 0.0,
    "SCF ITERATION ENERGY": -186.24908432149476,
    "SCF ITERATIONS": 9.0,
    "SCF TOTAL ENERGY": -186.24908432149476,
    "TWO-ELECTRON ENERGY": 149.57027218389595
}