{
    "CC D1 DIAGNOSTIC": 0.33815481590058905,
    "CC D2 DIAGNOSTIC": 0.3006555789828303,
    "CC NEW D1 DIAGNOSTIC": 0.33815481590058905,
    "CC T1 DIAGNOSTIC": 0.1121348486194742,
    "CCSD CORRELATION ENERGY": -0.47851297269909443,
    "CCSD OPPOSITE-SPIN CORRELATION ENERGY": -0.37070122641960923,
    "CCSD SAME-SPIN CORRELATION ENERGY": -0.10781174627948603,
    "CCSD TOTAL ENERGY": -187.61651839750374,
    "CURRENT CORRELATION ENERGY": -0.47851297269909443,
    "CURRENT DIPOLE X": 0.0,
    "CURRENT DIPOLE Y": 0.0,
    "CURRENT DIPOLE Z": 0.0,
    "CURRENT ENERGY": -187.61651839750374,
    "CURRENT REFERENCE ENERGY": -187.138005424803,
    "HF TOTAL ENERGY": -187.138005424803,
    "LCCSD (+LMP2) TOTAL ENERGY": -187.626459110214,
    "MP2 CORRELATION ENERGY": -0.39981852141821234,
    "MP2 OPPOSITE-SPIN CORRELATION ENERGY": -0.3042583965139152,
    "MP2 SAME-SPIN CORRELATION ENERGY": -0.09556012490429716,
    "MP2 TOTAL ENERGY": -187.53782394622286,
    "NUCLEAR REPULSION ENERGY": 37.70406128723425,
    "ONE-ELECTRON ENERGY": -331.66570826256907,
    "PCM POLARIZATION ENERGY": 0.0,
    "PE ENERGY": 0.0,
    "SCF DIPOLE X": 0.0,
    "SCF DIPOLE Y": 0.0,
    "SCF DIPOLE Z": 0.0,
    "SCF ITERATION ENERGY": -187.138005424803,
    "SCF ITERATIONS": 12.0,
    "SCF TOTAL ENERGY": -187.138005424803,
    "TWO-ELECTRON ENERGY": 106.8236415505318
}