{
    "CC D1 DIAGNOSTIC": 0.011403736321216508,
    "CC D2 DIAGNOSTIC": 0.10451357004827279,
    "CC NEW D1 DIAGNOSTIC": 0.011403736321216508,
    "CC T1 DIAGNOSTIC": 0.0045333465969787145,
    "CCSD CORRELATION ENERGY": -0.10795655858752973,
    "CCSD OPPOSITE-SPIN CORRELATION ENERGY": -0.08873937799142068,
    "CCSD SAME-SPIN CORRELATION ENERGY": -0.019217180596109204,
    "CCSD TOTAL ENERGY": -460.154218643877,
    "CURRENT CORRELATION ENERGY": -0.10795655858752973,
    "CURRENT DIPOLE X": 0.0,
    "CURRENT DIPOLE Y": 0.0,
    "CURRENT DIPOLE Z": -1.81634822421167,
    "CURRENT ENERGY": -460.154218643877,
    "CURRENT REFERENCE ENERGY": -460.0462620852897,
    "HF TOTAL ENERGY": -460.04626208528975,
    "LCCSD (+LMP2) TOTAL ENERGY": -460.10533533660333,
    "MP2 CORRELATION ENERGY": -0.09910133360422392,
    "MP2 OPPOSITE-SPIN CORRELATION ENERGY": -0.07918505211607052,
    "MP2 SAME-SPIN CORRELATION ENERGY": -0.0199162814881534,
    "MP2 TOTAL ENERGY": -460.1453634188937,
    "NUCLEAR REPULSION ENERGY": 7.886372262980661,
    "ONE-ELECTRON ENERGY": -651.1608479775676,
    "PCM POLARIZATION ENERGY": 0.0,
    "PE ENERGY": 0.0,
    "SCF DIPOLE X": 0.0,
    "SCF DIPOLE Y": 0.0,
    "SCF DIPOLE Z": -1.81634822421167,
    "SCF ITERATION ENERGY": -460.0462620852897,
    "SCF ITERATIONS": 9.0,
    "SCF TOTAL ENERGY": -460.0462620852897,
    "TWO-ELECTRON ENERGY": 183.22821362929724
}