{
    "CC D1 DIAGNOSTIC": 0.037500674115367665,
    "CC D2 DIAGNOSTIC": 0.09199109561183004,
    "CC NEW D1 DIAGNOSTIC": 0.037500674115367665,
    "CC T1 DIAGNOSTIC": 0.014134886935807172,
    "CCSD CORRELATION ENERGY": -0.2915516236971612,
    "CCSD OPPOSITE-SPIN CORRELATION ENERGY": -0.22656299522403817,
    "CCSD SAME-SPIN CORRELATION ENERGY": -0.06498862847312309,
    "CCSD TOTAL ENERGY": -261.61641457828193,
    "CURRENT CORRELATION ENERGY": -0.2915516236971612,
    "CURRENT DIPOLE X": 0.0,
    "CURRENT DIPOLE Y": 0.0,
    "CURRENT DIPOLE Z": -7.757335763212377,
    "CURRENT ENERGY": -261.61641457828193,
    "CURRENT REFERENCE ENERGY": -261.3248629545838,
    "HF TOTAL ENERGY": -261.32486295458386,
    "LCCSD (+LMP2) TOTAL ENERGY": -261.61641457828193,
    "MP2 CORRELATION ENERGY": -0.29316548346869614,
    "MP2 OPPOSITE-SPIN CORRELATION ENERGY": -0.21775029723805708,
    "MP2 SAME-SPIN CORRELATION ENERGY": -0.07541518623063906,
    "MP2 TOTAL ENERGY": -261.61802843805344,
    "NUCLEAR REPULSION ENERGY": 29.914835659712118,
    "ONE-ELECTRON ENERGY": -429.84931019636826,
    "PCM POLARIZATION ENERGY": 0.0,
    "PE ENERGY": 0.0,
    "SCF DIPOLE X": 0.0,
    "SCF DIPOLE Y": 0.0,
    "SCF DIPOLE Z": -7.757335763212377,
    "SCF ITERATION ENERGY": -261.3248629545838,
    "SCF ITERATIONS": 10.0,
    "SCF TOTAL ENERGY": -261.3248629545838,
    "TWO-ELECTRON ENERGY": 138.6096115820723
}