{
    "CC D1 DIAGNOSTIC": 0.0313616633005404,
    "CC D2 DIAGNOSTIC": 0.20054679982509807,
    "CC NEW D1 DIAGNOSTIC": 0.0313616633005404,
    "CC T1 DIAGNOSTIC": 0.010191229529891542,
    "CCSD CORRELATION ENERGY": -0.16108906931410147,
    "CCSD OPPOSITE-SPIN CORRELATION ENERGY": -0.1319941794032757,
    "CCSD SAME-SPIN CORRELATION ENERGY": -0.029094889910825844,
    "CCSD TOTAL ENERGY": -103.74840856215818,
    "CURRENT CORRELATION ENERGY": -0.16108906931410147,
    "CURRENT DIPOLE X": 0.0,
    "CURRENT DIPOLE Y": 0.0,
    "CURRENT DIPOLE Z": 4.713853767359028,
    "CURRENT ENERGY": -103.74840856215818,
    "CURRENT REFERENCE ENERGY": -103.58731949284413,
    "HF TOTAL ENERGY": -103.58731949284413,
    "LCCSD (+LMP2) TOTAL ENERGY": -103.74610480070606,
    "MP2 CORRELATION ENERGY": -0.14575213022257852,
    "MP2 OPPOSITE-SPIN CORRELATION ENERGY": -0.11572328530625381,
    "MP2 SAME-SPIN CORRELATION ENERGY": -0.03002884491632471,
    "MP2 TOTAL ENERGY": -103.73307162306665,
    "NUCLEAR REPULSION ENERGY": 28.151179731979312,
    "ONE-ELECTRON ENERGY": -191.0372963877898,
    "PCM POLARIZATION ENERGY": 0.0,
    "PE ENERGY": 0.0,
    "SCF DIPOLE X": 0.0,
    "SCF DIPOLE Y": 0.0,
    "SCF DIPOLE Z": 4.713853767359028,
    "SCF ITERATION ENERGY": -103.58731949284413,
    "SCF ITERATIONS": 11.0,
    "SCF TOTAL ENERGY": -103.58731949284413,
    "TWO-ELECTRON ENERGY": 59.29879716296637
}