{
    "CC D1 DIAGNOSTIC": 0.013333685425335258,
    "CC D2 DIAGNOSTIC": 0.13120576579357465,
    "CC NEW D1 DIAGNOSTIC": 0.013333685425335258,
    "CC T1 DIAGNOSTIC": 0.005160635544314711,
    "CCSD CORRELATION ENERGY": -0.11300278629626548,
    "CCSD OPPOSITE-SPIN CORRELATION ENERGY": -0.09324927871222412,
    "CCSD SAME-SPIN CORRELATION ENERGY": -0.019753507584041444,
    "CCSD TOTAL ENERGY": -460.17933468663045,
    "CURRENT CORRELATION ENERGY": -0.11300278629626548,
    "CURRENT DIPOLE X": 0.0,
    "CURRENT DIPOLE Y": 0.0,
    "CURRENT DIPOLE Z": -1.9031483899566075,
    "CURRENT ENERGY": -460.17933468663045,
    "CURRENT REFERENCE ENERGY": -460.06633190033426,
    "HF TOTAL ENERGY": -460.06633190033426,
    "LCCSD (+LMP2) TOTAL ENERGY": -460.1791817811263,
    "MP2 CORRELATION ENERGY": -0.10288839828580824,
    "MP2 OPPOSITE-SPIN CORRELATION ENERGY": -0.08215944518741286,
    "MP2 SAME-SPIN CORRELATION ENERGY": -0.020728953098395383,
    "MP2 TOTAL ENERGY": -460.16922029862,
    "NUCLEAR REPULSION ENERGY": 6.768266554618564,
    "ONE-ELECTRON ENERGY": -649.0826287854554,
    "PCM POLARIZATION ENERGY": 0.0,
    "PE ENERGY": 0.0,
    "SCF DIPOLE X": 0.0,
    "SCF DIPOLE Y": 0.0,
    "SCF DIPOLE Z": -1.9031483899566075,
    "SCF ITERATION ENERGY": -460.06633190033426,
    "SCF ITERATIONS": 9.0,
    "SCF TOTAL ENERGY": -460.06633190033426,
    "TWO-ELECTRON ENERGY": 182.24803033050264
}