{
    "CC D1 DIAGNOSTIC": 0.14309855620904874,
    "CC D2 DIAGNOSTIC": 0.20902462425978516,
    "CC NEW D1 DIAGNOSTIC": 0.14309855620904874,
    "CC T1 DIAGNOSTIC": 0.05713487224707989,
    "CCSD CORRELATION ENERGY": -0.3076376094692371,
    "CCSD OPPOSITE-SPIN CORRELATION ENERGY": -0.24830168547900752,
    "CCSD SAME-SPIN CORRELATION ENERGY": -0.059335923990229605,
    "CCSD TOTAL ENERGY": -112.82938509897251,
    "CURRENT CORRELATION ENERGY": -0.3076376094692371,
    "CURRENT DIPOLE X": 0.0,
    "CURRENT DIPOLE Y": 0.0,
    "CURRENT DIPOLE Z": -2.459086875135502,
    "CURRENT ENERGY": -112.82938509897251,
    "CURRENT REFERENCE ENERGY": -112.52174748950328,
    "HF TOTAL ENERGY": -112.52174748950328,
    "LCCSD (+LMP2) TOTAL ENERGY": -112.82939213235805,
    "MP2 CORRELATION ENERGY": -0.33039123664575837,
    "MP2 OPPOSITE-SPIN CORRELATION ENERGY": -0.24379691837370923,
    "MP2 SAME-SPIN CORRELATION ENERGY": -0.08659431827204914,
    "MP2 TOTAL ENERGY": -112.85213872614902,
    "NUCLEAR REPULSION ENERGY": 16.572789233835543,
    "ONE-ELECTRON ENERGY": -186.49869427429124,
    "PCM POLARIZATION ENERGY": 0.0,
    "PE ENERGY": 0.0,
    "SCF DIPOLE X": 0.0,
    "SCF DIPOLE Y": 0.0,
    "SCF DIPOLE Z": -2.459086875135502,
    "SCF ITERATION ENERGY": -112.52174748950328,
    "SCF ITERATIONS": 11.0,
    "SCF TOTAL ENERGY": -112.52174748950328,
    "TWO-ELECTRON ENERGY": 57.404157550952405
}