{
    "CC D1 DIAGNOSTIC": 0.04961929797357389,
    "CC D2 DIAGNOSTIC": 0.21756939236183964,
    "CC NEW D1 DIAGNOSTIC": 0.04961929797357389,
    "CC T1 DIAGNOSTIC": 0.01623948008923765,
    "CCSD CORRELATION ENERGY": -0.18744344182332362,
    "CCSD OPPOSITE-SPIN CORRELATION ENERGY": -0.15472182241058818,
    "CCSD SAME-SPIN CORRELATION ENERGY": -0.03272161941273549,
    "CCSD TOTAL ENERGY": -100.11142473262181,
    "CURRENT CORRELATION ENERGY": -0.18744344182332362,
    "CURRENT DIPOLE X": 0.0,
    "CURRENT DIPOLE Y": 0.0,
    "CURRENT DIPOLE Z": -2.943163780189648,
    "CURRENT ENERGY": -100.11142473262181,
    "CURRENT REFERENCE ENERGY": -99.92398129079855,
    "HF TOTAL ENERGY": -99.92398129079855,
    "LCCSD (+LMP2) TOTAL ENERGY": -100.11377642449922,
    "MP2 CORRELATION ENERGY": -0.18359726565851717,
    "MP2 OPPOSITE-SPIN CORRELATION ENERGY": -0.14056535880620166,
    "MP2 SAME-SPIN CORRELATION ENERGY": -0.043031906852315505,
    "MP2 TOTAL ENERGY": -100.10757855645701,
    "NUCLEAR REPULSION ENERGY": 3.4652884252649723,
    "ONE-ELECTRON ENERGY": -147.5843648830122,
    "PCM POLARIZATION ENERGY": 0.0,
    "PE ENERGY": 0.0,
    "SCF DIPOLE X": 0.0,
    "SCF DIPOLE Y": 0.0,
    "SCF DIPOLE Z": -2.943163780189648,
    "SCF ITERATION ENERGY": -99.92398129079855,
    "SCF ITERATIONS": 10.0,
    "SCF TOTAL ENERGY": -99.92398129079855,
    "TWO-ELECTRON ENERGY": 44.19509516694869
}