{
    "CC D1 DIAGNOSTIC": 0.03668890262904825,
    "CC D2 DIAGNOSTIC": 0.0956559851543296,
    "CC NEW D1 DIAGNOSTIC": 0.03668890262904825,
    "CC T1 DIAGNOSTIC": 0.016043957432153956,
    "CCSD CORRELATION ENERGY": -0.17892291780062972,
    "CCSD OPPOSITE-SPIN CORRELATION ENERGY": -0.14332374886254,
    "CCSD SAME-SPIN CORRELATION ENERGY": -0.035599168938089676,
    "CCSD TOTAL ENERGY": -107.13633254632987,
    "CURRENT CORRELATION ENERGY": -0.17892291780062972,
    "CURRENT DIPOLE X": 0.0,
    "CURRENT DIPOLE Y": 0.0,
    "CURRENT DIPOLE Z": -6.022042716609267,
    "CURRENT ENERGY": -107.13633254632987,
    "CURRENT REFERENCE ENERGY": -106.9574096285292,
    "HF TOTAL ENERGY": -106.9574096285292,
    "LCCSD (+LMP2) TOTAL ENERGY": -107.14222851231727,
    "MP2 CORRELATION ENERGY": -0.17942756169609497,
    "MP2 OPPOSITE-SPIN CORRELATION ENERGY": -0.13596812100803973,
    "MP2 SAME-SPIN CORRELATION ENERGY": -0.04345944068805524,
    "MP2 TOTAL ENERGY": -107.13683719022534,
    "NUCLEAR REPULSION ENERGY": 9.804376389413484,
    "ONE-ELECTRON ENERGY": -170.8082021566427,
    "PCM POLARIZATION ENERGY": 0.0,
    "PE ENERGY": 0.0,
    "SCF DIPOLE X": 0.0,
    "SCF DIPOLE Y": 0.0,
    "SCF DIPOLE Z": -6.022042716609267,
    "SCF ITERATION ENERGY": -106.9574096285292,
    "SCF ITERATIONS": 10.0,
    "SCF TOTAL ENERGY": -106.9574096285292,
    "TWO-ELECTRON ENERGY": 54.04641613870001
}