{
    "CC D1 DIAGNOSTIC": 0.010682320320478254,
    "CC D2 DIAGNOSTIC": 0.11171678325105248,
    "CC NEW D1 DIAGNOSTIC": 0.010682320320478254,
    "CC T1 DIAGNOSTIC": 0.00499599616813004,
    "CCSD CORRELATION ENERGY": -0.22194472951781682,
    "CCSD OPPOSITE-SPIN CORRELATION ENERGY": -0.17732211477341203,
    "CCSD SAME-SPIN CORRELATION ENERGY": -0.04462261474440493,
    "CCSD TOTAL ENERGY": -108.38629300062513,
    "CURRENT CORRELATION ENERGY": -0.22194472951781682,
    "CURRENT DIPOLE X": 0.0,
    "CURRENT DIPOLE Y": 0.0,
    "CURRENT DIPOLE Z": -2.821905433653156e-16,
    "CURRENT ENERGY": -108.38629300062513,
    "CURRENT REFERENCE ENERGY": -108.1643482711073,
    "HF TOTAL ENERGY": -108.1643482711073,
    "LCCSD (+LMP2) TOTAL ENERGY": -108.4153406195257,
    "MP2 CORRELATION ENERGY": -0.21528046570314535,
    "MP2 OPPOSITE-SPIN CORRELATION ENERGY": -0.16471725669340873,
    "MP2 SAME-SPIN CORRELATION ENERGY": -0.050563209009736626,
    "MP2 TOTAL ENERGY": -108.37962873681046,
    "NUCLEAR REPULSION ENERGY": 33.94741435028401,
    "ONE-ELECTRON ENERGY": -212.3961903960324,
    "PCM POLARIZATION ENERGY": 0.0,
    "PE ENERGY": 0.0,
    "SCF DIPOLE X": 0.0,
    "SCF DIPOLE Y": 0.0,
    "SCF DIPOLE Z": -2.821905433653156e-16,
    "SCF ITERATION ENERGY": -108.1643482711073,
    "SCF ITERATIONS": 8.0,
    "SCF TOTAL ENERGY": -108.1643482711073,
    "TWO-ELECTRON ENERGY": 70.28442777464109
}