{
    "CURRENT CORRELATION ENERGY": -0.15299189717677564,
    "CURRENT DIPOLE X": 0.0,
    "CURRENT DIPOLE Y": 0.0,
    "CURRENT DIPOLE Z": 2.8289601972372887e-14,
    "CURRENT ENERGY": -76.1214542390681,
    "CURRENT REFERENCE ENERGY": -75.96846234189132,
    "CUSTOM SCS-MP2 CORRELATION ENERGY": -0.1534197121498629,
    "CUSTOM SCS-MP2 TOTAL ENERGY": -76.1218820540412,
    "HF TOTAL ENERGY": -75.96846234189132,
    "MP2 CORRELATION ENERGY": -0.15299189717677564,
    "MP2 OPPOSITE-SPIN CORRELATION ENERGY": -0.11817970741261787,
    "MP2 SAME-SPIN CORRELATION ENERGY": -0.03481218976416444,
    "MP2 TOTAL ENERGY": -76.1214542390681,
    "NUCLEAR REPULSION ENERGY": 9.095233308390625,
    "ONE-ELECTRON ENERGY": -123.1267012735772,
    "PCM POLARIZATION ENERGY": 0.0,
    "PE ENERGY": 0.0,
    "SCF DIPOLE X": 0.0,
    "SCF DIPOLE Y": 0.0,
    "SCF DIPOLE Z": 2.8289601972372887e-14,
    "SCF ITERATION ENERGY": -75.96846234189132,
    "SCF ITERATIONS": 9.0,
    "SCF TOTAL ENERGY": -75.96846234189132,
    "SCS-MP2 CORRELATION ENERGY": -0.1534197121498629,
    "SCS-MP2 TOTAL ENERGY": -76.1218820540412,
    "SCS-MP2-VDW CORRELATION ENERGY": -0.16867612037023605,
    "SCS-MP2-VDW TOTAL ENERGY": -76.13713846226156,
    "SCSN-MP2 CORRELATION ENERGY": -0.06126945398492012,
    "SCSN-MP2 TOTAL ENERGY": -76.02973179587624,
    "SOS-MP2 CORRELATION ENERGY": 0.0,
    "SOS-MP2 TOTAL ENERGY": -75.96846234189132,
    "SOS-PI-MP2 CORRELATION ENERGY": -0.1654515903776712,
    "SOS-PI-MP2 TOTAL ENERGY": -76.133913932269,
    "TWO-ELECTRON ENERGY": 38.063005623295254
}