{
    "CC D1 DIAGNOSTIC": 0.01707311151712401,
    "CC D2 DIAGNOSTIC": 0.12181458810939236,
    "CC NEW D1 DIAGNOSTIC": 0.01707311151712401,
    "CC T1 DIAGNOSTIC": 0.006862310722970757,
    "CCSD CORRELATION ENERGY": -0.2140303537310047,
    "CCSD OPPOSITE-SPIN CORRELATION ENERGY": -0.17059117691155384,
    "CCSD SAME-SPIN CORRELATION ENERGY": -0.04343917681945084,
    "CCSD TOTAL ENERGY": -111.90267439203208,
    "CURRENT CORRELATION ENERGY": -0.2140303537310047,
    "CURRENT DIPOLE X": 0.0,
    "CURRENT DIPOLE Y": 0.0,
    "CURRENT DIPOLE Z": 1.0437658006585155,
    "CURRENT ENERGY": -111.90267439203208,
    "CURRENT REFERENCE ENERGY": -111.68864403830099,
    "HF TOTAL ENERGY": -111.68864403830099,
    "LCCSD (+LMP2) TOTAL ENERGY": -111.90296916507103,
    "MP2 CORRELATION ENERGY": -0.20609983217037875,
    "MP2 OPPOSITE-SPIN CORRELATION ENERGY": -0.15787302668251504,
    "MP2 SAME-SPIN CORRELATION ENERGY": -0.048226805487863705,
    "MP2 TOTAL ENERGY": -111.89474387047146,
    "NUCLEAR REPULSION ENERGY": 34.621237783012624,
    "ONE-ELECTRON ENERGY": -218.93614746012832,
    "PCM POLARIZATION ENERGY": 0.0,
    "PE ENERGY": 0.0,
    "SCF DIPOLE X": 0.0,
    "SCF DIPOLE Y": 0.0,
    "SCF DIPOLE Z": 1.0437658006585155,
    "SCF ITERATION ENERGY": -111.68864403830099,
    "SCF ITERATIONS": 10.0,
    "SCF TOTAL ENERGY": -111.68864403830099,
    "TWO-ELECTRON ENERGY": 72.62626563881471
}