{
    "CC D1 DIAGNOSTIC": 0.101169382870148,
    "CC D2 DIAGNOSTIC": 0.33742119717042257,
    "CC NEW D1 DIAGNOSTIC": 0.101169382870148,
    "CC T1 DIAGNOSTIC": 0.0321576605522551,
    "CCSD CORRELATION ENERGY": -0.21101382319915926,
    "CCSD OPPOSITE-SPIN CORRELATION ENERGY": -0.17933591166200535,
    "CCSD SAME-SPIN CORRELATION ENERGY": -0.03167791153715391,
    "CCSD TOTAL ENERGY": -100.05585688144349,
    "CURRENT CORRELATION ENERGY": -0.21101382319915926,
    "CURRENT DIPOLE X": 0.0,
    "CURRENT DIPOLE Y": 0.0,
    "CURRENT DIPOLE Z": -3.4036325914233303,
    "CURRENT ENERGY": -100.05585688144349,
    "CURRENT REFERENCE ENERGY": -99.84484305824432,
    "HF TOTAL ENERGY": -99.84484305824432,
    "LCCSD (+LMP2) TOTAL ENERGY": -100.0675859775658,
    "MP2 CORRELATION ENERGY": -0.20109149708998933,
    "MP2 OPPOSITE-SPIN CORRELATION ENERGY": -0.15590290915790975,
    "MP2 SAME-SPIN CORRELATION ENERGY": -0.04518858793207958,
    "MP2 TOTAL ENERGY": -100.04593455533433,
    "NUCLEAR REPULSION ENERGY": 2.816512286210906,
    "ONE-ELECTRON ENERGY": -146.39664986694214,
    "PCM POLARIZATION ENERGY": 0.0,
    "PE ENERGY": 0.0,
    "SCF DIPOLE X": 0.0,
    "SCF DIPOLE Y": 0.0,
    "SCF DIPOLE Z": -3.4036325914233303,
    "SCF ITERATION ENERGY": -99.84484305824432,
    "SCF ITERATIONS": 10.0,
    "SCF TOTAL ENERGY": -99.84484305824432,
    "TWO-ELECTRON ENERGY": 43.73529452248693
}