{
    "CC D1 DIAGNOSTIC": 0.011828002196494146,
    "CC D2 DIAGNOSTIC": 0.18756042824967528,
    "CC NEW D1 DIAGNOSTIC": 0.011828002196494146,
    "CC T1 DIAGNOSTIC": 0.005488380938186652,
    "CCSD CORRELATION ENERGY": -0.24227378217191192,
    "CCSD OPPOSITE-SPIN CORRELATION ENERGY": -0.19443519842040313,
    "CCSD SAME-SPIN CORRELATION ENERGY": -0.047838583751508845,
    "CCSD TOTAL ENERGY": -148.78495240471935,
    "CURRENT CORRELATION ENERGY": -0.24227378217191192,
    "CURRENT DIPOLE X": 0.0,
    "CURRENT DIPOLE Y": 0.0,
    "CURRENT DIPOLE Z": 0.0,
    "CURRENT ENERGY": -148.78495240471935,
    "CURRENT REFERENCE ENERGY": -148.54267862254747,
    "HF TOTAL ENERGY": -148.54267862254747,
    "LCCSD (+LMP2) TOTAL ENERGY": -148.81957316764044,
    "MP2 CORRELATION ENERGY": -0.2307289650076957,
    "MP2 OPPOSITE-SPIN CORRELATION ENERGY": -0.17770842524693678,
    "MP2 SAME-SPIN CORRELATION ENERGY": -0.053020539760758933,
    "MP2 TOTAL ENERGY": -148.77340758755514,
    "NUCLEAR REPULSION ENERGY": 43.90619514718644,
    "ONE-ELECTRON ENERGY": -289.17887864841015,
    "PCM POLARIZATION ENERGY": 0.0,
    "PE ENERGY": 0.0,
    "SCF DIPOLE X": 0.0,
    "SCF DIPOLE Y": 0.0,
    "SCF DIPOLE Z": 0.0,
    "SCF ITERATION ENERGY": -148.54267862254747,
    "SCF ITERATIONS": 9.0,
    "SCF TOTAL ENERGY": -148.54267862254747,
    "TWO-ELECTRON ENERGY": 96.73000487867623
}