{
    "CC D1 DIAGNOSTIC": 0.03931020720940855,
    "CC D2 DIAGNOSTIC": 0.09554638317818161,
    "CC NEW D1 DIAGNOSTIC": 0.03931020720940855,
    "CC T1 DIAGNOSTIC": 0.017380834181011984,
    "CCSD CORRELATION ENERGY": -0.1802489163089686,
    "CCSD OPPOSITE-SPIN CORRELATION ENERGY": -0.14448746392565473,
    "CCSD SAME-SPIN CORRELATION ENERGY": -0.03576145238331388,
    "CCSD TOTAL ENERGY": -107.14182467300915,
    "CURRENT CORRELATION ENERGY": -0.1802489163089686,
    "CURRENT DIPOLE X": 0.0,
    "CURRENT DIPOLE Y": 0.0,
    "CURRENT DIPOLE Z": -6.633811374653114,
    "CURRENT ENERGY": -107.14182467300915,
    "CURRENT REFERENCE ENERGY": -106.96157575670017,
    "HF TOTAL ENERGY": -106.96157575670017,
    "LCCSD (+LMP2) TOTAL ENERGY": -107.14182298373588,
    "MP2 CORRELATION ENERGY": -0.18089750011109074,
    "MP2 OPPOSITE-SPIN CORRELATION ENERGY": -0.13705064788190757,
    "MP2 SAME-SPIN CORRELATION ENERGY": -0.043846852229183164,
    "MP2 TOTAL ENERGY": -107.14247325681127,
    "NUCLEAR REPULSION ENERGY": 8.9270617046465,
    "ONE-ELECTRON ENERGY": -169.2102290439153,
    "PCM POLARIZATION ENERGY": 0.0,
    "PE ENERGY": 0.0,
    "SCF DIPOLE X": 0.0,
    "SCF DIPOLE Y": 0.0,
    "SCF DIPOLE Z": -6.633811374653114,
    "SCF ITERATION ENERGY": -106.96157575670017,
    "SCF ITERATIONS": 10.0,
    "SCF TOTAL ENERGY": -106.96157575670017,
    "TWO-ELECTRON ENERGY": 53.32159158256863
}