{
    "CURRENT CORRELATION ENERGY": -0.018766546114779903,
    "CURRENT DIPOLE X": 0.0,
    "CURRENT DIPOLE Y": 0.0,
    "CURRENT DIPOLE Z": -1.292785426792352e-14,
    "CURRENT ENERGY": -1.1404204087333218,
    "CURRENT REFERENCE ENERGY": -1.121653862618542,
    "CUSTOM SCS-MP2 CORRELATION ENERGY": -0.02251985533773592,
    "CUSTOM SCS-MP2 TOTAL ENERGY": -1.1441737179562779,
    "HF TOTAL ENERGY": -1.121653862618542,
    "MP2 CORRELATION ENERGY": -0.018766546114779903,
    "MP2 OPPOSITE-SPIN CORRELATION ENERGY": -0.018766546114779934,
    "MP2 SAME-SPIN CORRELATION ENERGY": 0.0,
    "MP2 TOTAL ENERGY": -1.1404204087333218,
    "NUCLEAR REPULSION ENERGY": 0.6324313005568292,
    "ONE-ELECTRON ENERGY": -2.3720918626462657,
    "PCM POLARIZATION ENERGY": 0.0,
    "PE ENERGY": 0.0,
    "SCF DIPOLE X": 0.0,
    "SCF DIPOLE Y": 0.0,
    "SCF DIPOLE Z": -1.292785426792352e-14,
    "SCF ITERATION ENERGY": -1.121653862618542,
    "SCF ITERATIONS": 5.0,
    "SCF TOTAL ENERGY": -1.121653862618542,
    "SCS-MP2 CORRELATION ENERGY": -0.02251985533773592,
    "SCS-MP2 TOTAL ENERGY": -1.1441737179562779,
    "SCS-MP2-VDW CORRELATION ENERGY": -0.02402117902691825,
    "SCS-MP2-VDW TOTAL ENERGY": -1.1456750416454602,
    "SCSN-MP2 CORRELATION ENERGY": 0.0,
    "SCSN-MP2 TOTAL ENERGY": -1.121653862618542,
    "SOS-MP2 CORRELATION ENERGY": 0.0,
    "SOS-MP2 TOTAL ENERGY": -1.121653862618542,
    "SOS-PI-MP2 CORRELATION ENERGY": -0.026273164560691953,
    "SOS-PI-MP2 TOTAL ENERGY": -1.147927027179234,
    "TWO-ELECTRON ENERGY": 0.6180066994708946
}