{
    "CC D1 DIAGNOSTIC": 0.221452896221763,
    "CC D2 DIAGNOSTIC": 0.23191069015443808,
    "CC NEW D1 DIAGNOSTIC": 0.221452896221763,
    "CC T1 DIAGNOSTIC": 0.07278017959191385,
    "CCSD CORRELATION ENERGY": -0.48204559951313286,
    "CCSD OPPOSITE-SPIN CORRELATION ENERGY": -0.3780879556681702,
    "CCSD SAME-SPIN CORRELATION ENERGY": -0.10395764384496264,
    "CCSD TOTAL ENERGY": -187.72232537196834,
    "CURRENT CORRELATION ENERGY": -0.48204559951313286,
    "CURRENT DIPOLE X": 0.0,
    "CURRENT DIPOLE Y": 0.0,
    "CURRENT DIPOLE Z": 0.0,
    "CURRENT ENERGY": -187.72232537196834,
    "CURRENT REFERENCE ENERGY": -187.2402797724537,
    "HF TOTAL ENERGY": -187.2402797724537,
    "LCCSD (+LMP2) TOTAL ENERGY": -187.7223163264429,
    "MP2 CORRELATION ENERGY": -0.4668849083681751,
    "MP2 OPPOSITE-SPIN CORRELATION ENERGY": -0.34587453656123684,
    "MP2 SAME-SPIN CORRELATION ENERGY": -0.12101037180693824,
    "MP2 TOTAL ENERGY": -187.70716468082338,
    "NUCLEAR REPULSION ENERGY": 41.7312752637345,
    "ONE-ELECTRON ENERGY": -339.3911473824601,
    "PCM POLARIZATION ENERGY": 0.0,
    "PE ENERGY": 0.0,
    "SCF DIPOLE X": 0.0,
    "SCF DIPOLE Y": 0.0,
    "SCF DIPOLE Z": 0.0,
    "SCF ITERATION ENERGY": -187.2402797724537,
    "SCF ITERATIONS": 12.0,
    "SCF TOTAL ENERGY": -187.2402797724537,
    "TWO-ELECTRON ENERGY": 110.41959234627186
}