{
    "CURRENT CORRELATION ENERGY": -0.15560744604056254,
    "CURRENT DIPOLE X": 0.0,
    "CURRENT DIPOLE Y": 0.0,
    "CURRENT DIPOLE Z": -1.9651064859049208,
    "CURRENT ENERGY": -76.15481353911032,
    "CURRENT REFERENCE ENERGY": -75.99920609306976,
    "CUSTOM SCS-MP2 CORRELATION ENERGY": -0.15638968612494306,
    "CUSTOM SCS-MP2 TOTAL ENERGY": -76.1555957791947,
    "HF TOTAL ENERGY": -75.99920609306976,
    "MP2 CORRELATION ENERGY": -0.15560744604056254,
    "MP2 OPPOSITE-SPIN CORRELATION ENERGY": -0.12060062012856645,
    "MP2 SAME-SPIN CORRELATION ENERGY": -0.03500682591198991,
    "MP2 TOTAL ENERGY": -76.15481353911032,
    "NUCLEAR REPULSION ENERGY": 9.11894492638967,
    "ONE-ELECTRON ENERGY": -123.0297043128864,
    "PCM POLARIZATION ENERGY": 0.0,
    "PE ENERGY": 0.0,
    "SCF DIPOLE X": 0.0,
    "SCF DIPOLE Y": 0.0,
    "SCF DIPOLE Z": -1.9651064859049208,
    "SCF ITERATION ENERGY": -75.99920609306976,
    "SCF ITERATIONS": 10.0,
    "SCF TOTAL ENERGY": -75.99920609306976,
    "SCS-MP2 CORRELATION ENERGY": -0.15638968612494306,
    "SCS-MP2 TOTAL ENERGY": -76.1555957791947,
    "SCS-MP2-VDW CORRELATION ENERGY": -0.17187220672055048,
    "SCS-MP2-VDW TOTAL ENERGY": -76.17107829979031,
    "SCSN-MP2 CORRELATION ENERGY": -0.06161201360509949,
    "SCSN-MP2 TOTAL ENERGY": -76.06081810667486,
    "SOS-MP2 CORRELATION ENERGY": 0.0,
    "SOS-MP2 TOTAL ENERGY": -75.99920609306976,
    "SOS-PI-MP2 CORRELATION ENERGY": -0.16884086817999844,
    "SOS-PI-MP2 TOTAL ENERGY": -76.16804696124976,
    "TWO-ELECTRON ENERGY": 37.91155329342696
}