{
    "CC D1 DIAGNOSTIC": 0.009762185039233266,
    "CC D2 DIAGNOSTIC": 0.10318313476769794,
    "CC NEW D1 DIAGNOSTIC": 0.009762185039233266,
    "CC T1 DIAGNOSTIC": 0.004427047682367846,
    "CCSD CORRELATION ENERGY": -0.21205713251273914,
    "CCSD OPPOSITE-SPIN CORRELATION ENERGY": -0.16857542256418892,
    "CCSD SAME-SPIN CORRELATION ENERGY": -0.04348170994855041,
    "CCSD TOTAL ENERGY": -107.1336477927797,
    "CURRENT CORRELATION ENERGY": -0.21205713251273914,
    "CURRENT DIPOLE X": 0.0,
    "CURRENT DIPOLE Y": 0.0,
    "CURRENT DIPOLE Z": 1.1287621734612623e-15,
    "CURRENT ENERGY": -107.1336477927797,
    "CURRENT REFERENCE ENERGY": -106.92159066026699,
    "HF TOTAL ENERGY": -106.92159066026699,
    "LCCSD (+LMP2) TOTAL ENERGY": -107.15612312966148,
    "MP2 CORRELATION ENERGY": -0.20340476183374115,
    "MP2 OPPOSITE-SPIN CORRELATION ENERGY": -0.1559958170255433,
    "MP2 SAME-SPIN CORRELATION ENERGY": -0.04740894480819785,
    "MP2 TOTAL ENERGY": -107.1249954221007,
    "NUCLEAR REPULSION ENERGY": 40.31255454096226,
    "ONE-ELECTRON ENERGY": -222.2372745149909,
    "PCM POLARIZATION ENERGY": 0.0,
    "PE ENERGY": 0.0,
    "SCF DIPOLE X": 0.0,
    "SCF DIPOLE Y": 0.0,
    "SCF DIPOLE Z": 1.1287621734612623e-15,
    "SCF ITERATION ENERGY": -106.92159066026699,
    "SCF ITERATIONS": 8.0,
    "SCF TOTAL ENERGY": -106.92159066026699,
    "TWO-ELECTRON ENERGY": 75.00312931376166
}