{
    "CC D1 DIAGNOSTIC": 0.013970160383098531,
    "CC D2 DIAGNOSTIC": 0.11563489866544066,
    "CC NEW D1 DIAGNOSTIC": 0.013970160383098531,
    "CC T1 DIAGNOSTIC": 0.006687950711114482,
    "CCSD CORRELATION ENERGY": -0.1616734779261274,
    "CCSD OPPOSITE-SPIN CORRELATION ENERGY": -0.13320277653131,
    "CCSD SAME-SPIN CORRELATION ENERGY": -0.028470701394817416,
    "CCSD TOTAL ENERGY": -76.16878922039764,
    "CURRENT CORRELATION ENERGY": -0.1616734779261274,
    "CURRENT DIPOLE X": 0.0,
    "CURRENT DIPOLE Y": 0.0,
    "CURRENT DIPOLE Z": -2.248296868437862,
    "CURRENT ENERGY": -76.16878922039764,
    "CURRENT REFERENCE ENERGY": -76.0071157424714,
    "HF TOTAL ENERGY": -76.00711574247141,
    "LCCSD (+LMP2) TOTAL ENERGY": -76.15713175784904,
    "MP2 CORRELATION ENERGY": -0.15585217462663964,
    "MP2 OPPOSITE-SPIN CORRELATION ENERGY": -0.12109499252459091,
    "MP2 SAME-SPIN CORRELATION ENERGY": -0.03475718210204873,
    "MP2 TOTAL ENERGY": -76.16296791709816,
    "NUCLEAR REPULSION ENERGY": 9.133147572453147,
    "ONE-ELECTRON ENERGY": -123.00497751706024,
    "PCM POLARIZATION ENERGY": 0.0,
    "PE ENERGY": 0.0,
    "SCF DIPOLE X": 0.0,
    "SCF DIPOLE Y": 0.0,
    "SCF DIPOLE Z": -2.248296868437862,
    "SCF ITERATION ENERGY": -76.0071157424714,
    "SCF ITERATIONS": 10.0,
    "SCF TOTAL ENERGY": -76.0071157424714,
    "TWO-ELECTRON ENERGY": 37.86471420213569
}