{
    "CC D1 DIAGNOSTIC": 0.01690910860536043,
    "CC D2 DIAGNOSTIC": 0.10043838256010269,
    "CC NEW D1 DIAGNOSTIC": 0.01690910860536043,
    "CC T1 DIAGNOSTIC": 0.007144858358265887,
    "CCSD CORRELATION ENERGY": -0.3317107443076116,
    "CCSD OPPOSITE-SPIN CORRELATION ENERGY": -0.2571188400037345,
    "CCSD SAME-SPIN CORRELATION ENERGY": -0.07459190430387708,
    "CCSD TOTAL ENERGY": -186.10690997723793,
    "CURRENT CORRELATION ENERGY": -0.3317107443076116,
    "CURRENT DIPOLE X": 0.0,
    "CURRENT DIPOLE Y": 0.0,
    "CURRENT DIPOLE Z": 0.0,
    "CURRENT ENERGY": -186.10690997723793,
    "CURRENT REFERENCE ENERGY": -185.7751992329296,
    "HF TOTAL ENERGY": -185.7751992329296,
    "LCCSD (+LMP2) TOTAL ENERGY": -186.10691368409087,
    "MP2 CORRELATION ENERGY": -0.3293425254789044,
    "MP2 OPPOSITE-SPIN CORRELATION ENERGY": -0.2456933185479716,
    "MP2 SAME-SPIN CORRELATION ENERGY": -0.0836492069309328,
    "MP2 TOTAL ENERGY": -186.10454175840923,
    "NUCLEAR REPULSION ENERGY": 88.6789599354358,
    "ONE-ELECTRON ENERGY": -427.53685186024893,
    "PCM POLARIZATION ENERGY": 0.0,
    "PE ENERGY": 0.0,
    "SCF DIPOLE X": 0.0,
    "SCF DIPOLE Y": 0.0,
    "SCF DIPOLE Z": 0.0,
    "SCF ITERATION ENERGY": -185.7751992329296,
    "SCF ITERATIONS": 9.0,
    "SCF TOTAL ENERGY": -185.7751992329296,
    "TWO-ELECTRON ENERGY": 153.08269269188355
}