{
    "CC D1 DIAGNOSTIC": 0.060296212526137184,
    "CC D2 DIAGNOSTIC": 0.1644774574141376,
    "CC NEW D1 DIAGNOSTIC": 0.060296212526137184,
    "CC T1 DIAGNOSTIC": 0.019410229409483937,
    "CCSD CORRELATION ENERGY": -0.4186820330525752,
    "CCSD OPPOSITE-SPIN CORRELATION ENERGY": -0.33077095214572805,
    "CCSD SAME-SPIN CORRELATION ENERGY": -0.0879110809068474,
    "CCSD TOTAL ENERGY": -187.97812613436673,
    "CURRENT CORRELATION ENERGY": -0.4186820330525752,
    "CURRENT DIPOLE X": 0.0,
    "CURRENT DIPOLE Y": 0.0,
    "CURRENT DIPOLE Z": 0.0,
    "CURRENT ENERGY": -187.97812613436673,
    "CURRENT REFERENCE ENERGY": -187.55944410131264,
    "HF TOTAL ENERGY": -187.55944410131264,
    "LCCSD (+LMP2) TOTAL ENERGY": -187.97853309683464,
    "MP2 CORRELATION ENERGY": -0.43802121363648827,
    "MP2 OPPOSITE-SPIN CORRELATION ENERGY": -0.3244514644974458,
    "MP2 SAME-SPIN CORRELATION ENERGY": -0.1135697491390425,
    "MP2 TOTAL ENERGY": -187.99746531495066,
    "NUCLEAR REPULSION ENERGY": 56.39833435224368,
    "ONE-ELECTRON ENERGY": -368.0161410365873,
    "PCM POLARIZATION ENERGY": 0.0,
    "PE ENERGY": 0.0,
    "SCF DIPOLE X": 0.0,
    "SCF DIPOLE Y": 0.0,
    "SCF DIPOLE Z": 0.0,
    "SCF ITERATION ENERGY": -187.55944410131264,
    "SCF ITERATIONS": 10.0,
    "SCF TOTAL ENERGY": -187.55944410131264,
    "TWO-ELECTRON ENERGY": 124.05836258303101
}