{
    "CC D1 DIAGNOSTIC": 0.04332575648011317,
    "CC D2 DIAGNOSTIC": 0.29648104915880813,
    "CC NEW D1 DIAGNOSTIC": 0.04332575648011317,
    "CC T1 DIAGNOSTIC": 0.01068544779266525,
    "CCSD CORRELATION ENERGY": -0.27356523625892243,
    "CCSD OPPOSITE-SPIN CORRELATION ENERGY": -0.21822368482988938,
    "CCSD SAME-SPIN CORRELATION ENERGY": -0.055341551429033214,
    "CCSD TOTAL ENERGY": -259.3579339682803,
    "CURRENT CORRELATION ENERGY": -0.27356523625892243,
    "CURRENT DIPOLE X": 0.0,
    "CURRENT DIPOLE Y": 0.0,
    "CURRENT DIPOLE Z": 3.7273492466503093,
    "CURRENT ENERGY": -259.3579339682803,
    "CURRENT REFERENCE ENERGY": -259.0843687320214,
    "HF TOTAL ENERGY": -259.0843687320214,
    "LCCSD (+LMP2) TOTAL ENERGY": -259.36328676634906,
    "MP2 CORRELATION ENERGY": -0.25514991672784304,
    "MP2 OPPOSITE-SPIN CORRELATION ENERGY": -0.196235830001054,
    "MP2 SAME-SPIN CORRELATION ENERGY": -0.05891408672678905,
    "MP2 TOTAL ENERGY": -259.33951864874916,
    "NUCLEAR REPULSION ENERGY": 62.42706722999803,
    "ONE-ELECTRON ENERGY": -477.7248077985971,
    "PCM POLARIZATION ENERGY": 0.0,
    "PE ENERGY": 0.0,
    "SCF DIPOLE X": 0.0,
    "SCF DIPOLE Y": 0.0,
    "SCF DIPOLE Z": 3.7273492466503093,
    "SCF ITERATION ENERGY": -259.0843687320214,
    "SCF ITERATIONS": 11.0,
    "SCF TOTAL ENERGY": -259.0843687320214,
    "TWO-ELECTRON ENERGY": 156.21337183657764
}