{
    "CURRENT CORRELATION ENERGY": -0.278607006388242,
    "CURRENT DIPOLE X": 0.0,
    "CURRENT DIPOLE Y": 5.643810867306312e-16,
    "CURRENT DIPOLE Z": -3.624737401213427,
    "CURRENT ENERGY": -110.18292977010111,
    "CURRENT REFERENCE ENERGY": -109.90432276371287,
    "CUSTOM SCS-MP2 CORRELATION ENERGY": -0.28165269834996465,
    "CUSTOM SCS-MP2 TOTAL ENERGY": -110.18597546206283,
    "HF TOTAL ENERGY": -109.90432276371287,
    "MP2 CORRELATION ENERGY": -0.278607006388242,
    "MP2 OPPOSITE-SPIN CORRELATION ENERGY": -0.21782734179294178,
    "MP2 SAME-SPIN CORRELATION ENERGY": -0.060779664595303595,
    "MP2 TOTAL ENERGY": -110.18292977010111,
    "NUCLEAR REPULSION ENERGY": 32.16164451417692,
    "ONE-ELECTRON ENERGY": -212.4363771103525,
    "PCM POLARIZATION ENERGY": 0.0,
    "PE ENERGY": 0.0,
    "SCF DIPOLE X": 0.0,
    "SCF DIPOLE Y": 5.643810867306312e-16,
    "SCF DIPOLE Z": -3.624737401213427,
    "SCF ITERATION ENERGY": -109.90432276371287,
    "SCF ITERATIONS": 12.0,
    "SCF TOTAL ENERGY": -109.90432276371287,
    "SCS-MP2 CORRELATION ENERGY": -0.28165269834996465,
    "SCS-MP2 TOTAL ENERGY": -110.18597546206283,
    "SCS-MP2-VDW CORRELATION ENERGY": -0.3092088297926239,
    "SCS-MP2-VDW TOTAL ENERGY": -110.2135315935055,
    "SCSN-MP2 CORRELATION ENERGY": -0.1069722096877399,
    "SCSN-MP2 TOTAL ENERGY": -110.01129497340061,
    "SOS-MP2 CORRELATION ENERGY": 0.0,
    "SOS-MP2 TOTAL ENERGY": -109.90432276371287,
    "SOS-PI-MP2 CORRELATION ENERGY": -0.3049582785101137,
    "SOS-PI-MP2 TOTAL ENERGY": -110.20928104222298,
    "TWO-ELECTRON ENERGY": 70.37040983246273
}