{
    "CC D1 DIAGNOSTIC": 0.02277815394050783,
    "CC D2 DIAGNOSTIC": 0.1293815849302846,
    "CC NEW D1 DIAGNOSTIC": 0.02277815394050783,
    "CC T1 DIAGNOSTIC": 0.010013669851288662,
    "CCSD CORRELATION ENERGY": -0.23016879521583128,
    "CCSD OPPOSITE-SPIN CORRELATION ENERGY": -0.18453137598187047,
    "CCSD SAME-SPIN CORRELATION ENERGY": -0.045637419233960835,
    "CCSD TOTAL ENERGY": -112.73818849788333,
    "CURRENT CORRELATION ENERGY": -0.23016879521583128,
    "CURRENT DIPOLE X": 0.0,
    "CURRENT DIPOLE Y": 0.0,
    "CURRENT DIPOLE Z": 0.4738595752243726,
    "CURRENT ENERGY": -112.73818849788333,
    "CURRENT REFERENCE ENERGY": -112.50801970266738,
    "HF TOTAL ENERGY": -112.50801970266738,
    "LCCSD (+LMP2) TOTAL ENERGY": -112.73737471982061,
    "MP2 CORRELATION ENERGY": -0.22563022498075694,
    "MP2 OPPOSITE-SPIN CORRELATION ENERGY": -0.17203823263059623,
    "MP2 SAME-SPIN CORRELATION ENERGY": -0.05359199235016071,
    "MP2 TOTAL ENERGY": -112.73364992764826,
    "NUCLEAR REPULSION ENERGY": 28.003882084874455,
    "ONE-ELECTRON ENERGY": -207.8760540080596,
    "PCM POLARIZATION ENERGY": 0.0,
    "PE ENERGY": 0.0,
    "SCF DIPOLE X": 0.0,
    "SCF DIPOLE Y": 0.0,
    "SCF DIPOLE Z": 0.4738595752243726,
    "SCF ITERATION ENERGY": -112.50801970266738,
    "SCF ITERATIONS": 9.0,
    "SCF TOTAL ENERGY": -112.50801970266738,
    "TWO-ELECTRON ENERGY": 67.36415222051778
}