{
    "CC D1 DIAGNOSTIC": 0.01027829535989433,
    "CC D2 DIAGNOSTIC": 0.10488749155719464,
    "CC NEW D1 DIAGNOSTIC": 0.01027829535989433,
    "CC T1 DIAGNOSTIC": 0.004669583270406026,
    "CCSD CORRELATION ENERGY": -0.2175153269395876,
    "CCSD OPPOSITE-SPIN CORRELATION ENERGY": -0.17347641259749377,
    "CCSD SAME-SPIN CORRELATION ENERGY": -0.04403891434209381,
    "CCSD TOTAL ENERGY": -108.03070228723023,
    "CURRENT CORRELATION ENERGY": -0.2175153269395876,
    "CURRENT DIPOLE X": 0.0,
    "CURRENT DIPOLE Y": 0.0,
    "CURRENT DIPOLE Z": 1.1287621734612623e-15,
    "CURRENT ENERGY": -108.03070228723023,
    "CURRENT REFERENCE ENERGY": -107.8131869602906,
    "HF TOTAL ENERGY": -107.8131869602906,
    "LCCSD (+LMP2) TOTAL ENERGY": -108.0528206529255,
    "MP2 CORRELATION ENERGY": -0.2099317140039129,
    "MP2 OPPOSITE-SPIN CORRELATION ENERGY": -0.16084135210284342,
    "MP2 SAME-SPIN CORRELATION ENERGY": -0.04909036190106947,
    "MP2 TOTAL ENERGY": -108.02311867429455,
    "NUCLEAR REPULSION ENERGY": 36.083964903798396,
    "ONE-ELECTRON ENERGY": -215.83803226162306,
    "PCM POLARIZATION ENERGY": 0.0,
    "PE ENERGY": 0.0,
    "SCF DIPOLE X": 0.0,
    "SCF DIPOLE Y": 0.0,
    "SCF DIPOLE Z": 1.1287621734612623e-15,
    "SCF ITERATION ENERGY": -107.8131869602906,
    "SCF ITERATIONS": 8.0,
    "SCF TOTAL ENERGY": -107.8131869602906,
    "TWO-ELECTRON ENERGY": 71.94088039753406
}