{
    "CC D1 DIAGNOSTIC": 0.06157563751491535,
    "CC D2 DIAGNOSTIC": 0.09415218060181879,
    "CC NEW D1 DIAGNOSTIC": 0.06157563751491535,
    "CC T1 DIAGNOSTIC": 0.019892814486828135,
    "CCSD CORRELATION ENERGY": -0.1769589032017118,
    "CCSD OPPOSITE-SPIN CORRELATION ENERGY": -0.1401980478048893,
    "CCSD SAME-SPIN CORRELATION ENERGY": -0.036760855396822806,
    "CCSD TOTAL ENERGY": -106.43575497910574,
    "CURRENT CORRELATION ENERGY": -0.1769589032017118,
    "CURRENT DIPOLE X": 0.0,
    "CURRENT DIPOLE Y": 0.0,
    "CURRENT DIPOLE Z": -3.0697228946747863,
    "CURRENT ENERGY": -106.43575497910574,
    "CURRENT REFERENCE ENERGY": -106.25879607590406,
    "HF TOTAL ENERGY": -106.25879607590406,
    "LCCSD (+LMP2) TOTAL ENERGY": -106.43922645610466,
    "MP2 CORRELATION ENERGY": -0.17771247711868537,
    "MP2 OPPOSITE-SPIN CORRELATION ENERGY": -0.13388986955136692,
    "MP2 SAME-SPIN CORRELATION ENERGY": -0.043822607567318456,
    "MP2 TOTAL ENERGY": -106.43650855302272,
    "NUCLEAR REPULSION ENERGY": 16.578828880057788,
    "ONE-ELECTRON ENERGY": -181.98324206867596,
    "PCM POLARIZATION ENERGY": 0.0,
    "PE ENERGY": 0.0,
    "SCF DIPOLE X": 0.0,
    "SCF DIPOLE Y": 0.0,
    "SCF DIPOLE Z": -3.0697228946747863,
    "SCF ITERATION ENERGY": -106.25879607590406,
    "SCF ITERATIONS": 10.0,
    "SCF TOTAL ENERGY": -106.25879607590406,
    "TWO-ELECTRON ENERGY": 59.14561711271412
}