{
    "CC D1 DIAGNOSTIC": 0.02643054749933379,
    "CC D2 DIAGNOSTIC": 0.12641944671489738,
    "CC NEW D1 DIAGNOSTIC": 0.02643054749933379,
    "CC T1 DIAGNOSTIC": 0.00972281804804789,
    "CCSD CORRELATION ENERGY": -0.36027447553205144,
    "CCSD OPPOSITE-SPIN CORRELATION ENERGY": -0.28243688504502046,
    "CCSD SAME-SPIN CORRELATION ENERGY": -0.07783759048703098,
    "CCSD TOTAL ENERGY": -187.6025439576464,
    "CURRENT CORRELATION ENERGY": -0.36027447553205144,
    "CURRENT DIPOLE X": 0.0,
    "CURRENT DIPOLE Y": 0.0,
    "CURRENT DIPOLE Z": 0.0,
    "CURRENT ENERGY": -187.6025439576464,
    "CURRENT REFERENCE ENERGY": -187.24226948211407,
    "HF TOTAL ENERGY": -187.24226948211407,
    "LCCSD (+LMP2) TOTAL ENERGY": -187.60257512640842,
    "MP2 CORRELATION ENERGY": -0.3631005201297674,
    "MP2 OPPOSITE-SPIN CORRELATION ENERGY": -0.27142206342618996,
    "MP2 SAME-SPIN CORRELATION ENERGY": -0.09167845670357744,
    "MP2 TOTAL ENERGY": -187.60537000224411,
    "NUCLEAR REPULSION ENERGY": 71.69788250099066,
    "ONE-ELECTRON ENERGY": -397.2199460368343,
    "PCM POLARIZATION ENERGY": 0.0,
    "PE ENERGY": 0.0,
    "SCF DIPOLE X": 0.0,
    "SCF DIPOLE Y": 0.0,
    "SCF DIPOLE Z": 0.0,
    "SCF ITERATION ENERGY": -187.24226948211407,
    "SCF ITERATIONS": 9.0,
    "SCF TOTAL ENERGY": -187.24226948211407,
    "TWO-ELECTRON ENERGY": 138.27979405372957
}