{
    "CC D1 DIAGNOSTIC": 0.4933821745987374,
    "CC D2 DIAGNOSTIC": 0.374038722715938,
    "CC NEW D1 DIAGNOSTIC": 0.4933821745987374,
    "CC T1 DIAGNOSTIC": 0.20673791829510824,
    "CCSD CORRELATION ENERGY": -0.33679506227274253,
    "CCSD OPPOSITE-SPIN CORRELATION ENERGY": -0.25582602067756977,
    "CCSD SAME-SPIN CORRELATION ENERGY": -0.08096904159517349,
    "CCSD TOTAL ENERGY": -112.70062384311969,
    "CURRENT CORRELATION ENERGY": -0.33679506227274253,
    "CURRENT DIPOLE X": 0.0,
    "CURRENT DIPOLE Y": 0.0,
    "CURRENT DIPOLE Z": -2.958511727890887,
    "CURRENT ENERGY": -112.70062384311969,
    "CURRENT REFERENCE ENERGY": -112.36382878084655,
    "HF TOTAL ENERGY": -112.36382878084655,
    "LCCSD (+LMP2) TOTAL ENERGY": -112.70062891569435,
    "MP2 CORRELATION ENERGY": -0.2372211087454541,
    "MP2 OPPOSITE-SPIN CORRELATION ENERGY": -0.18666694223749752,
    "MP2 SAME-SPIN CORRELATION ENERGY": -0.05055416650795658,
    "MP2 TOTAL ENERGY": -112.6010498895924,
    "NUCLEAR REPULSION ENERGY": 13.30184399031537,
    "ONE-ELECTRON ENERGY": -180.31800409328775,
    "PCM POLARIZATION ENERGY": 0.0,
    "PE ENERGY": 0.0,
    "SCF DIPOLE X": 0.0,
    "SCF DIPOLE Y": 0.0,
    "SCF DIPOLE Z": -2.958511727890887,
    "SCF ITERATION ENERGY": -112.36382878084655,
    "SCF ITERATIONS": 15.0,
    "SCF TOTAL ENERGY": -112.36382878084655,
    "TWO-ELECTRON ENERGY": 54.65233132212583
}