{
    "CC D1 DIAGNOSTIC": 0.4733353136690113,
    "CC D2 DIAGNOSTIC": 0.3579905096711989,
    "CC NEW D1 DIAGNOSTIC": 0.4733353136690113,
    "CC T1 DIAGNOSTIC": 0.19848867816048296,
    "CCSD CORRELATION ENERGY": -0.33635875305394425,
    "CCSD OPPOSITE-SPIN CORRELATION ENERGY": -0.25617123003613046,
    "CCSD SAME-SPIN CORRELATION ENERGY": -0.08018752301781201,
    "CCSD TOTAL ENERGY": -112.70390143776581,
    "CURRENT CORRELATION ENERGY": -0.33635875305394425,
    "CURRENT DIPOLE X": 0.0,
    "CURRENT DIPOLE Y": 0.0,
    "CURRENT DIPOLE Z": -2.989675916324737,
    "CURRENT ENERGY": -112.70390143776581,
    "CURRENT REFERENCE ENERGY": -112.3675426847117,
    "HF TOTAL ENERGY": -112.3675426847117,
    "LCCSD (+LMP2) TOTAL ENERGY": -112.7039066348733,
    "MP2 CORRELATION ENERGY": -0.24241208239249695,
    "MP2 OPPOSITE-SPIN CORRELATION ENERGY": -0.1899092279887782,
    "MP2 SAME-SPIN CORRELATION ENERGY": -0.05250285440371874,
    "MP2 TOTAL ENERGY": -112.60995476710436,
    "NUCLEAR REPULSION ENERGY": 13.407694207744937,
    "ONE-ELECTRON ENERGY": -180.52092726000973,
    "PCM POLARIZATION ENERGY": 0.0,
    "PE ENERGY": 0.0,
    "SCF DIPOLE X": 0.0,
    "SCF DIPOLE Y": 0.0,
    "SCF DIPOLE Z": -2.989675916324737,
    "SCF ITERATION ENERGY": -112.3675426847117,
    "SCF ITERATIONS": 15.0,
    "SCF TOTAL ENERGY": -112.3675426847117,
    "TWO-ELECTRON ENERGY": 54.74569036755311
}