{
    "CC D1 DIAGNOSTIC": 0.009204138091633708,
    "CC D2 DIAGNOSTIC": 0.18893727012030162,
    "CC NEW D1 DIAGNOSTIC": 0.009204138091633708,
    "CC T1 DIAGNOSTIC": 0.004517478945623617,
    "CCSD CORRELATION ENERGY": -0.2320753105407331,
    "CCSD OPPOSITE-SPIN CORRELATION ENERGY": -0.18423041587437552,
    "CCSD SAME-SPIN CORRELATION ENERGY": -0.04784489466635755,
    "CCSD TOTAL ENERGY": -146.68312957827789,
    "CURRENT CORRELATION ENERGY": -0.2320753105407331,
    "CURRENT DIPOLE X": 0.0,
    "CURRENT DIPOLE Y": 0.0,
    "CURRENT DIPOLE Z": 0.0,
    "CURRENT ENERGY": -146.68312957827789,
    "CURRENT REFERENCE ENERGY": -146.4510542677372,
    "HF TOTAL ENERGY": -146.4510542677372,
    "LCCSD (+LMP2) TOTAL ENERGY": -146.71766304156947,
    "MP2 CORRELATION ENERGY": -0.22025986373062492,
    "MP2 OPPOSITE-SPIN CORRELATION ENERGY": -0.16864254245549928,
    "MP2 SAME-SPIN CORRELATION ENERGY": -0.05161732127512564,
    "MP2 TOTAL ENERGY": -146.6713141314678,
    "NUCLEAR REPULSION ENERGY": 55.24263077945182,
    "ONE-ELECTRON ENERGY": -305.7639590814262,
    "PCM POLARIZATION ENERGY": 0.0,
    "PE ENERGY": 0.0,
    "SCF DIPOLE X": 0.0,
    "SCF DIPOLE Y": 0.0,
    "SCF DIPOLE Z": 0.0,
    "SCF ITERATION ENERGY": -146.4510542677372,
    "SCF ITERATIONS": 9.0,
    "SCF TOTAL ENERGY": -146.4510542677372,
    "TWO-ELECTRON ENERGY": 104.0702740342372
}