{
    "CC D1 DIAGNOSTIC": 0.03865254853322788,
    "CC D2 DIAGNOSTIC": 0.09136106316941325,
    "CC NEW D1 DIAGNOSTIC": 0.03865254853322788,
    "CC T1 DIAGNOSTIC": 0.013589871699632133,
    "CCSD CORRELATION ENERGY": -0.28890480261297163,
    "CCSD OPPOSITE-SPIN CORRELATION ENERGY": -0.22432834896738632,
    "CCSD SAME-SPIN CORRELATION ENERGY": -0.06457645364558526,
    "CCSD TOTAL ENERGY": -261.5667249760678,
    "CURRENT CORRELATION ENERGY": -0.28890480261297163,
    "CURRENT DIPOLE X": 0.0,
    "CURRENT DIPOLE Y": 0.0,
    "CURRENT DIPOLE Z": -7.065128102213429,
    "CURRENT ENERGY": -261.5667249760678,
    "CURRENT REFERENCE ENERGY": -261.27782017345413,
    "HF TOTAL ENERGY": -261.27782017345413,
    "LCCSD (+LMP2) TOTAL ENERGY": -261.56690784050915,
    "MP2 CORRELATION ENERGY": -0.29015294274509573,
    "MP2 OPPOSITE-SPIN CORRELATION ENERGY": -0.21554471773827413,
    "MP2 SAME-SPIN CORRELATION ENERGY": -0.0746082250068216,
    "MP2 TOTAL ENERGY": -261.56797311619994,
    "NUCLEAR REPULSION ENERGY": 33.521929991670966,
    "ONE-ELECTRON ENERGY": -437.06071779849026,
    "PCM POLARIZATION ENERGY": 0.0,
    "PE ENERGY": 0.0,
    "SCF DIPOLE X": 0.0,
    "SCF DIPOLE Y": 0.0,
    "SCF DIPOLE Z": -7.065128102213429,
    "SCF ITERATION ENERGY": -261.27782017345413,
    "SCF ITERATIONS": 10.0,
    "SCF TOTAL ENERGY": -261.27782017345413,
    "TWO-ELECTRON ENERGY": 142.26096763336517
}