{
    "CC D1 DIAGNOSTIC": 0.24671605926933304,
    "CC D2 DIAGNOSTIC": 0.23713959737702506,
    "CC NEW D1 DIAGNOSTIC": 0.24671605926933304,
    "CC T1 DIAGNOSTIC": 0.1017516179954941,
    "CCSD CORRELATION ENERGY": -0.3247077318361025,
    "CCSD OPPOSITE-SPIN CORRELATION ENERGY": -0.25827746447109823,
    "CCSD SAME-SPIN CORRELATION ENERGY": -0.0664302673650044,
    "CCSD TOTAL ENERGY": -112.76137916705996,
    "CURRENT CORRELATION ENERGY": -0.3247077318361025,
    "CURRENT DIPOLE X": 0.0,
    "CURRENT DIPOLE Y": 0.0,
    "CURRENT DIPOLE Z": -3.029532236728891,
    "CURRENT ENERGY": -112.76137916705996,
    "CURRENT REFERENCE ENERGY": -112.43667143522363,
    "HF TOTAL ENERGY": -112.43667143522363,
    "LCCSD (+LMP2) TOTAL ENERGY": -112.76040698726254,
    "MP2 CORRELATION ENERGY": -0.32134941822771934,
    "MP2 OPPOSITE-SPIN CORRELATION ENERGY": -0.23903974640489323,
    "MP2 SAME-SPIN CORRELATION ENERGY": -0.08230967182282611,
    "MP2 TOTAL ENERGY": -112.75802085345158,
    "NUCLEAR REPULSION ENERGY": 14.95473584710012,
    "ONE-ELECTRON ENERGY": -183.424649241757,
    "PCM POLARIZATION ENERGY": 0.0,
    "PE ENERGY": 0.0,
    "SCF DIPOLE X": 0.0,
    "SCF DIPOLE Y": 0.0,
    "SCF DIPOLE Z": -3.029532236728891,
    "SCF ITERATION ENERGY": -112.43667143522363,
    "SCF ITERATIONS": 13.0,
    "SCF TOTAL ENERGY": -112.43667143522363,
    "TWO-ELECTRON ENERGY": 56.033241959433255
}